<?xml version="1.0" encoding="UTF-8"?>
<!DOCTYPE markables SYSTEM "markables.dtd">
<markables xmlns="www.eml.org/NameSpaces/sentences">
<markable id="markable_1504" span="word_48061..word_48086" mmax_level="sentences" />
<markable id="markable_1505" span="word_48087..word_48097" mmax_level="sentences" />
<markable id="markable_1506" span="word_48098..word_48112" mmax_level="sentences" />
<markable id="markable_1507" span="word_48113..word_48142" mmax_level="sentences" />
<markable id="markable_1508" span="word_48143..word_48151" mmax_level="sentences" />
<markable id="markable_1509" span="word_48152..word_48208" mmax_level="sentences" />
<markable id="markable_1510" span="word_48209..word_48215" mmax_level="sentences" />
<markable id="markable_1511" span="word_48216..word_48230" mmax_level="sentences" />
<markable id="markable_1512" span="word_48231..word_48259" mmax_level="sentences" />
<markable id="markable_1513" span="word_48260..word_48285" mmax_level="sentences" />
<markable id="markable_1514" span="word_48286..word_48303" mmax_level="sentences" />
<markable id="markable_1515" span="word_48304..word_48324" mmax_level="sentences" />
<markable id="markable_1516" span="word_48325..word_48369" mmax_level="sentences" />
<markable id="markable_1517" span="word_48370..word_48376" mmax_level="sentences" />
<markable id="markable_1518" span="word_48377..word_48409" mmax_level="sentences" />
<markable id="markable_1519" span="word_48410..word_48459" mmax_level="sentences" />
<markable id="markable_1520" span="word_48460..word_48487" mmax_level="sentences" />
<markable id="markable_1521" span="word_48488..word_48533" mmax_level="sentences" />
<markable id="markable_1522" span="word_48534..word_48554" mmax_level="sentences" />
<markable id="markable_1523" span="word_48555..word_48591" mmax_level="sentences" />
<markable id="markable_1524" span="word_48592..word_48612" mmax_level="sentences" />
<markable id="markable_1525" span="word_48613..word_48702" mmax_level="sentences" />
<markable id="markable_1526" span="word_48703..word_48714" mmax_level="sentences" />
<markable id="markable_1527" span="word_48715..word_48786" mmax_level="sentences" />
<markable id="markable_1528" span="word_48787..word_48826" mmax_level="sentences" />
<markable id="markable_1529" span="word_48827..word_48851" mmax_level="sentences" />
<markable id="markable_1530" span="word_48852..word_48856" mmax_level="sentences" />
<markable id="markable_1531" span="word_48857..word_48883" mmax_level="sentences" />
<markable id="markable_1532" span="word_48884..word_48948" mmax_level="sentences" />
<markable id="markable_1533" span="word_48949..word_48983" mmax_level="sentences" />
<markable id="markable_1534" span="word_48984..word_49016" mmax_level="sentences" />
<markable id="markable_1535" span="word_49017..word_49059" mmax_level="sentences" />
<markable id="markable_1536" span="word_49060..word_49068" mmax_level="sentences" />
<markable id="markable_1537" span="word_49069..word_49107" mmax_level="sentences" />
<markable id="markable_1538" span="word_49108..word_49179" mmax_level="sentences" />
<markable id="markable_1539" span="word_49180..word_49225" mmax_level="sentences" />
<markable id="markable_1540" span="word_49226..word_49272" mmax_level="sentences" />
<markable id="markable_1541" span="word_49273..word_49302" mmax_level="sentences" />
<markable id="markable_1542" span="word_49303..word_49337" mmax_level="sentences" />
<markable id="markable_1543" span="word_49338..word_49348" mmax_level="sentences" />
<markable id="markable_1544" span="word_49349..word_49389" mmax_level="sentences" />
<markable id="markable_1545" span="word_49390..word_49394" mmax_level="sentences" />
<markable id="markable_1546" span="word_49395..word_49398" mmax_level="sentences" />
<markable id="markable_1547" span="word_49399..word_49431" mmax_level="sentences" />
<markable id="markable_1548" span="word_49432..word_49479" mmax_level="sentences" />
<markable id="markable_1549" span="word_49480..word_49527" mmax_level="sentences" />
<markable id="markable_1550" span="word_49528..word_49547" mmax_level="sentences" />
<markable id="markable_1551" span="word_49548..word_49566" mmax_level="sentences" />
<markable id="markable_1552" span="word_49567..word_49588" mmax_level="sentences" />
<markable id="markable_1553" span="word_49589..word_49612" mmax_level="sentences" />
<markable id="markable_1554" span="word_49613..word_49645" mmax_level="sentences" />
<markable id="markable_1555" span="word_49646..word_49667" mmax_level="sentences" />
<markable id="markable_1556" span="word_49668..word_49686" mmax_level="sentences" />
<markable id="markable_1557" span="word_49687..word_49748" mmax_level="sentences" />
<markable id="markable_1558" span="word_49749..word_49771" mmax_level="sentences" />
<markable id="markable_1559" span="word_49772..word_49789" mmax_level="sentences" />
<markable id="markable_1560" span="word_49790..word_49808" mmax_level="sentences" />
<markable id="markable_1561" span="word_49809..word_49850" mmax_level="sentences" />
<markable id="markable_1562" span="word_49851..word_49937" mmax_level="sentences" />
<markable id="markable_1563" span="word_49938..word_49948" mmax_level="sentences" />
<markable id="markable_1564" span="word_49949..word_49957" mmax_level="sentences" />
<markable id="markable_1565" span="word_49958..word_49987" mmax_level="sentences" />
<markable id="markable_1566" span="word_49988..word_50019" mmax_level="sentences" />
<markable id="markable_1567" span="word_50020..word_50032" mmax_level="sentences" />
<markable id="markable_1568" span="word_50033..word_50092" mmax_level="sentences" />
<markable id="markable_1569" span="word_50093..word_50123" mmax_level="sentences" />
<markable id="markable_1570" span="word_50124..word_50163" mmax_level="sentences" />
<markable id="markable_1571" span="word_50164..word_50203" mmax_level="sentences" />
<markable id="markable_1572" span="word_50204..word_50255" mmax_level="sentences" />
<markable id="markable_1573" span="word_50256..word_50267" mmax_level="sentences" />
<markable id="markable_1574" span="word_50268..word_50316" mmax_level="sentences" />
<markable id="markable_1575" span="word_50317..word_50372" mmax_level="sentences" />
<markable id="markable_1576" span="word_50373..word_50431" mmax_level="sentences" />
<markable id="markable_1577" span="word_50432..word_50459" mmax_level="sentences" />
<markable id="markable_1578" span="word_50460..word_50505" mmax_level="sentences" />
<markable id="markable_1579" span="word_50506..word_50536" mmax_level="sentences" />
<markable id="markable_1580" span="word_50537..word_50582" mmax_level="sentences" />
<markable id="markable_1581" span="word_50583..word_50597" mmax_level="sentences" />
<markable id="markable_1582" span="word_50598..word_50605" mmax_level="sentences" />
<markable id="markable_1583" span="word_50606..word_50639" mmax_level="sentences" />
<markable id="markable_1584" span="word_50640..word_50677" mmax_level="sentences" />
<markable id="markable_1585" span="word_50678..word_50700" mmax_level="sentences" />
<markable id="markable_1586" span="word_50701..word_50732" mmax_level="sentences" />
<markable id="markable_1587" span="word_50733..word_50747" mmax_level="sentences" />
<markable id="markable_1588" span="word_50748..word_50809" mmax_level="sentences" />
<markable id="markable_1589" span="word_50810..word_50841" mmax_level="sentences" />
<markable id="markable_1590" span="word_50842..word_50859" mmax_level="sentences" />
<markable id="markable_1591" span="word_50860..word_50874" mmax_level="sentences" />
<markable id="markable_1592" span="word_50875..word_50895" mmax_level="sentences" />
<markable id="markable_1593" span="word_50896..word_50942" mmax_level="sentences" />
<markable id="markable_1594" span="word_50943..word_51000" mmax_level="sentences" />
<markable id="markable_1595" span="word_51001..word_51097" mmax_level="sentences" />
<markable id="markable_1596" span="word_51098..word_51123" mmax_level="sentences" />
<markable id="markable_1597" span="word_51124..word_51138" mmax_level="sentences" />
<markable id="markable_1598" span="word_51139..word_51153" mmax_level="sentences" />
<markable id="markable_1599" span="word_51154..word_51211" mmax_level="sentences" />
<markable id="markable_1600" span="word_51212..word_51244" mmax_level="sentences" />
<markable id="markable_1601" span="word_51245..word_51272" mmax_level="sentences" />
<markable id="markable_1602" span="word_51273..word_51319" mmax_level="sentences" />
<markable id="markable_1603" span="word_51320..word_51340" mmax_level="sentences" />
<markable id="markable_1604" span="word_51341..word_51362" mmax_level="sentences" />
<markable id="markable_1605" span="word_51363..word_51382" mmax_level="sentences" />
<markable id="markable_1606" span="word_51383..word_51429" mmax_level="sentences" />
<markable id="markable_1607" span="word_51430..word_51438" mmax_level="sentences" />
<markable id="markable_1608" span="word_51439..word_51486" mmax_level="sentences" />
<markable id="markable_1609" span="word_51487..word_51531" mmax_level="sentences" />
<markable id="markable_1610" span="word_51532..word_51578" mmax_level="sentences" />
<markable id="markable_1611" span="word_51579..word_51612" mmax_level="sentences" />
<markable id="markable_1612" span="word_51613..word_51618" mmax_level="sentences" />
<markable id="markable_1613" span="word_51619..word_51659" mmax_level="sentences" />
<markable id="markable_1614" span="word_51660..word_51688" mmax_level="sentences" />
<markable id="markable_1615" span="word_51689..word_51703" mmax_level="sentences" />
<markable id="markable_1616" span="word_51704..word_51734" mmax_level="sentences" />
<markable id="markable_1617" span="word_51735..word_51766" mmax_level="sentences" />
<markable id="markable_1618" span="word_51767..word_51805" mmax_level="sentences" />
<markable id="markable_1619" span="word_51806..word_51817" mmax_level="sentences" />
<markable id="markable_1620" span="word_51818..word_51849" mmax_level="sentences" />
<markable id="markable_1621" span="word_51850..word_51863" mmax_level="sentences" />
<markable id="markable_1622" span="word_51864..word_51921" mmax_level="sentences" />
<markable id="markable_1623" span="word_51922..word_51948" mmax_level="sentences" />
<markable id="markable_1624" span="word_51949..word_51999" mmax_level="sentences" />
<markable id="markable_1625" span="word_52000..word_52017" mmax_level="sentences" />
<markable id="markable_1626" span="word_52018..word_52060" mmax_level="sentences" />
<markable id="markable_1627" span="word_52061..word_52075" mmax_level="sentences" />
<markable id="markable_1628" span="word_52076..word_52085" mmax_level="sentences" />
<markable id="markable_1629" span="word_52086..word_52101" mmax_level="sentences" />
<markable id="markable_1630" span="word_52102..word_52118" mmax_level="sentences" />
<markable id="markable_1631" span="word_52119..word_52129" mmax_level="sentences" />
<markable id="markable_1632" span="word_52130..word_52192" mmax_level="sentences" />
<markable id="markable_1633" span="word_52193..word_52223" mmax_level="sentences" />
<markable id="markable_1634" span="word_52224..word_52261" mmax_level="sentences" />
<markable id="markable_1635" span="word_52262..word_52312" mmax_level="sentences" />
<markable id="markable_1636" span="word_52313..word_52332" mmax_level="sentences" />
<markable id="markable_1637" span="word_52333..word_52361" mmax_level="sentences" />
<markable id="markable_1638" span="word_52362..word_52372" mmax_level="sentences" />
<markable id="markable_1639" span="word_52373..word_52428" mmax_level="sentences" />
<markable id="markable_1640" span="word_52429..word_52461" mmax_level="sentences" />
<markable id="markable_1641" span="word_52462..word_52492" mmax_level="sentences" />
<markable id="markable_1642" span="word_52493..word_52542" mmax_level="sentences" />
<markable id="markable_1643" span="word_52543..word_52549" mmax_level="sentences" />
<markable id="markable_1644" span="word_52550..word_52565" mmax_level="sentences" />
<markable id="markable_1645" span="word_52566..word_52619" mmax_level="sentences" />
<markable id="markable_1646" span="word_52620..word_52626" mmax_level="sentences" />
<markable id="markable_1647" span="word_52627..word_52686" mmax_level="sentences" />
<markable id="markable_1648" span="word_52687..word_52699" mmax_level="sentences" />
<markable id="markable_1649" span="word_52700..word_52706" mmax_level="sentences" />
<markable id="markable_1650" span="word_52707..word_52739" mmax_level="sentences" />
<markable id="markable_1651" span="word_52740..word_52755" mmax_level="sentences" />
<markable id="markable_1652" span="word_52756..word_52769" mmax_level="sentences" />
<markable id="markable_1653" span="word_52770..word_52807" mmax_level="sentences" />
<markable id="markable_1654" span="word_52808..word_52838" mmax_level="sentences" />
<markable id="markable_1655" span="word_52839..word_52872" mmax_level="sentences" />
<markable id="markable_1656" span="word_52873..word_52895" mmax_level="sentences" />
<markable id="markable_1657" span="word_52896..word_52920" mmax_level="sentences" />
<markable id="markable_1658" span="word_52921..word_52933" mmax_level="sentences" />
<markable id="markable_1659" span="word_52934..word_52966" mmax_level="sentences" />
<markable id="markable_1660" span="word_52967..word_52986" mmax_level="sentences" />
<markable id="markable_1661" span="word_52987..word_52998" mmax_level="sentences" />
<markable id="markable_1662" span="word_52999..word_53021" mmax_level="sentences" />
<markable id="markable_1663" span="word_53022..word_53031" mmax_level="sentences" />
<markable id="markable_1664" span="word_53032..word_53039" mmax_level="sentences" />
<markable id="markable_1665" span="word_53040..word_53048" mmax_level="sentences" />
<markable id="markable_1666" span="word_53049..word_53055" mmax_level="sentences" />
<markable id="markable_1667" span="word_53056..word_53060" mmax_level="sentences" />
<markable id="markable_1668" span="word_53061..word_53065" mmax_level="sentences" />
<markable id="markable_1669" span="word_53066..word_53070" mmax_level="sentences" />
<markable id="markable_1670" span="word_53071..word_53074" mmax_level="sentences" />
<markable id="markable_1671" span="word_53075..word_53078" mmax_level="sentences" />
<markable id="markable_1672" span="word_53079..word_53089" mmax_level="sentences" />
<markable id="markable_1673" span="word_53090..word_53107" mmax_level="sentences" />
<markable id="markable_1674" span="word_53108..word_53110" mmax_level="sentences" />
<markable id="markable_1675" span="word_53111..word_53120" mmax_level="sentences" />
<markable id="markable_1676" span="word_53121..word_53126" mmax_level="sentences" />
<markable id="markable_1677" span="word_53127..word_53129" mmax_level="sentences" />
<markable id="markable_1678" span="word_53130..word_53134" mmax_level="sentences" />
<markable id="markable_1679" span="word_53135..word_53159" mmax_level="sentences" />
<markable id="markable_1680" span="word_53160..word_53176" mmax_level="sentences" />
<markable id="markable_1681" span="word_53177..word_53181" mmax_level="sentences" />
<markable id="markable_1682" span="word_53182..word_53220" mmax_level="sentences" />
<markable id="markable_1683" span="word_53221..word_53229" mmax_level="sentences" />
<markable id="markable_1684" span="word_53230..word_53250" mmax_level="sentences" />
<markable id="markable_1685" span="word_53251..word_53253" mmax_level="sentences" />
<markable id="markable_1686" span="word_53254..word_53259" mmax_level="sentences" />
<markable id="markable_1687" span="word_53260..word_53267" mmax_level="sentences" />
<markable id="markable_1688" span="word_53268..word_53273" mmax_level="sentences" />
<markable id="markable_1689" span="word_53274..word_53288" mmax_level="sentences" />
<markable id="markable_1690" span="word_53289..word_53296" mmax_level="sentences" />
<markable id="markable_1691" span="word_53297..word_53310" mmax_level="sentences" />
<markable id="markable_1692" span="word_53311..word_53315" mmax_level="sentences" />
<markable id="markable_1693" span="word_53316..word_53333" mmax_level="sentences" />
<markable id="markable_1694" span="word_53334..word_53339" mmax_level="sentences" />
<markable id="markable_1695" span="word_53340..word_53343" mmax_level="sentences" />
<markable id="markable_1696" span="word_53344..word_53345" mmax_level="sentences" />
<markable id="markable_1697" span="word_53346..word_53347" mmax_level="sentences" />
<markable id="markable_1698" span="word_53348..word_53350" mmax_level="sentences" />
<markable id="markable_1699" span="word_53351..word_53355" mmax_level="sentences" />
<markable id="markable_1700" span="word_53356..word_53357" mmax_level="sentences" />
<markable id="markable_1701" span="word_53358..word_53363" mmax_level="sentences" />
<markable id="markable_1702" span="word_53364..word_53368" mmax_level="sentences" />
<markable id="markable_1703" span="word_53369..word_53374" mmax_level="sentences" />
<markable id="markable_1704" span="word_53375..word_53378" mmax_level="sentences" />
<markable id="markable_1705" span="word_53379..word_53382" mmax_level="sentences" />
<markable id="markable_1706" span="word_53383..word_53451" mmax_level="sentences" />
<markable id="markable_1707" span="word_53452..word_53515" mmax_level="sentences" />
<markable id="markable_1708" span="word_53516..word_53529" mmax_level="sentences" />
<markable id="markable_1709" span="word_53530..word_53540" mmax_level="sentences" />
<markable id="markable_1710" span="word_53541..word_53562" mmax_level="sentences" />
<markable id="markable_1711" span="word_53563..word_53577" mmax_level="sentences" />
<markable id="markable_1712" span="word_53578..word_53583" mmax_level="sentences" />
<markable id="markable_1713" span="word_53584..word_53602" mmax_level="sentences" />
<markable id="markable_1714" span="word_53603..word_53613" mmax_level="sentences" />
<markable id="markable_1715" span="word_53614..word_53674" mmax_level="sentences" />
<markable id="markable_1716" span="word_53675..word_53760" mmax_level="sentences" />
<markable id="markable_1717" span="word_53761..word_53772" mmax_level="sentences" />
<markable id="markable_1718" span="word_53773..word_53795" mmax_level="sentences" />
<markable id="markable_1719" span="word_53796..word_53838" mmax_level="sentences" />
<markable id="markable_1720" span="word_53839..word_53875" mmax_level="sentences" />
<markable id="markable_1721" span="word_53876..word_53895" mmax_level="sentences" />
<markable id="markable_1722" span="word_53896..word_53925" mmax_level="sentences" />
<markable id="markable_1723" span="word_53926..word_53939" mmax_level="sentences" />
<markable id="markable_1724" span="word_53940..word_53962" mmax_level="sentences" />
<markable id="markable_1725" span="word_53963..word_54009" mmax_level="sentences" />
<markable id="markable_1726" span="word_54010..word_54049" mmax_level="sentences" />
<markable id="markable_1727" span="word_54050..word_54099" mmax_level="sentences" />
<markable id="markable_1728" span="word_54100..word_54104" mmax_level="sentences" />
<markable id="markable_1729" span="word_54105..word_54123" mmax_level="sentences" />
<markable id="markable_1730" span="word_54124..word_54169" mmax_level="sentences" />
<markable id="markable_1731" span="word_54170..word_54188" mmax_level="sentences" />
<markable id="markable_1732" span="word_54189..word_54216" mmax_level="sentences" />
<markable id="markable_1733" span="word_54217..word_54225" mmax_level="sentences" />
<markable id="markable_1734" span="word_54226..word_54231" mmax_level="sentences" />
<markable id="markable_1735" span="word_54232..word_54260" mmax_level="sentences" />
<markable id="markable_1736" span="word_54261..word_54301" mmax_level="sentences" />
<markable id="markable_1737" span="word_54302..word_54361" mmax_level="sentences" />
<markable id="markable_1738" span="word_54362..word_54399" mmax_level="sentences" />
<markable id="markable_1739" span="word_54400..word_54412" mmax_level="sentences" />
<markable id="markable_1740" span="word_54413..word_54443" mmax_level="sentences" />
<markable id="markable_1741" span="word_54444..word_54450" mmax_level="sentences" />
<markable id="markable_1742" span="word_54451..word_54459" mmax_level="sentences" />
<markable id="markable_1743" span="word_54460..word_54479" mmax_level="sentences" />
<markable id="markable_1744" span="word_54480..word_54489" mmax_level="sentences" />
<markable id="markable_1745" span="word_54490..word_54526" mmax_level="sentences" />
<markable id="markable_1746" span="word_54527..word_54562" mmax_level="sentences" />
<markable id="markable_1747" span="word_54563..word_54620" mmax_level="sentences" />
<markable id="markable_1748" span="word_54621..word_54677" mmax_level="sentences" />
<markable id="markable_1749" span="word_54678..word_54691" mmax_level="sentences" />
<markable id="markable_1750" span="word_54692..word_54698" mmax_level="sentences" />
<markable id="markable_1751" span="word_54699..word_54739" mmax_level="sentences" />
<markable id="markable_1752" span="word_54740..word_54766" mmax_level="sentences" />
<markable id="markable_1753" span="word_54767..word_54813" mmax_level="sentences" />
<markable id="markable_1754" span="word_54814..word_54840" mmax_level="sentences" />
<markable id="markable_1755" span="word_54841..word_54881" mmax_level="sentences" />
<markable id="markable_1756" span="word_54882..word_54904" mmax_level="sentences" />
<markable id="markable_1757" span="word_54905..word_54940" mmax_level="sentences" />
<markable id="markable_1758" span="word_54941..word_54948" mmax_level="sentences" />
<markable id="markable_1759" span="word_54949..word_54967" mmax_level="sentences" />
<markable id="markable_1760" span="word_54968..word_54989" mmax_level="sentences" />
<markable id="markable_1761" span="word_54990..word_55059" mmax_level="sentences" />
<markable id="markable_1762" span="word_55060..word_55085" mmax_level="sentences" />
<markable id="markable_1763" span="word_55086..word_55134" mmax_level="sentences" />
<markable id="markable_1764" span="word_55135..word_55184" mmax_level="sentences" />
<markable id="markable_1765" span="word_55185..word_55238" mmax_level="sentences" />
<markable id="markable_1766" span="word_55239..word_55301" mmax_level="sentences" />
<markable id="markable_1767" span="word_55302..word_55340" mmax_level="sentences" />
<markable id="markable_1768" span="word_55341..word_55363" mmax_level="sentences" />
<markable id="markable_1769" span="word_55364..word_55389" mmax_level="sentences" />
<markable id="markable_1770" span="word_55390..word_55448" mmax_level="sentences" />
<markable id="markable_1771" span="word_55449..word_55540" mmax_level="sentences" />
<markable id="markable_1772" span="word_55541..word_55598" mmax_level="sentences" />
<markable id="markable_1773" span="word_55599..word_55638" mmax_level="sentences" />
<markable id="markable_1774" span="word_55639..word_55698" mmax_level="sentences" />
<markable id="markable_1775" span="word_55699..word_55705" mmax_level="sentences" />
<markable id="markable_1776" span="word_55706..word_55737" mmax_level="sentences" />
<markable id="markable_1777" span="word_55738..word_55794" mmax_level="sentences" />
<markable id="markable_1778" span="word_55795..word_55815" mmax_level="sentences" />
<markable id="markable_1779" span="word_55816..word_55858" mmax_level="sentences" />
<markable id="markable_1780" span="word_55859..word_55876" mmax_level="sentences" />
<markable id="markable_1781" span="word_55877..word_55897" mmax_level="sentences" />
<markable id="markable_1782" span="word_55898..word_55925" mmax_level="sentences" />
<markable id="markable_1783" span="word_55926..word_55962" mmax_level="sentences" />
<markable id="markable_1784" span="word_55963..word_56001" mmax_level="sentences" />
<markable id="markable_1785" span="word_56002..word_56026" mmax_level="sentences" />
<markable id="markable_1786" span="word_56027..word_56075" mmax_level="sentences" />
<markable id="markable_1787" span="word_56076..word_56115" mmax_level="sentences" />
<markable id="markable_1788" span="word_56116..word_56170" mmax_level="sentences" />
<markable id="markable_1789" span="word_56171..word_56208" mmax_level="sentences" />
<markable id="markable_1790" span="word_56209..word_56241" mmax_level="sentences" />
<markable id="markable_1791" span="word_56242..word_56285" mmax_level="sentences" />
<markable id="markable_1792" span="word_56286..word_56329" mmax_level="sentences" />
<markable id="markable_1793" span="word_56330..word_56361" mmax_level="sentences" />
<markable id="markable_1794" span="word_56362..word_56455" mmax_level="sentences" />
<markable id="markable_1795" span="word_56456..word_56478" mmax_level="sentences" />
<markable id="markable_1796" span="word_56479..word_56520" mmax_level="sentences" />
<markable id="markable_1797" span="word_56521..word_56568" mmax_level="sentences" />
<markable id="markable_1798" span="word_56569..word_56637" mmax_level="sentences" />
<markable id="markable_1799" span="word_56638..word_56665" mmax_level="sentences" />
<markable id="markable_1800" span="word_56666..word_56721" mmax_level="sentences" />
<markable id="markable_1801" span="word_56722..word_56728" mmax_level="sentences" />
<markable id="markable_1802" span="word_56729..word_56770" mmax_level="sentences" />
<markable id="markable_1803" span="word_56771..word_56801" mmax_level="sentences" />
<markable id="markable_1804" span="word_56802..word_56821" mmax_level="sentences" />
<markable id="markable_1805" span="word_56822..word_56839" mmax_level="sentences" />
<markable id="markable_1806" span="word_56840..word_56848" mmax_level="sentences" />
<markable id="markable_1807" span="word_56849..word_56866" mmax_level="sentences" />
<markable id="markable_1808" span="word_56867..word_56938" mmax_level="sentences" />
<markable id="markable_1809" span="word_56939..word_56960" mmax_level="sentences" />
<markable id="markable_1810" span="word_56961..word_56985" mmax_level="sentences" />
<markable id="markable_1811" span="word_56986..word_57039" mmax_level="sentences" />
<markable id="markable_1812" span="word_57040..word_57051" mmax_level="sentences" />
<markable id="markable_1813" span="word_57052..word_57068" mmax_level="sentences" />
<markable id="markable_1814" span="word_57069..word_57103" mmax_level="sentences" />
<markable id="markable_1815" span="word_57104..word_57119" mmax_level="sentences" />
<markable id="markable_1816" span="word_57120..word_57148" mmax_level="sentences" />
<markable id="markable_1817" span="word_57149..word_57224" mmax_level="sentences" />
<markable id="markable_1818" span="word_57225..word_57253" mmax_level="sentences" />
<markable id="markable_1819" span="word_57254..word_57279" mmax_level="sentences" />
<markable id="markable_1820" span="word_57280..word_57292" mmax_level="sentences" />
<markable id="markable_1821" span="word_57293..word_57311" mmax_level="sentences" />
<markable id="markable_1822" span="word_57312..word_57363" mmax_level="sentences" />
<markable id="markable_1823" span="word_57364..word_57369" mmax_level="sentences" />
<markable id="markable_1824" span="word_57370..word_57395" mmax_level="sentences" />
<markable id="markable_1825" span="word_57396..word_57435" mmax_level="sentences" />
<markable id="markable_1826" span="word_57436..word_57450" mmax_level="sentences" />
<markable id="markable_1827" span="word_57451..word_57486" mmax_level="sentences" />
<markable id="markable_1828" span="word_57487..word_57530" mmax_level="sentences" />
<markable id="markable_1829" span="word_57531..word_57563" mmax_level="sentences" />
<markable id="markable_1830" span="word_57564..word_57581" mmax_level="sentences" />
<markable id="markable_1831" span="word_57582..word_57590" mmax_level="sentences" />
<markable id="markable_1832" span="word_57591..word_57613" mmax_level="sentences" />
<markable id="markable_1833" span="word_57614..word_57622" mmax_level="sentences" />
<markable id="markable_1834" span="word_57623..word_57627" mmax_level="sentences" />
<markable id="markable_1835" span="word_57628..word_57633" mmax_level="sentences" />
<markable id="markable_1836" span="word_57634..word_57640" mmax_level="sentences" />
<markable id="markable_1837" span="word_57641..word_57760" mmax_level="sentences" />
<markable id="markable_1838" span="word_57761..word_57781" mmax_level="sentences" />
<markable id="markable_1839" span="word_57782..word_57829" mmax_level="sentences" />
<markable id="markable_1840" span="word_57830..word_57849" mmax_level="sentences" />
<markable id="markable_1841" span="word_57850..word_57876" mmax_level="sentences" />
<markable id="markable_1842" span="word_57877..word_57884" mmax_level="sentences" />
<markable id="markable_1843" span="word_57885..word_57898" mmax_level="sentences" />
<markable id="markable_1844" span="word_57899..word_57928" mmax_level="sentences" />
<markable id="markable_1845" span="word_57929..word_57972" mmax_level="sentences" />
<markable id="markable_1846" span="word_57973..word_58062" mmax_level="sentences" />
<markable id="markable_1847" span="word_58063..word_58073" mmax_level="sentences" />
<markable id="markable_1848" span="word_58074..word_58113" mmax_level="sentences" />
<markable id="markable_1849" span="word_58114..word_58124" mmax_level="sentences" />
<markable id="markable_1850" span="word_58125..word_58149" mmax_level="sentences" />
<markable id="markable_1851" span="word_58150..word_58189" mmax_level="sentences" />
<markable id="markable_1852" span="word_58190..word_58221" mmax_level="sentences" />
<markable id="markable_1853" span="word_58222..word_58232" mmax_level="sentences" />
<markable id="markable_1854" span="word_58233..word_58250" mmax_level="sentences" />
<markable id="markable_1855" span="word_58251..word_58269" mmax_level="sentences" />
<markable id="markable_1856" span="word_58270..word_58297" mmax_level="sentences" />
<markable id="markable_1857" span="word_58298..word_58328" mmax_level="sentences" />
<markable id="markable_1858" span="word_58329..word_58344" mmax_level="sentences" />
<markable id="markable_1859" span="word_58345..word_58369" mmax_level="sentences" />
<markable id="markable_1860" span="word_58370..word_58404" mmax_level="sentences" />
<markable id="markable_1861" span="word_58405..word_58417" mmax_level="sentences" />
<markable id="markable_1862" span="word_58418..word_58454" mmax_level="sentences" />
<markable id="markable_1863" span="word_58455..word_58506" mmax_level="sentences" />
<markable id="markable_1864" span="word_58507..word_58547" mmax_level="sentences" />
<markable id="markable_1865" span="word_58548..word_58573" mmax_level="sentences" />
<markable id="markable_1866" span="word_58574..word_58587" mmax_level="sentences" />
<markable id="markable_1867" span="word_58588..word_58609" mmax_level="sentences" />
<markable id="markable_1868" span="word_58610..word_58656" mmax_level="sentences" />
<markable id="markable_1869" span="word_58657..word_58687" mmax_level="sentences" />
<markable id="markable_1870" span="word_58688..word_58762" mmax_level="sentences" />
<markable id="markable_1871" span="word_58763..word_58786" mmax_level="sentences" />
<markable id="markable_1872" span="word_58787..word_58813" mmax_level="sentences" />
<markable id="markable_1873" span="word_58814..word_58852" mmax_level="sentences" />
<markable id="markable_1874" span="word_58853..word_58890" mmax_level="sentences" />
<markable id="markable_1875" span="word_58891..word_58968" mmax_level="sentences" />
<markable id="markable_1876" span="word_58969..word_59001" mmax_level="sentences" />
<markable id="markable_1877" span="word_59002..word_59041" mmax_level="sentences" />
<markable id="markable_1878" span="word_59042..word_59102" mmax_level="sentences" />
<markable id="markable_1879" span="word_59103..word_59178" mmax_level="sentences" />
<markable id="markable_1880" span="word_59179..word_59220" mmax_level="sentences" />
<markable id="markable_1881" span="word_59221..word_59253" mmax_level="sentences" />
<markable id="markable_1882" span="word_59254..word_59295" mmax_level="sentences" />
<markable id="markable_1883" span="word_59296..word_59323" mmax_level="sentences" />
<markable id="markable_1884" span="word_59324..word_59364" mmax_level="sentences" />
<markable id="markable_1885" span="word_59365..word_59391" mmax_level="sentences" />
<markable id="markable_1886" span="word_59392..word_59426" mmax_level="sentences" />
<markable id="markable_1887" span="word_59427..word_59478" mmax_level="sentences" />
<markable id="markable_1888" span="word_59479..word_59509" mmax_level="sentences" />
<markable id="markable_1889" span="word_59510..word_59521" mmax_level="sentences" />
<markable id="markable_1890" span="word_59522..word_59569" mmax_level="sentences" />
<markable id="markable_1891" span="word_59570..word_59579" mmax_level="sentences" />
<markable id="markable_1892" span="word_59580..word_59614" mmax_level="sentences" />
<markable id="markable_1893" span="word_59615..word_59656" mmax_level="sentences" />
<markable id="markable_1894" span="word_59657..word_59663" mmax_level="sentences" />
<markable id="markable_1895" span="word_59664..word_59670" mmax_level="sentences" />
<markable id="markable_1896" span="word_59671..word_59685" mmax_level="sentences" />
<markable id="markable_1897" span="word_59686..word_59741" mmax_level="sentences" />
<markable id="markable_1898" span="word_59742..word_59785" mmax_level="sentences" />
<markable id="markable_1899" span="word_59786..word_59825" mmax_level="sentences" />
<markable id="markable_1900" span="word_59826..word_59858" mmax_level="sentences" />
<markable id="markable_1901" span="word_59859..word_59911" mmax_level="sentences" />
<markable id="markable_1902" span="word_59912..word_59936" mmax_level="sentences" />
<markable id="markable_1903" span="word_59937..word_59956" mmax_level="sentences" />
<markable id="markable_1904" span="word_59957..word_59971" mmax_level="sentences" />
<markable id="markable_1905" span="word_59972..word_59986" mmax_level="sentences" />
<markable id="markable_1906" span="word_59987..word_60068" mmax_level="sentences" />
<markable id="markable_1907" span="word_60069..word_60096" mmax_level="sentences" />
<markable id="markable_1908" span="word_60097..word_60103" mmax_level="sentences" />
<markable id="markable_1909" span="word_60104..word_60201" mmax_level="sentences" />
<markable id="markable_1910" span="word_60202..word_60277" mmax_level="sentences" />
<markable id="markable_1911" span="word_60278..word_60325" mmax_level="sentences" />
<markable id="markable_1912" span="word_60326..word_60345" mmax_level="sentences" />
<markable id="markable_1913" span="word_60346..word_60389" mmax_level="sentences" />
<markable id="markable_1914" span="word_60390..word_60417" mmax_level="sentences" />
<markable id="markable_1915" span="word_60418..word_60451" mmax_level="sentences" />
<markable id="markable_1916" span="word_60452..word_60469" mmax_level="sentences" />
<markable id="markable_1917" span="word_60470..word_60532" mmax_level="sentences" />
<markable id="markable_1918" span="word_60533..word_60583" mmax_level="sentences" />
<markable id="markable_1919" span="word_60584..word_60623" mmax_level="sentences" />
<markable id="markable_1920" span="word_60624..word_60633" mmax_level="sentences" />
<markable id="markable_1921" span="word_60634..word_60676" mmax_level="sentences" />
<markable id="markable_1922" span="word_60677..word_60752" mmax_level="sentences" />
<markable id="markable_1923" span="word_60753..word_60855" mmax_level="sentences" />
<markable id="markable_1924" span="word_60856..word_60873" mmax_level="sentences" />
<markable id="markable_1925" span="word_60874..word_60906" mmax_level="sentences" />
<markable id="markable_1926" span="word_60907..word_60943" mmax_level="sentences" />
<markable id="markable_1927" span="word_60944..word_60986" mmax_level="sentences" />
<markable id="markable_1928" span="word_60987..word_61020" mmax_level="sentences" />
<markable id="markable_1929" span="word_61021..word_61050" mmax_level="sentences" />
<markable id="markable_1930" span="word_61051..word_61080" mmax_level="sentences" />
<markable id="markable_1931" span="word_61081..word_61117" mmax_level="sentences" />
<markable id="markable_1932" span="word_61118..word_61143" mmax_level="sentences" />
<markable id="markable_1933" span="word_61144..word_61177" mmax_level="sentences" />
<markable id="markable_1934" span="word_61178..word_61212" mmax_level="sentences" />
<markable id="markable_1935" span="word_61213..word_61271" mmax_level="sentences" />
<markable id="markable_1936" span="word_61272..word_61378" mmax_level="sentences" />
<markable id="markable_1937" span="word_61379..word_61407" mmax_level="sentences" />
<markable id="markable_1938" span="word_61408..word_61448" mmax_level="sentences" />
<markable id="markable_1939" span="word_61449..word_61485" mmax_level="sentences" />
<markable id="markable_1940" span="word_61486..word_61533" mmax_level="sentences" />
<markable id="markable_1941" span="word_61534..word_61549" mmax_level="sentences" />
<markable id="markable_1942" span="word_61550..word_61591" mmax_level="sentences" />
<markable id="markable_1943" span="word_61592..word_61642" mmax_level="sentences" />
<markable id="markable_1944" span="word_61643..word_61693" mmax_level="sentences" />
<markable id="markable_1945" span="word_61694..word_61725" mmax_level="sentences" />
</markables>
