<?xml version="1.0" encoding="UTF-8"?>
<!DOCTYPE markables SYSTEM "markables.dtd">
<markables xmlns="www.eml.org/NameSpaces/sentences">
<markable id="markable_66" span="word_1782..word_1809" mmax_level="sentences" />
<markable id="markable_67" span="word_1810..word_1831" mmax_level="sentences" />
<markable id="markable_68" span="word_1832..word_1847" mmax_level="sentences" />
<markable id="markable_69" span="word_1848..word_1910" mmax_level="sentences" />
<markable id="markable_62" span="word_1710..word_1736" mmax_level="sentences" />
<markable id="markable_63" span="word_1737..word_1758" mmax_level="sentences" />
<markable id="markable_64" span="word_1759..word_1766" mmax_level="sentences" />
<markable id="markable_65" span="word_1767..word_1781" mmax_level="sentences" />
<markable id="markable_60" span="word_1627..word_1655" mmax_level="sentences" />
<markable id="markable_61" span="word_1656..word_1709" mmax_level="sentences" />
<markable id="markable_79" span="word_2126..word_2174" mmax_level="sentences" />
<markable id="markable_77" span="word_2099..word_2105" mmax_level="sentences" />
<markable id="markable_78" span="word_2106..word_2125" mmax_level="sentences" />
<markable id="markable_75" span="word_2054..word_2071" mmax_level="sentences" />
<markable id="markable_76" span="word_2072..word_2098" mmax_level="sentences" />
<markable id="markable_73" span="word_1991..word_2005" mmax_level="sentences" />
<markable id="markable_74" span="word_2006..word_2053" mmax_level="sentences" />
<markable id="markable_71" span="word_1924..word_1964" mmax_level="sentences" />
<markable id="markable_72" span="word_1965..word_1990" mmax_level="sentences" />
<markable id="markable_70" span="word_1911..word_1923" mmax_level="sentences" />
<markable id="markable_44" span="word_1323..word_1333" mmax_level="sentences" />
<markable id="markable_45" span="word_1334..word_1343" mmax_level="sentences" />
<markable id="markable_46" span="word_1344..word_1363" mmax_level="sentences" />
<markable id="markable_47" span="word_1364..word_1375" mmax_level="sentences" />
<markable id="markable_48" span="word_1376..word_1422" mmax_level="sentences" />
<markable id="markable_49" span="word_1423..word_1448" mmax_level="sentences" />
<markable id="markable_40" span="word_1214..word_1242" mmax_level="sentences" />
<markable id="markable_41" span="word_1243..word_1249" mmax_level="sentences" />
<markable id="markable_42" span="word_1250..word_1266" mmax_level="sentences" />
<markable id="markable_43" span="word_1267..word_1322" mmax_level="sentences" />
<markable id="markable_57" span="word_1560..word_1570" mmax_level="sentences" />
<markable id="markable_58" span="word_1571..word_1592" mmax_level="sentences" />
<markable id="markable_55" span="word_1511..word_1520" mmax_level="sentences" />
<markable id="markable_56" span="word_1521..word_1559" mmax_level="sentences" />
<markable id="markable_59" span="word_1593..word_1626" mmax_level="sentences" />
<markable id="markable_50" span="word_1449..word_1456" mmax_level="sentences" />
<markable id="markable_53" span="word_1482..word_1500" mmax_level="sentences" />
<markable id="markable_54" span="word_1501..word_1510" mmax_level="sentences" />
<markable id="markable_51" span="word_1457..word_1467" mmax_level="sentences" />
<markable id="markable_52" span="word_1468..word_1481" mmax_level="sentences" />
<markable id="markable_160" span="word_4261..word_4274" mmax_level="sentences" />
<markable id="markable_161" span="word_4275..word_4325" mmax_level="sentences" />
<markable id="markable_162" span="word_4326..word_4345" mmax_level="sentences" />
<markable id="markable_163" span="word_4346..word_4357" mmax_level="sentences" />
<markable id="markable_164" span="word_4358..word_4388" mmax_level="sentences" />
<markable id="markable_165" span="word_4389..word_4426" mmax_level="sentences" />
<markable id="markable_166" span="word_4427..word_4486" mmax_level="sentences" />
<markable id="markable_167" span="word_4487..word_4536" mmax_level="sentences" />
<markable id="markable_168" span="word_4537..word_4561" mmax_level="sentences" />
<markable id="markable_169" span="word_4562..word_4590" mmax_level="sentences" />
<markable id="markable_170" span="word_4591..word_4604" mmax_level="sentences" />
<markable id="markable_171" span="word_4605..word_4624" mmax_level="sentences" />
<markable id="markable_174" span="word_4673..word_4698" mmax_level="sentences" />
<markable id="markable_175" span="word_4699..word_4743" mmax_level="sentences" />
<markable id="markable_172" span="word_4625..word_4643" mmax_level="sentences" />
<markable id="markable_173" span="word_4644..word_4672" mmax_level="sentences" />
<markable id="markable_178" span="word_4789..word_4826" mmax_level="sentences" />
<markable id="markable_179" span="word_4827..word_4844" mmax_level="sentences" />
<markable id="markable_176" span="word_4744..word_4757" mmax_level="sentences" />
<markable id="markable_177" span="word_4758..word_4788" mmax_level="sentences" />
<markable id="markable_81" span="word_2185..word_2198" mmax_level="sentences" />
<markable id="markable_183" span="word_4905..word_4954" mmax_level="sentences" />
<markable id="markable_286" span="word_8520..word_8557" mmax_level="sentences" />
<markable id="markable_80" span="word_2175..word_2184" mmax_level="sentences" />
<markable id="markable_184" span="word_4955..word_4974" mmax_level="sentences" />
<markable id="markable_287" span="word_8558..word_8586" mmax_level="sentences" />
<markable id="markable_83" span="word_2209..word_2241" mmax_level="sentences" />
<markable id="markable_185" span="word_4975..word_4989" mmax_level="sentences" />
<markable id="markable_288" span="word_8587..word_8626" mmax_level="sentences" />
<markable id="markable_82" span="word_2199..word_2208" mmax_level="sentences" />
<markable id="markable_186" span="word_4990..word_5022" mmax_level="sentences" />
<markable id="markable_289" span="word_8627..word_8699" mmax_level="sentences" />
<markable id="markable_85" span="word_2258..word_2308" mmax_level="sentences" />
<markable id="markable_84" span="word_2242..word_2257" mmax_level="sentences" />
<markable id="markable_180" span="word_4845..word_4858" mmax_level="sentences" />
<markable id="markable_87" span="word_2340..word_2355" mmax_level="sentences" />
<markable id="markable_181" span="word_4859..word_4888" mmax_level="sentences" />
<markable id="markable_86" span="word_2309..word_2339" mmax_level="sentences" />
<markable id="markable_182" span="word_4889..word_4904" mmax_level="sentences" />
<markable id="markable_89" span="word_2368..word_2432" mmax_level="sentences" />
<markable id="markable_88" span="word_2356..word_2367" mmax_level="sentences" />
<markable id="markable_280" span="word_8234..word_8292" mmax_level="sentences" />
<markable id="markable_187" span="word_5023..word_5082" mmax_level="sentences" />
<markable id="markable_282" span="word_8347..word_8376" mmax_level="sentences" />
<markable id="markable_188" span="word_5083..word_5118" mmax_level="sentences" />
<markable id="markable_189" span="word_5119..word_5163" mmax_level="sentences" />
<markable id="markable_90" span="word_2433..word_2446" mmax_level="sentences" />
<markable id="markable_94" span="word_2604..word_2612" mmax_level="sentences" />
<markable id="markable_196" span="word_5357..word_5376" mmax_level="sentences" />
<markable id="markable_299" span="word_9085..word_9164" mmax_level="sentences" />
<markable id="markable_93" span="word_2551..word_2603" mmax_level="sentences" />
<markable id="markable_197" span="word_5377..word_5394" mmax_level="sentences" />
<markable id="markable_92" span="word_2518..word_2550" mmax_level="sentences" />
<markable id="markable_194" span="word_5304..word_5341" mmax_level="sentences" />
<markable id="markable_297" span="word_9031..word_9059" mmax_level="sentences" />
<markable id="markable_91" span="word_2447..word_2517" mmax_level="sentences" />
<markable id="markable_195" span="word_5342..word_5356" mmax_level="sentences" />
<markable id="markable_298" span="word_9060..word_9084" mmax_level="sentences" />
<markable id="markable_98" span="word_2673..word_2683" mmax_level="sentences" />
<markable id="markable_192" span="word_5248..word_5297" mmax_level="sentences" />
<markable id="markable_97" span="word_2662..word_2672" mmax_level="sentences" />
<markable id="markable_193" span="word_5298..word_5303" mmax_level="sentences" />
<markable id="markable_96" span="word_2643..word_2661" mmax_level="sentences" />
<markable id="markable_190" span="word_5164..word_5181" mmax_level="sentences" />
<markable id="markable_95" span="word_2613..word_2642" mmax_level="sentences" />
<markable id="markable_191" span="word_5182..word_5247" mmax_level="sentences" />
<markable id="markable_291" span="word_8729..word_8748" mmax_level="sentences" />
<markable id="markable_292" span="word_8749..word_8790" mmax_level="sentences" />
<markable id="markable_99" span="word_2684..word_2711" mmax_level="sentences" />
<markable id="markable_290" span="word_8700..word_8728" mmax_level="sentences" />
<markable id="markable_295" span="word_8950..word_9004" mmax_level="sentences" />
<markable id="markable_296" span="word_9005..word_9030" mmax_level="sentences" />
<markable id="markable_198" span="word_5395..word_5413" mmax_level="sentences" />
<markable id="markable_293" span="word_8791..word_8829" mmax_level="sentences" />
<markable id="markable_199" span="word_5414..word_5457" mmax_level="sentences" />
<markable id="markable_294" span="word_8830..word_8949" mmax_level="sentences" />
<markable id="markable_8" span="word_256..word_282" mmax_level="sentences" />
<markable id="markable_9" span="word_283..word_302" mmax_level="sentences" />
<markable id="markable_7" span="word_233..word_255" mmax_level="sentences" />
<markable id="markable_6" span="word_193..word_232" mmax_level="sentences" />
<markable id="markable_5" span="word_134..word_192" mmax_level="sentences" />
<markable id="markable_4" span="word_82..word_133" mmax_level="sentences" />
<markable id="markable_3" span="word_71..word_81" mmax_level="sentences" />
<markable id="markable_2" span="word_37..word_70" mmax_level="sentences" />
<markable id="markable_1" span="word_1..word_36" mmax_level="sentences" />
<markable id="markable_307" span="word_9386..word_9412" mmax_level="sentences" />
<markable id="markable_308" span="word_9413..word_9447" mmax_level="sentences" />
<markable id="markable_305" span="word_9292..word_9346" mmax_level="sentences" />
<markable id="markable_306" span="word_9347..word_9385" mmax_level="sentences" />
<markable id="markable_309" span="word_9448..word_9484" mmax_level="sentences" />
<markable id="markable_102" span="word_2730..word_2740" mmax_level="sentences" />
<markable id="markable_101" span="word_2716..word_2729" mmax_level="sentences" />
<markable id="markable_100" span="word_2712..word_2715" mmax_level="sentences" />
<markable id="markable_106" span="word_2838..word_2849" mmax_level="sentences" />
<markable id="markable_105" span="word_2781..word_2837" mmax_level="sentences" />
<markable id="markable_104" span="word_2766..word_2780" mmax_level="sentences" />
<markable id="markable_103" span="word_2741..word_2765" mmax_level="sentences" />
<markable id="markable_311" span="word_9527..word_9561" mmax_level="sentences" />
<markable id="markable_310" span="word_9485..word_9526" mmax_level="sentences" />
<markable id="markable_315" span="word_9687..word_9727" mmax_level="sentences" />
<markable id="markable_314" span="word_9643..word_9686" mmax_level="sentences" />
<markable id="markable_313" span="word_9600..word_9642" mmax_level="sentences" />
<markable id="markable_312" span="word_9562..word_9599" mmax_level="sentences" />
<markable id="markable_500" span="word_16200..word_16242" mmax_level="sentences" />
<markable id="markable_501" span="word_16243..word_16257" mmax_level="sentences" />
<markable id="markable_107" span="word_2850..word_2887" mmax_level="sentences" />
<markable id="markable_108" span="word_2888..word_2939" mmax_level="sentences" />
<markable id="markable_109" span="word_2940..word_2964" mmax_level="sentences" />
<markable id="markable_111" span="word_3011..word_3074" mmax_level="sentences" />
<markable id="markable_110" span="word_2965..word_3010" mmax_level="sentences" />
<markable id="markable_113" span="word_3122..word_3177" mmax_level="sentences" />
<markable id="markable_112" span="word_3075..word_3121" mmax_level="sentences" />
<markable id="markable_115" span="word_3193..word_3212" mmax_level="sentences" />
<markable id="markable_114" span="word_3178..word_3192" mmax_level="sentences" />
<markable id="markable_117" span="word_3224..word_3238" mmax_level="sentences" />
<markable id="markable_116" span="word_3213..word_3223" mmax_level="sentences" />
<markable id="markable_300" span="word_9165..word_9200" mmax_level="sentences" />
<markable id="markable_302" span="word_9214..word_9236" mmax_level="sentences" />
<markable id="markable_301" span="word_9201..word_9213" mmax_level="sentences" />
<markable id="markable_304" span="word_9246..word_9291" mmax_level="sentences" />
<markable id="markable_303" span="word_9237..word_9245" mmax_level="sentences" />
<markable id="markable_414" span="word_12933..word_12959" mmax_level="sentences" />
<markable id="markable_413" span="word_12924..word_12932" mmax_level="sentences" />
<markable id="markable_412" span="word_12895..word_12923" mmax_level="sentences" />
<markable id="markable_411" span="word_12889..word_12894" mmax_level="sentences" />
<markable id="markable_410" span="word_12879..word_12888" mmax_level="sentences" />
<markable id="markable_141" span="word_3765..word_3784" mmax_level="sentences" />
<markable id="markable_142" span="word_3785..word_3806" mmax_level="sentences" />
<markable id="markable_140" span="word_3736..word_3764" mmax_level="sentences" />
<markable id="markable_145" span="word_3819..word_3842" mmax_level="sentences" />
<markable id="markable_146" span="word_3843..word_3845" mmax_level="sentences" />
<markable id="markable_408" span="word_12835..word_12845" mmax_level="sentences" />
<markable id="markable_143" span="word_3807..word_3811" mmax_level="sentences" />
<markable id="markable_409" span="word_12846..word_12878" mmax_level="sentences" />
<markable id="markable_144" span="word_3812..word_3818" mmax_level="sentences" />
<markable id="markable_406" span="word_12756..word_12811" mmax_level="sentences" />
<markable id="markable_149" span="word_3898..word_3947" mmax_level="sentences" />
<markable id="markable_407" span="word_12812..word_12834" mmax_level="sentences" />
<markable id="markable_404" span="word_12680..word_12715" mmax_level="sentences" />
<markable id="markable_147" span="word_3846..word_3881" mmax_level="sentences" />
<markable id="markable_405" span="word_12716..word_12755" mmax_level="sentences" />
<markable id="markable_148" span="word_3882..word_3897" mmax_level="sentences" />
<markable id="markable_401" span="word_12600..word_12617" mmax_level="sentences" />
<markable id="markable_400" span="word_12543..word_12599" mmax_level="sentences" />
<markable id="markable_403" span="word_12633..word_12679" mmax_level="sentences" />
<markable id="markable_402" span="word_12618..word_12632" mmax_level="sentences" />
<markable id="markable_150" span="word_3948..word_3978" mmax_level="sentences" />
<markable id="markable_151" span="word_3979..word_3987" mmax_level="sentences" />
<markable id="markable_152" span="word_3988..word_3998" mmax_level="sentences" />
<markable id="markable_153" span="word_3999..word_4023" mmax_level="sentences" />
<markable id="markable_154" span="word_4024..word_4051" mmax_level="sentences" />
<markable id="markable_155" span="word_4052..word_4103" mmax_level="sentences" />
<markable id="markable_156" span="word_4104..word_4154" mmax_level="sentences" />
<markable id="markable_157" span="word_4155..word_4172" mmax_level="sentences" />
<markable id="markable_158" span="word_4173..word_4208" mmax_level="sentences" />
<markable id="markable_159" span="word_4209..word_4260" mmax_level="sentences" />
<markable id="markable_432" span="word_13544..word_13555" mmax_level="sentences" />
<markable id="markable_431" span="word_13533..word_13543" mmax_level="sentences" />
<markable id="markable_430" span="word_13482..word_13532" mmax_level="sentences" />
<markable id="markable_436" span="word_13710..word_13753" mmax_level="sentences" />
<markable id="markable_435" span="word_13664..word_13709" mmax_level="sentences" />
<markable id="markable_434" span="word_13600..word_13663" mmax_level="sentences" />
<markable id="markable_119" span="word_3255..word_3261" mmax_level="sentences" />
<markable id="markable_433" span="word_13556..word_13599" mmax_level="sentences" />
<markable id="markable_118" span="word_3239..word_3254" mmax_level="sentences" />
<markable id="markable_120" span="word_3262..word_3291" mmax_level="sentences" />
<markable id="markable_428" span="word_13407..word_13456" mmax_level="sentences" />
<markable id="markable_127" span="word_3436..word_3450" mmax_level="sentences" />
<markable id="markable_429" span="word_13457..word_13481" mmax_level="sentences" />
<markable id="markable_128" span="word_3451..word_3468" mmax_level="sentences" />
<markable id="markable_426" span="word_13368..word_13400" mmax_level="sentences" />
<markable id="markable_125" span="word_3397..word_3409" mmax_level="sentences" />
<markable id="markable_427" span="word_13401..word_13406" mmax_level="sentences" />
<markable id="markable_126" span="word_3410..word_3435" mmax_level="sentences" />
<markable id="markable_123" span="word_3339..word_3391" mmax_level="sentences" />
<markable id="markable_124" span="word_3392..word_3396" mmax_level="sentences" />
<markable id="markable_121" span="word_3292..word_3311" mmax_level="sentences" />
<markable id="markable_122" span="word_3312..word_3338" mmax_level="sentences" />
<markable id="markable_421" span="word_13188..word_13204" mmax_level="sentences" />
<markable id="markable_420" span="word_13135..word_13187" mmax_level="sentences" />
<markable id="markable_423" span="word_13255..word_13308" mmax_level="sentences" />
<markable id="markable_422" span="word_13205..word_13254" mmax_level="sentences" />
<markable id="markable_129" span="word_3469..word_3491" mmax_level="sentences" />
<markable id="markable_425" span="word_13343..word_13367" mmax_level="sentences" />
<markable id="markable_424" span="word_13309..word_13342" mmax_level="sentences" />
<markable id="markable_130" span="word_3492..word_3504" mmax_level="sentences" />
<markable id="markable_131" span="word_3505..word_3553" mmax_level="sentences" />
<markable id="markable_415" span="word_12960..word_13007" mmax_level="sentences" />
<markable id="markable_136" span="word_3680..word_3688" mmax_level="sentences" />
<markable id="markable_416" span="word_13008..word_13055" mmax_level="sentences" />
<markable id="markable_137" span="word_3689..word_3697" mmax_level="sentences" />
<markable id="markable_417" span="word_13056..word_13079" mmax_level="sentences" />
<markable id="markable_138" span="word_3698..word_3719" mmax_level="sentences" />
<markable id="markable_418" span="word_13080..word_13090" mmax_level="sentences" />
<markable id="markable_139" span="word_3720..word_3735" mmax_level="sentences" />
<markable id="markable_419" span="word_13091..word_13134" mmax_level="sentences" />
<markable id="markable_132" span="word_3554..word_3591" mmax_level="sentences" />
<markable id="markable_133" span="word_3592..word_3610" mmax_level="sentences" />
<markable id="markable_134" span="word_3611..word_3645" mmax_level="sentences" />
<markable id="markable_135" span="word_3646..word_3679" mmax_level="sentences" />
<markable id="markable_258" span="word_7246..word_7277" mmax_level="sentences" />
<markable id="markable_257" span="word_7204..word_7245" mmax_level="sentences" />
<markable id="markable_391" span="word_12268..word_12289" mmax_level="sentences" />
<markable id="markable_390" span="word_12214..word_12267" mmax_level="sentences" />
<markable id="markable_259" span="word_7278..word_7341" mmax_level="sentences" />
<markable id="markable_449" span="word_14172..word_14191" mmax_level="sentences" />
<markable id="markable_393" span="word_12321..word_12331" mmax_level="sentences" />
<markable id="markable_254" span="word_7101..word_7140" mmax_level="sentences" />
<markable id="markable_448" span="word_14163..word_14171" mmax_level="sentences" />
<markable id="markable_392" span="word_12290..word_12320" mmax_level="sentences" />
<markable id="markable_253" span="word_7055..word_7100" mmax_level="sentences" />
<markable id="markable_395" span="word_12382..word_12450" mmax_level="sentences" />
<markable id="markable_256" span="word_7163..word_7203" mmax_level="sentences" />
<markable id="markable_394" span="word_12332..word_12381" mmax_level="sentences" />
<markable id="markable_255" span="word_7141..word_7162" mmax_level="sentences" />
<markable id="markable_397" span="word_12462..word_12498" mmax_level="sentences" />
<markable id="markable_250" span="word_6924..word_6934" mmax_level="sentences" />
<markable id="markable_396" span="word_12451..word_12461" mmax_level="sentences" />
<markable id="markable_399" span="word_12523..word_12542" mmax_level="sentences" />
<markable id="markable_252" span="word_7016..word_7054" mmax_level="sentences" />
<markable id="markable_398" span="word_12499..word_12522" mmax_level="sentences" />
<markable id="markable_251" span="word_6935..word_7015" mmax_level="sentences" />
<markable id="markable_16" span="word_468..word_482" mmax_level="sentences" />
<markable id="markable_15" span="word_458..word_467" mmax_level="sentences" />
<markable id="markable_18" span="word_509..word_570" mmax_level="sentences" />
<markable id="markable_450" span="word_14192..word_14219" mmax_level="sentences" />
<markable id="markable_17" span="word_483..word_508" mmax_level="sentences" />
<markable id="markable_12" span="word_362..word_415" mmax_level="sentences" />
<markable id="markable_11" span="word_327..word_361" mmax_level="sentences" />
<markable id="markable_14" span="word_435..word_457" mmax_level="sentences" />
<markable id="markable_13" span="word_416..word_434" mmax_level="sentences" />
<markable id="markable_455" span="word_14364..word_14377" mmax_level="sentences" />
<markable id="markable_456" span="word_14378..word_14439" mmax_level="sentences" />
<markable id="markable_457" span="word_14440..word_14497" mmax_level="sentences" />
<markable id="markable_10" span="word_303..word_326" mmax_level="sentences" />
<markable id="markable_458" span="word_14498..word_14516" mmax_level="sentences" />
<markable id="markable_451" span="word_14220..word_14256" mmax_level="sentences" />
<markable id="markable_452" span="word_14257..word_14265" mmax_level="sentences" />
<markable id="markable_453" span="word_14266..word_14299" mmax_level="sentences" />
<markable id="markable_454" span="word_14300..word_14363" mmax_level="sentences" />
<markable id="markable_249" span="word_6909..word_6923" mmax_level="sentences" />
<markable id="markable_380" span="word_11908..word_11986" mmax_level="sentences" />
<markable id="markable_248" span="word_6891..word_6908" mmax_level="sentences" />
<markable id="markable_247" span="word_6858..word_6890" mmax_level="sentences" />
<markable id="markable_246" span="word_6847..word_6857" mmax_level="sentences" />
<markable id="markable_245" span="word_6816..word_6846" mmax_level="sentences" />
<markable id="markable_384" span="word_12029..word_12120" mmax_level="sentences" />
<markable id="markable_439" span="word_13833..word_13907" mmax_level="sentences" />
<markable id="markable_244" span="word_6805..word_6815" mmax_level="sentences" />
<markable id="markable_383" span="word_12017..word_12028" mmax_level="sentences" />
<markable id="markable_438" span="word_13800..word_13832" mmax_level="sentences" />
<markable id="markable_243" span="word_6780..word_6804" mmax_level="sentences" />
<markable id="markable_382" span="word_12009..word_12016" mmax_level="sentences" />
<markable id="markable_437" span="word_13754..word_13799" mmax_level="sentences" />
<markable id="markable_242" span="word_6721..word_6779" mmax_level="sentences" />
<markable id="markable_381" span="word_11987..word_12008" mmax_level="sentences" />
<markable id="markable_388" span="word_12164..word_12195" mmax_level="sentences" />
<markable id="markable_241" span="word_6680..word_6720" mmax_level="sentences" />
<markable id="markable_387" span="word_12145..word_12163" mmax_level="sentences" />
<markable id="markable_240" span="word_6668..word_6679" mmax_level="sentences" />
<markable id="markable_386" span="word_12133..word_12144" mmax_level="sentences" />
<markable id="markable_385" span="word_12121..word_12132" mmax_level="sentences" />
<markable id="markable_389" span="word_12196..word_12213" mmax_level="sentences" />
<markable id="markable_446" span="word_14055..word_14100" mmax_level="sentences" />
<markable id="markable_447" span="word_14101..word_14162" mmax_level="sentences" />
<markable id="markable_444" span="word_13989..word_14011" mmax_level="sentences" />
<markable id="markable_445" span="word_14012..word_14054" mmax_level="sentences" />
<markable id="markable_442" span="word_13946..word_13968" mmax_level="sentences" />
<markable id="markable_443" span="word_13969..word_13988" mmax_level="sentences" />
<markable id="markable_440" span="word_13908..word_13932" mmax_level="sentences" />
<markable id="markable_239" span="word_6626..word_6667" mmax_level="sentences" />
<markable id="markable_441" span="word_13933..word_13945" mmax_level="sentences" />
<markable id="markable_276" span="word_8068..word_8104" mmax_level="sentences" />
<markable id="markable_371" span="word_11560..word_11598" mmax_level="sentences" />
<markable id="markable_275" span="word_7991..word_8067" mmax_level="sentences" />
<markable id="markable_370" span="word_11531..word_11559" mmax_level="sentences" />
<markable id="markable_278" span="word_8156..word_8194" mmax_level="sentences" />
<markable id="markable_373" span="word_11624..word_11668" mmax_level="sentences" />
<markable id="markable_277" span="word_8105..word_8155" mmax_level="sentences" />
<markable id="markable_372" span="word_11599..word_11623" mmax_level="sentences" />
<markable id="markable_279" span="word_8195..word_8233" mmax_level="sentences" />
<markable id="markable_379" span="word_11888..word_11907" mmax_level="sentences" />
<markable id="markable_378" span="word_11836..word_11887" mmax_level="sentences" />
<markable id="markable_270" span="word_7718..word_7742" mmax_level="sentences" />
<markable id="markable_272" span="word_7776..word_7817" mmax_level="sentences" />
<markable id="markable_375" span="word_11722..word_11742" mmax_level="sentences" />
<markable id="markable_271" span="word_7743..word_7775" mmax_level="sentences" />
<markable id="markable_374" span="word_11669..word_11721" mmax_level="sentences" />
<markable id="markable_274" span="word_7927..word_7990" mmax_level="sentences" />
<markable id="markable_377" span="word_11780..word_11835" mmax_level="sentences" />
<markable id="markable_273" span="word_7818..word_7926" mmax_level="sentences" />
<markable id="markable_376" span="word_11743..word_11779" mmax_level="sentences" />
<markable id="markable_34" span="word_1046..word_1077" mmax_level="sentences" />
<markable id="markable_33" span="word_1032..word_1045" mmax_level="sentences" />
<markable id="markable_36" span="word_1086..word_1142" mmax_level="sentences" />
<markable id="markable_35" span="word_1078..word_1085" mmax_level="sentences" />
<markable id="markable_38" span="word_1164..word_1194" mmax_level="sentences" />
<markable id="markable_470" span="word_14975..word_15021" mmax_level="sentences" />
<markable id="markable_37" span="word_1143..word_1163" mmax_level="sentences" />
<markable id="markable_471" span="word_15022..word_15051" mmax_level="sentences" />
<markable id="markable_472" span="word_15052..word_15089" mmax_level="sentences" />
<markable id="markable_39" span="word_1195..word_1213" mmax_level="sentences" />
<markable id="markable_473" span="word_15090..word_15132" mmax_level="sentences" />
<markable id="markable_474" span="word_15133..word_15158" mmax_level="sentences" />
<markable id="markable_475" span="word_15159..word_15208" mmax_level="sentences" />
<markable id="markable_476" span="word_15209..word_15257" mmax_level="sentences" />
<markable id="markable_477" span="word_15258..word_15314" mmax_level="sentences" />
<markable id="markable_30" span="word_915..word_959" mmax_level="sentences" />
<markable id="markable_478" span="word_15315..word_15332" mmax_level="sentences" />
<markable id="markable_479" span="word_15333..word_15353" mmax_level="sentences" />
<markable id="markable_32" span="word_991..word_1031" mmax_level="sentences" />
<markable id="markable_31" span="word_960..word_990" mmax_level="sentences" />
<markable id="markable_267" span="word_7639..word_7658" mmax_level="sentences" />
<markable id="markable_362" span="word_11262..word_11277" mmax_level="sentences" />
<markable id="markable_266" span="word_7613..word_7638" mmax_level="sentences" />
<markable id="markable_361" span="word_11242..word_11261" mmax_level="sentences" />
<markable id="markable_265" span="word_7579..word_7612" mmax_level="sentences" />
<markable id="markable_360" span="word_11223..word_11241" mmax_level="sentences" />
<markable id="markable_459" span="word_14517..word_14535" mmax_level="sentences" />
<markable id="markable_264" span="word_7549..word_7578" mmax_level="sentences" />
<markable id="markable_269" span="word_7681..word_7717" mmax_level="sentences" />
<markable id="markable_268" span="word_7659..word_7680" mmax_level="sentences" />
<markable id="markable_369" span="word_11465..word_11530" mmax_level="sentences" />
<markable id="markable_19" span="word_571..word_596" mmax_level="sentences" />
<markable id="markable_368" span="word_11422..word_11464" mmax_level="sentences" />
<markable id="markable_367" span="word_11409..word_11421" mmax_level="sentences" />
<markable id="markable_263" span="word_7467..word_7548" mmax_level="sentences" />
<markable id="markable_366" span="word_11364..word_11408" mmax_level="sentences" />
<markable id="markable_262" span="word_7391..word_7466" mmax_level="sentences" />
<markable id="markable_365" span="word_11333..word_11363" mmax_level="sentences" />
<markable id="markable_261" span="word_7356..word_7390" mmax_level="sentences" />
<markable id="markable_364" span="word_11313..word_11332" mmax_level="sentences" />
<markable id="markable_260" span="word_7342..word_7355" mmax_level="sentences" />
<markable id="markable_363" span="word_11278..word_11312" mmax_level="sentences" />
<markable id="markable_25" span="word_770..word_794" mmax_level="sentences" />
<markable id="markable_24" span="word_753..word_769" mmax_level="sentences" />
<markable id="markable_23" span="word_687..word_752" mmax_level="sentences" />
<markable id="markable_22" span="word_647..word_686" mmax_level="sentences" />
<markable id="markable_460" span="word_14536..word_14578" mmax_level="sentences" />
<markable id="markable_29" span="word_880..word_914" mmax_level="sentences" />
<markable id="markable_461" span="word_14579..word_14648" mmax_level="sentences" />
<markable id="markable_28" span="word_866..word_879" mmax_level="sentences" />
<markable id="markable_27" span="word_836..word_865" mmax_level="sentences" />
<markable id="markable_26" span="word_795..word_835" mmax_level="sentences" />
<markable id="markable_464" span="word_14725..word_14768" mmax_level="sentences" />
<markable id="markable_465" span="word_14769..word_14804" mmax_level="sentences" />
<markable id="markable_462" span="word_14649..word_14682" mmax_level="sentences" />
<markable id="markable_463" span="word_14683..word_14724" mmax_level="sentences" />
<markable id="markable_468" span="word_14908..word_14920" mmax_level="sentences" />
<markable id="markable_21" span="word_609..word_646" mmax_level="sentences" />
<markable id="markable_469" span="word_14921..word_14974" mmax_level="sentences" />
<markable id="markable_20" span="word_597..word_608" mmax_level="sentences" />
<markable id="markable_466" span="word_14805..word_14842" mmax_level="sentences" />
<markable id="markable_467" span="word_14843..word_14907" mmax_level="sentences" />
<markable id="markable_352" span="word_11079..word_11115" mmax_level="sentences" />
<markable id="markable_353" span="word_11116..word_11140" mmax_level="sentences" />
<markable id="markable_354" span="word_11141..word_11165" mmax_level="sentences" />
<markable id="markable_355" span="word_11166..word_11173" mmax_level="sentences" />
<markable id="markable_356" span="word_11174..word_11177" mmax_level="sentences" />
<markable id="markable_357" span="word_11178..word_11186" mmax_level="sentences" />
<markable id="markable_358" span="word_11187..word_11205" mmax_level="sentences" />
<markable id="markable_359" span="word_11206..word_11222" mmax_level="sentences" />
<markable id="markable_213" span="word_5788..word_5814" mmax_level="sentences" />
<markable id="markable_214" span="word_5815..word_5884" mmax_level="sentences" />
<markable id="markable_215" span="word_5885..word_5906" mmax_level="sentences" />
<markable id="markable_216" span="word_5907..word_5936" mmax_level="sentences" />
<markable id="markable_210" span="word_5686..word_5752" mmax_level="sentences" />
<markable id="markable_211" span="word_5753..word_5771" mmax_level="sentences" />
<markable id="markable_350" span="word_11018..word_11025" mmax_level="sentences" />
<markable id="markable_212" span="word_5772..word_5787" mmax_level="sentences" />
<markable id="markable_351" span="word_11026..word_11078" mmax_level="sentences" />
<markable id="markable_499" span="word_16117..word_16199" mmax_level="sentences" />
<markable id="markable_496" span="word_16021..word_16053" mmax_level="sentences" />
<markable id="markable_207" span="word_5627..word_5642" mmax_level="sentences" />
<markable id="markable_495" span="word_15978..word_16020" mmax_level="sentences" />
<markable id="markable_206" span="word_5613..word_5626" mmax_level="sentences" />
<markable id="markable_498" span="word_16084..word_16116" mmax_level="sentences" />
<markable id="markable_209" span="word_5660..word_5685" mmax_level="sentences" />
<markable id="markable_497" span="word_16054..word_16083" mmax_level="sentences" />
<markable id="markable_208" span="word_5643..word_5659" mmax_level="sentences" />
<markable id="markable_492" span="word_15822..word_15896" mmax_level="sentences" />
<markable id="markable_491" span="word_15772..word_15821" mmax_level="sentences" />
<markable id="markable_349" span="word_10991..word_11017" mmax_level="sentences" />
<markable id="markable_494" span="word_15935..word_15977" mmax_level="sentences" />
<markable id="markable_493" span="word_15897..word_15934" mmax_level="sentences" />
<markable id="markable_490" span="word_15736..word_15771" mmax_level="sentences" />
<markable id="markable_343" span="word_10737..word_10753" mmax_level="sentences" />
<markable id="markable_344" span="word_10754..word_10796" mmax_level="sentences" />
<markable id="markable_341" span="word_10641..word_10687" mmax_level="sentences" />
<markable id="markable_342" span="word_10688..word_10736" mmax_level="sentences" />
<markable id="markable_347" span="word_10864..word_10905" mmax_level="sentences" />
<markable id="markable_348" span="word_10906..word_10990" mmax_level="sentences" />
<markable id="markable_345" span="word_10797..word_10828" mmax_level="sentences" />
<markable id="markable_346" span="word_10829..word_10863" mmax_level="sentences" />
<markable id="markable_204" span="word_5562..word_5577" mmax_level="sentences" />
<markable id="markable_205" span="word_5578..word_5612" mmax_level="sentences" />
<markable id="markable_202" span="word_5508..word_5517" mmax_level="sentences" />
<markable id="markable_203" span="word_5518..word_5561" mmax_level="sentences" />
<markable id="markable_200" span="word_5458..word_5502" mmax_level="sentences" />
<markable id="markable_201" span="word_5503..word_5507" mmax_level="sentences" />
<markable id="markable_340" span="word_10605..word_10640" mmax_level="sentences" />
<markable id="markable_489" span="word_15721..word_15735" mmax_level="sentences" />
<markable id="markable_488" span="word_15628..word_15720" mmax_level="sentences" />
<markable id="markable_487" span="word_15570..word_15627" mmax_level="sentences" />
<markable id="markable_486" span="word_15526..word_15569" mmax_level="sentences" />
<markable id="markable_485" span="word_15475..word_15525" mmax_level="sentences" />
<markable id="markable_484" span="word_15442..word_15474" mmax_level="sentences" />
<markable id="markable_483" span="word_15417..word_15441" mmax_level="sentences" />
<markable id="markable_482" span="word_15406..word_15416" mmax_level="sentences" />
<markable id="markable_481" span="word_15389..word_15405" mmax_level="sentences" />
<markable id="markable_339" span="word_10569..word_10604" mmax_level="sentences" />
<markable id="markable_480" span="word_15354..word_15388" mmax_level="sentences" />
<markable id="markable_338" span="word_10526..word_10568" mmax_level="sentences" />
<markable id="markable_334" span="word_10376..word_10408" mmax_level="sentences" />
<markable id="markable_335" span="word_10409..word_10421" mmax_level="sentences" />
<markable id="markable_336" span="word_10422..word_10501" mmax_level="sentences" />
<markable id="markable_337" span="word_10502..word_10525" mmax_level="sentences" />
<markable id="markable_330" span="word_10226..word_10255" mmax_level="sentences" />
<markable id="markable_331" span="word_10256..word_10291" mmax_level="sentences" />
<markable id="markable_332" span="word_10292..word_10331" mmax_level="sentences" />
<markable id="markable_230" span="word_6425..word_6474" mmax_level="sentences" />
<markable id="markable_333" span="word_10332..word_10375" mmax_level="sentences" />
<markable id="markable_231" span="word_6475..word_6486" mmax_level="sentences" />
<markable id="markable_232" span="word_6487..word_6513" mmax_level="sentences" />
<markable id="markable_233" span="word_6514..word_6532" mmax_level="sentences" />
<markable id="markable_234" span="word_6533..word_6542" mmax_level="sentences" />
<markable id="markable_235" span="word_6543..word_6573" mmax_level="sentences" />
<markable id="markable_236" span="word_6574..word_6583" mmax_level="sentences" />
<markable id="markable_237" span="word_6584..word_6616" mmax_level="sentences" />
<markable id="markable_238" span="word_6617..word_6625" mmax_level="sentences" />
<markable id="markable_229" span="word_6409..word_6424" mmax_level="sentences" />
<markable id="markable_228" span="word_6385..word_6408" mmax_level="sentences" />
<markable id="markable_328" span="word_10123..word_10160" mmax_level="sentences" />
<markable id="markable_327" span="word_10113..word_10122" mmax_level="sentences" />
<markable id="markable_329" span="word_10161..word_10225" mmax_level="sentences" />
<markable id="markable_325" span="word_10054..word_10081" mmax_level="sentences" />
<markable id="markable_326" span="word_10082..word_10112" mmax_level="sentences" />
<markable id="markable_323" span="word_9988..word_10025" mmax_level="sentences" />
<markable id="markable_324" span="word_10026..word_10053" mmax_level="sentences" />
<markable id="markable_321" span="word_9927..word_9955" mmax_level="sentences" />
<markable id="markable_322" span="word_9956..word_9987" mmax_level="sentences" />
<markable id="markable_320" span="word_9867..word_9926" mmax_level="sentences" />
<markable id="markable_222" span="word_6163..word_6199" mmax_level="sentences" />
<markable id="markable_223" span="word_6200..word_6215" mmax_level="sentences" />
<markable id="markable_220" span="word_6074..word_6082" mmax_level="sentences" />
<markable id="markable_221" span="word_6083..word_6162" mmax_level="sentences" />
<markable id="markable_226" span="word_6270..word_6324" mmax_level="sentences" />
<markable id="markable_227" span="word_6325..word_6384" mmax_level="sentences" />
<markable id="markable_224" span="word_6216..word_6235" mmax_level="sentences" />
<markable id="markable_225" span="word_6236..word_6269" mmax_level="sentences" />
<markable id="markable_219" span="word_6056..word_6073" mmax_level="sentences" />
<markable id="markable_218" span="word_6020..word_6055" mmax_level="sentences" />
<markable id="markable_217" span="word_5937..word_6019" mmax_level="sentences" />
<markable id="markable_319" span="word_9849..word_9866" mmax_level="sentences" />
<markable id="markable_318" span="word_9830..word_9848" mmax_level="sentences" />
<markable id="markable_317" span="word_9789..word_9829" mmax_level="sentences" />
<markable id="markable_316" span="word_9728..word_9788" mmax_level="sentences" />
</markables>