<?xml version="1.0" encoding="UTF-8"?>
<!DOCTYPE markables SYSTEM "markables.dtd">
<markables xmlns="www.eml.org/NameSpaces/sentences">
<markable id="markable_1003" span="word_32512..word_32530" mmax_level="sentences" />
<markable id="markable_1004" span="word_32531..word_32560" mmax_level="sentences" />
<markable id="markable_1005" span="word_32561..word_32578" mmax_level="sentences" />
<markable id="markable_1006" span="word_32579..word_32594" mmax_level="sentences" />
<markable id="markable_1007" span="word_32595..word_32602" mmax_level="sentences" />
<markable id="markable_1008" span="word_32603..word_32620" mmax_level="sentences" />
<markable id="markable_1009" span="word_32621..word_32644" mmax_level="sentences" />
<markable id="markable_1010" span="word_32645..word_32666" mmax_level="sentences" />
<markable id="markable_1011" span="word_32667..word_32707" mmax_level="sentences" />
<markable id="markable_1012" span="word_32708..word_32719" mmax_level="sentences" />
<markable id="markable_1013" span="word_32720..word_32746" mmax_level="sentences" />
<markable id="markable_1014" span="word_32747..word_32772" mmax_level="sentences" />
<markable id="markable_1015" span="word_32773..word_32779" mmax_level="sentences" />
<markable id="markable_1016" span="word_32780..word_32796" mmax_level="sentences" />
<markable id="markable_1017" span="word_32797..word_32827" mmax_level="sentences" />
<markable id="markable_1018" span="word_32828..word_32865" mmax_level="sentences" />
<markable id="markable_1019" span="word_32866..word_32887" mmax_level="sentences" />
<markable id="markable_1020" span="word_32888..word_32930" mmax_level="sentences" />
<markable id="markable_1021" span="word_32931..word_32959" mmax_level="sentences" />
<markable id="markable_1022" span="word_32960..word_33000" mmax_level="sentences" />
<markable id="markable_1023" span="word_33001..word_33036" mmax_level="sentences" />
<markable id="markable_1024" span="word_33037..word_33062" mmax_level="sentences" />
<markable id="markable_1025" span="word_33063..word_33084" mmax_level="sentences" />
<markable id="markable_1026" span="word_33085..word_33097" mmax_level="sentences" />
<markable id="markable_1027" span="word_33098..word_33154" mmax_level="sentences" />
<markable id="markable_1028" span="word_33155..word_33172" mmax_level="sentences" />
<markable id="markable_1029" span="word_33173..word_33198" mmax_level="sentences" />
<markable id="markable_1030" span="word_33199..word_33249" mmax_level="sentences" />
<markable id="markable_1031" span="word_33250..word_33279" mmax_level="sentences" />
<markable id="markable_1032" span="word_33280..word_33316" mmax_level="sentences" />
<markable id="markable_1033" span="word_33317..word_33339" mmax_level="sentences" />
<markable id="markable_1034" span="word_33340..word_33386" mmax_level="sentences" />
<markable id="markable_1035" span="word_33387..word_33414" mmax_level="sentences" />
<markable id="markable_1036" span="word_33415..word_33428" mmax_level="sentences" />
<markable id="markable_1037" span="word_33429..word_33508" mmax_level="sentences" />
<markable id="markable_1038" span="word_33509..word_33570" mmax_level="sentences" />
<markable id="markable_1039" span="word_33571..word_33591" mmax_level="sentences" />
<markable id="markable_1040" span="word_33592..word_33602" mmax_level="sentences" />
<markable id="markable_1041" span="word_33603..word_33649" mmax_level="sentences" />
<markable id="markable_1042" span="word_33650..word_33688" mmax_level="sentences" />
<markable id="markable_1043" span="word_33689..word_33730" mmax_level="sentences" />
<markable id="markable_1044" span="word_33731..word_33745" mmax_level="sentences" />
<markable id="markable_1045" span="word_33746..word_33756" mmax_level="sentences" />
<markable id="markable_1046" span="word_33757..word_33785" mmax_level="sentences" />
<markable id="markable_1047" span="word_33786..word_33813" mmax_level="sentences" />
<markable id="markable_1048" span="word_33814..word_33855" mmax_level="sentences" />
<markable id="markable_1049" span="word_33856..word_33898" mmax_level="sentences" />
<markable id="markable_1050" span="word_33899..word_33941" mmax_level="sentences" />
<markable id="markable_1051" span="word_33942..word_33956" mmax_level="sentences" />
<markable id="markable_1052" span="word_33957..word_33986" mmax_level="sentences" />
<markable id="markable_1053" span="word_33987..word_34007" mmax_level="sentences" />
<markable id="markable_1054" span="word_34008..word_34045" mmax_level="sentences" />
<markable id="markable_1055" span="word_34046..word_34063" mmax_level="sentences" />
<markable id="markable_1056" span="word_34064..word_34120" mmax_level="sentences" />
<markable id="markable_1057" span="word_34121..word_34149" mmax_level="sentences" />
<markable id="markable_1058" span="word_34150..word_34184" mmax_level="sentences" />
<markable id="markable_1059" span="word_34185..word_34230" mmax_level="sentences" />
<markable id="markable_1060" span="word_34231..word_34265" mmax_level="sentences" />
<markable id="markable_1061" span="word_34266..word_34296" mmax_level="sentences" />
<markable id="markable_1062" span="word_34297..word_34339" mmax_level="sentences" />
<markable id="markable_1063" span="word_34340..word_34364" mmax_level="sentences" />
<markable id="markable_1064" span="word_34365..word_34388" mmax_level="sentences" />
<markable id="markable_1065" span="word_34389..word_34424" mmax_level="sentences" />
<markable id="markable_1066" span="word_34425..word_34466" mmax_level="sentences" />
<markable id="markable_1067" span="word_34467..word_34523" mmax_level="sentences" />
<markable id="markable_1068" span="word_34524..word_34563" mmax_level="sentences" />
<markable id="markable_1069" span="word_34564..word_34587" mmax_level="sentences" />
<markable id="markable_1070" span="word_34588..word_34632" mmax_level="sentences" />
<markable id="markable_1071" span="word_34633..word_34667" mmax_level="sentences" />
<markable id="markable_1072" span="word_34668..word_34708" mmax_level="sentences" />
<markable id="markable_1073" span="word_34709..word_34821" mmax_level="sentences" />
<markable id="markable_1074" span="word_34822..word_34839" mmax_level="sentences" />
<markable id="markable_1075" span="word_34840..word_34855" mmax_level="sentences" />
<markable id="markable_1076" span="word_34856..word_34899" mmax_level="sentences" />
<markable id="markable_1077" span="word_34900..word_34928" mmax_level="sentences" />
<markable id="markable_1078" span="word_34929..word_34940" mmax_level="sentences" />
<markable id="markable_1079" span="word_34941..word_34960" mmax_level="sentences" />
<markable id="markable_1080" span="word_34961..word_35000" mmax_level="sentences" />
<markable id="markable_1081" span="word_35001..word_35042" mmax_level="sentences" />
<markable id="markable_1082" span="word_35043..word_35081" mmax_level="sentences" />
<markable id="markable_1083" span="word_35082..word_35123" mmax_level="sentences" />
<markable id="markable_1084" span="word_35124..word_35141" mmax_level="sentences" />
<markable id="markable_1085" span="word_35142..word_35160" mmax_level="sentences" />
<markable id="markable_1086" span="word_35161..word_35175" mmax_level="sentences" />
<markable id="markable_1087" span="word_35176..word_35193" mmax_level="sentences" />
<markable id="markable_1088" span="word_35194..word_35206" mmax_level="sentences" />
<markable id="markable_1089" span="word_35207..word_35244" mmax_level="sentences" />
<markable id="markable_1090" span="word_35245..word_35318" mmax_level="sentences" />
<markable id="markable_1091" span="word_35319..word_35366" mmax_level="sentences" />
<markable id="markable_1092" span="word_35367..word_35433" mmax_level="sentences" />
<markable id="markable_1093" span="word_35434..word_35508" mmax_level="sentences" />
<markable id="markable_1094" span="word_35509..word_35603" mmax_level="sentences" />
<markable id="markable_1095" span="word_35604..word_35626" mmax_level="sentences" />
<markable id="markable_1096" span="word_35627..word_35652" mmax_level="sentences" />
<markable id="markable_1097" span="word_35653..word_35716" mmax_level="sentences" />
<markable id="markable_1098" span="word_35717..word_35758" mmax_level="sentences" />
<markable id="markable_1099" span="word_35759..word_35817" mmax_level="sentences" />
<markable id="markable_1100" span="word_35818..word_35850" mmax_level="sentences" />
<markable id="markable_1101" span="word_35851..word_35859" mmax_level="sentences" />
<markable id="markable_1102" span="word_35860..word_35881" mmax_level="sentences" />
<markable id="markable_1103" span="word_35882..word_35891" mmax_level="sentences" />
<markable id="markable_1104" span="word_35892..word_35955" mmax_level="sentences" />
<markable id="markable_1105" span="word_35956..word_35991" mmax_level="sentences" />
<markable id="markable_1106" span="word_35992..word_36041" mmax_level="sentences" />
<markable id="markable_1107" span="word_36042..word_36060" mmax_level="sentences" />
<markable id="markable_1108" span="word_36061..word_36126" mmax_level="sentences" />
<markable id="markable_1109" span="word_36127..word_36145" mmax_level="sentences" />
<markable id="markable_1110" span="word_36146..word_36182" mmax_level="sentences" />
<markable id="markable_1111" span="word_36183..word_36232" mmax_level="sentences" />
<markable id="markable_1112" span="word_36233..word_36275" mmax_level="sentences" />
<markable id="markable_1113" span="word_36276..word_36323" mmax_level="sentences" />
<markable id="markable_1114" span="word_36324..word_36376" mmax_level="sentences" />
<markable id="markable_1115" span="word_36377..word_36404" mmax_level="sentences" />
<markable id="markable_1116" span="word_36405..word_36420" mmax_level="sentences" />
<markable id="markable_1117" span="word_36421..word_36453" mmax_level="sentences" />
<markable id="markable_1118" span="word_36454..word_36487" mmax_level="sentences" />
<markable id="markable_1119" span="word_36488..word_36534" mmax_level="sentences" />
<markable id="markable_1120" span="word_36535..word_36612" mmax_level="sentences" />
<markable id="markable_1121" span="word_36613..word_36666" mmax_level="sentences" />
<markable id="markable_1122" span="word_36667..word_36693" mmax_level="sentences" />
<markable id="markable_1123" span="word_36694..word_36760" mmax_level="sentences" />
<markable id="markable_1124" span="word_36761..word_36800" mmax_level="sentences" />
<markable id="markable_1125" span="word_36801..word_36847" mmax_level="sentences" />
<markable id="markable_1126" span="word_36848..word_36908" mmax_level="sentences" />
<markable id="markable_1127" span="word_36909..word_36943" mmax_level="sentences" />
<markable id="markable_1128" span="word_36944..word_36981" mmax_level="sentences" />
<markable id="markable_1129" span="word_36982..word_37037" mmax_level="sentences" />
<markable id="markable_1130" span="word_37038..word_37072" mmax_level="sentences" />
<markable id="markable_1131" span="word_37073..word_37099" mmax_level="sentences" />
<markable id="markable_1132" span="word_37100..word_37161" mmax_level="sentences" />
<markable id="markable_1133" span="word_37162..word_37212" mmax_level="sentences" />
<markable id="markable_1134" span="word_37213..word_37259" mmax_level="sentences" />
<markable id="markable_1135" span="word_37260..word_37284" mmax_level="sentences" />
<markable id="markable_1136" span="word_37285..word_37319" mmax_level="sentences" />
<markable id="markable_1137" span="word_37320..word_37354" mmax_level="sentences" />
<markable id="markable_1138" span="word_37355..word_37387" mmax_level="sentences" />
<markable id="markable_1139" span="word_37388..word_37413" mmax_level="sentences" />
<markable id="markable_1140" span="word_37414..word_37479" mmax_level="sentences" />
<markable id="markable_1141" span="word_37480..word_37507" mmax_level="sentences" />
<markable id="markable_1142" span="word_37508..word_37521" mmax_level="sentences" />
<markable id="markable_1143" span="word_37522..word_37546" mmax_level="sentences" />
<markable id="markable_1144" span="word_37547..word_37589" mmax_level="sentences" />
<markable id="markable_1145" span="word_37590..word_37632" mmax_level="sentences" />
<markable id="markable_1146" span="word_37633..word_37653" mmax_level="sentences" />
<markable id="markable_1147" span="word_37654..word_37690" mmax_level="sentences" />
<markable id="markable_1148" span="word_37691..word_37720" mmax_level="sentences" />
<markable id="markable_1149" span="word_37721..word_37729" mmax_level="sentences" />
<markable id="markable_1150" span="word_37730..word_37773" mmax_level="sentences" />
<markable id="markable_1151" span="word_37774..word_37793" mmax_level="sentences" />
<markable id="markable_1152" span="word_37794..word_37810" mmax_level="sentences" />
<markable id="markable_1153" span="word_37811..word_37833" mmax_level="sentences" />
<markable id="markable_1154" span="word_37834..word_37878" mmax_level="sentences" />
<markable id="markable_1155" span="word_37879..word_37903" mmax_level="sentences" />
<markable id="markable_1156" span="word_37904..word_37927" mmax_level="sentences" />
<markable id="markable_1157" span="word_37928..word_37962" mmax_level="sentences" />
<markable id="markable_1158" span="word_37963..word_38009" mmax_level="sentences" />
<markable id="markable_1159" span="word_38010..word_38026" mmax_level="sentences" />
<markable id="markable_1160" span="word_38027..word_38044" mmax_level="sentences" />
<markable id="markable_1161" span="word_38045..word_38092" mmax_level="sentences" />
<markable id="markable_1162" span="word_38093..word_38142" mmax_level="sentences" />
<markable id="markable_1163" span="word_38143..word_38159" mmax_level="sentences" />
<markable id="markable_1164" span="word_38160..word_38179" mmax_level="sentences" />
<markable id="markable_1165" span="word_38180..word_38192" mmax_level="sentences" />
<markable id="markable_1166" span="word_38193..word_38208" mmax_level="sentences" />
<markable id="markable_1167" span="word_38209..word_38226" mmax_level="sentences" />
<markable id="markable_1168" span="word_38227..word_38252" mmax_level="sentences" />
<markable id="markable_1169" span="word_38253..word_38342" mmax_level="sentences" />
<markable id="markable_1170" span="word_38343..word_38363" mmax_level="sentences" />
<markable id="markable_1171" span="word_38364..word_38393" mmax_level="sentences" />
<markable id="markable_1172" span="word_38394..word_38425" mmax_level="sentences" />
<markable id="markable_1173" span="word_38426..word_38456" mmax_level="sentences" />
<markable id="markable_1174" span="word_38457..word_38501" mmax_level="sentences" />
<markable id="markable_1175" span="word_38502..word_38551" mmax_level="sentences" />
<markable id="markable_1176" span="word_38552..word_38590" mmax_level="sentences" />
<markable id="markable_1177" span="word_38591..word_38606" mmax_level="sentences" />
<markable id="markable_1178" span="word_38607..word_38672" mmax_level="sentences" />
<markable id="markable_1179" span="word_38673..word_38682" mmax_level="sentences" />
<markable id="markable_1180" span="word_38683..word_38748" mmax_level="sentences" />
<markable id="markable_1181" span="word_38749..word_38773" mmax_level="sentences" />
<markable id="markable_1182" span="word_38774..word_38841" mmax_level="sentences" />
<markable id="markable_1183" span="word_38842..word_38885" mmax_level="sentences" />
<markable id="markable_1184" span="word_38886..word_38916" mmax_level="sentences" />
<markable id="markable_1185" span="word_38917..word_38949" mmax_level="sentences" />
<markable id="markable_1186" span="word_38950..word_38982" mmax_level="sentences" />
<markable id="markable_1187" span="word_38983..word_39005" mmax_level="sentences" />
<markable id="markable_1188" span="word_39006..word_39063" mmax_level="sentences" />
<markable id="markable_1189" span="word_39064..word_39092" mmax_level="sentences" />
<markable id="markable_1190" span="word_39093..word_39110" mmax_level="sentences" />
<markable id="markable_1191" span="word_39111..word_39117" mmax_level="sentences" />
<markable id="markable_1192" span="word_39118..word_39159" mmax_level="sentences" />
<markable id="markable_1193" span="word_39160..word_39191" mmax_level="sentences" />
<markable id="markable_1194" span="word_39192..word_39246" mmax_level="sentences" />
<markable id="markable_1195" span="word_39247..word_39282" mmax_level="sentences" />
<markable id="markable_1196" span="word_39283..word_39330" mmax_level="sentences" />
<markable id="markable_1197" span="word_39331..word_39364" mmax_level="sentences" />
<markable id="markable_1198" span="word_39365..word_39399" mmax_level="sentences" />
<markable id="markable_1199" span="word_39400..word_39411" mmax_level="sentences" />
<markable id="markable_1200" span="word_39412..word_39440" mmax_level="sentences" />
<markable id="markable_1201" span="word_39441..word_39451" mmax_level="sentences" />
<markable id="markable_1202" span="word_39452..word_39483" mmax_level="sentences" />
<markable id="markable_1203" span="word_39484..word_39516" mmax_level="sentences" />
<markable id="markable_1204" span="word_39517..word_39550" mmax_level="sentences" />
<markable id="markable_1205" span="word_39551..word_39556" mmax_level="sentences" />
<markable id="markable_1206" span="word_39557..word_39580" mmax_level="sentences" />
<markable id="markable_1207" span="word_39581..word_39614" mmax_level="sentences" />
<markable id="markable_1208" span="word_39615..word_39625" mmax_level="sentences" />
<markable id="markable_1209" span="word_39626..word_39657" mmax_level="sentences" />
<markable id="markable_1210" span="word_39658..word_39684" mmax_level="sentences" />
<markable id="markable_1211" span="word_39685..word_39719" mmax_level="sentences" />
<markable id="markable_1212" span="word_39720..word_39744" mmax_level="sentences" />
<markable id="markable_1213" span="word_39745..word_39801" mmax_level="sentences" />
<markable id="markable_1214" span="word_39802..word_39829" mmax_level="sentences" />
<markable id="markable_1215" span="word_39830..word_39837" mmax_level="sentences" />
<markable id="markable_1216" span="word_39838..word_39850" mmax_level="sentences" />
<markable id="markable_1217" span="word_39851..word_39858" mmax_level="sentences" />
<markable id="markable_1218" span="word_39859..word_39884" mmax_level="sentences" />
<markable id="markable_1219" span="word_39885..word_39893" mmax_level="sentences" />
<markable id="markable_1220" span="word_39894..word_39987" mmax_level="sentences" />
<markable id="markable_1221" span="word_39988..word_40018" mmax_level="sentences" />
<markable id="markable_1222" span="word_40019..word_40062" mmax_level="sentences" />
<markable id="markable_1223" span="word_40063..word_40072" mmax_level="sentences" />
<markable id="markable_1224" span="word_40073..word_40117" mmax_level="sentences" />
<markable id="markable_1225" span="word_40118..word_40135" mmax_level="sentences" />
<markable id="markable_1226" span="word_40136..word_40189" mmax_level="sentences" />
<markable id="markable_1227" span="word_40190..word_40210" mmax_level="sentences" />
<markable id="markable_1228" span="word_40211..word_40246" mmax_level="sentences" />
<markable id="markable_1229" span="word_40247..word_40249" mmax_level="sentences" />
<markable id="markable_1230" span="word_40250..word_40257" mmax_level="sentences" />
<markable id="markable_1231" span="word_40258..word_40271" mmax_level="sentences" />
<markable id="markable_1232" span="word_40272..word_40277" mmax_level="sentences" />
<markable id="markable_1233" span="word_40278..word_40322" mmax_level="sentences" />
<markable id="markable_1234" span="word_40323..word_40363" mmax_level="sentences" />
<markable id="markable_1235" span="word_40364..word_40377" mmax_level="sentences" />
<markable id="markable_1236" span="word_40378..word_40456" mmax_level="sentences" />
<markable id="markable_1237" span="word_40457..word_40489" mmax_level="sentences" />
<markable id="markable_1238" span="word_40490..word_40503" mmax_level="sentences" />
<markable id="markable_1239" span="word_40504..word_40541" mmax_level="sentences" />
<markable id="markable_1240" span="word_40542..word_40552" mmax_level="sentences" />
<markable id="markable_1241" span="word_40553..word_40606" mmax_level="sentences" />
<markable id="markable_1242" span="word_40607..word_40663" mmax_level="sentences" />
<markable id="markable_1243" span="word_40664..word_40682" mmax_level="sentences" />
<markable id="markable_1244" span="word_40683..word_40698" mmax_level="sentences" />
<markable id="markable_1245" span="word_40699..word_40716" mmax_level="sentences" />
<markable id="markable_1246" span="word_40717..word_40741" mmax_level="sentences" />
<markable id="markable_1247" span="word_40742..word_40749" mmax_level="sentences" />
<markable id="markable_1248" span="word_40750..word_40757" mmax_level="sentences" />
<markable id="markable_1249" span="word_40758..word_40804" mmax_level="sentences" />
<markable id="markable_1250" span="word_40805..word_40832" mmax_level="sentences" />
<markable id="markable_1251" span="word_40833..word_40877" mmax_level="sentences" />
<markable id="markable_1252" span="word_40878..word_40938" mmax_level="sentences" />
<markable id="markable_1253" span="word_40939..word_40948" mmax_level="sentences" />
<markable id="markable_1254" span="word_40949..word_40969" mmax_level="sentences" />
<markable id="markable_1255" span="word_40970..word_40981" mmax_level="sentences" />
<markable id="markable_1256" span="word_40982..word_41013" mmax_level="sentences" />
<markable id="markable_1257" span="word_41014..word_41040" mmax_level="sentences" />
<markable id="markable_1258" span="word_41041..word_41046" mmax_level="sentences" />
<markable id="markable_1259" span="word_41047..word_41089" mmax_level="sentences" />
<markable id="markable_1260" span="word_41090..word_41097" mmax_level="sentences" />
<markable id="markable_1261" span="word_41098..word_41144" mmax_level="sentences" />
<markable id="markable_1262" span="word_41145..word_41179" mmax_level="sentences" />
<markable id="markable_1263" span="word_41180..word_41206" mmax_level="sentences" />
<markable id="markable_1264" span="word_41207..word_41213" mmax_level="sentences" />
<markable id="markable_1265" span="word_41214..word_41265" mmax_level="sentences" />
<markable id="markable_1266" span="word_41266..word_41272" mmax_level="sentences" />
<markable id="markable_1267" span="word_41273..word_41303" mmax_level="sentences" />
<markable id="markable_1268" span="word_41304..word_41313" mmax_level="sentences" />
<markable id="markable_1269" span="word_41314..word_41362" mmax_level="sentences" />
<markable id="markable_1270" span="word_41363..word_41370" mmax_level="sentences" />
<markable id="markable_1271" span="word_41371..word_41392" mmax_level="sentences" />
<markable id="markable_1272" span="word_41393..word_41429" mmax_level="sentences" />
<markable id="markable_1273" span="word_41430..word_41458" mmax_level="sentences" />
<markable id="markable_1274" span="word_41459..word_41470" mmax_level="sentences" />
<markable id="markable_1275" span="word_41471..word_41491" mmax_level="sentences" />
<markable id="markable_1276" span="word_41492..word_41500" mmax_level="sentences" />
<markable id="markable_1277" span="word_41501..word_41510" mmax_level="sentences" />
<markable id="markable_1278" span="word_41511..word_41537" mmax_level="sentences" />
<markable id="markable_1279" span="word_41538..word_41589" mmax_level="sentences" />
<markable id="markable_1280" span="word_41590..word_41614" mmax_level="sentences" />
<markable id="markable_1281" span="word_41615..word_41639" mmax_level="sentences" />
<markable id="markable_1282" span="word_41640..word_41647" mmax_level="sentences" />
<markable id="markable_1283" span="word_41648..word_41683" mmax_level="sentences" />
<markable id="markable_1284" span="word_41684..word_41709" mmax_level="sentences" />
<markable id="markable_1285" span="word_41710..word_41717" mmax_level="sentences" />
<markable id="markable_1286" span="word_41718..word_41786" mmax_level="sentences" />
<markable id="markable_1287" span="word_41787..word_41803" mmax_level="sentences" />
<markable id="markable_1288" span="word_41804..word_41819" mmax_level="sentences" />
<markable id="markable_1289" span="word_41820..word_41878" mmax_level="sentences" />
<markable id="markable_1290" span="word_41879..word_41919" mmax_level="sentences" />
<markable id="markable_1291" span="word_41920..word_41928" mmax_level="sentences" />
<markable id="markable_1292" span="word_41929..word_41945" mmax_level="sentences" />
<markable id="markable_1293" span="word_41946..word_42016" mmax_level="sentences" />
<markable id="markable_1294" span="word_42017..word_42038" mmax_level="sentences" />
<markable id="markable_1295" span="word_42039..word_42061" mmax_level="sentences" />
<markable id="markable_1296" span="word_42062..word_42090" mmax_level="sentences" />
<markable id="markable_1297" span="word_42091..word_42096" mmax_level="sentences" />
<markable id="markable_1298" span="word_42097..word_42145" mmax_level="sentences" />
<markable id="markable_1299" span="word_42146..word_42175" mmax_level="sentences" />
<markable id="markable_1300" span="word_42176..word_42202" mmax_level="sentences" />
<markable id="markable_1301" span="word_42203..word_42215" mmax_level="sentences" />
<markable id="markable_1302" span="word_42216..word_42230" mmax_level="sentences" />
<markable id="markable_1303" span="word_42231..word_42247" mmax_level="sentences" />
<markable id="markable_1304" span="word_42248..word_42295" mmax_level="sentences" />
<markable id="markable_1305" span="word_42296..word_42307" mmax_level="sentences" />
<markable id="markable_1306" span="word_42308..word_42341" mmax_level="sentences" />
<markable id="markable_1307" span="word_42342..word_42348" mmax_level="sentences" />
<markable id="markable_1308" span="word_42349..word_42387" mmax_level="sentences" />
<markable id="markable_1309" span="word_42388..word_42421" mmax_level="sentences" />
<markable id="markable_1310" span="word_42422..word_42468" mmax_level="sentences" />
<markable id="markable_1311" span="word_42469..word_42510" mmax_level="sentences" />
<markable id="markable_1312" span="word_42511..word_42521" mmax_level="sentences" />
<markable id="markable_1313" span="word_42522..word_42592" mmax_level="sentences" />
<markable id="markable_1314" span="word_42593..word_42610" mmax_level="sentences" />
<markable id="markable_1315" span="word_42611..word_42629" mmax_level="sentences" />
<markable id="markable_1316" span="word_42630..word_42674" mmax_level="sentences" />
<markable id="markable_1317" span="word_42675..word_42699" mmax_level="sentences" />
<markable id="markable_1318" span="word_42700..word_42710" mmax_level="sentences" />
<markable id="markable_1319" span="word_42711..word_42715" mmax_level="sentences" />
<markable id="markable_1320" span="word_42716..word_42729" mmax_level="sentences" />
<markable id="markable_1321" span="word_42730..word_42764" mmax_level="sentences" />
<markable id="markable_1322" span="word_42765..word_42791" mmax_level="sentences" />
<markable id="markable_1323" span="word_42792..word_42801" mmax_level="sentences" />
<markable id="markable_1324" span="word_42802..word_42826" mmax_level="sentences" />
<markable id="markable_1325" span="word_42827..word_42834" mmax_level="sentences" />
<markable id="markable_1326" span="word_42835..word_42866" mmax_level="sentences" />
<markable id="markable_1327" span="word_42867..word_42885" mmax_level="sentences" />
<markable id="markable_1328" span="word_42886..word_42939" mmax_level="sentences" />
<markable id="markable_1329" span="word_42940..word_42967" mmax_level="sentences" />
<markable id="markable_1330" span="word_42968..word_42988" mmax_level="sentences" />
<markable id="markable_1331" span="word_42989..word_43020" mmax_level="sentences" />
<markable id="markable_1332" span="word_43021..word_43035" mmax_level="sentences" />
<markable id="markable_1333" span="word_43036..word_43049" mmax_level="sentences" />
<markable id="markable_1334" span="word_43050..word_43060" mmax_level="sentences" />
<markable id="markable_1335" span="word_43061..word_43097" mmax_level="sentences" />
<markable id="markable_1336" span="word_43098..word_43122" mmax_level="sentences" />
<markable id="markable_1337" span="word_43123..word_43155" mmax_level="sentences" />
<markable id="markable_1338" span="word_43156..word_43185" mmax_level="sentences" />
<markable id="markable_1339" span="word_43186..word_43203" mmax_level="sentences" />
<markable id="markable_1340" span="word_43204..word_43249" mmax_level="sentences" />
<markable id="markable_1341" span="word_43250..word_43258" mmax_level="sentences" />
<markable id="markable_1342" span="word_43259..word_43279" mmax_level="sentences" />
<markable id="markable_1343" span="word_43280..word_43308" mmax_level="sentences" />
<markable id="markable_1344" span="word_43309..word_43325" mmax_level="sentences" />
<markable id="markable_1345" span="word_43326..word_43349" mmax_level="sentences" />
<markable id="markable_1346" span="word_43350..word_43357" mmax_level="sentences" />
<markable id="markable_1347" span="word_43358..word_43386" mmax_level="sentences" />
<markable id="markable_1348" span="word_43387..word_43427" mmax_level="sentences" />
<markable id="markable_1349" span="word_43428..word_43487" mmax_level="sentences" />
<markable id="markable_1350" span="word_43488..word_43504" mmax_level="sentences" />
<markable id="markable_1351" span="word_43505..word_43509" mmax_level="sentences" />
<markable id="markable_1352" span="word_43510..word_43546" mmax_level="sentences" />
<markable id="markable_1353" span="word_43547..word_43619" mmax_level="sentences" />
<markable id="markable_1354" span="word_43620..word_43634" mmax_level="sentences" />
<markable id="markable_1355" span="word_43635..word_43645" mmax_level="sentences" />
<markable id="markable_1356" span="word_43646..word_43679" mmax_level="sentences" />
<markable id="markable_1357" span="word_43680..word_43694" mmax_level="sentences" />
<markable id="markable_1358" span="word_43695..word_43724" mmax_level="sentences" />
<markable id="markable_1359" span="word_43725..word_43739" mmax_level="sentences" />
<markable id="markable_1360" span="word_43740..word_43753" mmax_level="sentences" />
<markable id="markable_1361" span="word_43754..word_43772" mmax_level="sentences" />
<markable id="markable_1362" span="word_43773..word_43799" mmax_level="sentences" />
<markable id="markable_1363" span="word_43800..word_43832" mmax_level="sentences" />
<markable id="markable_1364" span="word_43833..word_43860" mmax_level="sentences" />
<markable id="markable_1365" span="word_43861..word_43878" mmax_level="sentences" />
<markable id="markable_1366" span="word_43879..word_43929" mmax_level="sentences" />
<markable id="markable_1367" span="word_43930..word_43961" mmax_level="sentences" />
<markable id="markable_1368" span="word_43962..word_43965" mmax_level="sentences" />
<markable id="markable_1369" span="word_43966..word_43973" mmax_level="sentences" />
<markable id="markable_1370" span="word_43974..word_43989" mmax_level="sentences" />
<markable id="markable_1371" span="word_43990..word_44065" mmax_level="sentences" />
<markable id="markable_1372" span="word_44066..word_44093" mmax_level="sentences" />
<markable id="markable_1373" span="word_44094..word_44108" mmax_level="sentences" />
<markable id="markable_1374" span="word_44109..word_44145" mmax_level="sentences" />
<markable id="markable_1375" span="word_44146..word_44170" mmax_level="sentences" />
<markable id="markable_1376" span="word_44171..word_44178" mmax_level="sentences" />
<markable id="markable_1377" span="word_44179..word_44264" mmax_level="sentences" />
<markable id="markable_1378" span="word_44265..word_44282" mmax_level="sentences" />
<markable id="markable_1379" span="word_44283..word_44309" mmax_level="sentences" />
<markable id="markable_1380" span="word_44310..word_44336" mmax_level="sentences" />
<markable id="markable_1381" span="word_44337..word_44345" mmax_level="sentences" />
<markable id="markable_1382" span="word_44346..word_44422" mmax_level="sentences" />
<markable id="markable_1383" span="word_44423..word_44459" mmax_level="sentences" />
<markable id="markable_1384" span="word_44460..word_44468" mmax_level="sentences" />
<markable id="markable_1385" span="word_44469..word_44478" mmax_level="sentences" />
<markable id="markable_1386" span="word_44479..word_44499" mmax_level="sentences" />
<markable id="markable_1387" span="word_44500..word_44533" mmax_level="sentences" />
<markable id="markable_1388" span="word_44534..word_44585" mmax_level="sentences" />
<markable id="markable_1389" span="word_44586..word_44601" mmax_level="sentences" />
<markable id="markable_1390" span="word_44602..word_44621" mmax_level="sentences" />
<markable id="markable_1391" span="word_44622..word_44663" mmax_level="sentences" />
<markable id="markable_1392" span="word_44664..word_44690" mmax_level="sentences" />
<markable id="markable_1393" span="word_44691..word_44703" mmax_level="sentences" />
<markable id="markable_1394" span="word_44704..word_44730" mmax_level="sentences" />
<markable id="markable_1395" span="word_44731..word_44751" mmax_level="sentences" />
<markable id="markable_1396" span="word_44752..word_44790" mmax_level="sentences" />
<markable id="markable_1397" span="word_44791..word_44827" mmax_level="sentences" />
<markable id="markable_1398" span="word_44828..word_44840" mmax_level="sentences" />
<markable id="markable_1399" span="word_44841..word_44898" mmax_level="sentences" />
<markable id="markable_1400" span="word_44899..word_44924" mmax_level="sentences" />
<markable id="markable_1401" span="word_44925..word_44947" mmax_level="sentences" />
<markable id="markable_1402" span="word_44948..word_44974" mmax_level="sentences" />
<markable id="markable_1403" span="word_44975..word_45004" mmax_level="sentences" />
<markable id="markable_1404" span="word_45005..word_45012" mmax_level="sentences" />
<markable id="markable_1405" span="word_45013..word_45033" mmax_level="sentences" />
<markable id="markable_1406" span="word_45034..word_45072" mmax_level="sentences" />
<markable id="markable_1407" span="word_45073..word_45087" mmax_level="sentences" />
<markable id="markable_1408" span="word_45088..word_45131" mmax_level="sentences" />
<markable id="markable_1409" span="word_45132..word_45175" mmax_level="sentences" />
<markable id="markable_1410" span="word_45176..word_45191" mmax_level="sentences" />
<markable id="markable_1411" span="word_45192..word_45203" mmax_level="sentences" />
<markable id="markable_1412" span="word_45204..word_45207" mmax_level="sentences" />
<markable id="markable_1413" span="word_45208..word_45230" mmax_level="sentences" />
<markable id="markable_1414" span="word_45231..word_45248" mmax_level="sentences" />
<markable id="markable_1415" span="word_45249..word_45261" mmax_level="sentences" />
<markable id="markable_1416" span="word_45262..word_45270" mmax_level="sentences" />
<markable id="markable_1417" span="word_45271..word_45274" mmax_level="sentences" />
<markable id="markable_1418" span="word_45275..word_45318" mmax_level="sentences" />
<markable id="markable_1419" span="word_45319..word_45329" mmax_level="sentences" />
<markable id="markable_1420" span="word_45330..word_45346" mmax_level="sentences" />
<markable id="markable_1421" span="word_45347..word_45383" mmax_level="sentences" />
<markable id="markable_1422" span="word_45384..word_45387" mmax_level="sentences" />
<markable id="markable_1423" span="word_45388..word_45436" mmax_level="sentences" />
<markable id="markable_1424" span="word_45437..word_45481" mmax_level="sentences" />
<markable id="markable_1425" span="word_45482..word_45511" mmax_level="sentences" />
<markable id="markable_1426" span="word_45512..word_45528" mmax_level="sentences" />
<markable id="markable_1427" span="word_45529..word_45597" mmax_level="sentences" />
<markable id="markable_1428" span="word_45598..word_45622" mmax_level="sentences" />
<markable id="markable_1429" span="word_45623..word_45654" mmax_level="sentences" />
<markable id="markable_1430" span="word_45655..word_45680" mmax_level="sentences" />
<markable id="markable_1431" span="word_45681..word_45711" mmax_level="sentences" />
<markable id="markable_1432" span="word_45712..word_45721" mmax_level="sentences" />
<markable id="markable_1433" span="word_45722..word_45763" mmax_level="sentences" />
<markable id="markable_1434" span="word_45764..word_45768" mmax_level="sentences" />
<markable id="markable_1435" span="word_45769..word_45778" mmax_level="sentences" />
<markable id="markable_1436" span="word_45779..word_45812" mmax_level="sentences" />
<markable id="markable_1437" span="word_45813..word_45844" mmax_level="sentences" />
<markable id="markable_1438" span="word_45845..word_45854" mmax_level="sentences" />
<markable id="markable_1439" span="word_45855..word_45886" mmax_level="sentences" />
<markable id="markable_1440" span="word_45887..word_45895" mmax_level="sentences" />
<markable id="markable_1441" span="word_45896..word_45946" mmax_level="sentences" />
<markable id="markable_1442" span="word_45947..word_45978" mmax_level="sentences" />
<markable id="markable_1443" span="word_45979..word_46024" mmax_level="sentences" />
<markable id="markable_1444" span="word_46025..word_46055" mmax_level="sentences" />
<markable id="markable_1445" span="word_46056..word_46096" mmax_level="sentences" />
<markable id="markable_1446" span="word_46097..word_46135" mmax_level="sentences" />
<markable id="markable_1447" span="word_46136..word_46140" mmax_level="sentences" />
<markable id="markable_1448" span="word_46141..word_46155" mmax_level="sentences" />
<markable id="markable_1449" span="word_46156..word_46192" mmax_level="sentences" />
<markable id="markable_1450" span="word_46193..word_46208" mmax_level="sentences" />
<markable id="markable_1451" span="word_46209..word_46251" mmax_level="sentences" />
<markable id="markable_1452" span="word_46252..word_46309" mmax_level="sentences" />
<markable id="markable_1453" span="word_46310..word_46331" mmax_level="sentences" />
<markable id="markable_1454" span="word_46332..word_46380" mmax_level="sentences" />
<markable id="markable_1455" span="word_46381..word_46405" mmax_level="sentences" />
<markable id="markable_1456" span="word_46406..word_46437" mmax_level="sentences" />
<markable id="markable_1457" span="word_46438..word_46468" mmax_level="sentences" />
<markable id="markable_1458" span="word_46469..word_46474" mmax_level="sentences" />
<markable id="markable_1459" span="word_46475..word_46492" mmax_level="sentences" />
<markable id="markable_1460" span="word_46493..word_46517" mmax_level="sentences" />
<markable id="markable_1461" span="word_46518..word_46605" mmax_level="sentences" />
<markable id="markable_1462" span="word_46606..word_46637" mmax_level="sentences" />
<markable id="markable_1463" span="word_46638..word_46676" mmax_level="sentences" />
<markable id="markable_1464" span="word_46677..word_46697" mmax_level="sentences" />
<markable id="markable_1465" span="word_46698..word_46733" mmax_level="sentences" />
<markable id="markable_1466" span="word_46734..word_46783" mmax_level="sentences" />
<markable id="markable_1467" span="word_46784..word_46853" mmax_level="sentences" />
<markable id="markable_1468" span="word_46854..word_46865" mmax_level="sentences" />
<markable id="markable_1469" span="word_46866..word_46905" mmax_level="sentences" />
<markable id="markable_1470" span="word_46906..word_46933" mmax_level="sentences" />
<markable id="markable_1471" span="word_46934..word_46940" mmax_level="sentences" />
<markable id="markable_1472" span="word_46941..word_46963" mmax_level="sentences" />
<markable id="markable_1473" span="word_46964..word_47007" mmax_level="sentences" />
<markable id="markable_1474" span="word_47008..word_47037" mmax_level="sentences" />
<markable id="markable_1475" span="word_47038..word_47072" mmax_level="sentences" />
<markable id="markable_1476" span="word_47073..word_47115" mmax_level="sentences" />
<markable id="markable_1477" span="word_47116..word_47175" mmax_level="sentences" />
<markable id="markable_1478" span="word_47176..word_47193" mmax_level="sentences" />
<markable id="markable_1479" span="word_47194..word_47242" mmax_level="sentences" />
<markable id="markable_1480" span="word_47243..word_47293" mmax_level="sentences" />
<markable id="markable_1481" span="word_47294..word_47301" mmax_level="sentences" />
<markable id="markable_1482" span="word_47302..word_47339" mmax_level="sentences" />
<markable id="markable_1483" span="word_47340..word_47377" mmax_level="sentences" />
<markable id="markable_1484" span="word_47378..word_47425" mmax_level="sentences" />
<markable id="markable_1485" span="word_47426..word_47444" mmax_level="sentences" />
<markable id="markable_1486" span="word_47445..word_47479" mmax_level="sentences" />
<markable id="markable_1487" span="word_47480..word_47509" mmax_level="sentences" />
<markable id="markable_1488" span="word_47510..word_47576" mmax_level="sentences" />
<markable id="markable_1489" span="word_47577..word_47622" mmax_level="sentences" />
<markable id="markable_1490" span="word_47623..word_47661" mmax_level="sentences" />
<markable id="markable_1491" span="word_47662..word_47682" mmax_level="sentences" />
<markable id="markable_1492" span="word_47683..word_47743" mmax_level="sentences" />
<markable id="markable_1493" span="word_47744..word_47766" mmax_level="sentences" />
<markable id="markable_1494" span="word_47767..word_47797" mmax_level="sentences" />
<markable id="markable_1495" span="word_47798..word_47811" mmax_level="sentences" />
<markable id="markable_1496" span="word_47812..word_47848" mmax_level="sentences" />
<markable id="markable_1497" span="word_47849..word_47883" mmax_level="sentences" />
<markable id="markable_1498" span="word_47884..word_47902" mmax_level="sentences" />
<markable id="markable_1499" span="word_47903..word_47933" mmax_level="sentences" />
<markable id="markable_1500" span="word_47934..word_47943" mmax_level="sentences" />
<markable id="markable_1501" span="word_47944..word_47994" mmax_level="sentences" />
<markable id="markable_1502" span="word_47995..word_48019" mmax_level="sentences" />
<markable id="markable_1503" span="word_48020..word_48060" mmax_level="sentences" />
</markables>
