<?xml version="1.0" encoding="US-ASCII"?>
<!DOCTYPE words SYSTEM "words.dtd">
<words>
<word id="word_0">good</word>
<word id="word_1">afternoon</word>
<word id="word_2">Virgin</word>
<word id="word_3">train</word>
<word id="word_4">line</word>
<word id="word_5">Sandra</word>
<word id="word_6">speaking</word>
<word id="word_7">for</word>
<word id="word_8">which</word>
<word id="word_9">journey</word>
<word id="word_10">do</word>
<word id="word_11">you</word>
<word id="word_12">wish</word>
<word id="word_13">to</word>
<word id="word_14">purchase</word>
<word id="word_15">a</word>
<word id="word_16">ticket</word>
<word id="word_17">er</word>
<word id="word_18">Euston</word>
<word id="word_19">to</word>
<word id="word_20">Manchester</word>
<word id="word_21">please</word>
<word id="word_22">{#}</word>
<word id="word_23">now</word>
<word id="word_24">do</word>
<word id="word_25">you</word>
<word id="word_26">hold</word>
<word id="word_27">a</word>
<word id="word_28">current</word>
<word id="word_29">debit</word>
<word id="word_30">or</word>
<word id="word_31">credit</word>
<word id="word_32">card</word>
<word id="word_33">aha</word>
<word id="word_34">do</word>
<word id="word_35">you</word>
<word id="word_36">have</word>
<word id="word_37">a</word>
<word id="word_38">railcard</word>
<word id="word_39">at</word>
<word id="word_40">all</word>
<word id="word_41">no</word>
<word id="word_42">and</word>
<word id="word_43">how</word>
<word id="word_44">many</word>
<word id="word_45">people's</word>
<word id="word_46">travelling</word>
<word id="word_47">just</word>
<word id="word_48">one</word>
<word id="word_49">please</word>
<word id="word_50">and</word>
<word id="word_51">what</word>
<word id="word_52">date</word>
<word id="word_53">is</word>
<word id="word_54">it</word>
<word id="word_55">you're</word>
<word id="word_56">travelling</word>
<word id="word_57">the</word>
<word id="word_58">Saturday</word>
<word id="word_59">which</word>
<word id="word_60">is</word>
<word id="word_61">the</word>
<word id="word_62">third</word>
<word id="word_63">i</word>
<word id="word_64">think</word>
<word id="word_65">third</word>
<word id="word_66">of</word>
<word id="word_67">Oc...</word>
<word id="word_68">[</word>
<word id="word_69">October</word>
<word id="word_70">October</word>
<word id="word_71">]</word>
<word id="word_72">departing</word>
<word id="word_73">at</word>
<word id="word_74">what</word>
<word id="word_75">time</word>
<word id="word_76">from</word>
<word id="word_77">London</word>
<word id="word_78">Euston</word>
<word id="word_79">i'm</word>
<word id="word_80">not</word>
<word id="word_81">sure</word>
<word id="word_82">what</word>
<word id="word_83">time</word>
<word id="word_84">the</word>
<word id="word_85">trains</word>
<word id="word_86">are</word>
<word id="word_87">do</word>
<word id="word_88">you</word>
<word id="word_89">know</word>
<word id="word_90">well</word>
<word id="word_91">the</word>
<word id="word_92">trains</word>
<word id="word_93">run</word>
<word id="word_94">at</word>
<word id="word_95">10</word>
<word id="word_96">to</word>
<word id="word_97">the</word>
<word id="word_98">hour</word>
<word id="word_99">every</word>
<word id="word_100">hour</word>
<word id="word_101">every</word>
<word id="word_102">hour</word>
<word id="word_103">{#}</word>
<word id="word_104">and</word>
<word id="word_105">that'll</word>
<word id="word_106">be</word>
<word id="word_107">the</word>
<word id="word_108">14</word>
<word id="word_109">50</word>
<word id="word_110">i</word>
<word id="word_111">think</word>
<word id="word_112">then</word>
<word id="word_113">arriving</word>
<word id="word_114">at</word>
<word id="word_115">17</word>
<word id="word_116">30</word>
<word id="word_117">that's</word>
<word id="word_118">right</word>
<word id="word_119">yeah</word>
<word id="word_120">when</word>
<word id="word_121">are</word>
<word id="word_122">you</word>
<word id="word_123">returning</word>
<word id="word_124">er</word>
<word id="word_125">Monday</word>
<word id="word_126">departing</word>
<word id="word_127">at</word>
<word id="word_128">what</word>
<word id="word_129">time</word>
<word id="word_130">em</word>
<word id="word_131">{unclear_2_syllables}</word>
<word id="word_132">that</word>
<word id="word_133">time</word>
<word id="word_134">on</word>
<word id="word_135">the</word>
<word id="word_136">half</word>
<word id="word_137">hour</word>
<word id="word_138">and</word>
<word id="word_139">that's</word>
<word id="word_140">Monday</word>
<word id="word_141">the</word>
<word id="word_142">fifth</word>
<word id="word_143">yeah</word>
<word id="word_144">that's</word>
<word id="word_145">right</word>
<word id="word_146">yeah</word>
<word id="word_147">em</word>
<word id="word_148">let's</word>
<word id="word_149">say</word>
<word id="word_150">{#}</word>
<word id="word_151">half</word>
<word id="word_152">3</word>
<word id="word_153">in</word>
<word id="word_154">the</word>
<word id="word_155">afternoon</word>
<word id="word_156">{#8s}</word>
<word id="word_157">now</word>
<word id="word_158">there's</word>
<word id="word_159">a</word>
<word id="word_160">train</word>
<word id="word_161">at</word>
<word id="word_162">14</word>
<word id="word_163">30</word>
<word id="word_164">from</word>
<word id="word_165">Manchester</word>
<word id="word_166">Picadilly</word>
<word id="word_167">{#}</word>
<word id="word_168">you</word>
<word id="word_169">arrive</word>
<word id="word_170">in</word>
<word id="word_171">London</word>
<word id="word_172">Euston</word>
<word id="word_173">for</word>
<word id="word_174">17</word>
<word id="word_175">hundred</word>
<word id="word_176">ok</word>
<word id="word_177">that's</word>
<word id="word_178">great</word>
<word id="word_179">now</word>
<word id="word_180">i'm</word>
<word id="word_181">just</word>
<word id="word_182">going</word>
<word id="word_183">to</word>
<word id="word_184">check</word>
<word id="word_185">with</word>
<word id="word_186">you</word>
<word id="word_187">what's</word>
<word id="word_188">your</word>
<word id="word_189">cheapest</word>
<word id="word_190">fare</word>
<word id="word_191">available</word>
<word id="word_192">to</word>
<word id="word_193">you</word>
<word id="word_194">sure</word>
<word id="word_195">{#9s}</word>
<word id="word_196">i</word>
<word id="word_197">was</word>
<word id="word_198">quoted</word>
<word id="word_199">19</word>
<word id="word_200">pounds</word>
<word id="word_201">the</word>
<word id="word_202">19</word>
<word id="word_203">pounds</word>
<word id="word_204">is</word>
<word id="word_205">not</word>
<word id="word_206">available</word>
<word id="word_207">at</word>
<word id="word_208">the</word>
<word id="word_209">dates</word>
<word id="word_210">and</word>
<word id="word_211">times</word>
<word id="word_212">specified</word>
<word id="word_213">right</word>
<word id="word_214">you'd</word>
<word id="word_215">need</word>
<word id="word_216">to</word>
<word id="word_217">travel</word>
<word id="word_218">out</word>
<word id="word_219">an</word>
<word id="word_220">hour</word>
<word id="word_221">later</word>
<word id="word_222">on</word>
<word id="word_223">Saturday</word>
<word id="word_224">and</word>
<word id="word_225">come</word>
<word id="word_226">back</word>
<word id="word_227">on</word>
<word id="word_228">the</word>
<word id="word_229">19</word>
<word id="word_230">59</word>
<word id="word_231">train</word>
<word id="word_232">in</word>
<word id="word_233">the</word>
<word id="word_234">evening</word>
<word id="word_235">on</word>
<word id="word_236">Monday</word>
<word id="word_237">right</word>
<word id="word_238">em</word>
<word id="word_239">if</word>
<word id="word_240">it</word>
<word id="word_241">has</word>
<word id="word_242">to</word>
<word id="word_243">be</word>
<word id="word_244">the</word>
<word id="word_245">dates</word>
<word id="word_246">and</word>
<word id="word_247">times</word>
<word id="word_248">that</word>
<word id="word_249">you</word>
<word id="word_250">specified</word>
<word id="word_251">to</word>
<word id="word_252">me</word>
<word id="word_253">(ok)</word>
<word id="word_254">that's</word>
<word id="word_255">a</word>
<word id="word_256">super</word>
<word id="word_257">advance</word>
<word id="word_258">return</word>
<word id="word_259">at</word>
<word id="word_260">30</word>
<word id="word_261">pounds</word>
<word id="word_262">30</word>
<word id="word_263">em</word>
<word id="word_264">{#}</word>
<word id="word_265">let</word>
<word id="word_266">me</word>
<word id="word_267">think</word>
<word id="word_268">{#}</word>
<word id="word_269">do</word>
<word id="word_270">you</word>
<word id="word_271">mind</word>
<word id="word_272">if</word>
<word id="word_273">i</word>
<word id="word_274">cancel</word>
<word id="word_275">you</word>
<word id="word_276">don't</word>
<word id="word_277">want</word>
<word id="word_278">to</word>
<word id="word_279">book</word>
<word id="word_280">at</word>
<word id="word_281">all</word>
<word id="word_282">no</word>
<word id="word_283">thank</word>
<word id="word_284">you</word>
<word id="word_285">ok</word>
<word id="word_286">then</word>
<word id="word_287">sir</word>
<word id="word_288">[</word>
<word id="word_289">bye</word>
<word id="word_290">bye</word>
<word id="word_291">]</word>
<word id="word_292">{end}</word>
</words>
