<?xml version="1.0"?>
<!DOCTYPE words SYSTEM "words.dtd">
<words>
<word id="word_0">good</word>
<word id="word_1">afternoon</word>
<word id="word_2">Virgin</word>
<word id="word_3">trainlines</word>
<word id="word_4">Sandra</word>
<word id="word_5">speaking</word>
<word id="word_6">for</word>
<word id="word_7">which</word>
<word id="word_8">journey</word>
<word id="word_9">do</word>
<word id="word_10">you</word>
<word id="word_11">wish</word>
<word id="word_12">to</word>
<word id="word_13">purchase</word>
<word id="word_14">a</word>
<word id="word_15">ticket</word>
<word id="word_16">hi</word>
<word id="word_17">good</word>
<word id="word_18">afternoon</word>
<word id="word_19">Sandra</word>
<word id="word_20">i</word>
<word id="word_21">want</word>
<word id="word_22">to</word>
<word id="word_23">know</word>
<word id="word_24">if</word>
<word id="word_25">there's</word>
<word id="word_26">any</word>
<word id="word_27">cheap</word>
<word id="word_28">tickets</word>
<word id="word_29">still</word>
<word id="word_30">available</word>
<word id="word_31">from</word>
<word id="word_32">Euston</word>
<word id="word_33">to</word>
<word id="word_34">Manchester</word>
<word id="word_35">{#2s}</word>
<word id="word_36">[</word>
<word id="word_37">er</word>
<word id="word_38">now</word>
<word id="word_39">]</word>
<word id="word_40">do</word>
<word id="word_41">you</word>
<word id="word_42">want</word>
<word id="word_43">to</word>
<word id="word_44">book</word>
<word id="word_45">a</word>
<word id="word_46">ticket</word>
<word id="word_47">or</word>
<word id="word_48">are</word>
<word id="word_49">you</word>
<word id="word_50">just</word>
<word id="word_51">enquiring</word>
<word id="word_52">[</word>
<word id="word_53">at</word>
<word id="word_54">the</word>
<word id="word_55">moment</word>
<word id="word_56">erm</word>
<word id="word_57">]</word>
<word id="word_58">i</word>
<word id="word_59">i'm</word>
<word id="word_60">i</word>
<word id="word_61">do</word>
<word id="word_62">want</word>
<word id="word_63">to</word>
<word id="word_64">book</word>
<word id="word_65">but</word>
<word id="word_66">i</word>
<word id="word_67">need</word>
<word id="word_68">to</word>
<word id="word_69">know</word>
<word id="word_70">i...</word>
<word id="word_71">if</word>
<word id="word_72">the</word>
<word id="word_73">cheap</word>
<word id="word_74">ones</word>
<word id="word_75">are</word>
<word id="word_76">still</word>
<word id="word_77">ones</word>
<word id="word_78">are</word>
<word id="word_79">still</word>
<word id="word_80">available</word>
<word id="word_81">for</word>
<word id="word_82">Saturday</word>
<word id="word_83">now</word>
<word id="word_84">do</word>
<word id="word_85">you</word>
<word id="word_86">still...</word>
<word id="word_87">do</word>
<word id="word_88">you</word>
<word id="word_89">hold</word>
<word id="word_90">a</word>
<word id="word_91">credit</word>
<word id="word_92">a</word>
<word id="word_93">debit</word>
<word id="word_94">card</word>
<word id="word_95">it's</word>
<word id="word_96">a</word>
<word id="word_97">debit</word>
<word id="word_98">card</word>
<word id="word_99">and</word>
<word id="word_100">is</word>
<word id="word_101">it</word>
<word id="word_102">Saturday</word>
<word id="word_103">the</word>
<word id="word_104">third</word>
<word id="word_105">er</word>
<word id="word_106">yeah</word>
<word id="word_107">now</word>
<word id="word_108">is</word>
<word id="word_109">it</word>
<word id="word_110">just</word>
<word id="word_111">for</word>
<word id="word_112">2</word>
<word id="word_113">it's</word>
<word id="word_114">for</word>
<word id="word_115">2</word>
<word id="word_116">yeah</word>
<word id="word_117">what</word>
<word id="word_118">time</word>
<word id="word_119">do</word>
<word id="word_120">you</word>
<word id="word_121">like</word>
<word id="word_122">to</word>
<word id="word_123">depart</word>
<word id="word_124">from</word>
<word id="word_125">Euston</word>
<word id="word_126">erm</word>
<word id="word_127">sort</word>
<word id="word_128">of</word>
<word id="word_129">like</word>
<word id="word_130">afternoonish</word>
<word id="word_131">early</word>
<word id="word_132">afternoon</word>
<word id="word_133">{#}</word>
<word id="word_134">about</word>
<word id="word_135">lunch</word>
<word id="word_136">time</word>
<word id="word_137">{#2s}</word>
<word id="word_138">now</word>
<word id="word_139">for</word>
<word id="word_140">the</word>
<word id="word_141">19</word>
<word id="word_142">pounds</word>
<word id="word_143">Virgin</word>
<word id="word_144">value</word>
<word id="word_145">fare</word>
<word id="word_146">the</word>
<word id="word_147">first</word>
<word id="word_148">train</word>
<word id="word_149">that</word>
<word id="word_150">is</word>
<word id="word_151">available</word>
<word id="word_152">is</word>
<word id="word_153">the</word>
<word id="word_154">15</word>
<word id="word_155">50</word>
<word id="word_156">in</word>
<word id="word_157">the</word>
<word id="word_158">afternoon</word>
<word id="word_159">{#}</word>
<word id="word_160">arriving</word>
<word id="word_161">at</word>
<word id="word_162">18</word>
<word id="word_163">33</word>
<word id="word_164">{#2s}</word>
<word id="word_165">15</word>
<word id="word_166">15</word>
<word id="word_167">no</word>
<word id="word_168">15</word>
<word id="word_169">50</word>
<word id="word_170">15</word>
<word id="word_171">50</word>
<word id="word_172">and</word>
<word id="word_173">that</word>
<word id="word_174">gets</word>
<word id="word_175">in</word>
<word id="word_176">at</word>
<word id="word_177">18</word>
<word id="word_178">33</word>
<word id="word_179">yeah</word>
<word id="word_180">right</word>
<word id="word_181">and</word>
<word id="word_182">that's</word>
<word id="word_183">for</word>
<word id="word_184">19</word>
<word id="word_185">{#}</word>
<word id="word_186">pounds</word>
<word id="word_187">yeah</word>
<word id="word_188">now</word>
<word id="word_189">do</word>
<word id="word_190">you</word>
<word id="word_191">hold</word>
<word id="word_192">a</word>
<word id="word_193">current</word>
<word id="word_194">rail</word>
<word id="word_195">card</word>
<word id="word_196">erm</word>
<word id="word_197">no</word>
<word id="word_198">i'm</word>
<word id="word_199">not</word>
<word id="word_200">old</word>
<word id="word_201">i'm</word>
<word id="word_202">not</word>
<word id="word_203">young</word>
<word id="word_204">enough</word>
<word id="word_205">i'm</word>
<word id="word_206">too</word>
<word id="word_207">old</word>
<word id="word_208">now</word>
<word id="word_209">oh</word>
<word id="word_210">right</word>
<word id="word_211">erm</word>
<word id="word_212">right</word>
<word id="word_213">yeah</word>
<word id="word_214">can</word>
<word id="word_215">i</word>
<word id="word_216">call</word>
<word id="word_217">back</word>
<word id="word_218">in</word>
<word id="word_219">2</word>
<word id="word_220">minutes</word>
<word id="word_221">and</word>
<word id="word_222">book</word>
<word id="word_223">that</word>
<word id="word_224">sure</word>
<word id="word_225">now</word>
<word id="word_226">that</word>
<word id="word_227">is</word>
<word id="word_228">subject</word>
<word id="word_229">to</word>
<word id="word_230">availability</word>
<word id="word_231">(right)</word>
<word id="word_232">and</word>
<word id="word_233">you</word>
<word id="word_234">must</word>
<word id="word_235">book</word>
<word id="word_236">that</word>
<word id="word_237">by</word>
<word id="word_238">6</word>
<word id="word_239">o</word>
<word id="word_240">clock</word>
<word id="word_241">the</word>
<word id="word_242">day</word>
<word id="word_243">before</word>
<word id="word_244">travel</word>
<word id="word_245">the</word>
<word id="word_246">day</word>
<word id="word_247">before</word>
<word id="word_248">yeah</word>
<word id="word_249">right</word>
<word id="word_250">fine</word>
<word id="word_251">i'll</word>
<word id="word_252">call</word>
<word id="word_253">back</word>
<word id="word_254">in</word>
<word id="word_255">2</word>
<word id="word_256">minutes</word>
<word id="word_257">ok</word>
<word id="word_258">then</word>
<word id="word_259">sir</word>
<word id="word_260">thanks</word>
<word id="word_261">very</word>
<word id="word_262">much</word>
<word id="word_263">[</word>
<word id="word_264">bye</word>
<word id="word_265">bye</word>
<word id="word_266">bye</word>
<word id="word_267">]</word>
<word id="word_268">{ends}</word>
</words>
