<?xml version="1.0" encoding="UTF-8"?>
<!DOCTYPE words SYSTEM "words.dtd">
<words>
   <word id="word_1">Lisboa</word>
   <word id="word_2">,</word>
   <word id="word_3">15</word>
   <word id="word_4">de</word>
   <word id="word_5">Maio</word>
   <word id="word_6">de</word>
   <word id="word_7">1995</word>
   <word id="word_8">Assunto</word>
   <word id="word_9">:</word>
   <word id="word_10">Privatização</word>
   <word id="word_11">de_</word>
   <word id="word_12">a</word>
   <word id="word_13">Portugal</word>
   <word id="word_14">Telecom</word>
   <word id="word_15">,</word>
   <word id="word_16">S.A</word>
   <word id="word_17">.</word>
   <word id="word_18">Exmo.</word>
   <word id="word_19">Senhor</word>
   <word id="word_20">,</word>
   <word id="word_21">O</word>
   <word id="word_22">Banco</word>
   <word id="word_23">Comercial</word>
   <word id="word_24">Português</word>
   <word id="word_25">em_</word>
   <word id="word_26">a</word>
   <word id="word_27">sua</word>
   <word id="word_28">qualidade</word>
   <word id="word_29">de</word>
   <word id="word_30">co-líder</word>
   <word id="word_31">de_</word>
   <word id="word_32">o</word>
   <word id="word_33">conjunto</word>
   <word id="word_34">de</word>
   <word id="word_35">instituições</word>
   <word id="word_36">financeiras</word>
   <word id="word_37">que</word>
   <word id="word_38">tomaram</word>
   <word id="word_39">a</word>
   <word id="word_40">seu</word>
   <word id="word_41">cargo</word>
   <word id="word_42">a</word>
   <word id="word_43">colocação</word>
   <word id="word_44">de_</word>
   <word id="word_45">a</word>
   <word id="word_46">operação</word>
   <word id="word_47">de</word>
   <word id="word_48">privatização</word>
   <word id="word_49">de_</word>
   <word id="word_50">a</word>
   <word id="word_51">Portugal</word>
   <word id="word_52">Telecom</word>
   <word id="word_53">,</word>
   <word id="word_54">S.A</word>
   <word id="word_55">.</word>
   <word id="word_56">,</word>
   <word id="word_57">que</word>
   <word id="word_58">vai</word>
   <word id="word_59">agora</word>
   <word id="word_60">decorrer</word>
   <word id="word_61">,</word>
   <word id="word_62">não</word>
   <word id="word_63">poderia</word>
   <word id="word_64">deixar</word>
   <word id="word_65">de</word>
   <word id="word_66">o</word>
   <word id="word_67">convidar</word>
   <word id="word_68">a</word>
   <word id="word_69">investir</word>
   <word id="word_70">em_</word>
   <word id="word_71">a</word>
   <word id="word_72">aquisição</word>
   <word id="word_73">de</word>
   <word id="word_74">acções</word>
   <word id="word_75">de_</word>
   <word id="word_76">o</word>
   <word id="word_77">operador</word>
   <word id="word_78">de</word>
   <word id="word_79">serviço</word>
   <word id="word_80">básico</word>
   <word id="word_81">de</word>
   <word id="word_82">telecomunicações</word>
   <word id="word_83">portuguesas</word>
   <word id="word_84">.</word>
   <word id="word_85">A</word>
   <word id="word_86">Portugal</word>
   <word id="word_87">Telecom</word>
   <word id="word_88">é</word>
   <word id="word_89">a</word>
   <word id="word_90">terceira</word>
   <word id="word_91">maior</word>
   <word id="word_92">empresa</word>
   <word id="word_93">nacional</word>
   <word id="word_94">e</word>
   <word id="word_95">uma</word>
   <word id="word_96">de_</word>
   <word id="word_97">as</word>
   <word id="word_98">mais</word>
   <word id="word_99">sólidas</word>
   <word id="word_100">e</word>
   <word id="word_101">rentáveis</word>
   <word id="word_102">empresas</word>
   <word id="word_103">de</word>
   <word id="word_104">serviços</word>
   <word id="word_105">de</word>
   <word id="word_106">Portugal</word>
   <word id="word_107">.</word>
   <word id="word_108">em_</word>
   <word id="word_109">esta</word>
   <word id="word_110">primeira</word>
   <word id="word_111">fase</word>
   <word id="word_112">de_</word>
   <word id="word_113">a</word>
   <word id="word_114">privatização</word>
   <word id="word_115">,</word>
   <word id="word_116">será</word>
   <word id="word_117">alienado</word>
   <word id="word_118">26.3</word>
   <word id="word_119">%</word>
   <word id="word_120">de_</word>
   <word id="word_121">o</word>
   <word id="word_122">capital</word>
   <word id="word_123">,</word>
   <word id="word_124">através</word>
   <word id="word_125">de</word>
   <word id="word_126">uma</word>
   <word id="word_127">Oferta</word>
   <word id="word_128">Pública</word>
   <word id="word_129">de</word>
   <word id="word_130">Venda</word>
   <word id="word_131">a</word>
   <word id="word_132">realizar</word>
   <word id="word_133">em</word>
   <word id="word_134">Portugal</word>
   <word id="word_135">e</word>
   <word id="word_136">em</word>
   <word id="word_137">vários</word>
   <word id="word_138">mercados</word>
   <word id="word_139">internacionais</word>
   <word id="word_140">,</word>
   <word id="word_141">a</word>
   <word id="word_142">um</word>
   <word id="word_143">preço</word>
   <word id="word_144">que</word>
   <word id="word_145">vier</word>
   <word id="word_146">a</word>
   <word id="word_147">ser</word>
   <word id="word_148">estabelecido</word>
   <word id="word_149">por_</word>
   <word id="word_150">o</word>
   <word id="word_151">mercado</word>
   <word id="word_152">,</word>
   <word id="word_153">embora</word>
   <word id="word_154">condicionado</word>
   <word id="word_155">a</word>
   <word id="word_156">valores</word>
   <word id="word_157">máximos</word>
   <word id="word_158">e</word>
   <word id="word_159">minímos</word>
   <word id="word_160">previamente</word>
   <word id="word_161">fixados</word>
   <word id="word_162">.</word>
   <word id="word_163">De</word>
   <word id="word_164">entre</word>
   <word id="word_165">as</word>
   <word id="word_166">condições</word>
   <word id="word_167">de</word>
   <word id="word_168">subscrição</word>
   <word id="word_169">,</word>
   <word id="word_170">que</word>
   <word id="word_171">poderá</word>
   <word id="word_172">consultar</word>
   <word id="word_173">em</word>
   <word id="word_174">qualquer</word>
   <word id="word_175">Sucursal</word>
   <word id="word_176">de_</word>
   <word id="word_177">a</word>
   <word id="word_178">NovaRede</word>
   <word id="word_179">,</word>
   <word id="word_180">gostaríamos</word>
   <word id="word_181">de</word>
   <word id="word_182">destacar</word>
   <word id="word_183">:</word>
   <word id="word_184">-</word>
   <word id="word_185">A</word>
   <word id="word_186">tranche</word>
   <word id="word_187">reservada</word>
   <word id="word_188">a_</word>
   <word id="word_189">os</word>
   <word id="word_190">"</word>
   <word id="word_191">Pequenos</word>
   <word id="word_192">Subscritores</word>
   <word id="word_193">"</word>
   <word id="word_194">onde</word>
   <word id="word_195">poderá</word>
   <word id="word_196">adquirir</word>
   <word id="word_197">até</word>
   <word id="word_198">400</word>
   <word id="word_199">acções</word>
   <word id="word_200">,</word>
   <word id="word_201">a</word>
   <word id="word_202">um</word>
   <word id="word_203">preço</word>
   <word id="word_204">que</word>
   <word id="word_205">poderá</word>
   <word id="word_206">variar</word>
   <word id="word_207">entre</word>
   <word id="word_208">um</word>
   <word id="word_209">máximo</word>
   <word id="word_210">de</word>
   <word id="word_211">2</word>
   <word id="word_212">,</word>
   <word id="word_213">790</word>
   <word id="word_214">$</word>
   <word id="word_215">00e</word>
   <word id="word_216">um</word>
   <word id="word_217">minímo</word>
   <word id="word_218">de</word>
   <word id="word_219">2</word>
   <word id="word_220">,</word>
   <word id="word_221">250</word>
   <word id="word_222">$</word>
   <word id="word_223">00</word>
   <word id="word_224">por</word>
   <word id="word_225">acção</word>
   <word id="word_226">,</word>
   <word id="word_227">valor</word>
   <word id="word_228">que</word>
   <word id="word_229">benifícia</word>
   <word id="word_230">de</word>
   <word id="word_231">um</word>
   <word id="word_232">desconto</word>
   <word id="word_233">de</word>
   <word id="word_234">10</word>
   <word id="word_235">%</word>
   <word id="word_236">sobre</word>
   <word id="word_237">o</word>
   <word id="word_238">preço</word>
   <word id="word_239">fixado</word>
   <word id="word_240">para</word>
   <word id="word_241">os</word>
   <word id="word_242">restantes</word>
   <word id="word_243">investidores</word>
   <word id="word_244">;</word>
   <word id="word_245">-</word>
   <word id="word_246">A</word>
   <word id="word_247">tranche</word>
   <word id="word_248">reservada</word>
   <word id="word_249">a</word>
   <word id="word_250">"</word>
   <word id="word_251">Público</word>
   <word id="word_252">em</word>
   <word id="word_253">Geral</word>
   <word id="word_254">"</word>
   <word id="word_255">onde</word>
   <word id="word_256">poderá</word>
   <word id="word_257">adquirir</word>
   <word id="word_258">até</word>
   <word id="word_259">2</word>
   <word id="word_260">,</word>
   <word id="word_261">000</word>
   <word id="word_262">acções</word>
   <word id="word_263">,</word>
   <word id="word_264">a</word>
   <word id="word_265">um</word>
   <word id="word_266">preço</word>
   <word id="word_267">que</word>
   <word id="word_268">poderá</word>
   <word id="word_269">variar</word>
   <word id="word_270">entre</word>
   <word id="word_271">um</word>
   <word id="word_272">máximo</word>
   <word id="word_273">de</word>
   <word id="word_274">3</word>
   <word id="word_275">,</word>
   <word id="word_276">100</word>
   <word id="word_277">$</word>
   <word id="word_278">00</word>
   <word id="word_279">e</word>
   <word id="word_280">um</word>
   <word id="word_281">minímo</word>
   <word id="word_282">de</word>
   <word id="word_283">2</word>
   <word id="word_284">,</word>
   <word id="word_285">500</word>
   <word id="word_286">$</word>
   <word id="word_287">00</word>
   <word id="word_288">por</word>
   <word id="word_289">acção</word>
   <word id="word_290">.</word>
   <word id="word_291">Tomamos</word>
   <word id="word_292">ainda</word>
   <word id="word_293">a</word>
   <word id="word_294">liberdade</word>
   <word id="word_295">de</word>
   <word id="word_296">chamar</word>
   <word id="word_297">a</word>
   <word id="word_298">sua</word>
   <word id="word_299">atenção</word>
   <word id="word_300">para</word>
   <word id="word_301">os</word>
   <word id="word_302">benefícios</word>
   <word id="word_303">fiscais</word>
   <word id="word_304">que</word>
   <word id="word_305">estão</word>
   <word id="word_306">associados</word>
   <word id="word_307">a_</word>
   <word id="word_308">a</word>
   <word id="word_309">presente</word>
   <word id="word_310">subscrição</word>
   <word id="word_311">,</word>
   <word id="word_312">que</word>
   <word id="word_313">lhe</word>
   <word id="word_314">permitirão</word>
   <word id="word_315">deduzir</word>
   <word id="word_316">a_</word>
   <word id="word_317">o</word>
   <word id="word_318">seu</word>
   <word id="word_319">rendimento</word>
   <word id="word_320">colectável</word>
   <word id="word_321">para</word>
   <word id="word_322">efeitos</word>
   <word id="word_323">de</word>
   <word id="word_324">IRS</word>
   <word id="word_325">,</word>
   <word id="word_326">20</word>
   <word id="word_327">%</word>
   <word id="word_328">de_</word>
   <word id="word_329">o</word>
   <word id="word_330">valor</word>
   <word id="word_331">que</word>
   <word id="word_332">investir</word>
   <word id="word_333">,</word>
   <word id="word_334">com</word>
   <word id="word_335">um</word>
   <word id="word_336">máximo</word>
   <word id="word_337">de</word>
   <word id="word_338">252</word>
   <word id="word_339">contos</word>
   <word id="word_340">por</word>
   <word id="word_341">casal</word>
   <word id="word_342">.</word>
   <word id="word_343">Para</word>
   <word id="word_344">sua</word>
   <word id="word_345">comodidade</word>
   <word id="word_346">,</word>
   <word id="word_347">incluímos</word>
   <word id="word_348">já</word>
   <word id="word_349">um</word>
   <word id="word_350">impresso</word>
   <word id="word_351">que</word>
   <word id="word_352">lhe</word>
   <word id="word_353">permitirá</word>
   <word id="word_354">transmitir</word>
   <word id="word_355">,</word>
   <word id="word_356">a_</word>
   <word id="word_357">o</word>
   <word id="word_358">Banco</word>
   <word id="word_359">,</word>
   <word id="word_360">as</word>
   <word id="word_361">suas</word>
   <word id="word_362">ordens</word>
   <word id="word_363">de</word>
   <word id="word_364">compra</word>
   <word id="word_365">,</word>
   <word id="word_366">em_</word>
   <word id="word_367">a</word>
   <word id="word_368">qualidade</word>
   <word id="word_369">de</word>
   <word id="word_370">"</word>
   <word id="word_371">pequeno</word>
   <word id="word_372">subscritor</word>
   <word id="word_373">"</word>
   <word id="word_374">e</word>
   <word id="word_375">,</word>
   <word id="word_376">se</word>
   <word id="word_377">desejar</word>
   <word id="word_378">também</word>
   <word id="word_379">,</word>
   <word id="word_380">de</word>
   <word id="word_381">"</word>
   <word id="word_382">público</word>
   <word id="word_383">em</word>
   <word id="word_384">geral</word>
   <word id="word_385">"</word>
   <word id="word_386">.</word>
   <word id="word_387">Agradecemos</word>
   <word id="word_388">apenas</word>
   <word id="word_389">que</word>
   <word id="word_390">nos</word>
   <word id="word_391">devolva</word>
   <word id="word_392">este</word>
   <word id="word_393">impresso</word>
   <word id="word_394">,</word>
   <word id="word_395">sem</word>
   <word id="word_396">demora</word>
   <word id="word_397">,</word>
   <word id="word_398">devidamente</word>
   <word id="word_399">preenchido</word>
   <word id="word_400">e</word>
   <word id="word_401">assinado</word>
   <word id="word_402">,</word>
   <word id="word_403">utilizando</word>
   <word id="word_404">o</word>
   <word id="word_405">envelope</word>
   <word id="word_406">RSF</word>
   <word id="word_407">que</word>
   <word id="word_408">remetemos</word>
   <word id="word_409">.</word>
   <word id="word_410">O</word>
   <word id="word_411">período</word>
   <word id="word_412">de</word>
   <word id="word_413">subscrição</word>
   <word id="word_414">irá</word>
   <word id="word_415">decorrer</word>
   <word id="word_416">entre</word>
   <word id="word_417">16</word>
   <word id="word_418">e</word>
   <word id="word_419">26</word>
   <word id="word_420">de_</word>
   <word id="word_421">o</word>
   <word id="word_422">presente</word>
   <word id="word_423">mês</word>
   <word id="word_424">de</word>
   <word id="word_425">Maio</word>
   <word id="word_426">.</word>
   <word id="word_427">Em_</word>
   <word id="word_428">o</word>
   <word id="word_429">entanto</word>
   <word id="word_430">,</word>
   <word id="word_431">e</word>
   <word id="word_432">para</word>
   <word id="word_433">evitar</word>
   <word id="word_434">eventuais</word>
   <word id="word_435">atrasos</word>
   <word id="word_436">em_</word>
   <word id="word_437">a</word>
   <word id="word_438">recepção</word>
   <word id="word_439">,</word>
   <word id="word_440">agradecemos</word>
   <word id="word_441">que</word>
   <word id="word_442">as</word>
   <word id="word_443">suas</word>
   <word id="word_444">instruções</word>
   <word id="word_445">sejam</word>
   <word id="word_446">expedidas</word>
   <word id="word_447">a</word>
   <word id="word_448">tempo</word>
   <word id="word_449">de</word>
   <word id="word_450">dar</word>
   <word id="word_451">entrada</word>
   <word id="word_452">em_</word>
   <word id="word_453">o</word>
   <word id="word_454">Banco</word>
   <word id="word_455">antes</word>
   <word id="word_456">de_</word>
   <word id="word_457">aquele</word>
   <word id="word_458">último</word>
   <word id="word_459">dia</word>
   <word id="word_460">.</word>
   <word id="word_461">Com</word>
   <word id="word_462">o</word>
   <word id="word_463">processamento</word>
   <word id="word_464">de_</word>
   <word id="word_465">as</word>
   <word id="word_466">suas</word>
   <word id="word_467">instruções</word>
   <word id="word_468">será</word>
   <word id="word_469">efectuado</word>
   <word id="word_470">um</word>
   <word id="word_471">cativo</word>
   <word id="word_472">a</word>
   <word id="word_473">débito</word>
   <word id="word_474">,</word>
   <word id="word_475">em_</word>
   <word id="word_476">a</word>
   <word id="word_477">Conta</word>
   <word id="word_478">a_</word>
   <word id="word_479">a</word>
   <word id="word_480">Ordem</word>
   <word id="word_481">que</word>
   <word id="word_482">indicar</word>
   <word id="word_483">,</word>
   <word id="word_484">por_</word>
   <word id="word_485">o</word>
   <word id="word_486">valor</word>
   <word id="word_487">total</word>
   <word id="word_488">necessário</word>
   <word id="word_489">a_</word>
   <word id="word_490">a</word>
   <word id="word_491">subscrição</word>
   <word id="word_492">(</word>
   <word id="word_493">incluindo</word>
   <word id="word_494">taxas</word>
   <word id="word_495">aplicáveis</word>
   <word id="word_496">a_</word>
   <word id="word_497">a</word>
   <word id="word_498">operação</word>
   <word id="word_499">)</word>
   <word id="word_500">.</word>
   <word id="word_501">Relembrando</word>
   <word id="word_502">-lhe</word>
   <word id="word_503">que</word>
   <word id="word_504">para</word>
   <word id="word_505">mais</word>
   <word id="word_506">informações</word>
   <word id="word_507">poderá</word>
   <word id="word_508">contactar</word>
   <word id="word_509">a</word>
   <word id="word_510">sua</word>
   <word id="word_511">Sucursal</word>
   <word id="word_512">NovaRede</word>
   <word id="word_513">,</word>
   <word id="word_514">ou</word>
   <word id="word_515">a</word>
   <word id="word_516">LinhaDirecta</word>
   <word id="word_517">através</word>
   <word id="word_518">de_</word>
   <word id="word_519">os</word>
   <word id="word_520">telefones</word>
   <word id="word_521">&LT;</word>
   <word id="word_522">&GT;</word>
   <word id="word_523">e</word>
   <word id="word_524">&LT;</word>
   <word id="word_525">&GT;</word>
   <word id="word_526">,</word>
   <word id="word_527">aproveito</word>
   <word id="word_528">a</word>
   <word id="word_529">oportunidade</word>
   <word id="word_530">para</word>
   <word id="word_531">apresentar</word>
   <word id="word_532">os</word>
   <word id="word_533">meus</word>
   <word id="word_534">melhores</word>
   <word id="word_535">cumprimentos</word>
   <word id="word_536">Director</word>
   <word id="word_537">de</word>
   <word id="word_538">Marketing</word>
</words>
