<?xml version="1.0" encoding="UTF-8"?>
<!DOCTYPE words SYSTEM "words.dtd">
<words>
   <word id="word_1">RIO</word>
   <word id="word_2">DE</word>
   <word id="word_3">JANEIRO</word>
   <word id="word_4">-</word>
   <word id="word_5">Foram</word>
   <word id="word_6">considerados</word>
   <word id="word_7">muito</word>
   <word id="word_8">bons</word>
   <word id="word_9">os</word>
   <word id="word_10">primeiros</word>
   <word id="word_11">testes</word>
   <word id="word_12">de</word>
   <word id="word_13">avaliação</word>
   <word id="word_14">feitos</word>
   <word id="word_15">por_</word>
   <word id="word_16">a</word>
   <word id="word_17">selecção</word>
   <word id="word_18">brasileira</word>
   <word id="word_19">e</word>
   <word id="word_20">que</word>
   <word id="word_21">segundo</word>
   <word id="word_22">o</word>
   <word id="word_23">preparador</word>
   <word id="word_24">físico</word>
   <word id="word_25">,</word>
   <word id="word_26">Gilberto</word>
   <word id="word_27">Tim</word>
   <word id="word_28">,</word>
   <word id="word_29">já</word>
   <word id="word_30">levam</word>
   <word id="word_31">vantagem</word>
   <word id="word_32">em</word>
   <word id="word_33">relação</word>
   <word id="word_34">a_</word>
   <word id="word_35">os</word>
   <word id="word_36">mesmos</word>
   <word id="word_37">testes</word>
   <word id="word_38">feitos</word>
   <word id="word_39">para</word>
   <word id="word_40">o</word>
   <word id="word_41">«</word>
   <word id="word_42">Mundial</word>
   <word id="word_43">»</word>
   <word id="word_44">de_</word>
   <word id="word_45">a</word>
   <word id="word_46">Espanha</word>
   <word id="word_47">.</word>
   <word id="word_48">Adiantou</word>
   <word id="word_49">o</word>
   <word id="word_50">fisicultor</word>
   <word id="word_51">que</word>
   <word id="word_52">se</word>
   <word id="word_53">for</word>
   <word id="word_54">levado</word>
   <word id="word_55">em</word>
   <word id="word_56">conta</word>
   <word id="word_57">que</word>
   <word id="word_58">muitos</word>
   <word id="word_59">jogadores</word>
   <word id="word_60">,</word>
   <word id="word_61">de_</word>
   <word id="word_62">o</word>
   <word id="word_63">actual</word>
   <word id="word_64">elenco</word>
   <word id="word_65">,</word>
   <word id="word_66">participaram</word>
   <word id="word_67">dos</word>
   <word id="word_68">convocados</word>
   <word id="word_69">para</word>
   <word id="word_70">a</word>
   <word id="word_71">última</word>
   <word id="word_72">Copa</word>
   <word id="word_73">(</word>
   <word id="word_74">e</word>
   <word id="word_75">eram</word>
   <word id="word_76">quatro</word>
   <word id="word_77">anos</word>
   <word id="word_78">mais</word>
   <word id="word_79">novos</word>
   <word id="word_80">)</word>
   <word id="word_81">os</word>
   <word id="word_82">números</word>
   <word id="word_83">obtidos</word>
   <word id="word_84">foram</word>
   <word id="word_85">excelentes</word>
   <word id="word_86">.</word>
   <word id="word_87">Os</word>
   <word id="word_88">jogadores</word>
   <word id="word_89">-</word>
   <word id="word_90">com</word>
   <word id="word_91">excepção</word>
   <word id="word_92">para</word>
   <word id="word_93">os</word>
   <word id="word_94">goleiros</word>
   <word id="word_95">-</word>
   <word id="word_96">foram</word>
   <word id="word_97">submetidos</word>
   <word id="word_98">a</word>
   <word id="word_99">testes</word>
   <word id="word_100">de</word>
   <word id="word_101">impulsão</word>
   <word id="word_102">vertical</word>
   <word id="word_103">,</word>
   <word id="word_104">potência</word>
   <word id="word_105">de</word>
   <word id="word_106">chuto</word>
   <word id="word_107">e</word>
   <word id="word_108">velocidade</word>
   <word id="word_109">em_</word>
   <word id="word_110">um</word>
   <word id="word_111">tempo</word>
   <word id="word_112">de</word>
   <word id="word_113">40</word>
   <word id="word_114">segundos</word>
   <word id="word_115">.</word>
   <word id="word_116">O</word>
   <word id="word_117">desempenho</word>
   <word id="word_118">de</word>
   <word id="word_119">cada</word>
   <word id="word_120">jogador</word>
   <word id="word_121">foi</word>
   <word id="word_122">marcado</word>
   <word id="word_123">em</word>
   <word id="word_124">distância</word>
   <word id="word_125">a</word>
   <word id="word_126">cada</word>
   <word id="word_127">cinco</word>
   <word id="word_128">segundos</word>
   <word id="word_129">,</word>
   <word id="word_130">ao</word>
   <word id="word_131">mesmo</word>
   <word id="word_132">tempo</word>
   <word id="word_133">que</word>
   <word id="word_134">o</word>
   <word id="word_135">preparador</word>
   <word id="word_136">físico</word>
   <word id="word_137">,</word>
   <word id="word_138">Gilberto</word>
   <word id="word_139">Tim</word>
   <word id="word_140">,</word>
   <word id="word_141">explicava</word>
   <word id="word_142">para</word>
   <word id="word_143">os</word>
   <word id="word_144">zagueiros</word>
   <word id="word_145">de</word>
   <word id="word_146">área</word>
   <word id="word_147">e</word>
   <word id="word_148">os</word>
   <word id="word_149">atacantes</word>
   <word id="word_150">que</word>
   <word id="word_151">os</word>
   <word id="word_152">primeiros</word>
   <word id="word_153">dez</word>
   <word id="word_154">segundos</word>
   <word id="word_155">são</word>
   <word id="word_156">os</word>
   <word id="word_157">mais</word>
   <word id="word_158">importantes</word>
   <word id="word_159">e</word>
   <word id="word_160">para</word>
   <word id="word_161">os</word>
   <word id="word_162">homens</word>
   <word id="word_163">de</word>
   <word id="word_164">meio-campo</word>
   <word id="word_165">que</word>
   <word id="word_166">os</word>
   <word id="word_167">últimos</word>
   <word id="word_168">10</word>
   <word id="word_169">segundos</word>
   <word id="word_170">são</word>
   <word id="word_171">fundamentais</word>
   <word id="word_172">.</word>
   <word id="word_173">Isto</word>
   <word id="word_174">levando</word>
   <word id="word_175">em</word>
   <word id="word_176">consideração</word>
   <word id="word_177">que</word>
   <word id="word_178">os</word>
   <word id="word_179">zagueiros</word>
   <word id="word_180">e</word>
   <word id="word_181">os</word>
   <word id="word_182">atacantes</word>
   <word id="word_183">têm</word>
   <word id="word_184">que</word>
   <word id="word_185">chegar</word>
   <word id="word_186">primeiro</word>
   <word id="word_187">à</word>
   <word id="word_188">bola</word>
   <word id="word_189">que</word>
   <word id="word_190">seus</word>
   <word id="word_191">adversários</word>
   <word id="word_192">.</word>
   <word id="word_193">Já</word>
   <word id="word_194">os</word>
   <word id="word_195">médios</word>
   <word id="word_196">defendem</word>
   <word id="word_197">,</word>
   <word id="word_198">marcam</word>
   <word id="word_199">,</word>
   <word id="word_200">para</word>
   <word id="word_201">contra-atacar</word>
   <word id="word_202">rapidamente</word>
   <word id="word_203">.</word>
   <word id="word_204">Um</word>
   <word id="word_205">trabalho</word>
   <word id="word_206">de</word>
   <word id="word_207">muita</word>
   <word id="word_208">paciência</word>
   <word id="word_209">e</word>
   <word id="word_210">dedicação</word>
   <word id="word_211">exigida</word>
   <word id="word_212">ao</word>
   <word id="word_213">jogador</word>
   <word id="word_214">.</word>
   <word id="word_215">Quem</word>
   <word id="word_216">obteve</word>
   <word id="word_217">a</word>
   <word id="word_218">melhor</word>
   <word id="word_219">marca</word>
   <word id="word_220">de</word>
   <word id="word_221">velocidade</word>
   <word id="word_222">foi</word>
   <word id="word_223">o</word>
   <word id="word_224">médio</word>
   <word id="word_225">Alemão</word>
   <word id="word_226">(</word>
   <word id="word_227">que</word>
   <word id="word_228">o</word>
   <word id="word_229">Benfica</word>
   <word id="word_230">anda</word>
   <word id="word_231">pretendendo</word>
   <word id="word_232">)</word>
   <word id="word_233">que</word>
   <word id="word_234">correu</word>
   <word id="word_235">328</word>
   <word id="word_236">metros</word>
   <word id="word_237">em</word>
   <word id="word_238">40</word>
   <word id="word_239">segundos</word>
   <word id="word_240">.</word>
   <word id="word_241">Depois</word>
   <word id="word_242">vieram</word>
   <word id="word_243">:</word>
   <word id="word_244">Mozer</word>
   <word id="word_245">,</word>
   <word id="word_246">324</word>
   <word id="word_247">;</word>
   <word id="word_248">Renato</word>
   <word id="word_249">,</word>
   <word id="word_250">314</word>
   <word id="word_251">;</word>
   <word id="word_252">Dida</word>
   <word id="word_253">,</word>
   <word id="word_254">314</word>
   <word id="word_255">;</word>
   <word id="word_256">Careca</word>
   <word id="word_257">,</word>
   <word id="word_258">313</word>
   <word id="word_259">;</word>
   <word id="word_260">Silas</word>
   <word id="word_261">e</word>
   <word id="word_262">Júlio</word>
   <word id="word_263">Cesar</word>
   <word id="word_264">,</word>
   <word id="word_265">com</word>
   <word id="word_266">308</word>
   <word id="word_267">;</word>
   <word id="word_268">Eder</word>
   <word id="word_269">,</word>
   <word id="word_270">301</word>
   <word id="word_271">;</word>
   <word id="word_272">Marinho</word>
   <word id="word_273">,</word>
   <word id="word_274">296</word>
   <word id="word_275">;</word>
   <word id="word_276">Sócrates</word>
   <word id="word_277">,</word>
   <word id="word_278">295</word>
   <word id="word_279">;</word>
   <word id="word_280">Mauro</word>
   <word id="word_281">Galvão</word>
   <word id="word_282">,</word>
   <word id="word_283">294</word>
   <word id="word_284">;</word>
   <word id="word_285">Branco</word>
   <word id="word_286">,</word>
   <word id="word_287">290</word>
   <word id="word_288">e</word>
   <word id="word_289">Zico</word>
   <word id="word_290">287</word>
   <word id="word_291">.</word>
   <word id="word_292">O</word>
   <word id="word_293">último</word>
   <word id="word_294">lugar</word>
   <word id="word_295">,</word>
   <word id="word_296">obtido</word>
   <word id="word_297">por</word>
   <word id="word_298">Zico</word>
   <word id="word_299">,</word>
   <word id="word_300">logo</word>
   <word id="word_301">gerou</word>
   <word id="word_302">especulações</word>
   <word id="word_303">,</word>
   <word id="word_304">mas</word>
   <word id="word_305">Gilberto</word>
   <word id="word_306">Tim</word>
   <word id="word_307">disse</word>
   <word id="word_308">que</word>
   <word id="word_309">não</word>
   <word id="word_310">causava</word>
   <word id="word_311">qualquer</word>
   <word id="word_312">preocupação</word>
   <word id="word_313">,</word>
   <word id="word_314">pois</word>
   <word id="word_315">era</word>
   <word id="word_316">preciso</word>
   <word id="word_317">levar</word>
   <word id="word_318">em</word>
   <word id="word_319">consideração</word>
   <word id="word_320">que</word>
   <word id="word_321">Zico</word>
   <word id="word_322">,</word>
   <word id="word_323">o</word>
   <word id="word_324">ano</word>
   <word id="word_325">passado</word>
   <word id="word_326">,</word>
   <word id="word_327">teve</word>
   <word id="word_328">problemas</word>
   <word id="word_329">e</word>
   <word id="word_330">que</word>
   <word id="word_331">após</word>
   <word id="word_332">algum</word>
   <word id="word_333">tempo</word>
   <word id="word_334">em</word>
   <word id="word_335">tratamento</word>
   <word id="word_336">foi</word>
   <word id="word_337">submetido</word>
   <word id="word_338">a</word>
   <word id="word_339">uma</word>
   <word id="word_340">cirurgia</word>
   <word id="word_341">em_</word>
   <word id="word_342">o</word>
   <word id="word_343">joelho</word>
   <word id="word_344">(</word>
   <word id="word_345">meniscos</word>
   <word id="word_346">)</word>
   <word id="word_347">.</word>
   <word id="word_348">Depois</word>
   <word id="word_349">passou</word>
   <word id="word_350">alguns</word>
   <word id="word_351">meses</word>
   <word id="word_352">em</word>
   <word id="word_353">recuperação</word>
   <word id="word_354">e</word>
   <word id="word_355">somente</word>
   <word id="word_356">agora</word>
   <word id="word_357">está</word>
   <word id="word_358">se</word>
   <word id="word_359">recuperando.</word>
   <word id="word_360">Fez</word>
   <word id="word_361">apenas</word>
   <word id="word_362">três</word>
   <word id="word_363">jogos</word>
   <word id="word_364">em_</word>
   <word id="word_365">a</word>
   <word id="word_366">actual</word>
   <word id="word_367">temporada</word>
   <word id="word_368">e</word>
   <word id="word_369">ele</word>
   <word id="word_370">não</word>
   <word id="word_371">esperava</word>
   <word id="word_372">que</word>
   <word id="word_373">o</word>
   <word id="word_374">«</word>
   <word id="word_375">galinho</word>
   <word id="word_376">»</word>
   <word id="word_377">chegasse</word>
   <word id="word_378">entre</word>
   <word id="word_379">os</word>
   <word id="word_380">primeiros</word>
   <word id="word_381">.</word>
   <word id="word_382">Em_</word>
   <word id="word_383">os</word>
   <word id="word_384">chutos</word>
   <word id="word_385">de</word>
   <word id="word_386">bola</word>
   <word id="word_387">parada</word>
   <word id="word_388">foi</word>
   <word id="word_389">Eder</word>
   <word id="word_390">(</word>
   <word id="word_391">como</word>
   <word id="word_392">era</word>
   <word id="word_393">de</word>
   <word id="word_394">esperar</word>
   <word id="word_395">)</word>
   <word id="word_396">quem</word>
   <word id="word_397">enviou</word>
   <word id="word_398">a</word>
   <word id="word_399">bola</word>
   <word id="word_400">a</word>
   <word id="word_401">uma</word>
   <word id="word_402">distância</word>
   <word id="word_403">de</word>
   <word id="word_404">68</word>
   <word id="word_405">metros</word>
   <word id="word_406">sem</word>
   <word id="word_407">que</word>
   <word id="word_408">a</word>
   <word id="word_409">bola</word>
   <word id="word_410">tocasse</word>
   <word id="word_411">em_</word>
   <word id="word_412">o</word>
   <word id="word_413">chão</word>
   <word id="word_414">.</word>
   <word id="word_415">Foi</word>
   <word id="word_416">o</word>
   <word id="word_417">jogador</word>
   <word id="word_418">com</word>
   <word id="word_419">o</word>
   <word id="word_420">melhor</word>
   <word id="word_421">desempenho</word>
   <word id="word_422">de</word>
   <word id="word_423">potência</word>
   <word id="word_424">de</word>
   <word id="word_425">chuto</word>
   <word id="word_426">.</word>
   <word id="word_427">Em</word>
   <word id="word_428">segundo</word>
   <word id="word_429">lugar</word>
   <word id="word_430">,</word>
   <word id="word_431">classificou</word>
   <word id="word_432">-se</word>
   <word id="word_433">Júlio</word>
   <word id="word_434">Cesar</word>
   <word id="word_435">.</word>
   <word id="word_436">Em_</word>
   <word id="word_437">o</word>
   <word id="word_438">teste</word>
   <word id="word_439">de</word>
   <word id="word_440">impulsão</word>
   <word id="word_441">vertical</word>
   <word id="word_442">,</word>
   <word id="word_443">o</word>
   <word id="word_444">vitorioso</word>
   <word id="word_445">foi</word>
   <word id="word_446">o</word>
   <word id="word_447">excelente</word>
   <word id="word_448">zagueiro-central</word>
   <word id="word_449">de_</word>
   <word id="word_450">o</word>
   <word id="word_451">flamengo</word>
   <word id="word_452">,</word>
   <word id="word_453">Mozer</word>
   <word id="word_454">,</word>
   <word id="word_455">que</word>
   <word id="word_456">saiu</word>
   <word id="word_457">do</word>
   <word id="word_458">chão</word>
   <word id="word_459">75</word>
   <word id="word_460">centímetros</word>
   <word id="word_461">.</word>
   <word id="word_462">Os</word>
   <word id="word_463">resultados</word>
   <word id="word_464">obtidos</word>
   <word id="word_465">foram</word>
   <word id="word_466">tão</word>
   <word id="word_467">bons</word>
   <word id="word_468">que</word>
   <word id="word_469">o</word>
   <word id="word_470">técnico</word>
   <word id="word_471">,</word>
   <word id="word_472">Telé</word>
   <word id="word_473">Santana</word>
   <word id="word_474">,</word>
   <word id="word_475">já</word>
   <word id="word_476">anunciou</word>
   <word id="word_477">que</word>
   <word id="word_478">o</word>
   <word id="word_479">treinamentos</word>
   <word id="word_480">colectivos</word>
   <word id="word_481">foram</word>
   <word id="word_482">transferidos</word>
   <word id="word_483">para</word>
   <word id="word_484">a</word>
   <word id="word_485">semana</word>
   <word id="word_486">que</word>
   <word id="word_487">vem</word>
   <word id="word_488">,</word>
   <word id="word_489">uma</word>
   <word id="word_490">vez</word>
   <word id="word_491">que</word>
   <word id="word_492">Gilberto</word>
   <word id="word_493">Tim</word>
   <word id="word_494">quer</word>
   <word id="word_495">continuar</word>
   <word id="word_496">trabalhando</word>
   <word id="word_497">os</word>
   <word id="word_498">jogadores</word>
   <word id="word_499">,</word>
   <word id="word_500">fisicamente</word>
   <word id="word_501">.</word>
   <word id="word_502">Dá</word>
   <word id="word_503">para</word>
   <word id="word_504">entender</word>
   <word id="word_505">esta</word>
   <word id="word_506">reacção</word>
   <word id="word_507">do</word>
   <word id="word_508">técnico</word>
   <word id="word_509">,</word>
   <word id="word_510">Telé</word>
   <word id="word_511">Santana</word>
   <word id="word_512">,</word>
   <word id="word_513">e</word>
   <word id="word_514">esta</word>
   <word id="word_515">calcada</word>
   <word id="word_516">daquilo</word>
   <word id="word_517">que</word>
   <word id="word_518">nós</word>
   <word id="word_519">afirmamos</word>
   <word id="word_520">a</word>
   <word id="word_521">vocês</word>
   <word id="word_522">em</word>
   <word id="word_523">nossa</word>
   <word id="word_524">crónica</word>
   <word id="word_525">da</word>
   <word id="word_526">última</word>
   <word id="word_527">quinta-feira</word>
   <word id="word_528">:</word>
   <word id="word_529">A</word>
   <word id="word_530">base</word>
   <word id="word_531">vai</word>
   <word id="word_532">ser</word>
   <word id="word_533">a</word>
   <word id="word_534">selecção</word>
   <word id="word_535">de</word>
   <word id="word_536">82</word>
   <word id="word_537">e</word>
   <word id="word_538">as</word>
   <word id="word_539">alterações</word>
   <word id="word_540">são</word>
   <word id="word_541">pequenas</word>
   <word id="word_542">.</word>
   <word id="word_543">Mesmo</word>
   <word id="word_544">não</word>
   <word id="word_545">contando</word>
   <word id="word_546">com</word>
   <word id="word_547">os</word>
   <word id="word_548">jogadores</word>
   <word id="word_549">que</word>
   <word id="word_550">estão</word>
   <word id="word_551">em_</word>
   <word id="word_552">a</word>
   <word id="word_553">Itália</word>
   <word id="word_554">para</word>
   <word id="word_555">os</word>
   <word id="word_556">jogos</word>
   <word id="word_557">que</word>
   <word id="word_558">a</word>
   <word id="word_559">selecção</word>
   <word id="word_560">fará</word>
   <word id="word_561">diante</word>
   <word id="word_562">de_</word>
   <word id="word_563">a</word>
   <word id="word_564">Alemanha</word>
   <word id="word_565">,</word>
   <word id="word_566">Hungria</word>
   <word id="word_567">e</word>
   <word id="word_568">Holanda</word>
   <word id="word_569">,</word>
   <word id="word_570">em_</word>
   <word id="word_571">o</word>
   <word id="word_572">mês</word>
   <word id="word_573">de</word>
   <word id="word_574">Março</word>
   <word id="word_575">.</word>
   <word id="word_576">O</word>
   <word id="word_577">fundamental</word>
   <word id="word_578">agora</word>
   <word id="word_579">é</word>
   <word id="word_580">dar</word>
   <word id="word_581">um</word>
   <word id="word_582">melhor</word>
   <word id="word_583">condicionamento</word>
   <word id="word_584">físico</word>
   <word id="word_585">a_</word>
   <word id="word_586">os</word>
   <word id="word_587">jogadores</word>
   <word id="word_588">e</word>
   <word id="word_589">nós</word>
   <word id="word_590">temos</word>
   <word id="word_591">que</word>
   <word id="word_592">levar</word>
   <word id="word_593">em</word>
   <word id="word_594">consideração</word>
   <word id="word_595">que</word>
   <word id="word_596">a</word>
   <word id="word_597">temporada</word>
   <word id="word_598">está</word>
   <word id="word_599">sendo</word>
   <word id="word_600">iniciada</word>
   <word id="word_601">agora</word>
   <word id="word_602">em_</word>
   <word id="word_603">o</word>
   <word id="word_604">futebol</word>
   <word id="word_605">brasileiro</word>
   <word id="word_606">.</word>
   <word id="word_607">Os</word>
   <word id="word_608">jogadores</word>
   <word id="word_609">estiveram</word>
   <word id="word_610">de</word>
   <word id="word_611">férias</word>
   <word id="word_612">.</word>
   <word id="word_613">Mais</word>
   <word id="word_614">uma</word>
   <word id="word_615">vez</word>
   <word id="word_616">fica</word>
   <word id="word_617">patente</word>
   <word id="word_618">que</word>
   <word id="word_619">Telé</word>
   <word id="word_620">deseja</word>
   <word id="word_621">aproveitar</word>
   <word id="word_622">os</word>
   <word id="word_623">jogadores</word>
   <word id="word_624">que</word>
   <word id="word_625">estão</word>
   <word id="word_626">em_</word>
   <word id="word_627">o</word>
   <word id="word_628">Brasil</word>
   <word id="word_629">,</word>
   <word id="word_630">especialmente</word>
   <word id="word_631">os</word>
   <word id="word_632">mais</word>
   <word id="word_633">novos</word>
   <word id="word_634">,</word>
   <word id="word_635">para</word>
   <word id="word_636">sentir</word>
   <word id="word_637">o</word>
   <word id="word_638">que</word>
   <word id="word_639">podem</word>
   <word id="word_640">valer.</word>
   <word id="word_641">O</word>
   <word id="word_642">que</word>
   <word id="word_643">comem</word>
   <word id="word_644">os</word>
   <word id="word_645">jogadores</word>
   <word id="word_646">de_</word>
   <word id="word_647">a</word>
   <word id="word_648">selecção</word>
   <word id="word_649">?</word>
   <word id="word_650">A</word>
   <word id="word_651">resposta</word>
   <word id="word_652">é</word>
   <word id="word_653">de_</word>
   <word id="word_654">o</word>
   <word id="word_655">dr.</word>
   <word id="word_656">Ricardo</word>
   <word id="word_657">Vivaqua</word>
   <word id="word_658">,</word>
   <word id="word_659">cardiologista</word>
   <word id="word_660">de_</word>
   <word id="word_661">a</word>
   <word id="word_662">selecção</word>
   <word id="word_663">e</word>
   <word id="word_664">que</word>
   <word id="word_665">também</word>
   <word id="word_666">faz</word>
   <word id="word_667">as</word>
   <word id="word_668">vezes</word>
   <word id="word_669">de</word>
   <word id="word_670">«</word>
   <word id="word_671">nutricionista</word>
   <word id="word_672">»</word>
   <word id="word_673">:</word>
   <word id="word_674">arroz</word>
   <word id="word_675">,</word>
   <word id="word_676">feijão</word>
   <word id="word_677">,</word>
   <word id="word_678">muita</word>
   <word id="word_679">carne</word>
   <word id="word_680">(</word>
   <word id="word_681">bife</word>
   <word id="word_682">)</word>
   <word id="word_683">e</word>
   <word id="word_684">batatas</word>
   <word id="word_685">fritas</word>
   <word id="word_686">.</word>
   <word id="word_687">Este</word>
   <word id="word_688">é</word>
   <word id="word_689">o</word>
   <word id="word_690">menu</word>
   <word id="word_691">básico</word>
   <word id="word_692">de_</word>
   <word id="word_693">a</word>
   <word id="word_694">selecção</word>
   <word id="word_695">brasileira</word>
   <word id="word_696">.</word>
   <word id="word_697">-</word>
   <word id="word_698">Claro</word>
   <word id="word_699">que</word>
   <word id="word_700">o</word>
   <word id="word_701">dr.</word>
   <word id="word_702">Vivaqua</word>
   <word id="word_703">permite</word>
   <word id="word_704">algunas</word>
   <word id="word_705">variações</word>
   <word id="word_706">como</word>
   <word id="word_707">lombinho</word>
   <word id="word_708">,</word>
   <word id="word_709">frango</word>
   <word id="word_710">,</word>
   <word id="word_711">saladas</word>
   <word id="word_712">de</word>
   <word id="word_713">legumes</word>
   <word id="word_714">e</word>
   <word id="word_715">não</word>
   <word id="word_716">faz</word>
   <word id="word_717">restrições</word>
   <word id="word_718">a</word>
   <word id="word_719">doces</word>
   <word id="word_720">na</word>
   <word id="word_721">sobremesa</word>
   <word id="word_722">.</word>
   <word id="word_723">Claro</word>
   <word id="word_724">que</word>
   <word id="word_725">,</word>
   <word id="word_726">em_</word>
   <word id="word_727">as</word>
   <word id="word_728">vésperas</word>
   <word id="word_729">de_</word>
   <word id="word_730">os</word>
   <word id="word_731">jogos</word>
   <word id="word_732">,</word>
   <word id="word_733">o</word>
   <word id="word_734">feijão</word>
   <word id="word_735">é</word>
   <word id="word_736">reduzido</word>
   <word id="word_737">e</word>
   <word id="word_738">as</word>
   <word id="word_739">fritas</word>
   <word id="word_740">vão</word>
   <word id="word_741">para</word>
   <word id="word_742">o</word>
   <word id="word_743">«</word>
   <word id="word_744">banco</word>
   <word id="word_745">»</word>
   <word id="word_746">,</word>
   <word id="word_747">entrando</word>
   <word id="word_748">na</word>
   <word id="word_749">mesa</word>
   <word id="word_750">o</word>
   <word id="word_751">puré</word>
   <word id="word_752">de</word>
   <word id="word_753">batata</word>
   <word id="word_754">.</word>
   <word id="word_755">Em_</word>
   <word id="word_756">o</word>
   <word id="word_757">México</word>
   <word id="word_758">,</word>
   <word id="word_759">já</word>
   <word id="word_760">avisou</word>
   <word id="word_761">o</word>
   <word id="word_762">médico</word>
   <word id="word_763">,</word>
   <word id="word_764">os</word>
   <word id="word_765">bifes</word>
   <word id="word_766">de</word>
   <word id="word_767">fígado</word>
   <word id="word_768">vão</word>
   <word id="word_769">ganhar</word>
   <word id="word_770">lugar</word>
   <word id="word_771">de</word>
   <word id="word_772">destaque</word>
   <word id="word_773">em_</word>
   <word id="word_774">a</word>
   <word id="word_775">mesa</word>
   <word id="word_776">de_</word>
   <word id="word_777">os</word>
   <word id="word_778">jogadores</word>
   <word id="word_779">.</word>
   <word id="word_780">O</word>
   <word id="word_781">ferro</word>
   <word id="word_782">serve</word>
   <word id="word_783">como</word>
   <word id="word_784">elemento</word>
   <word id="word_785">de</word>
   <word id="word_786">transporte</word>
   <word id="word_787">de</word>
   <word id="word_788">oxigénio</word>
   <word id="word_789">para</word>
   <word id="word_790">os</word>
   <word id="word_791">musculos</word>
   <word id="word_792">,</word>
   <word id="word_793">uma</word>
   <word id="word_794">vez</word>
   <word id="word_795">que</word>
   <word id="word_796">temos</word>
   <word id="word_797">casos</word>
   <word id="word_798">de</word>
   <word id="word_799">jogadores</word>
   <word id="word_800">que</word>
   <word id="word_801">necessitam</word>
   <word id="word_802">de</word>
   <word id="word_803">tomar</word>
   <word id="word_804">cápsulas</word>
   <word id="word_805">de</word>
   <word id="word_806">sulfato</word>
   <word id="word_807">ferroso</word>
   <word id="word_808">para</word>
   <word id="word_809">compensar</word>
   <word id="word_810">eventuais</word>
   <word id="word_811">deficiências</word>
   <word id="word_812">de_</word>
   <word id="word_813">esse</word>
   <word id="word_814">alimento</word>
   <word id="word_815">.</word>
   <word id="word_816">Afinal</word>
   <word id="word_817">,</word>
   <word id="word_818">diz</word>
   <word id="word_819">Vivaqua</word>
   <word id="word_820">,</word>
   <word id="word_821">a</word>
   <word id="word_822">altitude</word>
   <word id="word_823">e</word>
   <word id="word_824">o</word>
   <word id="word_825">ar</word>
   <word id="word_826">rarefeito</word>
   <word id="word_827">reduzem</word>
   <word id="word_828">as</word>
   <word id="word_829">reservad</word>
   <word id="word_830">de</word>
   <word id="word_831">oxigénio</word>
   <word id="word_832">em_</word>
   <word id="word_833">o</word>
   <word id="word_834">organismo.</word>
   <word id="word_835">Sobre</word>
   <word id="word_836">a</word>
   <word id="word_837">preparação</word>
   <word id="word_838">de_</word>
   <word id="word_839">a</word>
   <word id="word_840">selecção</word>
   <word id="word_841">ele</word>
   <word id="word_842">insiste</word>
   <word id="word_843">que</word>
   <word id="word_844">três</word>
   <word id="word_845">semanas</word>
   <word id="word_846">,</word>
   <word id="word_847">em_</word>
   <word id="word_848">o</word>
   <word id="word_849">mínimo</word>
   <word id="word_850">,</word>
   <word id="word_851">deverão</word>
   <word id="word_852">ser</word>
   <word id="word_853">passadas</word>
   <word id="word_854">em_</word>
   <word id="word_855">uma</word>
   <word id="word_856">cidade</word>
   <word id="word_857">acima</word>
   <word id="word_858">de</word>
   <word id="word_859">dois</word>
   <word id="word_860">mil</word>
   <word id="word_861">metros</word>
   <word id="word_862">,</word>
   <word id="word_863">com</word>
   <word id="word_864">treinamentos</word>
   <word id="word_865">progressivos</word>
   <word id="word_866">.</word>
   <word id="word_867">Antes</word>
   <word id="word_868">,</word>
   <word id="word_869">ele</word>
   <word id="word_870">aconselha</word>
   <word id="word_871">ainda</word>
   <word id="word_872">um</word>
   <word id="word_873">período</word>
   <word id="word_874">de</word>
   <word id="word_875">aclimatação</word>
   <word id="word_876">,</word>
   <word id="word_877">seja</word>
   <word id="word_878">em</word>
   <word id="word_879">Guadalajara</word>
   <word id="word_880">,</word>
   <word id="word_881">seja</word>
   <word id="word_882">em</word>
   <word id="word_883">Guanajuato</word>
   <word id="word_884">,</word>
   <word id="word_885">seja</word>
   <word id="word_886">em</word>
   <word id="word_887">Campos</word>
   <word id="word_888">de</word>
   <word id="word_889">Jordão</word>
   <word id="word_890">(</word>
   <word id="word_891">São</word>
   <word id="word_892">Paulo</word>
   <word id="word_893">)</word>
   <word id="word_894">.</word>
   <word id="word_895">Segundo</word>
   <word id="word_896">o</word>
   <word id="word_897">cardiologista</word>
   <word id="word_898">deve</word>
   <word id="word_899">ser</word>
   <word id="word_900">em_</word>
   <word id="word_901">uma</word>
   <word id="word_902">cidade</word>
   <word id="word_903">acima</word>
   <word id="word_904">de_</word>
   <word id="word_905">os</word>
   <word id="word_906">1600</word>
   <word id="word_907">metros</word>
   <word id="word_908">.</word>
   <word id="word_909">A</word>
   <word id="word_910">cidade</word>
   <word id="word_911">de</word>
   <word id="word_912">Araxa</word>
   <word id="word_913">,</word>
   <word id="word_914">em</word>
   <word id="word_915">Minas</word>
   <word id="word_916">Gerais</word>
   <word id="word_917">,</word>
   <word id="word_918">acaba</word>
   <word id="word_919">de</word>
   <word id="word_920">fazer</word>
   <word id="word_921">o</word>
   <word id="word_922">seu</word>
   <word id="word_923">oferecimento</word>
   <word id="word_924">a_</word>
   <word id="word_925">a</word>
   <word id="word_926">CBF</word>
   <word id="word_927">para</word>
   <word id="word_928">treinamentos</word>
   <word id="word_929">depois</word>
   <word id="word_930">de_</word>
   <word id="word_931">a</word>
   <word id="word_932">viagem</word>
   <word id="word_933">a_</word>
   <word id="word_934">a</word>
   <word id="word_935">Europa</word>
   <word id="word_936">,</word>
   <word id="word_937">mas</word>
   <word id="word_938">esse</word>
   <word id="word_939">assunto</word>
   <word id="word_940">só</word>
   <word id="word_941">ficará</word>
   <word id="word_942">definido</word>
   <word id="word_943">em_</word>
   <word id="word_944">a</word>
   <word id="word_945">próxima</word>
   <word id="word_946">semana</word>
   <word id="word_947">.</word>
   <word id="word_948">A</word>
   <word id="word_949">CBF</word>
   <word id="word_950">está</word>
   <word id="word_951">bastante</word>
   <word id="word_952">preocupada</word>
   <word id="word_953">em</word>
   <word id="word_954">arrecadar</word>
   <word id="word_955">fundos</word>
   <word id="word_956">para</word>
   <word id="word_957">as</word>
   <word id="word_958">despesas</word>
   <word id="word_959">que</word>
   <word id="word_960">a</word>
   <word id="word_961">selecção</word>
   <word id="word_962">vai</word>
   <word id="word_963">ter</word>
   <word id="word_964">.</word>
   <word id="word_965">E</word>
   <word id="word_966">algo</word>
   <word id="word_967">novo</word>
   <word id="word_968">acaba</word>
   <word id="word_969">de</word>
   <word id="word_970">surgir</word>
   <word id="word_971">em_</word>
   <word id="word_972">esse</word>
   <word id="word_973">campo</word>
   <word id="word_974">.</word>
   <word id="word_975">Um</word>
   <word id="word_976">esquema</word>
   <word id="word_977">de</word>
   <word id="word_978">«</word>
   <word id="word_979">Merchandising</word>
   <word id="word_980">»</word>
   <word id="word_981">em_</word>
   <word id="word_982">as</word>
   <word id="word_983">entrevistas</word>
   <word id="word_984">de_</word>
   <word id="word_985">os</word>
   <word id="word_986">jogadores</word>
   <word id="word_987">e</word>
   <word id="word_988">de_</word>
   <word id="word_989">a</word>
   <word id="word_990">comissão</word>
   <word id="word_991">técnica</word>
   <word id="word_992">vai</word>
   <word id="word_993">acontecer</word>
   <word id="word_994">.</word>
   <word id="word_995">Quem</word>
   <word id="word_996">anunciou</word>
   <word id="word_997">a</word>
   <word id="word_998">novidade</word>
   <word id="word_999">foi</word>
   <word id="word_1000">o</word>
   <word id="word_1001">director</word>
   <word id="word_1002">de</word>
   <word id="word_1003">«</word>
   <word id="word_1004">marketing</word>
   <word id="word_1005">»</word>
   <word id="word_1006">de_</word>
   <word id="word_1007">a</word>
   <word id="word_1008">CBF</word>
   <word id="word_1009">,</word>
   <word id="word_1010">Onaireves</word>
   <word id="word_1011">Moura</word>
   <word id="word_1012">,</word>
   <word id="word_1013">que</word>
   <word id="word_1014">diz</word>
   <word id="word_1015">ter</word>
   <word id="word_1016">acertado</word>
   <word id="word_1017">contratos</word>
   <word id="word_1018">publicitários</word>
   <word id="word_1019">em_</word>
   <word id="word_1020">o</word>
   <word id="word_1021">valor</word>
   <word id="word_1022">de</word>
   <word id="word_1023">um</word>
   <word id="word_1024">milhão</word>
   <word id="word_1025">de</word>
   <word id="word_1026">dólares</word>
   <word id="word_1027">com</word>
   <word id="word_1028">diversas</word>
   <word id="word_1029">empresas</word>
   <word id="word_1030">que</word>
   <word id="word_1031">colocarão</word>
   <word id="word_1032">painéis</word>
   <word id="word_1033">com</word>
   <word id="word_1034">anúncios</word>
   <word id="word_1035">em_</word>
   <word id="word_1036">a</word>
   <word id="word_1037">sala</word>
   <word id="word_1038">de</word>
   <word id="word_1039">imprensa</word>
   <word id="word_1040">de_</word>
   <word id="word_1041">a</word>
   <word id="word_1042">concentração</word>
   <word id="word_1043">de_</word>
   <word id="word_1044">a</word>
   <word id="word_1045">Toca</word>
   <word id="word_1046">da</word>
   <word id="word_1047">Raposa</word>
   <word id="word_1048">.</word>
   <word id="word_1049">O</word>
   <word id="word_1050">negócio</word>
   <word id="word_1051">é</word>
   <word id="word_1052">faturar</word>
   <word id="word_1053">e</word>
   <word id="word_1054">cavalo</word>
   <word id="word_1055">parado</word>
   <word id="word_1056">vai</word>
   <word id="word_1057">morrer</word>
   <word id="word_1058">pastando</word>
   <word id="word_1059">.</word>
   <word id="word_1060">Outra</word>
   <word id="word_1061">curiosidade</word>
   <word id="word_1062">revelada</word>
   <word id="word_1063">foi</word>
   <word id="word_1064">o</word>
   <word id="word_1065">custo</word>
   <word id="word_1066">de_</word>
   <word id="word_1067">a</word>
   <word id="word_1068">hospedagem</word>
   <word id="word_1069">de_</word>
   <word id="word_1070">a</word>
   <word id="word_1071">selecção</word>
   <word id="word_1072">em_</word>
   <word id="word_1073">o</word>
   <word id="word_1074">Rio</word>
   <word id="word_1075">de</word>
   <word id="word_1076">Janeiro</word>
   <word id="word_1077">durante</word>
   <word id="word_1078">três</word>
   <word id="word_1079">dias</word>
   <word id="word_1080">.</word>
   <word id="word_1081">A</word>
   <word id="word_1082">hospedagem</word>
   <word id="word_1083">foi</word>
   <word id="word_1084">feita</word>
   <word id="word_1085">em_</word>
   <word id="word_1086">o</word>
   <word id="word_1087">Hotel</word>
   <word id="word_1088">Sheraton</word>
   <word id="word_1089">,</word>
   <word id="word_1090">em</word>
   <word id="word_1091">São</word>
   <word id="word_1092">Conrado</word>
   <word id="word_1093">.</word>
   <word id="word_1094">A</word>
   <word id="word_1095">CBF</word>
   <word id="word_1096">alugou</word>
   <word id="word_1097">22</word>
   <word id="word_1098">apartamentos</word>
   <word id="word_1099">para</word>
   <word id="word_1100">uma</word>
   <word id="word_1101">delegação</word>
   <word id="word_1102">de</word>
   <word id="word_1103">33</word>
   <word id="word_1104">pessoas</word>
   <word id="word_1105">e</word>
   <word id="word_1106">como</word>
   <word id="word_1107">uma</word>
   <word id="word_1108">diária</word>
   <word id="word_1109">fica</word>
   <word id="word_1110">por</word>
   <word id="word_1111">140</word>
   <word id="word_1112">dólares</word>
   <word id="word_1113">o</word>
   <word id="word_1114">custo</word>
   <word id="word_1115">foi</word>
   <word id="word_1116">de</word>
   <word id="word_1117">mil</word>
   <word id="word_1118">e</word>
   <word id="word_1119">duzentos</word>
   <word id="word_1120">contos</word>
   <word id="word_1121">portugueses</word>
   <word id="word_1122">por</word>
   <word id="word_1123">três</word>
   <word id="word_1124">dias</word>
   <word id="word_1125">.</word>
   <word id="word_1126">Mas</word>
   <word id="word_1127">,</word>
   <word id="word_1128">mais</word>
   <word id="word_1129">de</word>
   <word id="word_1130">uma</word>
   <word id="word_1131">vez</word>
   <word id="word_1132">,</word>
   <word id="word_1133">nós</word>
   <word id="word_1134">escrevemos</word>
   <word id="word_1135">que</word>
   <word id="word_1136">a</word>
   <word id="word_1137">maior</word>
   <word id="word_1138">preocupação</word>
   <word id="word_1139">de_</word>
   <word id="word_1140">o</word>
   <word id="word_1141">técnico</word>
   <word id="word_1142">Telé</word>
   <word id="word_1143">Santana</word>
   <word id="word_1144">estava</word>
   <word id="word_1145">em</word>
   <word id="word_1146">saber</word>
   <word id="word_1147">se</word>
   <word id="word_1148">poderia</word>
   <word id="word_1149">ou</word>
   <word id="word_1150">não</word>
   <word id="word_1151">contar</word>
   <word id="word_1152">com</word>
   <word id="word_1153">Zico</word>
   <word id="word_1154">e</word>
   <word id="word_1155">Sócrates</word>
   <word id="word_1156">.</word>
   <word id="word_1157">O</word>
   <word id="word_1158">dr.</word>
   <word id="word_1159">Leylor</word>
   <word id="word_1160">Lasmar</word>
   <word id="word_1161">acaba</word>
   <word id="word_1162">de</word>
   <word id="word_1163">revelar</word>
   <word id="word_1164">que</word>
   <word id="word_1165">foram</word>
   <word id="word_1166">feitos</word>
   <word id="word_1167">exames</word>
   <word id="word_1168">radiológicos</word>
   <word id="word_1169">(</word>
   <word id="word_1170">vários</word>
   <word id="word_1171">)</word>
   <word id="word_1172">de_</word>
   <word id="word_1173">os</word>
   <word id="word_1174">dois</word>
   <word id="word_1175">jogadores</word>
   <word id="word_1176">e</word>
   <word id="word_1177">que</word>
   <word id="word_1178">os</word>
   <word id="word_1179">resultados</word>
   <word id="word_1180">de_</word>
   <word id="word_1181">as</word>
   <word id="word_1182">chapas</word>
   <word id="word_1183">são</word>
   <word id="word_1184">os</word>
   <word id="word_1185">melhores</word>
   <word id="word_1186">.</word>
   <word id="word_1187">Tanto</word>
   <word id="word_1188">o</word>
   <word id="word_1189">joelho</word>
   <word id="word_1190">de</word>
   <word id="word_1191">Zico</word>
   <word id="word_1192">como</word>
   <word id="word_1193">a</word>
   <word id="word_1194">fractura</word>
   <word id="word_1195">de_</word>
   <word id="word_1196">a</word>
   <word id="word_1197">tíbia</word>
   <word id="word_1198">de</word>
   <word id="word_1199">Sócrates</word>
   <word id="word_1200">nada</word>
   <word id="word_1201">acusaram</word>
   <word id="word_1202">.</word>
   <word id="word_1203">Agora</word>
   <word id="word_1204">,</word>
   <word id="word_1205">o</word>
   <word id="word_1206">trabalho</word>
   <word id="word_1207">está</word>
   <word id="word_1208">entregue</word>
   <word id="word_1209">a_</word>
   <word id="word_1210">o</word>
   <word id="word_1211">preparador</word>
   <word id="word_1212">físico</word>
   <word id="word_1213">,</word>
   <word id="word_1214">Gilberto</word>
   <word id="word_1215">Tim</word>
   <word id="word_1216">,</word>
   <word id="word_1217">que</word>
   <word id="word_1218">fará</word>
   <word id="word_1219">uma</word>
   <word id="word_1220">programação</word>
   <word id="word_1221">visando</word>
   <word id="word_1222">fortalecer</word>
   <word id="word_1223">a</word>
   <word id="word_1224">musculatura</word>
   <word id="word_1225">de_</word>
   <word id="word_1226">os</word>
   <word id="word_1227">dois</word>
   <word id="word_1228">jogadores</word>
   <word id="word_1229">.</word>
   <word id="word_1230">Mas</word>
   <word id="word_1231">de</word>
   <word id="word_1232">forma</word>
   <word id="word_1233">muito</word>
   <word id="word_1234">apurada</word>
   <word id="word_1235">para</word>
   <word id="word_1236">que</word>
   <word id="word_1237">os</word>
   <word id="word_1238">dois</word>
   <word id="word_1239">não</word>
   <word id="word_1240">fiquem</word>
   <word id="word_1241">afastados</word>
   <word id="word_1242">de_</word>
   <word id="word_1243">os</word>
   <word id="word_1244">treinamentos</word>
   <word id="word_1245">com</word>
   <word id="word_1246">os</word>
   <word id="word_1247">demais</word>
   <word id="word_1248">.</word>
   <word id="word_1249">A</word>
   <word id="word_1250">selecção</word>
   <word id="word_1251">brasileira</word>
   <word id="word_1252">,</word>
   <word id="word_1253">desde</word>
   <word id="word_1254">a</word>
   <word id="word_1255">última</word>
   <word id="word_1256">quinta-feira</word>
   <word id="word_1257">,</word>
   <word id="word_1258">já</word>
   <word id="word_1259">se</word>
   <word id="word_1260">encontra</word>
   <word id="word_1261">em_</word>
   <word id="word_1262">a</word>
   <word id="word_1263">cidade</word>
   <word id="word_1264">mineira</word>
   <word id="word_1265">de</word>
   <word id="word_1266">Belo</word>
   <word id="word_1267">Horizonte</word>
   <word id="word_1268">fazendo</word>
   <word id="word_1269">os</word>
   <word id="word_1270">seus</word>
   <word id="word_1271">treinamentos</word>
   <word id="word_1272">em_</word>
   <word id="word_1273">a</word>
   <word id="word_1274">«</word>
   <word id="word_1275">Toca</word>
   <word id="word_1276">de_</word>
   <word id="word_1277">a</word>
   <word id="word_1278">Raposa</word>
   <word id="word_1279">»</word>
   <word id="word_1280">,</word>
   <word id="word_1281">e</word>
   <word id="word_1282">lá</word>
   <word id="word_1283">ficando</word>
   <word id="word_1284">até</word>
   <word id="word_1285">a_</word>
   <word id="word_1286">o</word>
   <word id="word_1287">próximo</word>
   <word id="word_1288">dia</word>
   <word id="word_1289">6</word>
   <word id="word_1290">de</word>
   <word id="word_1291">Março</word>
   <word id="word_1292">quando</word>
   <word id="word_1293">seguirá</word>
   <word id="word_1294">para</word>
   <word id="word_1295">a</word>
   <word id="word_1296">Europa</word>
   <word id="word_1297">,</word>
   <word id="word_1298">onde</word>
   <word id="word_1299">realizará</word>
   <word id="word_1300">três</word>
   <word id="word_1301">amistosos</word>
   <word id="word_1302">,</word>
   <word id="word_1303">a</word>
   <word id="word_1304">12,</word>
   <word id="word_1305">16</word>
   <word id="word_1306">e</word>
   <word id="word_1307">19.</word>
</words>
