<?xml version="1.0" encoding="UTF-8"?>
<!DOCTYPE words SYSTEM "words.dtd">
<words>
   <word id="word_1">Disputou</word>
   <word id="word_2">-se</word>
   <word id="word_3">anteontem</word>
   <word id="word_4">,</word>
   <word id="word_5">em_</word>
   <word id="word_6">o</word>
   <word id="word_7">Estádio</word>
   <word id="word_8">de_</word>
   <word id="word_9">a</word>
   <word id="word_10">Mata</word>
   <word id="word_11">Real</word>
   <word id="word_12">,</word>
   <word id="word_13">o</word>
   <word id="word_14">encontro</word>
   <word id="word_15">,</word>
   <word id="word_16">em</word>
   <word id="word_17">atraso</word>
   <word id="word_18">,</word>
   <word id="word_19">de_</word>
   <word id="word_20">a</word>
   <word id="word_21">18ª</word>
   <word id="word_22">jornada</word>
   <word id="word_23">,</word>
   <word id="word_24">de</word>
   <word id="word_25">9</word>
   <word id="word_26">de</word>
   <word id="word_27">Fevereiro</word>
   <word id="word_28">,</word>
   <word id="word_29">entre</word>
   <word id="word_30">as</word>
   <word id="word_31">equipas</word>
   <word id="word_32">de_</word>
   <word id="word_33">o</word>
   <word id="word_34">Paços</word>
   <word id="word_35">de</word>
   <word id="word_36">Ferreira</word>
   <word id="word_37">e</word>
   <word id="word_38">de_</word>
   <word id="word_39">o</word>
   <word id="word_40">Vizela</word>
   <word id="word_41">,</word>
   <word id="word_42">pertencente</word>
   <word id="word_43">a_</word>
   <word id="word_44">a</word>
   <word id="word_45">Zona</word>
   <word id="word_46">Norte</word>
   <word id="word_47">,</word>
   <word id="word_48">de_</word>
   <word id="word_49">o</word>
   <word id="word_50">«Nacional»</word>
   <word id="word_51">de_</word>
   <word id="word_52">a</word>
   <word id="word_53">II</word>
   <word id="word_54">Divisão</word>
   <word id="word_55">,</word>
   <word id="word_56">o</word>
   <word id="word_57">qual</word>
   <word id="word_58">devido</word>
   <word id="word_59">a_</word>
   <word id="word_60">o</word>
   <word id="word_61">mau</word>
   <word id="word_62">tempo</word>
   <word id="word_63">,</word>
   <word id="word_64">havia</word>
   <word id="word_65">sido</word>
   <word id="word_66">adiado</word>
   <word id="word_67">.</word>
   <word id="word_68">Com</word>
   <word id="word_69">este</word>
   <word id="word_70">empate</word>
   <word id="word_71">,</word>
   <word id="word_72">obtido</word>
   <word id="word_73">fora</word>
   <word id="word_74">,</word>
   <word id="word_75">o</word>
   <word id="word_76">Vizela</word>
   <word id="word_77">reduziu</word>
   <word id="word_78">a</word>
   <word id="word_79">desvantagem</word>
   <word id="word_80">(</word>
   <word id="word_81">que</word>
   <word id="word_82">é</word>
   <word id="word_83">agora</word>
   <word id="word_84">de</word>
   <word id="word_85">dois</word>
   <word id="word_86">pontos</word>
   <word id="word_87">)</word>
   <word id="word_88">em</word>
   <word id="word_89">relação</word>
   <word id="word_90">a_</word>
   <word id="word_91">o</word>
   <word id="word_92">líder</word>
   <word id="word_93">,</word>
   <word id="word_94">o</word>
   <word id="word_95">Rio</word>
   <word id="word_96">Ave</word>
   <word id="word_97">(</word>
   <word id="word_98">este</word>
   <word id="word_99">com</word>
   <word id="word_100">30</word>
   <word id="word_101">pontos</word>
   <word id="word_102">)</word>
   <word id="word_103">e</word>
   <word id="word_104">tem</word>
   <word id="word_105">agora</word>
   <word id="word_106">mais</word>
   <word id="word_107">três</word>
   <word id="word_108">que</word>
   <word id="word_109">o</word>
   <word id="word_110">terceiro</word>
   <word id="word_111">classificado</word>
   <word id="word_112">,</word>
   <word id="word_113">o</word>
   <word id="word_114">Varzim</word>
   <word id="word_115">que</word>
   <word id="word_116">,</word>
   <word id="word_117">amanhã</word>
   <word id="word_118">,</word>
   <word id="word_119">em_</word>
   <word id="word_120">a</word>
   <word id="word_121">Póvoa</word>
   <word id="word_122">,</word>
   <word id="word_123">recebe</word>
   <word id="word_124">os</word>
   <word id="word_125">vizelenses</word>
   <word id="word_126">,</word>
   <word id="word_127">estando</word>
   <word id="word_128">perspectivado</word>
   <word id="word_129">um</word>
   <word id="word_130">encontro</word>
   <word id="word_131">cujo</word>
   <word id="word_132">desfecho</word>
   <word id="word_133">é</word>
   <word id="word_134">deveras</word>
   <word id="word_135">importante</word>
   <word id="word_136">para</word>
   <word id="word_137">qualquer</word>
   <word id="word_138">de_</word>
   <word id="word_139">as</word>
   <word id="word_140">turmas</word>
   <word id="word_141">.</word>
   <word id="word_142">Sob</word>
   <word id="word_143">a</word>
   <word id="word_144">arbitragem</word>
   <word id="word_145">de</word>
   <word id="word_146">Raul</word>
   <word id="word_147">Ribeiro</word>
   <word id="word_148">,</word>
   <word id="word_149">de</word>
   <word id="word_150">Aveiro</word>
   <word id="word_151">,</word>
   <word id="word_152">as</word>
   <word id="word_153">equipas</word>
   <word id="word_154">alinharam</word>
   <word id="word_155">:</word>
   <word id="word_156">PAÇOS</word>
   <word id="word_157">FERREIRA</word>
   <word id="word_158">-</word>
   <word id="word_159">Zé</word>
   <word id="word_160">Carlos</word>
   <word id="word_161">;</word>
   <word id="word_162">Monteiro</word>
   <word id="word_163">,</word>
   <word id="word_164">Toraca</word>
   <word id="word_165">,</word>
   <word id="word_166">Miguel</word>
   <word id="word_167">e</word>
   <word id="word_168">Barriga</word>
   <word id="word_169">;</word>
   <word id="word_170">Edmílson</word>
   <word id="word_171">(</word>
   <word id="word_172">José</word>
   <word id="word_173">Fernando</word>
   <word id="word_174">,</word>
   <word id="word_175">a_</word>
   <word id="word_176">os</word>
   <word id="word_177">69</word>
   <word id="word_178">m</word>
   <word id="word_179">)</word>
   <word id="word_180">,</word>
   <word id="word_181">Malheiro</word>
   <word id="word_182">(</word>
   <word id="word_183">Carlos</word>
   <word id="word_184">,</word>
   <word id="word_185">de_</word>
   <word id="word_186">os</word>
   <word id="word_187">74</word>
   <word id="word_188">m</word>
   <word id="word_189">)</word>
   <word id="word_190">e</word>
   <word id="word_191">Quim</word>
   <word id="word_192">;</word>
   <word id="word_193">João</word>
   <word id="word_194">Mário</word>
   <word id="word_195">,</word>
   <word id="word_196">Silva</word>
   <word id="word_197">e</word>
   <word id="word_198">Jorge</word>
   <word id="word_199">.</word>
   <word id="word_200">VIZELA</word>
   <word id="word_201">-</word>
   <word id="word_202">Sérgio</word>
   <word id="word_203">;</word>
   <word id="word_204">Rochinha</word>
   <word id="word_205">,</word>
   <word id="word_206">Manuel</word>
   <word id="word_207">Correia</word>
   <word id="word_208">,</word>
   <word id="word_209">Cândido</word>
   <word id="word_210">e</word>
   <word id="word_211">Vareta</word>
   <word id="word_212">;</word>
   <word id="word_213">José</word>
   <word id="word_214">Augusto</word>
   <word id="word_215">,</word>
   <word id="word_216">Joaquim</word>
   <word id="word_217">Rocha</word>
   <word id="word_218">e</word>
   <word id="word_219">Roque</word>
   <word id="word_220">(</word>
   <word id="word_221">Rosado</word>
   <word id="word_222">,</word>
   <word id="word_223">em_</word>
   <word id="word_224">o</word>
   <word id="word_225">recomeço</word>
   <word id="word_226">)</word>
   <word id="word_227">;</word>
   <word id="word_228">Vital</word>
   <word id="word_229">.</word>
   <word id="word_230">Cartucho</word>
   <word id="word_231">e</word>
   <word id="word_232">António</word>
   <word id="word_233">Jorge</word>
   <word id="word_234">(</word>
   <word id="word_235">Guerra</word>
   <word id="word_236">,</word>
   <word id="word_237">após</word>
   <word id="word_238">o</word>
   <word id="word_239">intervalo</word>
   <word id="word_240">)</word>
   <word id="word_241">.</word>
   <word id="word_242">Em_</word>
   <word id="word_243">o</word>
   <word id="word_244">primeiro</word>
   <word id="word_245">tempo</word>
   <word id="word_246">:</word>
   <word id="word_247">1</word>
   <word id="word_248">-</word>
   <word id="word_249">0</word>
   <word id="word_250">.</word>
   <word id="word_251">Marcadores</word>
   <word id="word_252">:</word>
   <word id="word_253">Jorge</word>
   <word id="word_254">(</word>
   <word id="word_255">a_</word>
   <word id="word_256">os</word>
   <word id="word_257">32</word>
   <word id="word_258">m</word>
   <word id="word_259">)</word>
   <word id="word_260">,</word>
   <word id="word_261">para</word>
   <word id="word_262">o</word>
   <word id="word_263">Paços</word>
   <word id="word_264">de</word>
   <word id="word_265">Ferreira</word>
   <word id="word_266">,</word>
   <word id="word_267">e</word>
   <word id="word_268">Cartucho</word>
   <word id="word_269">(</word>
   <word id="word_270">a_</word>
   <word id="word_271">os</word>
   <word id="word_272">72</word>
   <word id="word_273">m</word>
   <word id="word_274">)</word>
   <word id="word_275">,</word>
   <word id="word_276">por_</word>
   <word id="word_277">o</word>
   <word id="word_278">Vizela</word>
   <word id="word_279">.</word>
   <word id="word_280">Cartões</word>
   <word id="word_281">amarelos</word>
   <word id="word_282">,</word>
   <word id="word_283">para</word>
   <word id="word_284">Toraca</word>
   <word id="word_285">(</word>
   <word id="word_286">Paços</word>
   <word id="word_287">Ferreira</word>
   <word id="word_288">)</word>
   <word id="word_289">e</word>
   <word id="word_290">Cândido</word>
   <word id="word_291">e</word>
   <word id="word_292">Rochinha</word>
   <word id="word_293">(</word>
   <word id="word_294">ambos</word>
   <word id="word_295">de_</word>
   <word id="word_296">o</word>
   <word id="word_297">Vizela</word>
   <word id="word_298">)</word>
   <word id="word_299">.</word>
   <word id="word_300">Os</word>
   <word id="word_301">minutos</word>
   <word id="word_302">iniciais</word>
   <word id="word_303">de_</word>
   <word id="word_304">a</word>
   <word id="word_305">partida</word>
   <word id="word_306">foram</word>
   <word id="word_307">de</word>
   <word id="word_308">estudo</word>
   <word id="word_309">mútuo</word>
   <word id="word_310">,</word>
   <word id="word_311">mas</word>
   <word id="word_312">em</word>
   <word id="word_313">breve</word>
   <word id="word_314">se</word>
   <word id="word_315">verificou</word>
   <word id="word_316">que</word>
   <word id="word_317">os</word>
   <word id="word_318">visitantes</word>
   <word id="word_319">estavam</word>
   <word id="word_320">predispostos</word>
   <word id="word_321">para</word>
   <word id="word_322">uma</word>
   <word id="word_323">vitória</word>
   <word id="word_324">,</word>
   <word id="word_325">devido</word>
   <word id="word_326">a_</word>
   <word id="word_327">a</word>
   <word id="word_328">pressão</word>
   <word id="word_329">que</word>
   <word id="word_330">exerceram</word>
   <word id="word_331">sobre</word>
   <word id="word_332">os</word>
   <word id="word_333">donos</word>
   <word id="word_334">de_</word>
   <word id="word_335">a</word>
   <word id="word_336">casa</word>
   <word id="word_337">,</word>
   <word id="word_338">só</word>
   <word id="word_339">não</word>
   <word id="word_340">tendo</word>
   <word id="word_341">marcado</word>
   <word id="word_342">devido</word>
   <word id="word_343">a</word>
   <word id="word_344">uma</word>
   <word id="word_345">intervenção</word>
   <word id="word_346">,</word>
   <word id="word_347">com</word>
   <word id="word_348">alguma</word>
   <word id="word_349">dose</word>
   <word id="word_350">de</word>
   <word id="word_351">sorte</word>
   <word id="word_352">,</word>
   <word id="word_353">de</word>
   <word id="word_354">um</word>
   <word id="word_355">defesa</word>
   <word id="word_356">local</word>
   <word id="word_357">,</word>
   <word id="word_358">a</word>
   <word id="word_359">evitar</word>
   <word id="word_360">o</word>
   <word id="word_361">golo</word>
   <word id="word_362">certo</word>
   <word id="word_363">.</word>
   <word id="word_364">Este</word>
   <word id="word_365">lance</word>
   <word id="word_366">espevitou</word>
   <word id="word_367">de</word>
   <word id="word_368">tal</word>
   <word id="word_369">maneira</word>
   <word id="word_370">a</word>
   <word id="word_371">equipe</word>
   <word id="word_372">pacense</word>
   <word id="word_373">,</word>
   <word id="word_374">que</word>
   <word id="word_375">foi</word>
   <word id="word_376">ela</word>
   <word id="word_377">que</word>
   <word id="word_378">foi</word>
   <word id="word_379">para</word>
   <word id="word_380">o</word>
   <word id="word_381">ataque</word>
   <word id="word_382">e</word>
   <word id="word_383">logrou</word>
   <word id="word_384">conseguir</word>
   <word id="word_385">a</word>
   <word id="word_386">obtenção</word>
   <word id="word_387">de_</word>
   <word id="word_388">o</word>
   <word id="word_389">primeiro</word>
   <word id="word_390">golo</word>
   <word id="word_391">,</word>
   <word id="word_392">através</word>
   <word id="word_393">de</word>
   <word id="word_394">jogada</word>
   <word id="word_395">de</word>
   <word id="word_396">bom</word>
   <word id="word_397">recorte</word>
   <word id="word_398">,</word>
   <word id="word_399">começada</word>
   <word id="word_400">em_</word>
   <word id="word_401">o</word>
   <word id="word_402">defesa</word>
   <word id="word_403">Monteiro</word>
   <word id="word_404">e</word>
   <word id="word_405">bem</word>
   <word id="word_406">concluída</word>
   <word id="word_407">(</word>
   <word id="word_408">de</word>
   <word id="word_409">cabeça</word>
   <word id="word_410">)</word>
   <word id="word_411">por_</word>
   <word id="word_412">o</word>
   <word id="word_413">extremo</word>
   <word id="word_414">Jorge</word>
   <word id="word_415">.</word>
   <word id="word_416">Em_</word>
   <word id="word_417">o</word>
   <word id="word_418">segundo</word>
   <word id="word_419">tempo</word>
   <word id="word_420">,</word>
   <word id="word_421">assistiu</word>
   <word id="word_422">-se</word>
   <word id="word_423">a</word>
   <word id="word_424">um</word>
   <word id="word_425">maior</word>
   <word id="word_426">equilíbrio</word>
   <word id="word_427">,</word>
   <word id="word_428">já</word>
   <word id="word_429">que</word>
   <word id="word_430">os</word>
   <word id="word_431">donos</word>
   <word id="word_432">de_</word>
   <word id="word_433">o</word>
   <word id="word_434">terreno</word>
   <word id="word_435">,</word>
   <word id="word_436">a</word>
   <word id="word_437">vencerem</word>
   <word id="word_438">,</word>
   <word id="word_439">procuraram</word>
   <word id="word_440">defenderem</word>
   <word id="word_441">-se</word>
   <word id="word_442">e</word>
   <word id="word_443">faziam</word>
   <word id="word_444">-no</word>
   <word id="word_445">com</word>
   <word id="word_446">cabeça</word>
   <word id="word_447">.</word>
   <word id="word_448">Em_</word>
   <word id="word_449">o</word>
   <word id="word_450">entanto</word>
   <word id="word_451">,</word>
   <word id="word_452">os</word>
   <word id="word_453">vizelenses</word>
   <word id="word_454">procuraram</word>
   <word id="word_455">a</word>
   <word id="word_456">todo</word>
   <word id="word_457">momento</word>
   <word id="word_458">o</word>
   <word id="word_459">golo</word>
   <word id="word_460">de</word>
   <word id="word_461">empate</word>
   <word id="word_462">,</word>
   <word id="word_463">o</word>
   <word id="word_464">que</word>
   <word id="word_465">viria</word>
   <word id="word_466">a</word>
   <word id="word_467">acontecer</word>
   <word id="word_468">(</word>
   <word id="word_469">também</word>
   <word id="word_470">de</word>
   <word id="word_471">cabeça</word>
   <word id="word_472">)</word>
   <word id="word_473">,</word>
   <word id="word_474">a_</word>
   <word id="word_475">os</word>
   <word id="word_476">72</word>
   <word id="word_477">minutos</word>
   <word id="word_478">,</word>
   <word id="word_479">por</word>
   <word id="word_480">intermédio</word>
   <word id="word_481">de</word>
   <word id="word_482">Cartucho</word>
   <word id="word_483">.</word>
   <word id="word_484">Surgindo</word>
   <word id="word_485">o</word>
   <word id="word_486">empate</word>
   <word id="word_487">,</word>
   <word id="word_488">a</word>
   <word id="word_489">turma</word>
   <word id="word_490">de_</word>
   <word id="word_491">a</word>
   <word id="word_492">casa</word>
   <word id="word_493">lançou</word>
   <word id="word_494">-se</word>
   <word id="word_495">em_</word>
   <word id="word_496">o</word>
   <word id="word_497">ataque</word>
   <word id="word_498">e</word>
   <word id="word_499">quase</word>
   <word id="word_500">que</word>
   <word id="word_501">ia</word>
   <word id="word_502">conseguindo</word>
   <word id="word_503">o</word>
   <word id="word_504">golo</word>
   <word id="word_505">de_</word>
   <word id="word_506">a</word>
   <word id="word_507">vitória</word>
   <word id="word_508">,</word>
   <word id="word_509">em</word>
   <word id="word_510">lance</word>
   <word id="word_511">de</word>
   <word id="word_512">sorte</word>
   <word id="word_513">para</word>
   <word id="word_514">a</word>
   <word id="word_515">turma</word>
   <word id="word_516">visitante</word>
   <word id="word_517">,</word>
   <word id="word_518">isto</word>
   <word id="word_519">a</word>
   <word id="word_520">escassos</word>
   <word id="word_521">minutos</word>
   <word id="word_522">de_</word>
   <word id="word_523">o</word>
   <word id="word_524">termo</word>
   <word id="word_525">de_</word>
   <word id="word_526">a</word>
   <word id="word_527">partido</word>
   <word id="word_528">.</word>
   <word id="word_529">Mas</word>
   <word id="word_530">estava</word>
   <word id="word_531">escrito</word>
   <word id="word_532">que</word>
   <word id="word_533">o</word>
   <word id="word_534">Paços</word>
   <word id="word_535">de</word>
   <word id="word_536">Ferreira</word>
   <word id="word_537">não</word>
   <word id="word_538">poderia</word>
   <word id="word_539">vencer</word>
   <word id="word_540">este</word>
   <word id="word_541">encontro</word>
   <word id="word_542">,</word>
   <word id="word_543">que</word>
   <word id="word_544">bem</word>
   <word id="word_545">o</word>
   <word id="word_546">merecia</word>
   <word id="word_547">,</word>
   <word id="word_548">visto</word>
   <word id="word_549">a</word>
   <word id="word_550">sorte</word>
   <word id="word_551">não</word>
   <word id="word_552">estar</word>
   <word id="word_553">com</word>
   <word id="word_554">a</word>
   <word id="word_555">equipa</word>
   <word id="word_556">.</word>
   <word id="word_557">Arbitragem</word>
   <word id="word_558">sem</word>
   <word id="word_559">quaisquer</word>
   <word id="word_560">problemas</word>
   <word id="word_561">,</word>
   <word id="word_562">apesar</word>
   <word id="word_563">de_</word>
   <word id="word_564">os</word>
   <word id="word_565">três</word>
   <word id="word_566">«amarelos»</word>
   <word id="word_567">mostrados</word>
   <word id="word_568">.</word>
</words>
