<?xml version="1.0" encoding="UTF-8"?>
<!DOCTYPE words SYSTEM "words.dtd">
<words>
   <word id="word_1">Integradas</word>
   <word id="word_2">em_</word>
   <word id="word_3">as</word>
   <word id="word_4">comemorações</word>
   <word id="word_5">de_</word>
   <word id="word_6">o</word>
   <word id="word_7">483º</word>
   <word id="word_8">aniversário</word>
   <word id="word_9">de_</word>
   <word id="word_10">a</word>
   <word id="word_11">Santa</word>
   <word id="word_12">Casa</word>
   <word id="word_13">de_</word>
   <word id="word_14">a</word>
   <word id="word_15">Misericórdia</word>
   <word id="word_16">de</word>
   <word id="word_17">Lisboa</word>
   <word id="word_18">realizou</word>
   <word id="word_19">-se</word>
   <word id="word_20">,</word>
   <word id="word_21">em_</word>
   <word id="word_22">o</word>
   <word id="word_23">Teatro</word>
   <word id="word_24">de</word>
   <word id="word_25">S.</word>
   <word id="word_26">Luís</word>
   <word id="word_27">um</word>
   <word id="word_28">espectáculo</word>
   <word id="word_29">de</word>
   <word id="word_30">variedades</word>
   <word id="word_31">em</word>
   <word id="word_32">que</word>
   <word id="word_33">participaram</word>
   <word id="word_34">reformados</word>
   <word id="word_35">e</word>
   <word id="word_36">idosos</word>
   <word id="word_37">que</word>
   <word id="word_38">frequentam</word>
   <word id="word_39">os</word>
   <word id="word_40">Centros</word>
   <word id="word_41">de</word>
   <word id="word_42">Dia</word>
   <word id="word_43">e</word>
   <word id="word_44">Terceira</word>
   <word id="word_45">Idade</word>
   <word id="word_46">de_</word>
   <word id="word_47">aquela</word>
   <word id="word_48">instituição</word>
   <word id="word_49">.</word>
   <word id="word_50">As</word>
   <word id="word_51">comemorações</word>
   <word id="word_52">terminaram</word>
   <word id="word_53">ontem</word>
   <word id="word_54">com</word>
   <word id="word_55">um</word>
   <word id="word_56">convívio</word>
   <word id="word_57">de_</word>
   <word id="word_58">o</word>
   <word id="word_59">pessoal</word>
   <word id="word_60">,</word>
   <word id="word_61">a</word>
   <word id="word_62">que</word>
   <word id="word_63">se</word>
   <word id="word_64">seguiu</word>
   <word id="word_65">um</word>
   <word id="word_66">lanche</word>
   <word id="word_67">presidido</word>
   <word id="word_68">por_</word>
   <word id="word_69">o</word>
   <word id="word_70">ministro</word>
   <word id="word_71">de_</word>
   <word id="word_72">os</word>
   <word id="word_73">Assuntos</word>
   <word id="word_74">Sociais</word>
   <word id="word_75">,</word>
   <word id="word_76">dr.</word>
   <word id="word_77">Carlos</word>
   <word id="word_78">Macedo</word>
   <word id="word_79">.</word>
   <word id="word_80">O</word>
   <word id="word_81">espectáculo</word>
   <word id="word_82">,</word>
   <word id="word_83">realizado</word>
   <word id="word_84">em_</word>
   <word id="word_85">o</word>
   <word id="word_86">Teatro</word>
   <word id="word_87">de</word>
   <word id="word_88">S.</word>
   <word id="word_89">Luís</word>
   <word id="word_90">,</word>
   <word id="word_91">contou</word>
   <word id="word_92">com</word>
   <word id="word_93">a</word>
   <word id="word_94">colaboração</word>
   <word id="word_95">de_</word>
   <word id="word_96">a</word>
   <word id="word_97">orquestra</word>
   <word id="word_98">ligeira</word>
   <word id="word_99">de_</word>
   <word id="word_100">a</word>
   <word id="word_101">RDP</word>
   <word id="word_102">,</word>
   <word id="word_103">sob</word>
   <word id="word_104">a</word>
   <word id="word_105">direcção</word>
   <word id="word_106">de</word>
   <word id="word_107">José</word>
   <word id="word_108">Mesquita</word>
   <word id="word_109">,</word>
   <word id="word_110">estando</word>
   <word id="word_111">a</word>
   <word id="word_112">apresentação</word>
   <word id="word_113">a</word>
   <word id="word_114">cargo</word>
   <word id="word_115">de</word>
   <word id="word_116">Maria</word>
   <word id="word_117">Leonor</word>
   <word id="word_118">e</word>
   <word id="word_119">Marques</word>
   <word id="word_120">Vidal</word>
   <word id="word_121">.</word>
   <word id="word_122">Assistiram</word>
   <word id="word_123">a_</word>
   <word id="word_124">o</word>
   <word id="word_125">espectáculo</word>
   <word id="word_126">a</word>
   <word id="word_127">esposa</word>
   <word id="word_128">de_</word>
   <word id="word_129">o</word>
   <word id="word_130">Presidente</word>
   <word id="word_131">de_</word>
   <word id="word_132">a</word>
   <word id="word_133">República</word>
   <word id="word_134">,</word>
   <word id="word_135">dra.</word>
   <word id="word_136">Manuela</word>
   <word id="word_137">Eanes</word>
   <word id="word_138">,</word>
   <word id="word_139">a</word>
   <word id="word_140">secretária</word>
   <word id="word_141">de</word>
   <word id="word_142">Estado</word>
   <word id="word_143">de_</word>
   <word id="word_144">a</word>
   <word id="word_145">Família</word>
   <word id="word_146">,</word>
   <word id="word_147">dra.</word>
   <word id="word_148">Teresa</word>
   <word id="word_149">Costa</word>
   <word id="word_150">Macedo</word>
   <word id="word_151">,</word>
   <word id="word_152">governador</word>
   <word id="word_153">civil</word>
   <word id="word_154">,</word>
   <word id="word_155">engº</word>
   <word id="word_156">Neiva</word>
   <word id="word_157">Correia</word>
   <word id="word_158">,</word>
   <word id="word_159">vereadores</word>
   <word id="word_160">de_</word>
   <word id="word_161">a</word>
   <word id="word_162">Câmara</word>
   <word id="word_163">Municipal</word>
   <word id="word_164">de</word>
   <word id="word_165">Lisboa</word>
   <word id="word_166">,</word>
   <word id="word_167">e</word>
   <word id="word_168">o</word>
   <word id="word_169">provedor</word>
   <word id="word_170">de_</word>
   <word id="word_171">a</word>
   <word id="word_172">Misericórdia</word>
   <word id="word_173">,</word>
   <word id="word_174">dr.</word>
   <word id="word_175">Pedro</word>
   <word id="word_176">de</word>
   <word id="word_177">Vasconcelos</word>
   <word id="word_178">.</word>
   <word id="word_179">Entretanto</word>
   <word id="word_180">,</word>
   <word id="word_181">ontem</word>
   <word id="word_182">,</word>
   <word id="word_183">a_</word>
   <word id="word_184">a</word>
   <word id="word_185">tarde</word>
   <word id="word_186">,</word>
   <word id="word_187">realizaram</word>
   <word id="word_188">-se</word>
   <word id="word_189">em_</word>
   <word id="word_190">as</word>
   <word id="word_191">novas</word>
   <word id="word_192">instalações</word>
   <word id="word_193">de_</word>
   <word id="word_194">a</word>
   <word id="word_195">Colónia</word>
   <word id="word_196">de</word>
   <word id="word_197">Férias</word>
   <word id="word_198">de_</word>
   <word id="word_199">o</word>
   <word id="word_200">Inatel</word>
   <word id="word_201">,</word>
   <word id="word_202">em_</word>
   <word id="word_203">a</word>
   <word id="word_204">Costa</word>
   <word id="word_205">de_</word>
   <word id="word_206">a</word>
   <word id="word_207">Caparica</word>
   <word id="word_208">,</word>
   <word id="word_209">provas</word>
   <word id="word_210">desportivas</word>
   <word id="word_211">,</word>
   <word id="word_212">a</word>
   <word id="word_213">que</word>
   <word id="word_214">se</word>
   <word id="word_215">seguiu</word>
   <word id="word_216">um</word>
   <word id="word_217">espectáculo</word>
   <word id="word_218">musical</word>
   <word id="word_219">com</word>
   <word id="word_220">actuações</word>
   <word id="word_221">de</word>
   <word id="word_222">bandas</word>
   <word id="word_223">e</word>
   <word id="word_224">grupos</word>
   <word id="word_225">folclóricos</word>
   <word id="word_226">de_</word>
   <word id="word_227">o</word>
   <word id="word_228">Inatel</word>
   <word id="word_229">e</word>
   <word id="word_230">o</word>
   <word id="word_231">grupo</word>
   <word id="word_232">de</word>
   <word id="word_233">guitarras</word>
   <word id="word_234">e</word>
   <word id="word_235">violas</word>
   <word id="word_236">de_</word>
   <word id="word_237">a</word>
   <word id="word_238">Santa</word>
   <word id="word_239">Casa</word>
   <word id="word_240">de_</word>
   <word id="word_241">a</word>
   <word id="word_242">Misericórdia</word>
   <word id="word_243">de</word>
   <word id="word_244">Lisboa</word>
   <word id="word_245">.</word>
   <word id="word_246">a_</word>
   <word id="word_247">os</word>
   <word id="word_248">funcionários</word>
   <word id="word_249">com</word>
   <word id="word_250">mais</word>
   <word id="word_251">de</word>
   <word id="word_252">35</word>
   <word id="word_253">anos</word>
   <word id="word_254">de</word>
   <word id="word_255">serviço</word>
   <word id="word_256">foram</word>
   <word id="word_257">distribuídos</word>
   <word id="word_258">emblemas</word>
   <word id="word_259">de</word>
   <word id="word_260">prata</word>
   <word id="word_261">durante</word>
   <word id="word_262">uma</word>
   <word id="word_263">cerimónia</word>
   <word id="word_264">presidida</word>
   <word id="word_265">por_</word>
   <word id="word_266">o</word>
   <word id="word_267">ministro</word>
   <word id="word_268">de_</word>
   <word id="word_269">os</word>
   <word id="word_270">Assuntos</word>
   <word id="word_271">Sociais</word>
   <word id="word_272">,</word>
   <word id="word_273">dr.</word>
   <word id="word_274">Carlos</word>
   <word id="word_275">Macedo</word>
   <word id="word_276">.</word>
</words>
