<?xml version="1.0" encoding="UTF-8"?>
<!DOCTYPE words SYSTEM "words.dtd">
<words>
   <word id="word_1">A</word>
   <word id="word_2">última</word>
   <word id="word_3">história</word>
   <word id="word_4">amorosa</word>
   <word id="word_5">de</word>
   <word id="word_6">Elvis</word>
   <word id="word_7">Presley</word>
   <word id="word_8">,</word>
   <word id="word_9">que</word>
   <word id="word_10">envolveu</word>
   <word id="word_11">a</word>
   <word id="word_12">norte-americana</word>
   <word id="word_13">Linda</word>
   <word id="word_14">Thompson</word>
   <word id="word_15">,</word>
   <word id="word_16">vai</word>
   <word id="word_17">ser</word>
   <word id="word_18">posta</word>
   <word id="word_19">em</word>
   <word id="word_20">filme</word>
   <word id="word_21">para</word>
   <word id="word_22">a</word>
   <word id="word_23">televisão</word>
   <word id="word_24">,</word>
   <word id="word_25">com</word>
   <word id="word_26">o</word>
   <word id="word_27">título</word>
   <word id="word_28">«Elvis</word>
   <word id="word_29">e</word>
   <word id="word_30">a</word>
   <word id="word_31">Rainha</word>
   <word id="word_32">de_</word>
   <word id="word_33">a</word>
   <word id="word_34">Beleza»</word>
   <word id="word_35">.</word>
   <word id="word_36">Linda</word>
   <word id="word_37">,</word>
   <word id="word_38">que</word>
   <word id="word_39">foi</word>
   <word id="word_40">Miss</word>
   <word id="word_41">Tennessee</word>
   <word id="word_42">,</word>
   <word id="word_43">em</word>
   <word id="word_44">1972</word>
   <word id="word_45">,</word>
   <word id="word_46">teve</word>
   <word id="word_47">uma</word>
   <word id="word_48">ligação</word>
   <word id="word_49">com</word>
   <word id="word_50">Elvis</word>
   <word id="word_51">durante</word>
   <word id="word_52">cinco</word>
   <word id="word_53">anos</word>
   <word id="word_54">,</word>
   <word id="word_55">só</word>
   <word id="word_56">terminada</word>
   <word id="word_57">oito</word>
   <word id="word_58">meses</word>
   <word id="word_59">antes</word>
   <word id="word_60">de_</word>
   <word id="word_61">a</word>
   <word id="word_62">morte</word>
   <word id="word_63">de_</word>
   <word id="word_64">o</word>
   <word id="word_65">cantor</word>
   <word id="word_66">,</word>
   <word id="word_67">em</word>
   <word id="word_68">Agosto</word>
   <word id="word_69">de</word>
   <word id="word_70">1977</word>
   <word id="word_71">.</word>
   <word id="word_72">A</word>
   <word id="word_73">ex-Miss</word>
   <word id="word_74">Tennessee</word>
   <word id="word_75">,</word>
   <word id="word_76">que</word>
   <word id="word_77">é</word>
   <word id="word_78">actualmente</word>
   <word id="word_79">mulher</word>
   <word id="word_80">de_</word>
   <word id="word_81">o</word>
   <word id="word_82">campeão</word>
   <word id="word_83">olímpico</word>
   <word id="word_84">de_</word>
   <word id="word_85">o</word>
   <word id="word_86">decatlo</word>
   <word id="word_87">de</word>
   <word id="word_88">1976</word>
   <word id="word_89">,</word>
   <word id="word_90">Bruce</word>
   <word id="word_91">Jenner</word>
   <word id="word_92">,</word>
   <word id="word_93">foi</word>
   <word id="word_94">consultada</word>
   <word id="word_95">para</word>
   <word id="word_96">o</word>
   <word id="word_97">filme</word>
   <word id="word_98">,</word>
   <word id="word_99">de</word>
   <word id="word_100">duas</word>
   <word id="word_101">horas</word>
   <word id="word_102">,</word>
   <word id="word_103">sobre</word>
   <word id="word_104">a</word>
   <word id="word_105">sua</word>
   <word id="word_106">vida</word>
   <word id="word_107">com</word>
   <word id="word_108">Elvis</word>
   <word id="word_109">,</word>
   <word id="word_110">que</word>
   <word id="word_111">vai</word>
   <word id="word_112">ser</word>
   <word id="word_113">passado</word>
   <word id="word_114">em_</word>
   <word id="word_115">a</word>
   <word id="word_116">televisão</word>
   <word id="word_117">.</word>
   <word id="word_118">Conheceram</word>
   <word id="word_119">-se</word>
   <word id="word_120">em</word>
   <word id="word_121">Julho</word>
   <word id="word_122">de</word>
   <word id="word_123">1972</word>
   <word id="word_124">,</word>
   <word id="word_125">quando</word>
   <word id="word_126">Linda</word>
   <word id="word_127">foi</word>
   <word id="word_128">a</word>
   <word id="word_129">«Graceland»</word>
   <word id="word_130">-</word>
   <word id="word_131">a</word>
   <word id="word_132">mansão</word>
   <word id="word_133">de</word>
   <word id="word_134">Elvis</word>
   <word id="word_135">em</word>
   <word id="word_136">Menphis</word>
   <word id="word_137">-</word>
   <word id="word_138">para</word>
   <word id="word_139">tentar</word>
   <word id="word_140">ver</word>
   <word id="word_141">o</word>
   <word id="word_142">seu</word>
   <word id="word_143">ídolo</word>
   <word id="word_144">«rock»</word>
   <word id="word_145">.</word>
   <word id="word_146">Linda</word>
   <word id="word_147">queixa</word>
   <word id="word_148">-se</word>
   <word id="word_149">de_</word>
   <word id="word_150">o</word>
   <word id="word_151">cativeiro</word>
   <word id="word_152">em</word>
   <word id="word_153">que</word>
   <word id="word_154">Elvis</word>
   <word id="word_155">a</word>
   <word id="word_156">manteve</word>
   <word id="word_157">,</word>
   <word id="word_158">visto</word>
   <word id="word_159">que</word>
   <word id="word_160">durante</word>
   <word id="word_161">aqueles</word>
   <word id="word_162">cinco</word>
   <word id="word_163">anos</word>
   <word id="word_164">,</word>
   <word id="word_165">só</word>
   <word id="word_166">mesmo</word>
   <word id="word_167">esporádicamente</word>
   <word id="word_168">foi</word>
   <word id="word_169">autorizada</word>
   <word id="word_170">a</word>
   <word id="word_171">ver</word>
   <word id="word_172">os</word>
   <word id="word_173">pais</word>
   <word id="word_174">.</word>
   <word id="word_175">Nunca</word>
   <word id="word_176">aparecia</word>
   <word id="word_177">em</word>
   <word id="word_178">público</word>
   <word id="word_179">com</word>
   <word id="word_180">o</word>
   <word id="word_181">famoso</word>
   <word id="word_182">cantor</word>
   <word id="word_183">e</word>
   <word id="word_184">só</word>
   <word id="word_185">uma</word>
   <word id="word_186">vez</word>
   <word id="word_187">jantaram</word>
   <word id="word_188">os</word>
   <word id="word_189">dois</word>
   <word id="word_190">«normalmente»</word>
   <word id="word_191">em_</word>
   <word id="word_192">um</word>
   <word id="word_193">restaurante</word>
   <word id="word_194">de</word>
   <word id="word_195">Las</word>
   <word id="word_196">Vegas</word>
   <word id="word_197">.</word>
   <word id="word_198">De</word>
   <word id="word_199">resto</word>
   <word id="word_200">,</word>
   <word id="word_201">só</word>
   <word id="word_202">frequentavam</word>
   <word id="word_203">lugares</word>
   <word id="word_204">púlicos</word>
   <word id="word_205">depois</word>
   <word id="word_206">de</word>
   <word id="word_207">estes</word>
   <word id="word_208">terem</word>
   <word id="word_209">fechado</word>
   <word id="word_210">para</word>
   <word id="word_211">os</word>
   <word id="word_212">clientes</word>
   <word id="word_213">habituais</word>
   <word id="word_214">.</word>
   <word id="word_215">Linda</word>
   <word id="word_216">afirma</word>
   <word id="word_217">que</word>
   <word id="word_218">Elvis</word>
   <word id="word_219">tinha</word>
   <word id="word_220">«curiosamente</word>
   <word id="word_221">,</word>
   <word id="word_222">uma</word>
   <word id="word_223">objecção</word>
   <word id="word_224">moral</word>
   <word id="word_225">a</word>
   <word id="word_226">drogas»</word>
   <word id="word_227">.</word>
   <word id="word_228">Em</word>
   <word id="word_229">cinco</word>
   <word id="word_230">anos</word>
   <word id="word_231">apenas</word>
   <word id="word_232">o</word>
   <word id="word_233">viu</word>
   <word id="word_234">fumar</word>
   <word id="word_235">«erva»</word>
   <word id="word_236">uma</word>
   <word id="word_237">vez</word>
   <word id="word_238">e</word>
   <word id="word_239">,</word>
   <word id="word_240">de</word>
   <word id="word_241">resto</word>
   <word id="word_242">,</word>
   <word id="word_243">tudo</word>
   <word id="word_244">o</word>
   <word id="word_245">que</word>
   <word id="word_246">tomava</word>
   <word id="word_247">constava</word>
   <word id="word_248">em</word>
   <word id="word_249">receitas</word>
   <word id="word_250">legais</word>
   <word id="word_251">.</word>
   <word id="word_252">«Tinha</word>
   <word id="word_253">,</word>
   <word id="word_254">em_</word>
   <word id="word_255">o</word>
   <word id="word_256">entanto</word>
   <word id="word_257">,</word>
   <word id="word_258">um</word>
   <word id="word_259">grande</word>
   <word id="word_260">«stock»</word>
   <word id="word_261">de</word>
   <word id="word_262">remédios</word>
   <word id="word_263">que</word>
   <word id="word_264">o</word>
   <word id="word_265">iam</word>
   <word id="word_266">destruindo</word>
   <word id="word_267">e</word>
   <word id="word_268">que</word>
   <word id="word_269">constituíram</word>
   <word id="word_270">a</word>
   <word id="word_271">razão</word>
   <word id="word_272">que</word>
   <word id="word_273">me</word>
   <word id="word_274">levou</word>
   <word id="word_275">a</word>
   <word id="word_276">deixá-lo»</word>
   <word id="word_277">conta</word>
   <word id="word_278">a</word>
   <word id="word_279">ex-Miss</word>
   <word id="word_280">Tennessee</word>
   <word id="word_281">,</word>
   <word id="word_282">para</word>
   <word id="word_283">acrescentar</word>
   <word id="word_284">:</word>
   <word id="word_285">«Detestava</word>
   <word id="word_286">ver</word>
   <word id="word_287">o</word>
   <word id="word_288">que</word>
   <word id="word_289">as</word>
   <word id="word_290">drogas</word>
   <word id="word_291">lhe</word>
   <word id="word_292">faziam</word>
   <word id="word_293">,</word>
   <word id="word_294">mas</word>
   <word id="word_295">não</word>
   <word id="word_296">conseguia</word>
   <word id="word_297">modificar</word>
   <word id="word_298">os</word>
   <word id="word_299">seus</word>
   <word id="word_300">hábitos</word>
   <word id="word_301">.</word>
   <word id="word_302">Quando</word>
   <word id="word_303">acabámos</word>
   <word id="word_304">ele</word>
   <word id="word_305">tinha</word>
   <word id="word_306">tinha</word>
   <word id="word_307">41</word>
   <word id="word_308">anos</word>
   <word id="word_309">,</word>
   <word id="word_310">mas</word>
   <word id="word_311">em</word>
   <word id="word_312">muitos</word>
   <word id="word_313">aspectos</word>
   <word id="word_314">,</word>
   <word id="word_315">não</word>
   <word id="word_316">tinha</word>
   <word id="word_317">crescido</word>
   <word id="word_318">.</word>
   <word id="word_319">Suscitava</word>
   <word id="word_320">o</word>
   <word id="word_321">instinto</word>
   <word id="word_322">maternal</word>
   <word id="word_323">de_</word>
   <word id="word_324">as</word>
   <word id="word_325">mulheres»</word>
   <word id="word_326">.</word>
   <word id="word_327">Sobre</word>
   <word id="word_328">o</word>
   <word id="word_329">fim</word>
   <word id="word_330">de_</word>
   <word id="word_331">a</word>
   <word id="word_332">vida</word>
   <word id="word_333">de</word>
   <word id="word_334">Elvis</word>
   <word id="word_335">diz</word>
   <word id="word_336">Linda</word>
   <word id="word_337">:</word>
   <word id="word_338">«Nos</word>
   <word id="word_339">últimos</word>
   <word id="word_340">oito</word>
   <word id="word_341">meses</word>
   <word id="word_342">Elvis</word>
   <word id="word_343">ia</word>
   <word id="word_344">enfraquecendo</word>
   <word id="word_345">gradualmente</word>
   <word id="word_346">.</word>
   <word id="word_347">Já</word>
   <word id="word_348">nem</word>
   <word id="word_349">parecia</word>
   <word id="word_350">o</word>
   <word id="word_351">homem</word>
   <word id="word_352">com</word>
   <word id="word_353">quem</word>
   <word id="word_354">tinha</word>
   <word id="word_355">vivido</word>
   <word id="word_356">cinco</word>
   <word id="word_357">anos</word>
   <word id="word_358">.</word>
   <word id="word_359">»</word>
   <word id="word_360">«Quando</word>
   <word id="word_361">parti</word>
   <word id="word_362">foi</word>
   <word id="word_363">de</word>
   <word id="word_364">certo</word>
   <word id="word_365">modo</word>
   <word id="word_366">um</word>
   <word id="word_367">alívio</word>
   <word id="word_368">para</word>
   <word id="word_369">mim</word>
   <word id="word_370">,</word>
   <word id="word_371">mas</word>
   <word id="word_372">foi</word>
   <word id="word_373">também</word>
   <word id="word_374">triste</word>
   <word id="word_375">porque</word>
   <word id="word_376">percebia</word>
   <word id="word_377">que</word>
   <word id="word_378">ele</word>
   <word id="word_379">já</word>
   <word id="word_380">não</word>
   <word id="word_381">ia</word>
   <word id="word_382">viver</word>
   <word id="word_383">muito</word>
   <word id="word_384">tempo</word>
   <word id="word_385">.</word>
   <word id="word_386">Ele</word>
   <word id="word_387">estava</word>
   <word id="word_388">a</word>
   <word id="word_389">caminhar</word>
   <word id="word_390">para</word>
   <word id="word_391">o</word>
   <word id="word_392">fim</word>
   <word id="word_393">e</word>
   <word id="word_394">não</word>
   <word id="word_395">parecia</word>
   <word id="word_396">poder</word>
   <word id="word_397">acabar</word>
   <word id="word_398">com</word>
   <word id="word_399">aquilo»</word>
   <word id="word_400">,</word>
   <word id="word_401">conta</word>
   <word id="word_402">ainda</word>
   <word id="word_403">.</word>
   <word id="word_404">Quanto</word>
   <word id="word_405">a_</word>
   <word id="word_406">o</word>
   <word id="word_407">filme</word>
   <word id="word_408">para</word>
   <word id="word_409">a</word>
   <word id="word_410">televisão</word>
   <word id="word_411">,</word>
   <word id="word_412">Linda</word>
   <word id="word_413">lamenta</word>
   <word id="word_414">apenas</word>
   <word id="word_415">que</word>
   <word id="word_416">a</word>
   <word id="word_417">sua</word>
   <word id="word_418">relação</word>
   <word id="word_419">com</word>
   <word id="word_420">Elvis</word>
   <word id="word_421">pareça</word>
   <word id="word_422">bem</word>
   <word id="word_423">menos</word>
   <word id="word_424">complexa</word>
   <word id="word_425">de_</word>
   <word id="word_426">o</word>
   <word id="word_427">que</word>
   <word id="word_428">foi</word>
   <word id="word_429">.</word>
   <word id="word_430">«Mas</word>
   <word id="word_431">talvez</word>
   <word id="word_432">não</word>
   <word id="word_433">tenha</word>
   <word id="word_434">havido</word>
   <word id="word_435">muito</word>
   <word id="word_436">tempo»</word>
   <word id="word_437">admite</word>
   <word id="word_438">a</word>
   <word id="word_439">ex-Miss</word>
   <word id="word_440">Tennessee</word>
   <word id="word_441">.</word>
</words>
