<?xml version="1.0" encoding="UTF-8"?>
<!DOCTYPE words SYSTEM "words.dtd">
<words>
   <word id="word_1">«O</word>
   <word id="word_2">que</word>
   <word id="word_3">mais</word>
   <word id="word_4">afecta</word>
   <word id="word_5">a</word>
   <word id="word_6">Praia</word>
   <word id="word_7">de_</word>
   <word id="word_8">a</word>
   <word id="word_9">Rocha</word>
   <word id="word_10">são</word>
   <word id="word_11">as</word>
   <word id="word_12">infra-estruturas»</word>
   <word id="word_13">,</word>
   <word id="word_14">declarou</word>
   <word id="word_15">a_</word>
   <word id="word_16">o</word>
   <word id="word_17">«DN»</word>
   <word id="word_18">Apolo</word>
   <word id="word_19">Domingos</word>
   <word id="word_20">de_</word>
   <word id="word_21">os</word>
   <word id="word_22">Santos</word>
   <word id="word_23">António</word>
   <word id="word_24">,</word>
   <word id="word_25">vereador</word>
   <word id="word_26">de_</word>
   <word id="word_27">a</word>
   <word id="word_28">Câmara</word>
   <word id="word_29">Municipal</word>
   <word id="word_30">de</word>
   <word id="word_31">Portimão</word>
   <word id="word_32">.</word>
   <word id="word_33">E</word>
   <word id="word_34">acrescentou</word>
   <word id="word_35">:</word>
   <word id="word_36">«Tal</word>
   <word id="word_37">razão</word>
   <word id="word_38">deve</word>
   <word id="word_39">-se</word>
   <word id="word_40">a_</word>
   <word id="word_41">o</word>
   <word id="word_42">facto</word>
   <word id="word_43">de</word>
   <word id="word_44">não</word>
   <word id="word_45">termos</word>
   <word id="word_46">energia</word>
   <word id="word_47">eléctrica</word>
   <word id="word_48">capaz</word>
   <word id="word_49">de</word>
   <word id="word_50">corresponder</word>
   <word id="word_51">a_</word>
   <word id="word_52">as</word>
   <word id="word_53">necessidades</word>
   <word id="word_54">,</word>
   <word id="word_55">nomeadamente</word>
   <word id="word_56">a</word>
   <word id="word_57">uma</word>
   <word id="word_58">enorme</word>
   <word id="word_59">quantidade</word>
   <word id="word_60">de</word>
   <word id="word_61">empreendimentos</word>
   <word id="word_62">em</word>
   <word id="word_63">execução»</word>
   <word id="word_64">.</word>
   <word id="word_65">Desenvolvendo</word>
   <word id="word_66">as</word>
   <word id="word_67">suas</word>
   <word id="word_68">afirmações</word>
   <word id="word_69">,</word>
   <word id="word_70">o</word>
   <word id="word_71">nosso</word>
   <word id="word_72">entrevistado</word>
   <word id="word_73">disse</word>
   <word id="word_74">-nos</word>
   <word id="word_75">que</word>
   <word id="word_76">a</word>
   <word id="word_77">central</word>
   <word id="word_78">de</word>
   <word id="word_79">baixa</word>
   <word id="word_80">tensão</word>
   <word id="word_81">se</word>
   <word id="word_82">encontra</word>
   <word id="word_83">saturada</word>
   <word id="word_84">,</word>
   <word id="word_85">ou</word>
   <word id="word_86">seja</word>
   <word id="word_87">,</word>
   <word id="word_88">«aguenta</word>
   <word id="word_89">uma</word>
   <word id="word_90">carga</word>
   <word id="word_91">superior</word>
   <word id="word_92">a_</word>
   <word id="word_93">a</word>
   <word id="word_94">sua</word>
   <word id="word_95">capacidade»</word>
   <word id="word_96">.</word>
   <word id="word_97">A</word>
   <word id="word_98">propósito</word>
   <word id="word_99">deste</word>
   <word id="word_100">mesmo</word>
   <word id="word_101">assunto</word>
   <word id="word_102">,</word>
   <word id="word_103">sublinhou</word>
   <word id="word_104">Apolo</word>
   <word id="word_105">Domingos</word>
   <word id="word_106">,</word>
   <word id="word_107">os</word>
   <word id="word_108">Serviços</word>
   <word id="word_109">Municipalizados</word>
   <word id="word_110">e</word>
   <word id="word_111">a</word>
   <word id="word_112">Câmara</word>
   <word id="word_113">Municipal</word>
   <word id="word_114">de</word>
   <word id="word_115">Portimão</word>
   <word id="word_116">tinham</word>
   <word id="word_117">previsto</word>
   <word id="word_118">um</word>
   <word id="word_119">investimento</word>
   <word id="word_120">em_</word>
   <word id="word_121">a</word>
   <word id="word_122">ordem</word>
   <word id="word_123">de_</word>
   <word id="word_124">os</word>
   <word id="word_125">70</word>
   <word id="word_126">mil</word>
   <word id="word_127">contos</word>
   <word id="word_128">para</word>
   <word id="word_129">ampliação</word>
   <word id="word_130">de_</word>
   <word id="word_131">aquela</word>
   <word id="word_132">central</word>
   <word id="word_133">.</word>
   <word id="word_134">Todavia</word>
   <word id="word_135">,</word>
   <word id="word_136">salientou</word>
   <word id="word_137">,</word>
   <word id="word_138">dado</word>
   <word id="word_139">que</word>
   <word id="word_140">a</word>
   <word id="word_141">curto</word>
   <word id="word_142">prazo</word>
   <word id="word_143">-</word>
   <word id="word_144">talvez</word>
   <word id="word_145">dois</word>
   <word id="word_146">meses</word>
   <word id="word_147">-</word>
   <word id="word_148">a</word>
   <word id="word_149">responsabilidade</word>
   <word id="word_150">de_</word>
   <word id="word_151">a</word>
   <word id="word_152">obra</word>
   <word id="word_153">vai</word>
   <word id="word_154">passar</word>
   <word id="word_155">para</word>
   <word id="word_156">a</word>
   <word id="word_157">EDP</word>
   <word id="word_158">,</word>
   <word id="word_159">esta</word>
   <word id="word_160">continua</word>
   <word id="word_161">a</word>
   <word id="word_162">aguardar</word>
   <word id="word_163">o</word>
   <word id="word_164">seu</word>
   <word id="word_165">prosseguimento</word>
   <word id="word_166">.</word>
   <word id="word_167">Para</word>
   <word id="word_168">os</word>
   <word id="word_169">serviços</word>
   <word id="word_170">mencionados</word>
   <word id="word_171">e</word>
   <word id="word_172">para</word>
   <word id="word_173">a</word>
   <word id="word_174">Câmara</word>
   <word id="word_175">Municipal</word>
   <word id="word_176">de</word>
   <word id="word_177">Portimão</word>
   <word id="word_178">,</word>
   <word id="word_179">isto</word>
   <word id="word_180">foi</word>
   <word id="word_181">um</word>
   <word id="word_182">pequeno</word>
   <word id="word_183">«milagre»</word>
   <word id="word_184">,</word>
   <word id="word_185">uma</word>
   <word id="word_186">vez</word>
   <word id="word_187">que</word>
   <word id="word_188">a</word>
   <word id="word_189">verba</word>
   <word id="word_190">citada</word>
   <word id="word_191">iria</word>
   <word id="word_192">ser</word>
   <word id="word_193">conseguida</word>
   <word id="word_194">através</word>
   <word id="word_195">de</word>
   <word id="word_196">empréstimos</word>
   <word id="word_197">,</word>
   <word id="word_198">muito</word>
   <word id="word_199">embora</word>
   <word id="word_200">com</word>
   <word id="word_201">juros</word>
   <word id="word_202">.</word>
   <word id="word_203">Em_</word>
   <word id="word_204">o</word>
   <word id="word_205">que</word>
   <word id="word_206">respeita</word>
   <word id="word_207">a_</word>
   <word id="word_208">a</word>
   <word id="word_209">água</word>
   <word id="word_210">,</word>
   <word id="word_211">outro</word>
   <word id="word_212">flagelo</word>
   <word id="word_213">com</word>
   <word id="word_214">que</word>
   <word id="word_215">a</word>
   <word id="word_216">localidade</word>
   <word id="word_217">se</word>
   <word id="word_218">debate</word>
   <word id="word_219">,</word>
   <word id="word_220">o</word>
   <word id="word_221">nosso</word>
   <word id="word_222">interlocutor</word>
   <word id="word_223">afirmou</word>
   <word id="word_224">-nos</word>
   <word id="word_225">que</word>
   <word id="word_226">brevemente</word>
   <word id="word_227">a</word>
   <word id="word_228">capacidade</word>
   <word id="word_229">de</word>
   <word id="word_230">abastecimento</word>
   <word id="word_231">atingirá</word>
   <word id="word_232">os</word>
   <word id="word_233">200</word>
   <word id="word_234">mil</word>
   <word id="word_235">habitantes</word>
   <word id="word_236">.</word>
   <word id="word_237">Em_</word>
   <word id="word_238">o</word>
   <word id="word_239">Verão</word>
   <word id="word_240">,</word>
   <word id="word_241">realçou</word>
   <word id="word_242">,</word>
   <word id="word_243">o</word>
   <word id="word_244">consumo</word>
   <word id="word_245">chega</word>
   <word id="word_246">a_</word>
   <word id="word_247">os</word>
   <word id="word_248">24</word>
   <word id="word_249">mil</word>
   <word id="word_250">metros</word>
   <word id="word_251">cúbicos</word>
   <word id="word_252">e</word>
   <word id="word_253">,</word>
   <word id="word_254">em_</word>
   <word id="word_255">a</word>
   <word id="word_256">época</word>
   <word id="word_257">baixa</word>
   <word id="word_258">,</word>
   <word id="word_259">situa</word>
   <word id="word_260">-se</word>
   <word id="word_261">entre</word>
   <word id="word_262">os</word>
   <word id="word_263">nove</word>
   <word id="word_264">e</word>
   <word id="word_265">os</word>
   <word id="word_266">11</word>
   <word id="word_267">mil</word>
   <word id="word_268">metros</word>
   <word id="word_269">cúbicos</word>
   <word id="word_270">.</word>
   <word id="word_271">Aliás</word>
   <word id="word_272">,</word>
   <word id="word_273">o</word>
   <word id="word_274">concelho</word>
   <word id="word_275">de</word>
   <word id="word_276">Portimão</word>
   <word id="word_277">,</word>
   <word id="word_278">em_</word>
   <word id="word_279">o</word>
   <word id="word_280">concernente</word>
   <word id="word_281">a_</word>
   <word id="word_282">o</word>
   <word id="word_283">precioso</word>
   <word id="word_284">e</word>
   <word id="word_285">imprescindível</word>
   <word id="word_286">líquido</word>
   <word id="word_287">,</word>
   <word id="word_288">tem</word>
   <word id="word_289">problemas</word>
   <word id="word_290">que</word>
   <word id="word_291">se</word>
   <word id="word_292">relacionam</word>
   <word id="word_293">mais</word>
   <word id="word_294">com</word>
   <word id="word_295">a</word>
   <word id="word_296">qualidade</word>
   <word id="word_297">de_</word>
   <word id="word_298">o</word>
   <word id="word_299">que</word>
   <word id="word_300">com</word>
   <word id="word_301">a</word>
   <word id="word_302">quantidade</word>
   <word id="word_303">de</word>
   <word id="word_304">água</word>
   <word id="word_305">.</word>
   <word id="word_306">Esta</word>
   <word id="word_307">situação</word>
   <word id="word_308">poderá</word>
   <word id="word_309">ser</word>
   <word id="word_310">alterada</word>
   <word id="word_311">com</word>
   <word id="word_312">a</word>
   <word id="word_313">central</word>
   <word id="word_314">de</word>
   <word id="word_315">tratamento</word>
   <word id="word_316">de</word>
   <word id="word_317">água</word>
   <word id="word_318">que</word>
   <word id="word_319">irá</word>
   <word id="word_320">receber</word>
   <word id="word_321">águas</word>
   <word id="word_322">de_</word>
   <word id="word_323">a</word>
   <word id="word_324">barragem</word>
   <word id="word_325">de</word>
   <word id="word_326">Bravura</word>
   <word id="word_327">.</word>
   <word id="word_328">Saliente</word>
   <word id="word_329">-se</word>
   <word id="word_330">que</word>
   <word id="word_331">o</word>
   <word id="word_332">custo</word>
   <word id="word_333">de</word>
   <word id="word_334">tratamento</word>
   <word id="word_335">de</word>
   <word id="word_336">águas</word>
   <word id="word_337">suportado</word>
   <word id="word_338">por_</word>
   <word id="word_339">a</word>
   <word id="word_340">Câmara</word>
   <word id="word_341">Municipal</word>
   <word id="word_342">orça</word>
   <word id="word_343">os</word>
   <word id="word_344">11</word>
   <word id="word_345">$</word>
   <word id="word_346">20</word>
   <word id="word_347">por</word>
   <word id="word_348">metro</word>
   <word id="word_349">cúbico</word>
   <word id="word_350">,</word>
   <word id="word_351">em_</word>
   <word id="word_352">os</word>
   <word id="word_353">quais</word>
   <word id="word_354">não</word>
   <word id="word_355">estão</word>
   <word id="word_356">incluídos</word>
   <word id="word_357">os</word>
   <word id="word_358">preços</word>
   <word id="word_359">de</word>
   <word id="word_360">manutenção</word>
   <word id="word_361">e</word>
   <word id="word_362">transporte</word>
   <word id="word_363">.</word>
   <word id="word_364">Referindo</word>
   <word id="word_365">-se</word>
   <word id="word_366">a_</word>
   <word id="word_367">o</word>
   <word id="word_368">saneamento</word>
   <word id="word_369">básico</word>
   <word id="word_370">,</word>
   <word id="word_371">o</word>
   <word id="word_372">nosso</word>
   <word id="word_373">entrevistado</word>
   <word id="word_374">declarou</word>
   <word id="word_375">-nos</word>
   <word id="word_376">que</word>
   <word id="word_377">os</word>
   <word id="word_378">esgotos</word>
   <word id="word_379">estão</word>
   <word id="word_380">a</word>
   <word id="word_381">ser</word>
   <word id="word_382">levados</word>
   <word id="word_383">directamente</word>
   <word id="word_384">a_</word>
   <word id="word_385">o</word>
   <word id="word_386">rio</word>
   <word id="word_387">,</word>
   <word id="word_388">mas</word>
   <word id="word_389">,</word>
   <word id="word_390">acrescentou</word>
   <word id="word_391">,</word>
   <word id="word_392">o</word>
   <word id="word_393">Município</word>
   <word id="word_394">de</word>
   <word id="word_395">Portimão</word>
   <word id="word_396">está</word>
   <word id="word_397">a</word>
   <word id="word_398">envidar</word>
   <word id="word_399">todos</word>
   <word id="word_400">os</word>
   <word id="word_401">esforços</word>
   <word id="word_402">para</word>
   <word id="word_403">a</word>
   <word id="word_404">construção</word>
   <word id="word_405">de</word>
   <word id="word_406">uma</word>
   <word id="word_407">central</word>
   <word id="word_408">de</word>
   <word id="word_409">bombagem</word>
   <word id="word_410">em_</word>
   <word id="word_411">a</word>
   <word id="word_412">Praia</word>
   <word id="word_413">de_</word>
   <word id="word_414">a</word>
   <word id="word_415">Rocha</word>
   <word id="word_416">,</word>
   <word id="word_417">por</word>
   <word id="word_418">forma</word>
   <word id="word_419">a</word>
   <word id="word_420">que</word>
   <word id="word_421">os</word>
   <word id="word_422">esgotos</word>
   <word id="word_423">possam</word>
   <word id="word_424">ser</word>
   <word id="word_425">conduzidos</word>
   <word id="word_426">para</word>
   <word id="word_427">a</word>
   <word id="word_428">lagoa</word>
   <word id="word_429">de</word>
   <word id="word_430">estabilização</word>
   <word id="word_431">.</word>
   <word id="word_432">Sobre</word>
   <word id="word_433">o</word>
   <word id="word_434">mesmo</word>
   <word id="word_435">problema</word>
   <word id="word_436">,</word>
   <word id="word_437">sublinhou</word>
   <word id="word_438">ainda</word>
   <word id="word_439">,</word>
   <word id="word_440">está</word>
   <word id="word_441">a</word>
   <word id="word_442">ser</word>
   <word id="word_443">solicitada</word>
   <word id="word_444">a</word>
   <word id="word_445">comparticipação</word>
   <word id="word_446">de_</word>
   <word id="word_447">os</word>
   <word id="word_448">construtores</word>
   <word id="word_449">e</word>
   <word id="word_450">investidores</word>
   <word id="word_451">de_</word>
   <word id="word_452">a</word>
   <word id="word_453">zona</word>
   <word id="word_454">,</word>
   <word id="word_455">de</word>
   <word id="word_456">maneira</word>
   <word id="word_457">que</word>
   <word id="word_458">seja</word>
   <word id="word_459">possível</word>
   <word id="word_460">atingir</word>
   <word id="word_461">-se</word>
   <word id="word_462">os</word>
   <word id="word_463">3500</word>
   <word id="word_464">ou</word>
   <word id="word_465">quatro</word>
   <word id="word_466">contos</word>
   <word id="word_467">por</word>
   <word id="word_468">apartamento</word>
   <word id="word_469">,</word>
   <word id="word_470">o</word>
   <word id="word_471">que</word>
   <word id="word_472">seria</word>
   <word id="word_473">uma</word>
   <word id="word_474">preciosa</word>
   <word id="word_475">ajuda</word>
   <word id="word_476">para</word>
   <word id="word_477">os</word>
   <word id="word_478">múltiplos</word>
   <word id="word_479">encargos</word>
   <word id="word_480">municipais</word>
   <word id="word_481">,</word>
   <word id="word_482">já</word>
   <word id="word_483">que</word>
   <word id="word_484">tais</word>
   <word id="word_485">obras</word>
   <word id="word_486">estão</word>
   <word id="word_487">relacionadas</word>
   <word id="word_488">com</word>
   <word id="word_489">outras</word>
   <word id="word_490">,</word>
   <word id="word_491">também</word>
   <word id="word_492">importantes</word>
   <word id="word_493">,</word>
   <word id="word_494">ou</word>
   <word id="word_495">seja</word>
   <word id="word_496">,</word>
   <word id="word_497">as</word>
   <word id="word_498">de_</word>
   <word id="word_499">a</word>
   <word id="word_500">Avenida</word>
   <word id="word_501">V-3</word>
   <word id="word_502">,</word>
   <word id="word_503">que</word>
   <word id="word_504">já</word>
   <word id="word_505">se</word>
   <word id="word_506">encontra</word>
   <word id="word_507">terraplanada</word>
   <word id="word_508">,</word>
   <word id="word_509">passando</word>
   <word id="word_510">-se</word>
   <word id="word_511">,</word>
   <word id="word_512">brevemente</word>
   <word id="word_513">,</word>
   <word id="word_514">a_</word>
   <word id="word_515">a</word>
   <word id="word_516">fase</word>
   <word id="word_517">de</word>
   <word id="word_518">instalação</word>
   <word id="word_519">de_</word>
   <word id="word_520">as</word>
   <word id="word_521">infra-estruturas</word>
   <word id="word_522">respectivas</word>
   <word id="word_523">.</word>
   <word id="word_524">Estas</word>
   <word id="word_525">terão</word>
   <word id="word_526">de</word>
   <word id="word_527">ser</word>
   <word id="word_528">duplas</word>
   <word id="word_529">,</word>
   <word id="word_530">pois</word>
   <word id="word_531">a</word>
   <word id="word_532">artéria</word>
   <word id="word_533">em</word>
   <word id="word_534">causa</word>
   <word id="word_535">irá</word>
   <word id="word_536">ter</word>
   <word id="word_537">18</word>
   <word id="word_538">metros</word>
   <word id="word_539">de</word>
   <word id="word_540">largura</word>
   <word id="word_541">.</word>
   <word id="word_542">Os</word>
   <word id="word_543">acessos</word>
   <word id="word_544">rodoviários</word>
   <word id="word_545">foram</word>
   <word id="word_546">outro</word>
   <word id="word_547">ponto</word>
   <word id="word_548">acentuado</word>
   <word id="word_549">por</word>
   <word id="word_550">Apolo</word>
   <word id="word_551">Domingos</word>
   <word id="word_552">.</word>
   <word id="word_553">Embora</word>
   <word id="word_554">tenham</word>
   <word id="word_555">sido</word>
   <word id="word_556">efectuados</word>
   <word id="word_557">vários</word>
   <word id="word_558">melhoramentos</word>
   <word id="word_559">,</word>
   <word id="word_560">continuam</word>
   <word id="word_561">a</word>
   <word id="word_562">causar</word>
   <word id="word_563">preocupações</word>
   <word id="word_564">a_</word>
   <word id="word_565">os</word>
   <word id="word_566">responsáveis</word>
   <word id="word_567">camarários</word>
   <word id="word_568">.</word>
   <word id="word_569">O</word>
   <word id="word_570">que</word>
   <word id="word_571">não</word>
   <word id="word_572">é</word>
   <word id="word_573">para</word>
   <word id="word_574">menos</word>
   <word id="word_575">,</word>
   <word id="word_576">sobretudo</word>
   <word id="word_577">em_</word>
   <word id="word_578">a</word>
   <word id="word_579">época</word>
   <word id="word_580">alta</word>
   <word id="word_581">,</word>
   <word id="word_582">altura</word>
   <word id="word_583">em</word>
   <word id="word_584">que</word>
   <word id="word_585">o</word>
   <word id="word_586">concelho</word>
   <word id="word_587">chega</word>
   <word id="word_588">a</word>
   <word id="word_589">albergar</word>
   <word id="word_590">qualquer</word>
   <word id="word_591">coisa</word>
   <word id="word_592">como</word>
   <word id="word_593">70</word>
   <word id="word_594">mil</word>
   <word id="word_595">pessoas</word>
   <word id="word_596">!</word>
   <word id="word_597">Futuramente</word>
   <word id="word_598">-</word>
   <word id="word_599">e</word>
   <word id="word_600">tudo</word>
   <word id="word_601">dependerá</word>
   <word id="word_602">de_</word>
   <word id="word_603">as</word>
   <word id="word_604">possibilidades</word>
   <word id="word_605">postas</word>
   <word id="word_606">a_</word>
   <word id="word_607">a</word>
   <word id="word_608">disposição</word>
   <word id="word_609">de_</word>
   <word id="word_610">o</word>
   <word id="word_611">erário</word>
   <word id="word_612">municipal</word>
   <word id="word_613">-</word>
   <word id="word_614">está</word>
   <word id="word_615">prevista</word>
   <word id="word_616">a</word>
   <word id="word_617">ligação</word>
   <word id="word_618">de_</word>
   <word id="word_619">a</word>
   <word id="word_620">já</word>
   <word id="word_621">citada</word>
   <word id="word_622">Avenida</word>
   <word id="word_623">V-3</word>
   <word id="word_624">a_</word>
   <word id="word_625">o</word>
   <word id="word_626">porto</word>
   <word id="word_627">de</word>
   <word id="word_628">Portimão</word>
   <word id="word_629">,</word>
   <word id="word_630">o</word>
   <word id="word_631">que</word>
   <word id="word_632">facilitará</word>
   <word id="word_633">enormemente</word>
   <word id="word_634">o</word>
   <word id="word_635">acesso</word>
   <word id="word_636">a_</word>
   <word id="word_637">a</word>
   <word id="word_638">baixa</word>
   <word id="word_639">de_</word>
   <word id="word_640">aquela</word>
   <word id="word_641">cidade</word>
   <word id="word_642">e</word>
   <word id="word_643">de_</word>
   <word id="word_644">esta</word>
   <word id="word_645">para</word>
   <word id="word_646">a</word>
   <word id="word_647">Praia</word>
   <word id="word_648">de_</word>
   <word id="word_649">a</word>
   <word id="word_650">Rocha</word>
   <word id="word_651">.</word>
   <word id="word_652">Finalmente</word>
   <word id="word_653">,</word>
   <word id="word_654">aludindo</word>
   <word id="word_655">a_</word>
   <word id="word_656">a</word>
   <word id="word_657">retracção</word>
   <word id="word_658">turística</word>
   <word id="word_659">este</word>
   <word id="word_660">ano</word>
   <word id="word_661">constatada</word>
   <word id="word_662">em_</word>
   <word id="word_663">o</word>
   <word id="word_664">Algarve</word>
   <word id="word_665">,</word>
   <word id="word_666">Apolo</word>
   <word id="word_667">Domingos</word>
   <word id="word_668">afirmou</word>
   <word id="word_669">que</word>
   <word id="word_670">ela</word>
   <word id="word_671">se</word>
   <word id="word_672">deve</word>
   <word id="word_673">,</word>
   <word id="word_674">entre</word>
   <word id="word_675">outros</word>
   <word id="word_676">motivos</word>
   <word id="word_677">,</word>
   <word id="word_678">a_</word>
   <word id="word_679">a</word>
   <word id="word_680">seca</word>
   <word id="word_681">e</word>
   <word id="word_682">a_</word>
   <word id="word_683">as</word>
   <word id="word_684">notícias</word>
   <word id="word_685">sobre</word>
   <word id="word_686">a</word>
   <word id="word_687">longa</word>
   <word id="word_688">estiagem</word>
   <word id="word_689">publicadas</word>
   <word id="word_690">em</word>
   <word id="word_691">jornais</word>
   <word id="word_692">estrangeiros</word>
   <word id="word_693">e</word>
   <word id="word_694">,</word>
   <word id="word_695">sublinhou</word>
   <word id="word_696">,</word>
   <word id="word_697">«muito</word>
   <word id="word_698">particularmente</word>
   <word id="word_699">em_</word>
   <word id="word_700">os</word>
   <word id="word_701">jornais</word>
   <word id="word_702">espanhóis»</word>
   <word id="word_703">.</word>
   <word id="word_704">Para</word>
   <word id="word_705">elucidar</word>
   <word id="word_706">o</word>
   <word id="word_707">que</word>
   <word id="word_708">queria</word>
   <word id="word_709">dizer</word>
   <word id="word_710">,</word>
   <word id="word_711">o</word>
   <word id="word_712">nosso</word>
   <word id="word_713">entrevistado</word>
   <word id="word_714">apontou</word>
   <word id="word_715">um</word>
   <word id="word_716">exemplo</word>
   <word id="word_717">conclusivo</word>
   <word id="word_718">:</word>
   <word id="word_719">certos</word>
   <word id="word_720">agentes</word>
   <word id="word_721">de</word>
   <word id="word_722">viagem</word>
   <word id="word_723">não</word>
   <word id="word_724">hesitavam</word>
   <word id="word_725">em</word>
   <word id="word_726">aconselhar</word>
   <word id="word_727">os</word>
   <word id="word_728">turistas</word>
   <word id="word_729">a</word>
   <word id="word_730">encherem</word>
   <word id="word_731">as</word>
   <word id="word_732">banheiras</word>
   <word id="word_733">logo</word>
   <word id="word_734">que</word>
   <word id="word_735">chegassem</word>
   <word id="word_736">a_</word>
   <word id="word_737">os</word>
   <word id="word_738">seus</word>
   <word id="word_739">hotéis</word>
   <word id="word_740">,</word>
   <word id="word_741">explicando</word>
   <word id="word_742">-lhes</word>
   <word id="word_743">que</word>
   <word id="word_744">essa</word>
   <word id="word_745">era</word>
   <word id="word_746">a</word>
   <word id="word_747">única</word>
   <word id="word_748">maneira</word>
   <word id="word_749">de</word>
   <word id="word_750">terem</word>
   <word id="word_751">sempre</word>
   <word id="word_752">água</word>
   <word id="word_753">a_</word>
   <word id="word_754">a</word>
   <word id="word_755">sua</word>
   <word id="word_756">disposição</word>
   <word id="word_757">...</word>
</words>
