<?xml version="1.0" encoding="UTF-8"?>
<!DOCTYPE words SYSTEM "words.dtd">
<words>
   <word id="word_1">O</word>
   <word id="word_2">Instituto</word>
   <word id="word_3">de</word>
   <word id="word_4">Apoio</word>
   <word id="word_5">a_</word>
   <word id="word_6">as</word>
   <word id="word_7">Pequenas</word>
   <word id="word_8">e</word>
   <word id="word_9">Médias</word>
   <word id="word_10">Empresas</word>
   <word id="word_11">Indústriais</word>
   <word id="word_12">(</word>
   <word id="word_13">IAPMEI</word>
   <word id="word_14">)</word>
   <word id="word_15">e</word>
   <word id="word_16">a</word>
   <word id="word_17">Associação</word>
   <word id="word_18">Industrial</word>
   <word id="word_19">Portuguesa</word>
   <word id="word_20">(</word>
   <word id="word_21">AIP</word>
   <word id="word_22">)</word>
   <word id="word_23">assinaram</word>
   <word id="word_24">ontem</word>
   <word id="word_25">em</word>
   <word id="word_26">Lisboa</word>
   <word id="word_27">um</word>
   <word id="word_28">acordo</word>
   <word id="word_29">de</word>
   <word id="word_30">colaboração</word>
   <word id="word_31">em_</word>
   <word id="word_32">o</word>
   <word id="word_33">que</word>
   <word id="word_34">respeita</word>
   <word id="word_35">a_</word>
   <word id="word_36">as</word>
   <word id="word_37">PME</word>
   <word id="word_38">,</word>
   <word id="word_39">revelou</word>
   <word id="word_40">a</word>
   <word id="word_41">Anop</word>
   <word id="word_42">.</word>
   <word id="word_43">O</word>
   <word id="word_44">acordo</word>
   <word id="word_45">tem</word>
   <word id="word_46">por</word>
   <word id="word_47">objectivo</word>
   <word id="word_48">contribuir</word>
   <word id="word_49">para</word>
   <word id="word_50">optimizar</word>
   <word id="word_51">o</word>
   <word id="word_52">aproveitamento</word>
   <word id="word_53">de_</word>
   <word id="word_54">as</word>
   <word id="word_55">capacidades</word>
   <word id="word_56">técnicas</word>
   <word id="word_57">e</word>
   <word id="word_58">tecnológicas</word>
   <word id="word_59">de_</word>
   <word id="word_60">as</word>
   <word id="word_61">PME</word>
   <word id="word_62">através</word>
   <word id="word_63">de_</word>
   <word id="word_64">o</word>
   <word id="word_65">desenvolvimento</word>
   <word id="word_66">de</word>
   <word id="word_67">acções</word>
   <word id="word_68">integradas</word>
   <word id="word_69">em_</word>
   <word id="word_70">os</word>
   <word id="word_71">domínios</word>
   <word id="word_72">de_</word>
   <word id="word_73">a</word>
   <word id="word_74">informação</word>
   <word id="word_75">,</word>
   <word id="word_76">formação</word>
   <word id="word_77">e</word>
   <word id="word_78">assistência</word>
   <word id="word_79">técnica</word>
   <word id="word_80">e</word>
   <word id="word_81">tecnológica</word>
   <word id="word_82">.</word>
   <word id="word_83">O</word>
   <word id="word_84">acordo</word>
   <word id="word_85">estipula</word>
   <word id="word_86">que</word>
   <word id="word_87">,</word>
   <word id="word_88">em_</word>
   <word id="word_89">o</word>
   <word id="word_90">âmbito</word>
   <word id="word_91">de_</word>
   <word id="word_92">o</word>
   <word id="word_93">objectivo</word>
   <word id="word_94">referido</word>
   <word id="word_95">,</word>
   <word id="word_96">serão</word>
   <word id="word_97">desde</word>
   <word id="word_98">já</word>
   <word id="word_99">tomadas</word>
   <word id="word_100">as</word>
   <word id="word_101">necessárias</word>
   <word id="word_102">iniciativas</word>
   <word id="word_103">conducentes</word>
   <word id="word_104">a_</word>
   <word id="word_105">a</word>
   <word id="word_106">criação</word>
   <word id="word_107">em_</word>
   <word id="word_108">a</word>
   <word id="word_109">AIP</word>
   <word id="word_110">de</word>
   <word id="word_111">uma</word>
   <word id="word_112">bolsa</word>
   <word id="word_113">de</word>
   <word id="word_114">subcontratação</word>
   <word id="word_115">.</word>
   <word id="word_116">Esta</word>
   <word id="word_117">bolsa</word>
   <word id="word_118">enquadra</word>
   <word id="word_119">-se</word>
   <word id="word_120">em_</word>
   <word id="word_121">o</word>
   <word id="word_122">programa</word>
   <word id="word_123">de</word>
   <word id="word_124">«promoção</word>
   <word id="word_125">de</word>
   <word id="word_126">infra-estruturas</word>
   <word id="word_127">de</word>
   <word id="word_128">apoio</word>
   <word id="word_129">a_</word>
   <word id="word_130">as</word>
   <word id="word_131">PME</word>
   <word id="word_132">e</word>
   <word id="word_133">,</word>
   <word id="word_134">além</word>
   <word id="word_135">de</word>
   <word id="word_136">estar</word>
   <word id="word_137">integrada</word>
   <word id="word_138">em_</word>
   <word id="word_139">o</word>
   <word id="word_140">plano</word>
   <word id="word_141">de</word>
   <word id="word_142">actividades</word>
   <word id="word_143">de_</word>
   <word id="word_144">o</word>
   <word id="word_145">IAPMEI</word>
   <word id="word_146">,</word>
   <word id="word_147">está</word>
   <word id="word_148">também</word>
   <word id="word_149">inserida</word>
   <word id="word_150">em_</word>
   <word id="word_151">o</word>
   <word id="word_152">«plano</word>
   <word id="word_153">de</word>
   <word id="word_154">ajuda</word>
   <word id="word_155">de_</word>
   <word id="word_156">a</word>
   <word id="word_157">CEE</word>
   <word id="word_158">a_</word>
   <word id="word_159">as</word>
   <word id="word_160">PME</word>
   <word id="word_161">portuguesas»</word>
   <word id="word_162">.</word>
</words>
