<?xml version="1.0" encoding="UTF-8"?>
<!DOCTYPE words SYSTEM "words.dtd">
<words>
   <word id="word_1">Peter</word>
   <word id="word_2">Sutclife</word>
   <word id="word_3">,</word>
   <word id="word_4">de</word>
   <word id="word_5">35</word>
   <word id="word_6">anos</word>
   <word id="word_7">,</word>
   <word id="word_8">que</word>
   <word id="word_9">se</word>
   <word id="word_10">designou</word>
   <word id="word_11">ele</word>
   <word id="word_12">próprio</word>
   <word id="word_13">,</word>
   <word id="word_14">em_</word>
   <word id="word_15">o</word>
   <word id="word_16">momento</word>
   <word id="word_17">em</word>
   <word id="word_18">que</word>
   <word id="word_19">foi</word>
   <word id="word_20">preso</word>
   <word id="word_21">,</word>
   <word id="word_22">como</word>
   <word id="word_23">sendo</word>
   <word id="word_24">o</word>
   <word id="word_25">«Estripador</word>
   <word id="word_26">de_</word>
   <word id="word_27">o</word>
   <word id="word_28">Yockshire»</word>
   <word id="word_29">,</word>
   <word id="word_30">saberá</word>
   <word id="word_31">hoje</word>
   <word id="word_32">provavelmente</word>
   <word id="word_33">a</word>
   <word id="word_34">sorte</word>
   <word id="word_35">que</word>
   <word id="word_36">o</word>
   <word id="word_37">espera</word>
   <word id="word_38">.</word>
   <word id="word_39">Em_</word>
   <word id="word_40">o</word>
   <word id="word_41">termo</word>
   <word id="word_42">de_</word>
   <word id="word_43">a</word>
   <word id="word_44">segunda</word>
   <word id="word_45">semana</word>
   <word id="word_46">de_</word>
   <word id="word_47">o</word>
   <word id="word_48">julgamento</word>
   <word id="word_49">,</word>
   <word id="word_50">a</word>
   <word id="word_51">deposição</word>
   <word id="word_52">de</word>
   <word id="word_53">um</word>
   <word id="word_54">psiquiatra</word>
   <word id="word_55">,</word>
   <word id="word_56">o</word>
   <word id="word_57">dr.</word>
   <word id="word_58">Hugo</word>
   <word id="word_59">Milne</word>
   <word id="word_60">,</word>
   <word id="word_61">poderá</word>
   <word id="word_62">pesar</word>
   <word id="word_63">muito</word>
   <word id="word_64">sobre</word>
   <word id="word_65">as</word>
   <word id="word_66">deliberações</word>
   <word id="word_67">de_</word>
   <word id="word_68">o</word>
   <word id="word_69">júri</word>
   <word id="word_70">,</word>
   <word id="word_71">que</word>
   <word id="word_72">deverá</word>
   <word id="word_73">decidir</word>
   <word id="word_74">se</word>
   <word id="word_75">Peter</word>
   <word id="word_76">Sutclife</word>
   <word id="word_77">é</word>
   <word id="word_78">responsável</word>
   <word id="word_79">por_</word>
   <word id="word_80">os</word>
   <word id="word_81">13</word>
   <word id="word_82">assassínios</word>
   <word id="word_83">e</word>
   <word id="word_84">sete</word>
   <word id="word_85">tentativas</word>
   <word id="word_86">que</word>
   <word id="word_87">a</word>
   <word id="word_88">acusação</word>
   <word id="word_89">imputa</word>
   <word id="word_90">,</word>
   <word id="word_91">ou</word>
   <word id="word_92">se</word>
   <word id="word_93">é</word>
   <word id="word_94">de</word>
   <word id="word_95">atender</word>
   <word id="word_96">a</word>
   <word id="word_97">pedido</word>
   <word id="word_98">de_</word>
   <word id="word_99">a</word>
   <word id="word_100">defesa</word>
   <word id="word_101">,</word>
   <word id="word_102">a</word>
   <word id="word_103">tese</word>
   <word id="word_104">de_</word>
   <word id="word_105">o</word>
   <word id="word_106">homicídio</word>
   <word id="word_107">involuntário</word>
   <word id="word_108">por</word>
   <word id="word_109">causa</word>
   <word id="word_110">de</word>
   <word id="word_111">uma</word>
   <word id="word_112">«responsabilidade</word>
   <word id="word_113">diminuída»</word>
   <word id="word_114">.</word>
   <word id="word_115">a_</word>
   <word id="word_116">o</word>
   <word id="word_117">cabo</word>
   <word id="word_118">de</word>
   <word id="word_119">60</word>
   <word id="word_120">horas</word>
   <word id="word_121">de</word>
   <word id="word_122">deposição</word>
   <word id="word_123">,</word>
   <word id="word_124">alterando</word>
   <word id="word_125">as</word>
   <word id="word_126">suas</word>
   <word id="word_127">primeiras</word>
   <word id="word_128">declarações</word>
   <word id="word_129">,</word>
   <word id="word_130">segundo</word>
   <word id="word_131">as</word>
   <word id="word_132">quais</word>
   <word id="word_133">Sutclife</word>
   <word id="word_134">era</word>
   <word id="word_135">«sem</word>
   <word id="word_136">equívoco</word>
   <word id="word_137">,</word>
   <word id="word_138">um</word>
   <word id="word_139">esquizofrénico</word>
   <word id="word_140">com</word>
   <word id="word_141">tendências</word>
   <word id="word_142">paranóicas»</word>
   <word id="word_143">,</word>
   <word id="word_144">o</word>
   <word id="word_145">médico</word>
   <word id="word_146">acabou</word>
   <word id="word_147">por</word>
   <word id="word_148">reconhecer</word>
   <word id="word_149">que</word>
   <word id="word_150">o</word>
   <word id="word_151">réu</word>
   <word id="word_152">teria</word>
   <word id="word_153">podido</word>
   <word id="word_154">«simular»</word>
   <word id="word_155">a</word>
   <word id="word_156">esquizofrenia</word>
   <word id="word_157">.</word>
   <word id="word_158">Vários</word>
   <word id="word_159">factos</word>
   <word id="word_160">,</word>
   <word id="word_161">acrescentou</word>
   <word id="word_162">,</word>
   <word id="word_163">podem</word>
   <word id="word_164">apoiar</word>
   <word id="word_165">essa</word>
   <word id="word_166">tese</word>
   <word id="word_167">.</word>
   <word id="word_168">Os</word>
   <word id="word_169">dois</word>
   <word id="word_170">primeiros</word>
   <word id="word_171">assassínios</word>
   <word id="word_172">cometidos</word>
   <word id="word_173">por</word>
   <word id="word_174">Sutclife</word>
   <word id="word_175">poderiam</word>
   <word id="word_176">ter</word>
   <word id="word_177">motivações</word>
   <word id="word_178">sexuais</word>
   <word id="word_179">.</word>
   <word id="word_180">Além</word>
   <word id="word_181">de_</word>
   <word id="word_182">isso</word>
   <word id="word_183">ficou</word>
   <word id="word_184">demonstrado</word>
   <word id="word_185">durante</word>
   <word id="word_186">a</word>
   <word id="word_187">investigação</word>
   <word id="word_188">que</word>
   <word id="word_189">o</word>
   <word id="word_190">acusado</word>
   <word id="word_191">sabia</word>
   <word id="word_192">que</word>
   <word id="word_193">as</word>
   <word id="word_194">suas</word>
   <word id="word_195">últimas</word>
   <word id="word_196">vítimas</word>
   <word id="word_197">não</word>
   <word id="word_198">eram</word>
   <word id="word_199">prostitutas</word>
   <word id="word_200">.</word>
   <word id="word_201">«Assim»</word>
   <word id="word_202">,</word>
   <word id="word_203">considera</word>
   <word id="word_204">o</word>
   <word id="word_205">psiquiatra</word>
   <word id="word_206">,</word>
   <word id="word_207">«a</word>
   <word id="word_208">desculpa</word>
   <word id="word_209">de</word>
   <word id="word_210">esquizofrenia</word>
   <word id="word_211">invocada</word>
   <word id="word_212">por_</word>
   <word id="word_213">a</word>
   <word id="word_214">defesa</word>
   <word id="word_215">cai»</word>
   <word id="word_216">.</word>
   <word id="word_217">Mas</word>
   <word id="word_218">há</word>
   <word id="word_219">mais</word>
   <word id="word_220">grave</word>
   <word id="word_221">,</word>
   <word id="word_222">segundo</word>
   <word id="word_223">o</word>
   <word id="word_224">psiquiatra</word>
   <word id="word_225">:</word>
   <word id="word_226">várias</word>
   <word id="word_227">declarações</word>
   <word id="word_228">de</word>
   <word id="word_229">Peter</word>
   <word id="word_230">Sutclife</word>
   <word id="word_231">atestam</word>
   <word id="word_232">que</word>
   <word id="word_233">o</word>
   <word id="word_234">ódio</word>
   <word id="word_235">que</word>
   <word id="word_236">diz</word>
   <word id="word_237">sentir</word>
   <word id="word_238">em</word>
   <word id="word_239">relação</word>
   <word id="word_240">a_</word>
   <word id="word_241">as</word>
   <word id="word_242">prostitutas</word>
   <word id="word_243">é</word>
   <word id="word_244">em_</word>
   <word id="word_245">a</word>
   <word id="word_246">realidade</word>
   <word id="word_247">um</word>
   <word id="word_248">sentimento</word>
   <word id="word_249">que</word>
   <word id="word_250">sente</word>
   <word id="word_251">em</word>
   <word id="word_252">relação</word>
   <word id="word_253">a</word>
   <word id="word_254">todo</word>
   <word id="word_255">o</word>
   <word id="word_256">género</word>
   <word id="word_257">feminino</word>
   <word id="word_258">.</word>
   <word id="word_259">A</word>
   <word id="word_260">conclusão</word>
   <word id="word_261">de_</word>
   <word id="word_262">o</word>
   <word id="word_263">dr.</word>
   <word id="word_264">Milne</word>
   <word id="word_265">sobre</word>
   <word id="word_266">este</word>
   <word id="word_267">assunto</word>
   <word id="word_268">foi</word>
   <word id="word_269">sem</word>
   <word id="word_270">equívocos</word>
   <word id="word_271">:</word>
   <word id="word_272">«Se</word>
   <word id="word_273">isso</word>
   <word id="word_274">for</word>
   <word id="word_275">verdade</word>
   <word id="word_276">indica</word>
   <word id="word_277">que</word>
   <word id="word_278">ele</word>
   <word id="word_279">não</word>
   <word id="word_280">é</word>
   <word id="word_281">um</word>
   <word id="word_282">esquizofrénico</word>
   <word id="word_283">com</word>
   <word id="word_284">tendência</word>
   <word id="word_285">paranóica»</word>
   <word id="word_286">.</word>
   <word id="word_287">Comparecendo</word>
   <word id="word_288">como</word>
   <word id="word_289">testemunha</word>
   <word id="word_290">durante</word>
   <word id="word_291">o</word>
   <word id="word_292">julgamento</word>
   <word id="word_293">,</word>
   <word id="word_294">Peter</word>
   <word id="word_295">Sutclife</word>
   <word id="word_296">referiu</word>
   <word id="word_297">demoradamente</word>
   <word id="word_298">as</word>
   <word id="word_299">«vozes»</word>
   <word id="word_300">que</word>
   <word id="word_301">tinha</word>
   <word id="word_302">ouvido</word>
   <word id="word_303">quando</word>
   <word id="word_304">estava</word>
   <word id="word_305">a</word>
   <word id="word_306">abrir</word>
   <word id="word_307">uma</word>
   <word id="word_308">campa</word>
   <word id="word_309">em_</word>
   <word id="word_310">um</word>
   <word id="word_311">cemitério</word>
   <word id="word_312">.</word>
   <word id="word_313">Era</word>
   <word id="word_314">Deus</word>
   <word id="word_315">que</word>
   <word id="word_316">o</word>
   <word id="word_317">encarregou</word>
   <word id="word_318">de_</word>
   <word id="word_319">a</word>
   <word id="word_320">missão</word>
   <word id="word_321">divina</word>
   <word id="word_322">de</word>
   <word id="word_323">livrar</word>
   <word id="word_324">o</word>
   <word id="word_325">mundo</word>
   <word id="word_326">de_</word>
   <word id="word_327">a</word>
   <word id="word_328">prostituição</word>
   <word id="word_329">feminina</word>
   <word id="word_330">,</word>
   <word id="word_331">disse</word>
   <word id="word_332">em</word>
   <word id="word_333">substância</word>
   <word id="word_334">.</word>
   <word id="word_335">Dois</word>
   <word id="word_336">peritos</word>
   <word id="word_337">médicos</word>
   <word id="word_338">para</word>
   <word id="word_339">os</word>
   <word id="word_340">quais</word>
   <word id="word_341">a</word>
   <word id="word_342">esquizofrenia</word>
   <word id="word_343">não</word>
   <word id="word_344">oferecia</word>
   <word id="word_345">qualquer</word>
   <word id="word_346">dúvida</word>
   <word id="word_347">também</word>
   <word id="word_348">alteraram</word>
   <word id="word_349">os</word>
   <word id="word_350">seus</word>
   <word id="word_351">diagnósticos</word>
   <word id="word_352">que</word>
   <word id="word_353">diziam</word>
   <word id="word_354">«apoiados</word>
   <word id="word_355">em</word>
   <word id="word_356">vários</word>
   <word id="word_357">sintomas</word>
   <word id="word_358">sem</word>
   <word id="word_359">equívoco»</word>
   <word id="word_360">.</word>
   <word id="word_361">Depois</word>
   <word id="word_362">de</word>
   <word id="word_363">terem</word>
   <word id="word_364">tomado</word>
   <word id="word_365">conhecimento</word>
   <word id="word_366">de</word>
   <word id="word_367">documentos</word>
   <word id="word_368">médicos</word>
   <word id="word_369">relativos</word>
   <word id="word_370">a</word>
   <word id="word_371">Sónia</word>
   <word id="word_372">a</word>
   <word id="word_373">esposa</word>
   <word id="word_374">de_</word>
   <word id="word_375">o</word>
   <word id="word_376">réu</word>
   <word id="word_377">tratada</word>
   <word id="word_378">há</word>
   <word id="word_379">vários</word>
   <word id="word_380">anos</word>
   <word id="word_381">de</word>
   <word id="word_382">esquizofrenia</word>
   <word id="word_383">,</word>
   <word id="word_384">os</word>
   <word id="word_385">médicos</word>
   <word id="word_386">consideraram</word>
   <word id="word_387">que</word>
   <word id="word_388">Sutclife</word>
   <word id="word_389">teria</word>
   <word id="word_390">podido</word>
   <word id="word_391">copiar</word>
   <word id="word_392">as</word>
   <word id="word_393">atitudes</word>
   <word id="word_394">de_</word>
   <word id="word_395">a</word>
   <word id="word_396">sua</word>
   <word id="word_397">mulher</word>
   <word id="word_398">.</word>
   <word id="word_399">Tal</word>
   <word id="word_400">como</word>
   <word id="word_401">ela</word>
   <word id="word_402">,</word>
   <word id="word_403">declarou</word>
   <word id="word_404">ter</word>
   <word id="word_405">ouvido</word>
   <word id="word_406">várias</word>
   <word id="word_407">vozes</word>
   <word id="word_408">(</word>
   <word id="word_409">Sónia</word>
   <word id="word_410">julgava</word>
   <word id="word_411">ser</word>
   <word id="word_412">um</word>
   <word id="word_413">segundo</word>
   <word id="word_414">Cristo</word>
   <word id="word_415">)</word>
   <word id="word_416">e</word>
   <word id="word_417">tal</word>
   <word id="word_418">como</word>
   <word id="word_419">ela</word>
   <word id="word_420">disse</word>
   <word id="word_421">ter</word>
   <word id="word_422">alucinações</word>
   <word id="word_423">e</word>
   <word id="word_424">tal</word>
   <word id="word_425">como</word>
   <word id="word_426">ela</word>
   <word id="word_427">afirmou</word>
   <word id="word_428">ter</word>
   <word id="word_429">estado</word>
   <word id="word_430">deprimido</word>
   <word id="word_431">.</word>
   <word id="word_432">Seja</word>
   <word id="word_433">qual</word>
   <word id="word_434">for</word>
   <word id="word_435">a</word>
   <word id="word_436">sentença</word>
   <word id="word_437">lida</word>
   <word id="word_438">por_</word>
   <word id="word_439">a</word>
   <word id="word_440">primeira</word>
   <word id="word_441">câmara</word>
   <word id="word_442">de_</word>
   <word id="word_443">o</word>
   <word id="word_444">Old</word>
   <word id="word_445">Bailey</word>
   <word id="word_446">,</word>
   <word id="word_447">Peter</word>
   <word id="word_448">Sutclife</word>
   <word id="word_449">não</word>
   <word id="word_450">se</word>
   <word id="word_451">arrisca</word>
   <word id="word_452">a_</word>
   <word id="word_453">a</word>
   <word id="word_454">pena</word>
   <word id="word_455">de</word>
   <word id="word_456">morte</word>
   <word id="word_457">,</word>
   <word id="word_458">já</word>
   <word id="word_459">que</word>
   <word id="word_460">esta</word>
   <word id="word_461">foi</word>
   <word id="word_462">abolida</word>
   <word id="word_463">em_</word>
   <word id="word_464">a</word>
   <word id="word_465">Grã-Bretanha</word>
   <word id="word_466">.</word>
</words>
