<?xml version="1.0" encoding="UTF-8"?>
<!DOCTYPE words SYSTEM "words.dtd">
<words>
   <word id="word_1">Cinema</word>
   <word id="word_2">soviético</word>
   <word id="word_3">,</word>
   <word id="word_4">o</word>
   <word id="word_5">que</word>
   <word id="word_6">é</word>
   <word id="word_7">?</word>
   <word id="word_8">Em_</word>
   <word id="word_9">a</word>
   <word id="word_10">verdade</word>
   <word id="word_11">,</word>
   <word id="word_12">deste</word>
   <word id="word_13">lugar</word>
   <word id="word_14">-</word>
   <word id="word_15">que</word>
   <word id="word_16">é</word>
   <word id="word_17">o</word>
   <word id="word_18">lugar</word>
   <word id="word_19">específico</word>
   <word id="word_20">de_</word>
   <word id="word_21">o</word>
   <word id="word_22">espectador</word>
   <word id="word_23">português</word>
   <word id="word_24">dentro</word>
   <word id="word_25">de_</word>
   <word id="word_26">o</word>
   <word id="word_27">mercado</word>
   <word id="word_28">cinematográfico</word>
   <word id="word_29">português</word>
   <word id="word_30">-</word>
   <word id="word_31">é</word>
   <word id="word_32">difícil</word>
   <word id="word_33">,</word>
   <word id="word_34">senão</word>
   <word id="word_35">impossível</word>
   <word id="word_36">,</word>
   <word id="word_37">responder</word>
   <word id="word_38">.</word>
   <word id="word_39">Em</word>
   <word id="word_40">primeiro</word>
   <word id="word_41">lugar</word>
   <word id="word_42">,</word>
   <word id="word_43">porque</word>
   <word id="word_44">o</word>
   <word id="word_45">número</word>
   <word id="word_46">de</word>
   <word id="word_47">filmes</word>
   <word id="word_48">produzidos</word>
   <word id="word_49">em_</word>
   <word id="word_50">a</word>
   <word id="word_51">URSS</word>
   <word id="word_52">,</word>
   <word id="word_53">que</word>
   <word id="word_54">têm</word>
   <word id="word_55">chegado</word>
   <word id="word_56">a_</word>
   <word id="word_57">o</word>
   <word id="word_58">nosso</word>
   <word id="word_59">circuito</word>
   <word id="word_60">comercial</word>
   <word id="word_61">é</word>
   <word id="word_62">extremamente</word>
   <word id="word_63">reduzido</word>
   <word id="word_64">,</word>
   <word id="word_65">quer</word>
   <word id="word_66">em</word>
   <word id="word_67">termos</word>
   <word id="word_68">absolutos</word>
   <word id="word_69">,</word>
   <word id="word_70">quer</word>
   <word id="word_71">em_</word>
   <word id="word_72">a</word>
   <word id="word_73">sua</word>
   <word id="word_74">relação</word>
   <word id="word_75">com</word>
   <word id="word_76">quantidades</word>
   <word id="word_77">de</word>
   <word id="word_78">filmes</word>
   <word id="word_79">provenientes</word>
   <word id="word_80">de</word>
   <word id="word_81">outras</word>
   <word id="word_82">origens</word>
   <word id="word_83">;</word>
   <word id="word_84">em_</word>
   <word id="word_85">este</word>
   <word id="word_86">aspecto</word>
   <word id="word_87">,</word>
   <word id="word_88">é</word>
   <word id="word_89">justo</word>
   <word id="word_90">salientar</word>
   <word id="word_91">que</word>
   <word id="word_92">certames</word>
   <word id="word_93">como</word>
   <word id="word_94">os</word>
   <word id="word_95">Festivais</word>
   <word id="word_96">de</word>
   <word id="word_97">Cinema</word>
   <word id="word_98">de_</word>
   <word id="word_99">a</word>
   <word id="word_100">Figueira</word>
   <word id="word_101">de_</word>
   <word id="word_102">a</word>
   <word id="word_103">Foz</word>
   <word id="word_104">e</word>
   <word id="word_105">de</word>
   <word id="word_106">Santarém</word>
   <word id="word_107">têm</word>
   <word id="word_108">contribuído</word>
   <word id="word_109">,</word>
   <word id="word_110">de</word>
   <word id="word_111">algum</word>
   <word id="word_112">modo</word>
   <word id="word_113">,</word>
   <word id="word_114">para</word>
   <word id="word_115">a</word>
   <word id="word_116">sua</word>
   <word id="word_117">divulgação</word>
   <word id="word_118">,</word>
   <word id="word_119">mas</word>
   <word id="word_120">sempre</word>
   <word id="word_121">em_</word>
   <word id="word_122">uma</word>
   <word id="word_123">escala</word>
   <word id="word_124">necessariamente</word>
   <word id="word_125">reduzida</word>
   <word id="word_126">.</word>
   <word id="word_127">Depois</word>
   <word id="word_128">,</word>
   <word id="word_129">importa</word>
   <word id="word_130">lembrar</word>
   <word id="word_131">que</word>
   <word id="word_132">não</word>
   <word id="word_133">é</word>
   <word id="word_134">fácil</word>
   <word id="word_135">aceder</word>
   <word id="word_136">a</word>
   <word id="word_137">um</word>
   <word id="word_138">cinema</word>
   <word id="word_139">nacional</word>
   <word id="word_140">que</word>
   <word id="word_141">,</word>
   <word id="word_142">a_</word>
   <word id="word_143">a</word>
   <word id="word_144">partida</word>
   <word id="word_145">,</word>
   <word id="word_146">se</word>
   <word id="word_147">encontra</word>
   <word id="word_148">enquadrado</word>
   <word id="word_149">por</word>
   <word id="word_150">discursos</word>
   <word id="word_151">de</word>
   <word id="word_152">propaganda</word>
   <word id="word_153">(</word>
   <word id="word_154">pró</word>
   <word id="word_155">ou</word>
   <word id="word_156">contra</word>
   <word id="word_157">)</word>
   <word id="word_158">que</word>
   <word id="word_159">se</word>
   <word id="word_160">fundamentam</word>
   <word id="word_161">exclusivamente</word>
   <word id="word_162">em</word>
   <word id="word_163">motivações</word>
   <word id="word_164">de</word>
   <word id="word_165">ordem</word>
   <word id="word_166">política</word>
   <word id="word_167">.</word>
   <word id="word_168">Não</word>
   <word id="word_169">significa</word>
   <word id="word_170">isto</word>
   <word id="word_171">que</word>
   <word id="word_172">mesmo</word>
   <word id="word_173">um</word>
   <word id="word_174">número</word>
   <word id="word_175">reduzido</word>
   <word id="word_176">de</word>
   <word id="word_177">filmes</word>
   <word id="word_178">não</word>
   <word id="word_179">possa</word>
   <word id="word_180">conter</word>
   <word id="word_181">algumas</word>
   <word id="word_182">indicações</word>
   <word id="word_183">interessantes</word>
   <word id="word_184">sobre</word>
   <word id="word_185">as</word>
   <word id="word_186">tendências</word>
   <word id="word_187">dominantes</word>
   <word id="word_188">de_</word>
   <word id="word_189">o</word>
   <word id="word_190">cinema</word>
   <word id="word_191">soviético</word>
   <word id="word_192">.</word>
   <word id="word_193">Nem</word>
   <word id="word_194">se</word>
   <word id="word_195">trata</word>
   <word id="word_196">,</word>
   <word id="word_197">obviamente</word>
   <word id="word_198">,</word>
   <word id="word_199">de</word>
   <word id="word_200">reclamar</word>
   <word id="word_201">a</word>
   <word id="word_202">dimensão</word>
   <word id="word_203">política</word>
   <word id="word_204">que</word>
   <word id="word_205">qualquer</word>
   <word id="word_206">filme</word>
   <word id="word_207">contém</word>
   <word id="word_208">de</word>
   <word id="word_209">forma</word>
   <word id="word_210">mais</word>
   <word id="word_211">ou</word>
   <word id="word_212">menos</word>
   <word id="word_213">explícita</word>
   <word id="word_214">.</word>
   <word id="word_215">O</word>
   <word id="word_216">que</word>
   <word id="word_217">se</word>
   <word id="word_218">recorda</word>
   <word id="word_219">é</word>
   <word id="word_220">que</word>
   <word id="word_221">,</word>
   <word id="word_222">aqui</word>
   <word id="word_223">como</word>
   <word id="word_224">em</word>
   <word id="word_225">qualquer</word>
   <word id="word_226">outra</word>
   <word id="word_227">situação</word>
   <word id="word_228">de</word>
   <word id="word_229">relativo</word>
   <word id="word_230">desconhecimento</word>
   <word id="word_231">de</word>
   <word id="word_232">um</word>
   <word id="word_233">objecto</word>
   <word id="word_234">,</word>
   <word id="word_235">só</word>
   <word id="word_236">o</word>
   <word id="word_237">confronto</word>
   <word id="word_238">directo</word>
   <word id="word_239">com</word>
   <word id="word_240">a</word>
   <word id="word_241">matéria</word>
   <word id="word_242">em</word>
   <word id="word_243">questão</word>
   <word id="word_244">nos</word>
   <word id="word_245">pode</word>
   <word id="word_246">ajudar</word>
   <word id="word_247">a</word>
   <word id="word_248">formular</word>
   <word id="word_249">uma</word>
   <word id="word_250">perspectiva</word>
   <word id="word_251">clara</word>
   <word id="word_252">,</word>
   <word id="word_253">evitando</word>
   <word id="word_254">generalizações</word>
   <word id="word_255">apressadas</word>
   <word id="word_256">.</word>
   <word id="word_257">Surge</word>
   <word id="word_258">,</word>
   <word id="word_259">agora</word>
   <word id="word_260">,</word>
   <word id="word_261">uma</word>
   <word id="word_262">excelente</word>
   <word id="word_263">oportunidade</word>
   <word id="word_264">para</word>
   <word id="word_265">que</word>
   <word id="word_266">tal</word>
   <word id="word_267">aconteça</word>
   <word id="word_268">:</word>
   <word id="word_269">a</word>
   <word id="word_270">Cine</word>
   <word id="word_271">Filme</word>
   <word id="word_272">(</word>
   <word id="word_273">uma</word>
   <word id="word_274">nova</word>
   <word id="word_275">distribuidora</word>
   <word id="word_276">cinematográfica</word>
   <word id="word_277">)</word>
   <word id="word_278">faz</word>
   <word id="word_279">o</word>
   <word id="word_280">lançamento</word>
   <word id="word_281">de_</word>
   <word id="word_282">as</word>
   <word id="word_283">suas</word>
   <word id="word_284">actividades</word>
   <word id="word_285">com</word>
   <word id="word_286">a</word>
   <word id="word_287">apresentação</word>
   <word id="word_288">a</word>
   <word id="word_289">partir</word>
   <word id="word_290">de</word>
   <word id="word_291">hoje</word>
   <word id="word_292">,</word>
   <word id="word_293">em</word>
   <word id="word_294">Lisboa</word>
   <word id="word_295">,</word>
   <word id="word_296">e</word>
   <word id="word_297">de_</word>
   <word id="word_298">a</word>
   <word id="word_299">próxima</word>
   <word id="word_300">terça-feira</word>
   <word id="word_301">,</word>
   <word id="word_302">em_</word>
   <word id="word_303">o</word>
   <word id="word_304">Porto</word>
   <word id="word_305">,</word>
   <word id="word_306">de</word>
   <word id="word_307">uma</word>
   <word id="word_308">«Presença</word>
   <word id="word_309">de_</word>
   <word id="word_310">o</word>
   <word id="word_311">cinema</word>
   <word id="word_312">soviético»</word>
   <word id="word_313">constituída</word>
   <word id="word_314">por</word>
   <word id="word_315">sete</word>
   <word id="word_316">filmes</word>
   <word id="word_317">de</word>
   <word id="word_318">produção</word>
   <word id="word_319">relativamente</word>
   <word id="word_320">recente</word>
   <word id="word_321">,</word>
   <word id="word_322">com</word>
   <word id="word_323">duas</word>
   <word id="word_324">excepções</word>
   <word id="word_325">que</word>
   <word id="word_326">constituem</word>
   <word id="word_327">também</word>
   <word id="word_328">duas</word>
   <word id="word_329">de_</word>
   <word id="word_330">as</word>
   <word id="word_331">maiores</word>
   <word id="word_332">curiosidades</word>
   <word id="word_333">:</word>
   <word id="word_334">A</word>
   <word id="word_335">primeira</word>
   <word id="word_336">é</word>
   <word id="word_337">«Que</word>
   <word id="word_338">Viva</word>
   <word id="word_339">México</word>
   <word id="word_340">!</word>
   <word id="word_341">»</word>
   <word id="word_342">,</word>
   <word id="word_343">o</word>
   <word id="word_344">tão</word>
   <word id="word_345">célebre</word>
   <word id="word_346">quanto</word>
   <word id="word_347">mítico</word>
   <word id="word_348">filme</word>
   <word id="word_349">realizado</word>
   <word id="word_350">por</word>
   <word id="word_351">Eisentein</word>
   <word id="word_352">em</word>
   <word id="word_353">1931</word>
   <word id="word_354">,</word>
   <word id="word_355">aquando</word>
   <word id="word_356">de_</word>
   <word id="word_357">a</word>
   <word id="word_358">sua</word>
   <word id="word_359">viagem</word>
   <word id="word_360">a_</word>
   <word id="word_361">os</word>
   <word id="word_362">Estados</word>
   <word id="word_363">Unidos</word>
   <word id="word_364">.</word>
   <word id="word_365">O</word>
   <word id="word_366">autor</word>
   <word id="word_367">de</word>
   <word id="word_368">«Ivan</word>
   <word id="word_369">,</word>
   <word id="word_370">o</word>
   <word id="word_371">Terrível»</word>
   <word id="word_372">regressaria</word>
   <word id="word_373">a_</word>
   <word id="word_374">a</word>
   <word id="word_375">União</word>
   <word id="word_376">Soviética</word>
   <word id="word_377">sem</word>
   <word id="word_378">terminar</word>
   <word id="word_379">as</word>
   <word id="word_380">filmagens</word>
   <word id="word_381">e</word>
   <word id="word_382">também</word>
   <word id="word_383">sem</word>
   <word id="word_384">qualquer</word>
   <word id="word_385">material</word>
   <word id="word_386">,</word>
   <word id="word_387">depois</word>
   <word id="word_388">de</word>
   <word id="word_389">vários</word>
   <word id="word_390">problemas</word>
   <word id="word_391">com</word>
   <word id="word_392">os</word>
   <word id="word_393">produtores</word>
   <word id="word_394">americanos</word>
   <word id="word_395">.</word>
   <word id="word_396">Estes</word>
   <word id="word_397">acabariam</word>
   <word id="word_398">por</word>
   <word id="word_399">reter</word>
   <word id="word_400">a</word>
   <word id="word_401">película</word>
   <word id="word_402">filmada</word>
   <word id="word_403">e</word>
   <word id="word_404">só</word>
   <word id="word_405">muito</word>
   <word id="word_406">recentemente</word>
   <word id="word_407">,</word>
   <word id="word_408">depois</word>
   <word id="word_409">de</word>
   <word id="word_410">cerca</word>
   <word id="word_411">de</word>
   <word id="word_412">meio</word>
   <word id="word_413">século</word>
   <word id="word_414">de</word>
   <word id="word_415">espera</word>
   <word id="word_416">e</word>
   <word id="word_417">negociações</word>
   <word id="word_418">,</word>
   <word id="word_419">essa</word>
   <word id="word_420">película</word>
   <word id="word_421">chegou</word>
   <word id="word_422">a_</word>
   <word id="word_423">a</word>
   <word id="word_424">URSS</word>
   <word id="word_425">,</word>
   <word id="word_426">onde</word>
   <word id="word_427">foi</word>
   <word id="word_428">montada</word>
   <word id="word_429">por</word>
   <word id="word_430">Grigori</word>
   <word id="word_431">Alexandrov</word>
   <word id="word_432">,</word>
   <word id="word_433">um</word>
   <word id="word_434">de_</word>
   <word id="word_435">os</word>
   <word id="word_436">elementos</word>
   <word id="word_437">de_</word>
   <word id="word_438">a</word>
   <word id="word_439">equipa</word>
   <word id="word_440">de</word>
   <word id="word_441">Eisentein</word>
   <word id="word_442">em_</word>
   <word id="word_443">o</word>
   <word id="word_444">México</word>
   <word id="word_445">.</word>
   <word id="word_446">A</word>
   <word id="word_447">segunda</word>
   <word id="word_448">é</word>
   <word id="word_449">«Andrei</word>
   <word id="word_450">Rubliov»</word>
   <word id="word_451">.</word>
   <word id="word_452">«Escrito</word>
   <word id="word_453">em</word>
   <word id="word_454">1964</word>
   <word id="word_455">,</word>
   <word id="word_456">rodado</word>
   <word id="word_457">em</word>
   <word id="word_458">1967</word>
   <word id="word_459">,</word>
   <word id="word_460">apresentado</word>
   <word id="word_461">em</word>
   <word id="word_462">Moscovo</word>
   <word id="word_463">em</word>
   <word id="word_464">1969</word>
   <word id="word_465">e</word>
   <word id="word_466">imediatamente</word>
   <word id="word_467">retirado</word>
   <word id="word_468">de_</word>
   <word id="word_469">a</word>
   <word id="word_470">circulação</word>
   <word id="word_471">,</word>
   <word id="word_472">por</word>
   <word id="word_473">ser</word>
   <word id="word_474">considerado</word>
   <word id="word_475">como</word>
   <word id="word_476">falseando</word>
   <word id="word_477">a</word>
   <word id="word_478">verdade</word>
   <word id="word_479">,</word>
   <word id="word_480">até</word>
   <word id="word_481">1971»</word>
   <word id="word_482">(</word>
   <word id="word_483">cito</word>
   <word id="word_484">Georges</word>
   <word id="word_485">Sadoul</word>
   <word id="word_486">,</word>
   <word id="word_487">de_</word>
   <word id="word_488">o</word>
   <word id="word_489">seu</word>
   <word id="word_490">«Dicionário</word>
   <word id="word_491">de_</word>
   <word id="word_492">os</word>
   <word id="word_493">Cineastas»</word>
   <word id="word_494">)</word>
   <word id="word_495">,</word>
   <word id="word_496">«Andrei</word>
   <word id="word_497">Rubliov»</word>
   <word id="word_498">continua</word>
   <word id="word_499">a</word>
   <word id="word_500">ser</word>
   <word id="word_501">frequentemente</word>
   <word id="word_502">referido</word>
   <word id="word_503">de</word>
   <word id="word_504">forma</word>
   <word id="word_505">apaixonada</word>
   <word id="word_506">,</word>
   <word id="word_507">ainda</word>
   <word id="word_508">que</word>
   <word id="word_509">pouco</word>
   <word id="word_510">conhecido</word>
   <word id="word_511">.</word>
   <word id="word_512">Os</word>
   <word id="word_513">outros</word>
   <word id="word_514">filmes</word>
   <word id="word_515">a</word>
   <word id="word_516">apresentar</word>
   <word id="word_517">são</word>
   <word id="word_518">:</word>
   <word id="word_519">«Moscovo</word>
   <word id="word_520">não</word>
   <word id="word_521">Acredita</word>
   <word id="word_522">em</word>
   <word id="word_523">Lágrimas»</word>
   <word id="word_524">,</word>
   <word id="word_525">de</word>
   <word id="word_526">Vladimir</word>
   <word id="word_527">Menshov</word>
   <word id="word_528">(</word>
   <word id="word_529">que</word>
   <word id="word_530">recebeu</word>
   <word id="word_531">,</word>
   <word id="word_532">há</word>
   <word id="word_533">cerca</word>
   <word id="word_534">de</word>
   <word id="word_535">dois</word>
   <word id="word_536">meses</word>
   <word id="word_537">,</word>
   <word id="word_538">o</word>
   <word id="word_539">«Oscar»</word>
   <word id="word_540">para</word>
   <word id="word_541">o</word>
   <word id="word_542">melhor</word>
   <word id="word_543">filme</word>
   <word id="word_544">estrangeiro</word>
   <word id="word_545">atribuído</word>
   <word id="word_546">por_</word>
   <word id="word_547">a</word>
   <word id="word_548">Academia</word>
   <word id="word_549">de</word>
   <word id="word_550">Artes</word>
   <word id="word_551">e</word>
   <word id="word_552">Ciências</word>
   <word id="word_553">de</word>
   <word id="word_554">Hollywood</word>
   <word id="word_555">)</word>
   <word id="word_556">;</word>
   <word id="word_557">«26</word>
   <word id="word_558">Dias</word>
   <word id="word_559">em_</word>
   <word id="word_560">a</word>
   <word id="word_561">Vida</word>
   <word id="word_562">de</word>
   <word id="word_563">Dostoievski»</word>
   <word id="word_564">,</word>
   <word id="word_565">de</word>
   <word id="word_566">Alexrande</word>
   <word id="word_567">Zarkhi</word>
   <word id="word_568">,</word>
   <word id="word_569">«Cinco</word>
   <word id="word_570">Noites»</word>
   <word id="word_571">,</word>
   <word id="word_572">de</word>
   <word id="word_573">Nikita</word>
   <word id="word_574">Mikhalkov</word>
   <word id="word_575">;</word>
   <word id="word_576">«Declaração</word>
   <word id="word_577">de</word>
   <word id="word_578">Amor»</word>
   <word id="word_579">,</word>
   <word id="word_580">de</word>
   <word id="word_581">Ilya</word>
   <word id="word_582">Averbach</word>
   <word id="word_583">;</word>
   <word id="word_584">e</word>
   <word id="word_585">«Alguns</word>
   <word id="word_586">Dias</word>
   <word id="word_587">em_</word>
   <word id="word_588">a</word>
   <word id="word_589">Vida</word>
   <word id="word_590">de</word>
   <word id="word_591">Oblomov»</word>
   <word id="word_592">,</word>
   <word id="word_593">de</word>
   <word id="word_594">Nikita</word>
   <word id="word_595">Mikhalkov</word>
   <word id="word_596">.</word>
   <word id="word_597">Todos</word>
   <word id="word_598">eles</word>
   <word id="word_599">foram</word>
   <word id="word_600">realizados</word>
   <word id="word_601">em</word>
   <word id="word_602">1979</word>
   <word id="word_603">ou</word>
   <word id="word_604">1980</word>
   <word id="word_605">.</word>
   <word id="word_606">Esta</word>
   <word id="word_607">organização</word>
   <word id="word_608">de_</word>
   <word id="word_609">a</word>
   <word id="word_610">Cine</word>
   <word id="word_611">Filme</word>
   <word id="word_612">integra</word>
   <word id="word_613">-se</word>
   <word id="word_614">em_</word>
   <word id="word_615">uma</word>
   <word id="word_616">perspectiva</word>
   <word id="word_617">de</word>
   <word id="word_618">divulgação</word>
   <word id="word_619">de_</word>
   <word id="word_620">o</word>
   <word id="word_621">cinema</word>
   <word id="word_622">soviético</word>
   <word id="word_623">,</word>
   <word id="word_624">de_</word>
   <word id="word_625">o</word>
   <word id="word_626">qual</word>
   <word id="word_627">aquela</word>
   <word id="word_628">distribuidora</word>
   <word id="word_629">possui</word>
   <word id="word_630">,</word>
   <word id="word_631">desde</word>
   <word id="word_632">já</word>
   <word id="word_633">,</word>
   <word id="word_634">um</word>
   <word id="word_635">lote</word>
   <word id="word_636">de</word>
   <word id="word_637">mais</word>
   <word id="word_638">de</word>
   <word id="word_639">duas</word>
   <word id="word_640">dezenas</word>
   <word id="word_641">de</word>
   <word id="word_642">filmes</word>
   <word id="word_643">para</word>
   <word id="word_644">exibição</word>
   <word id="word_645">comercial</word>
   <word id="word_646">.</word>
   <word id="word_647">Os</word>
   <word id="word_648">primeiros</word>
   <word id="word_649">exemplos</word>
   <word id="word_650">aí</word>
   <word id="word_651">estão</word>
   <word id="word_652">.</word>
</words>
