<?xml version="1.0" encoding="UTF-8"?>
<!DOCTYPE words SYSTEM "words.dtd">
<words>
   <word id="word_1">O</word>
   <word id="word_2">júri</word>
   <word id="word_3">que</word>
   <word id="word_4">está</word>
   <word id="word_5">a</word>
   <word id="word_6">seleccionar</word>
   <word id="word_7">as</word>
   <word id="word_8">músicas</word>
   <word id="word_9">(</word>
   <word id="word_10">e</word>
   <word id="word_11">letras</word>
   <word id="word_12">)</word>
   <word id="word_13">candidatas</word>
   <word id="word_14">a_</word>
   <word id="word_15">o</word>
   <word id="word_16">próximo</word>
   <word id="word_17">Festival</word>
   <word id="word_18">RTP</word>
   <word id="word_19">de_</word>
   <word id="word_20">a</word>
   <word id="word_21">Canção</word>
   <word id="word_22">tem</word>
   <word id="word_23">dado</word>
   <word id="word_24">provas</word>
   <word id="word_25">de</word>
   <word id="word_26">notável</word>
   <word id="word_27">resistência</word>
   <word id="word_28">física</word>
   <word id="word_29">:</word>
   <word id="word_30">ouviu</word>
   <word id="word_31">já</word>
   <word id="word_32">mais</word>
   <word id="word_33">de</word>
   <word id="word_34">duzentos</word>
   <word id="word_35">temas</word>
   <word id="word_36">,</word>
   <word id="word_37">em_</word>
   <word id="word_38">um</word>
   <word id="word_39">total</word>
   <word id="word_40">de</word>
   <word id="word_41">quatrocentos</word>
   <word id="word_42">e</word>
   <word id="word_43">sete</word>
   <word id="word_44">apresentados</word>
   <word id="word_45">.</word>
   <word id="word_46">A</word>
   <word id="word_47">informação</word>
   <word id="word_48">,</word>
   <word id="word_49">colhida</word>
   <word id="word_50">por_</word>
   <word id="word_51">a</word>
   <word id="word_52">Anop</word>
   <word id="word_53">,</word>
   <word id="word_54">é</word>
   <word id="word_55">completada</word>
   <word id="word_56">por</word>
   <word id="word_57">uma</word>
   <word id="word_58">fonte</word>
   <word id="word_59">de_</word>
   <word id="word_60">a</word>
   <word id="word_61">própria</word>
   <word id="word_62">RTP</word>
   <word id="word_63">,</word>
   <word id="word_64">segundo</word>
   <word id="word_65">a</word>
   <word id="word_66">qual</word>
   <word id="word_67">o</word>
   <word id="word_68">nível</word>
   <word id="word_69">geral</word>
   <word id="word_70">de_</word>
   <word id="word_71">as</word>
   <word id="word_72">cantigas</word>
   <word id="word_73">«é</word>
   <word id="word_74">muito</word>
   <word id="word_75">baixo»</word>
   <word id="word_76">.</word>
   <word id="word_77">de_</word>
   <word id="word_78">aí</word>
   <word id="word_79">mais</word>
   <word id="word_80">uma</word>
   <word id="word_81">circunstância</word>
   <word id="word_82">que</word>
   <word id="word_83">-</word>
   <word id="word_84">além</word>
   <word id="word_85">de_</word>
   <word id="word_86">o</word>
   <word id="word_87">número</word>
   <word id="word_88">referido</word>
   <word id="word_89">-</word>
   <word id="word_90">põe</word>
   <word id="word_91">a_</word>
   <word id="word_92">a</word>
   <word id="word_93">prova</word>
   <word id="word_94">a</word>
   <word id="word_95">resistência</word>
   <word id="word_96">de_</word>
   <word id="word_97">o</word>
   <word id="word_98">júri</word>
   <word id="word_99">,</word>
   <word id="word_100">composto</word>
   <word id="word_101">de_</word>
   <word id="word_102">esta</word>
   <word id="word_103">vez</word>
   <word id="word_104">por</word>
   <word id="word_105">Luís</word>
   <word id="word_106">Andrade</word>
   <word id="word_107">(</word>
   <word id="word_108">que</word>
   <word id="word_109">preside</word>
   <word id="word_110">,</word>
   <word id="word_111">tendo</word>
   <word id="word_112">apenas</word>
   <word id="word_113">voto</word>
   <word id="word_114">de</word>
   <word id="word_115">qualidade</word>
   <word id="word_116">)</word>
   <word id="word_117">,</word>
   <word id="word_118">Natália</word>
   <word id="word_119">Correia</word>
   <word id="word_120">,</word>
   <word id="word_121">João</word>
   <word id="word_122">David</word>
   <word id="word_123">Nunes</word>
   <word id="word_124">,</word>
   <word id="word_125">José</word>
   <word id="word_126">Luís</word>
   <word id="word_127">Tinoco</word>
   <word id="word_128">e</word>
   <word id="word_129">Fernando</word>
   <word id="word_130">de</word>
   <word id="word_131">Almeida</word>
   <word id="word_132">.</word>
   <word id="word_133">Até</word>
   <word id="word_134">agora</word>
   <word id="word_135">,</word>
   <word id="word_136">segundo</word>
   <word id="word_137">a</word>
   <word id="word_138">mesma</word>
   <word id="word_139">fonte</word>
   <word id="word_140">,</word>
   <word id="word_141">apenas</word>
   <word id="word_142">uma</word>
   <word id="word_143">intérprete</word>
   <word id="word_144">-</word>
   <word id="word_145">entre</word>
   <word id="word_146">200</word>
   <word id="word_147">-</word>
   <word id="word_148">é</word>
   <word id="word_149">revelação</word>
   <word id="word_150">,</word>
   <word id="word_151">«com</word>
   <word id="word_152">boa</word>
   <word id="word_153">voz</word>
   <word id="word_154">e</word>
   <word id="word_155">boa</word>
   <word id="word_156">música»</word>
   <word id="word_157">,</word>
   <word id="word_158">concorrente</word>
   <word id="word_159">essa</word>
   <word id="word_160">que</word>
   <word id="word_161">participa</word>
   <word id="word_162">por_</word>
   <word id="word_163">a</word>
   <word id="word_164">primeira</word>
   <word id="word_165">vez</word>
   <word id="word_166">em_</word>
   <word id="word_167">o</word>
   <word id="word_168">Festival</word>
   <word id="word_169">RTP</word>
   <word id="word_170">.</word>
   <word id="word_171">O</word>
   <word id="word_172">júri</word>
   <word id="word_173">está</word>
   <word id="word_174">a</word>
   <word id="word_175">ouvir</word>
   <word id="word_176">as</word>
   <word id="word_177">canções</word>
   <word id="word_178">segundo</word>
   <word id="word_179">a</word>
   <word id="word_180">ordem</word>
   <word id="word_181">de</word>
   <word id="word_182">entrada</word>
   <word id="word_183">em_</word>
   <word id="word_184">a</word>
   <word id="word_185">RTP</word>
   <word id="word_186">,</word>
   <word id="word_187">por_</word>
   <word id="word_188">o</word>
   <word id="word_189">que</word>
   <word id="word_190">muitos</word>
   <word id="word_191">autores</word>
   <word id="word_192">conhecidos</word>
   <word id="word_193">,</word>
   <word id="word_194">e</word>
   <word id="word_195">porventura</word>
   <word id="word_196">melhores</word>
   <word id="word_197">,</word>
   <word id="word_198">não</word>
   <word id="word_199">tiveram</word>
   <word id="word_200">ainda</word>
   <word id="word_201">oportunidade</word>
   <word id="word_202">de</word>
   <word id="word_203">«subir</word>
   <word id="word_204">o</word>
   <word id="word_205">nível»</word>
   <word id="word_206">referido</word>
   <word id="word_207">.</word>
   <word id="word_208">Mas</word>
   <word id="word_209">a</word>
   <word id="word_210">sua</word>
   <word id="word_211">vez</word>
   <word id="word_212">deve</word>
   <word id="word_213">ter</word>
   <word id="word_214">chegado</word>
   <word id="word_215">em_</word>
   <word id="word_216">este</word>
   <word id="word_217">fim-de-semana</word>
   <word id="word_218">:</word>
   <word id="word_219">aguardemos</word>
   <word id="word_220">.</word>
</words>
