<?xml version="1.0" encoding="UTF-8"?>
<!DOCTYPE words SYSTEM "words.dtd">
<words>
   <word id="word_1">Deverá</word>
   <word id="word_2">iniciar</word>
   <word id="word_3">-se</word>
   <word id="word_4">,</word>
   <word id="word_5">em_</word>
   <word id="word_6">o</word>
   <word id="word_7">próximo</word>
   <word id="word_8">ano</word>
   <word id="word_9">,</word>
   <word id="word_10">a</word>
   <word id="word_11">construção</word>
   <word id="word_12">de_</word>
   <word id="word_13">o</word>
   <word id="word_14">novo</word>
   <word id="word_15">edifício</word>
   <word id="word_16">de_</word>
   <word id="word_17">o</word>
   <word id="word_18">Arquivo</word>
   <word id="word_19">Histórico</word>
   <word id="word_20">Nacional</word>
   <word id="word_21">de_</word>
   <word id="word_22">a</word>
   <word id="word_23">Torre</word>
   <word id="word_24">de_</word>
   <word id="word_25">o</word>
   <word id="word_26">Tombo</word>
   <word id="word_27">e</word>
   <word id="word_28">que</word>
   <word id="word_29">ficará</word>
   <word id="word_30">localizado</word>
   <word id="word_31">em_</word>
   <word id="word_32">os</word>
   <word id="word_33">terrenos</word>
   <word id="word_34">adjacentes</word>
   <word id="word_35">a_</word>
   <word id="word_36">a</word>
   <word id="word_37">Faculdade</word>
   <word id="word_38">de</word>
   <word id="word_39">Letras</word>
   <word id="word_40">e</word>
   <word id="word_41">a_</word>
   <word id="word_42">a</word>
   <word id="word_43">frente</word>
   <word id="word_44">de_</word>
   <word id="word_45">a</word>
   <word id="word_46">projectada</word>
   <word id="word_47">nova</word>
   <word id="word_48">Faculdade</word>
   <word id="word_49">de</word>
   <word id="word_50">Ciências</word>
   <word id="word_51">.</word>
   <word id="word_52">Os</word>
   <word id="word_53">cálculos</word>
   <word id="word_54">mais</word>
   <word id="word_55">optimistas</word>
   <word id="word_56">estimam</word>
   <word id="word_57">que</word>
   <word id="word_58">a</word>
   <word id="word_59">sua</word>
   <word id="word_60">construção</word>
   <word id="word_61">se</word>
   <word id="word_62">efective</word>
   <word id="word_63">em</word>
   <word id="word_64">1985</word>
   <word id="word_65">.</word>
   <word id="word_66">O</word>
   <word id="word_67">projecto</word>
   <word id="word_68">,</word>
   <word id="word_69">de_</word>
   <word id="word_70">a</word>
   <word id="word_71">autoria</word>
   <word id="word_72">de_</word>
   <word id="word_73">o</word>
   <word id="word_74">arquitecto</word>
   <word id="word_75">Arsénio</word>
   <word id="word_76">Raposo</word>
   <word id="word_77">Cordeiro</word>
   <word id="word_78">,</word>
   <word id="word_79">coordenador</word>
   <word id="word_80">de_</word>
   <word id="word_81">o</word>
   <word id="word_82">grupo</word>
   <word id="word_83">de</word>
   <word id="word_84">trabalho</word>
   <word id="word_85">vencedor</word>
   <word id="word_86">de_</word>
   <word id="word_87">o</word>
   <word id="word_88">concurso</word>
   <word id="word_89">aberto</word>
   <word id="word_90">por_</word>
   <word id="word_91">o</word>
   <word id="word_92">Governo</word>
   <word id="word_93">,</word>
   <word id="word_94">vai</word>
   <word id="word_95">obrigar</word>
   <word id="word_96">a_</word>
   <word id="word_97">o</word>
   <word id="word_98">investimento</word>
   <word id="word_99">de</word>
   <word id="word_100">1</word>
   <word id="word_101">milhão</word>
   <word id="word_102">de</word>
   <word id="word_103">contos</word>
   <word id="word_104">,</word>
   <word id="word_105">a_</word>
   <word id="word_106">os</word>
   <word id="word_107">preços</word>
   <word id="word_108">actuais</word>
   <word id="word_109">.</word>
   <word id="word_110">de_</word>
   <word id="word_111">a</word>
   <word id="word_112">parte</word>
   <word id="word_113">de_</word>
   <word id="word_114">o</word>
   <word id="word_115">Governo</word>
   <word id="word_116">é</word>
   <word id="word_117">clara</word>
   <word id="word_118">a</word>
   <word id="word_119">vontade</word>
   <word id="word_120">política</word>
   <word id="word_121">por</word>
   <word id="word_122">esta</word>
   <word id="word_123">construção</word>
   <word id="word_124">,</word>
   <word id="word_125">dada</word>
   <word id="word_126">,</word>
   <word id="word_127">sobretudo</word>
   <word id="word_128">,</word>
   <word id="word_129">a</word>
   <word id="word_130">necessidade</word>
   <word id="word_131">de</word>
   <word id="word_132">se</word>
   <word id="word_133">ganhar</word>
   <word id="word_134">espaço</word>
   <word id="word_135">em_</word>
   <word id="word_136">o</word>
   <word id="word_137">Palácio</word>
   <word id="word_138">de</word>
   <word id="word_139">S.</word>
   <word id="word_140">Bento</word>
   <word id="word_141">,</word>
   <word id="word_142">onde</word>
   <word id="word_143">o</word>
   <word id="word_144">Arquivo</word>
   <word id="word_145">se</word>
   <word id="word_146">encontra</word>
   <word id="word_147">instalado</word>
   <word id="word_148">,</word>
   <word id="word_149">para</word>
   <word id="word_150">desbloquear</word>
   <word id="word_151">alguns</word>
   <word id="word_152">serviços</word>
   <word id="word_153">de_</word>
   <word id="word_154">a</word>
   <word id="word_155">Assembleia</word>
   <word id="word_156">de_</word>
   <word id="word_157">a</word>
   <word id="word_158">República</word>
   <word id="word_159">.</word>
   <word id="word_160">Os</word>
   <word id="word_161">projectos</word>
   <word id="word_162">e</word>
   <word id="word_163">maquetas</word>
   <word id="word_164">premiados</word>
   <word id="word_165">em_</word>
   <word id="word_166">o</word>
   <word id="word_167">concurso</word>
   <word id="word_168">estão</word>
   <word id="word_169">patentes</word>
   <word id="word_170">a_</word>
   <word id="word_171">o</word>
   <word id="word_172">público</word>
   <word id="word_173">,</word>
   <word id="word_174">até</word>
   <word id="word_175">a_</word>
   <word id="word_176">o</word>
   <word id="word_177">dia</word>
   <word id="word_178">17</word>
   <word id="word_179">,</word>
   <word id="word_180">em_</word>
   <word id="word_181">as</word>
   <word id="word_182">instalações</word>
   <word id="word_183">de_</word>
   <word id="word_184">o</word>
   <word id="word_185">Ministério</word>
   <word id="word_186">de_</word>
   <word id="word_187">as</word>
   <word id="word_188">Obras</word>
   <word id="word_189">Públicas</word>
   <word id="word_190">,</word>
   <word id="word_191">a_</word>
   <word id="word_192">a</word>
   <word id="word_193">Praça</word>
   <word id="word_194">de_</word>
   <word id="word_195">o</word>
   <word id="word_196">Comércio</word>
   <word id="word_197">,</word>
   <word id="word_198">e</word>
   <word id="word_199">que</word>
   <word id="word_200">foram</word>
   <word id="word_201">inaugurados</word>
   <word id="word_202">,</word>
   <word id="word_203">ontem</word>
   <word id="word_204">,</word>
   <word id="word_205">por_</word>
   <word id="word_206">os</word>
   <word id="word_207">secretários</word>
   <word id="word_208">de</word>
   <word id="word_209">Estado</word>
   <word id="word_210">de_</word>
   <word id="word_211">aquele</word>
   <word id="word_212">departamento</word>
   <word id="word_213">governamental</word>
   <word id="word_214">e</word>
   <word id="word_215">de_</word>
   <word id="word_216">o</word>
   <word id="word_217">secretário</word>
   <word id="word_218">de</word>
   <word id="word_219">Estado</word>
   <word id="word_220">de_</word>
   <word id="word_221">a</word>
   <word id="word_222">Cultura</word>
   <word id="word_223">.</word>
</words>
