<?xml version="1.0" encoding="UTF-8"?>
<!DOCTYPE words SYSTEM "words.dtd">
<words>
   <word id="word_1">O</word>
   <word id="word_2">Presidente</word>
   <word id="word_3">de_</word>
   <word id="word_4">a</word>
   <word id="word_5">República</word>
   <word id="word_6">,</word>
   <word id="word_7">general</word>
   <word id="word_8">Ramalho</word>
   <word id="word_9">Eanes</word>
   <word id="word_10">,</word>
   <word id="word_11">recebeu</word>
   <word id="word_12">ontem</word>
   <word id="word_13">por_</word>
   <word id="word_14">a</word>
   <word id="word_15">manhã</word>
   <word id="word_16">o</word>
   <word id="word_17">ministro</word>
   <word id="word_18">de_</word>
   <word id="word_19">a</word>
   <word id="word_20">Energia</word>
   <word id="word_21">de</word>
   <word id="word_22">Angola</word>
   <word id="word_23">.</word>
   <word id="word_24">Pedro</word>
   <word id="word_25">Van</word>
   <word id="word_26">Dunen</word>
   <word id="word_27">,</word>
   <word id="word_28">que</word>
   <word id="word_29">esta</word>
   <word id="word_30">tarde</word>
   <word id="word_31">concederá</word>
   <word id="word_32">uma</word>
   <word id="word_33">conferência</word>
   <word id="word_34">de</word>
   <word id="word_35">Imprensa</word>
   <word id="word_36">sobre</word>
   <word id="word_37">a</word>
   <word id="word_38">sua</word>
   <word id="word_39">visita</word>
   <word id="word_40">a</word>
   <word id="word_41">Portugal</word>
   <word id="word_42">,</word>
   <word id="word_43">encontra</word>
   <word id="word_44">-se</word>
   <word id="word_45">em_</word>
   <word id="word_46">o</word>
   <word id="word_47">nosso</word>
   <word id="word_48">país</word>
   <word id="word_49">a</word>
   <word id="word_50">convite</word>
   <word id="word_51">de_</word>
   <word id="word_52">o</word>
   <word id="word_53">ministro</word>
   <word id="word_54">de_</word>
   <word id="word_55">a</word>
   <word id="word_56">Indústria</word>
   <word id="word_57">e</word>
   <word id="word_58">Energia</word>
   <word id="word_59">,</word>
   <word id="word_60">Baião</word>
   <word id="word_61">Horta</word>
   <word id="word_62">.</word>
   <word id="word_63">Em_</word>
   <word id="word_64">a</word>
   <word id="word_65">parte</word>
   <word id="word_66">de_</word>
   <word id="word_67">a</word>
   <word id="word_68">tarde</word>
   <word id="word_69">,</word>
   <word id="word_70">Van</word>
   <word id="word_71">Dunen</word>
   <word id="word_72">esteve</word>
   <word id="word_73">reunido</word>
   <word id="word_74">com</word>
   <word id="word_75">representantes</word>
   <word id="word_76">de_</word>
   <word id="word_77">as</word>
   <word id="word_78">estruturas</word>
   <word id="word_79">empresariais</word>
   <word id="word_80">portuguesas</word>
   <word id="word_81">(</word>
   <word id="word_82">Confederação</word>
   <word id="word_83">de_</word>
   <word id="word_84">a</word>
   <word id="word_85">Indústria</word>
   <word id="word_86">Portuguesa</word>
   <word id="word_87">,</word>
   <word id="word_88">Associação</word>
   <word id="word_89">Industrial</word>
   <word id="word_90">Portuguesa</word>
   <word id="word_91">e</word>
   <word id="word_92">Conselho</word>
   <word id="word_93">Nacional</word>
   <word id="word_94">de_</word>
   <word id="word_95">as</word>
   <word id="word_96">Associações</word>
   <word id="word_97">Empresariais</word>
   <word id="word_98">,</word>
   <word id="word_99">designadamente</word>
   <word id="word_100">)</word>
   <word id="word_101">e</word>
   <word id="word_102">com</word>
   <word id="word_103">responsáveis</word>
   <word id="word_104">de</word>
   <word id="word_105">algumas</word>
   <word id="word_106">empresas</word>
   <word id="word_107">especificamente</word>
   <word id="word_108">ligadas</word>
   <word id="word_109">a_</word>
   <word id="word_110">o</word>
   <word id="word_111">sector</word>
   <word id="word_112">de</word>
   <word id="word_113">produção</word>
   <word id="word_114">e</word>
   <word id="word_115">transporte</word>
   <word id="word_116">de</word>
   <word id="word_117">energia</word>
   <word id="word_118">eléctrica</word>
   <word id="word_119">(</word>
   <word id="word_120">Acta</word>
   <word id="word_121">,</word>
   <word id="word_122">Cabos</word>
   <word id="word_123">Ávila</word>
   <word id="word_124">,</word>
   <word id="word_125">Central</word>
   <word id="word_126">,</word>
   <word id="word_127">CTPI</word>
   <word id="word_128">,</word>
   <word id="word_129">Copa</word>
   <word id="word_130">,</word>
   <word id="word_131">Bruno</word>
   <word id="word_132">Janz</word>
   <word id="word_133">,</word>
   <word id="word_134">Eni</word>
   <word id="word_135">,</word>
   <word id="word_136">Solidal</word>
   <word id="word_137">e</word>
   <word id="word_138">Tudor</word>
   <word id="word_139">)</word>
   <word id="word_140">.</word>
   <word id="word_141">Esta</word>
   <word id="word_142">reunião</word>
   <word id="word_143">-</word>
   <word id="word_144">em_</word>
   <word id="word_145">a</word>
   <word id="word_146">qual</word>
   <word id="word_147">o</word>
   <word id="word_148">Governo</word>
   <word id="word_149">português</word>
   <word id="word_150">esteve</word>
   <word id="word_151">representado</word>
   <word id="word_152">por_</word>
   <word id="word_153">o</word>
   <word id="word_154">ministro</word>
   <word id="word_155">de_</word>
   <word id="word_156">a</word>
   <word id="word_157">Indústria</word>
   <word id="word_158">e</word>
   <word id="word_159">Energia</word>
   <word id="word_160">,</word>
   <word id="word_161">Baião</word>
   <word id="word_162">Horta</word>
   <word id="word_163">,</word>
   <word id="word_164">e</word>
   <word id="word_165">por_</word>
   <word id="word_166">o</word>
   <word id="word_167">secretário</word>
   <word id="word_168">de</word>
   <word id="word_169">Estado</word>
   <word id="word_170">Carvalho</word>
   <word id="word_171">Carreira</word>
   <word id="word_172">-</word>
   <word id="word_173">teve</word>
   <word id="word_174">por</word>
   <word id="word_175">objectivo</word>
   <word id="word_176">a</word>
   <word id="word_177">análise</word>
   <word id="word_178">mais</word>
   <word id="word_179">aprofundada</word>
   <word id="word_180">de_</word>
   <word id="word_181">as</word>
   <word id="word_182">possibilidades</word>
   <word id="word_183">de</word>
   <word id="word_184">cooperação</word>
   <word id="word_185">entre</word>
   <word id="word_186">as</word>
   <word id="word_187">empresas</word>
   <word id="word_188">nacionais</word>
   <word id="word_189">e</word>
   <word id="word_190">o</word>
   <word id="word_191">Governo</word>
   <word id="word_192">de</word>
   <word id="word_193">Angola</word>
   <word id="word_194">em_</word>
   <word id="word_195">o</word>
   <word id="word_196">sector</word>
   <word id="word_197">de_</word>
   <word id="word_198">a</word>
   <word id="word_199">electricidade</word>
   <word id="word_200">.</word>
   <word id="word_201">Recorde</word>
   <word id="word_202">-se</word>
   <word id="word_203">que</word>
   <word id="word_204">,</word>
   <word id="word_205">durante</word>
   <word id="word_206">a</word>
   <word id="word_207">sua</word>
   <word id="word_208">deslocação</word>
   <word id="word_209">a_</word>
   <word id="word_210">o</word>
   <word id="word_211">Norte</word>
   <word id="word_212">,</word>
   <word id="word_213">em_</word>
   <word id="word_214">o</word>
   <word id="word_215">âmbito</word>
   <word id="word_216">de_</word>
   <word id="word_217">o</word>
   <word id="word_218">programa</word>
   <word id="word_219">de_</word>
   <word id="word_220">a</word>
   <word id="word_221">sua</word>
   <word id="word_222">visita</word>
   <word id="word_223">a</word>
   <word id="word_224">Portugal</word>
   <word id="word_225">,</word>
   <word id="word_226">Van</word>
   <word id="word_227">Dunen</word>
   <word id="word_228">disse</word>
   <word id="word_229">que</word>
   <word id="word_230">a</word>
   <word id="word_231">central</word>
   <word id="word_232">de</word>
   <word id="word_233">Cambambe</word>
   <word id="word_234">e</word>
   <word id="word_235">a</word>
   <word id="word_236">implantação</word>
   <word id="word_237">de</word>
   <word id="word_238">uma</word>
   <word id="word_239">oficina</word>
   <word id="word_240">de</word>
   <word id="word_241">reparações</word>
   <word id="word_242">poderiam</word>
   <word id="word_243">ser</word>
   <word id="word_244">factores</word>
   <word id="word_245">de</word>
   <word id="word_246">uma</word>
   <word id="word_247">maior</word>
   <word id="word_248">cooperação</word>
   <word id="word_249">entre</word>
   <word id="word_250">os</word>
   <word id="word_251">dois</word>
   <word id="word_252">países</word>
   <word id="word_253">.</word>
   <word id="word_254">Segundo</word>
   <word id="word_255">o</word>
   <word id="word_256">ministro</word>
   <word id="word_257">angolano</word>
   <word id="word_258">,</word>
   <word id="word_259">«as</word>
   <word id="word_260">bases</word>
   <word id="word_261">criadas</word>
   <word id="word_262">vão</word>
   <word id="word_263">consolidar-se»</word>
   <word id="word_264">.</word>
   <word id="word_265">Em_</word>
   <word id="word_266">a</word>
   <word id="word_267">oportunidade</word>
   <word id="word_268">,</word>
   <word id="word_269">Pedro</word>
   <word id="word_270">Van</word>
   <word id="word_271">Dunen</word>
   <word id="word_272">salientaria</word>
   <word id="word_273">ainda</word>
   <word id="word_274">o</word>
   <word id="word_275">papel</word>
   <word id="word_276">que</word>
   <word id="word_277">as</word>
   <word id="word_278">empresas</word>
   <word id="word_279">portuguesas</word>
   <word id="word_280">poderão</word>
   <word id="word_281">desempenhar</word>
   <word id="word_282">em</word>
   <word id="word_283">empreendimentos</word>
   <word id="word_284">angolanos</word>
   <word id="word_285">de</word>
   <word id="word_286">«enorme</word>
   <word id="word_287">envergadura</word>
   <word id="word_288">,</word>
   <word id="word_289">principalmente</word>
   <word id="word_290">em_</word>
   <word id="word_291">o</word>
   <word id="word_292">campo</word>
   <word id="word_293">hidroeléctrico»</word>
   <word id="word_294">.</word>
   <word id="word_295">Após</word>
   <word id="word_296">uma</word>
   <word id="word_297">visita</word>
   <word id="word_298">que</word>
   <word id="word_299">efectuou</word>
   <word id="word_300">a_</word>
   <word id="word_301">a</word>
   <word id="word_302">empresa</word>
   <word id="word_303">Efacec</word>
   <word id="word_304">,</word>
   <word id="word_305">o</word>
   <word id="word_306">governante</word>
   <word id="word_307">angolano</word>
   <word id="word_308">salientou</word>
   <word id="word_309">a</word>
   <word id="word_310">«importância</word>
   <word id="word_311">de_</word>
   <word id="word_312">os</word>
   <word id="word_313">equipamentos</word>
   <word id="word_314">portugueses»</word>
   <word id="word_315">,</word>
   <word id="word_316">tendo</word>
   <word id="word_317">analisado</word>
   <word id="word_318">um</word>
   <word id="word_319">conjunto</word>
   <word id="word_320">de</word>
   <word id="word_321">«dossiers»</word>
   <word id="word_322">apresentados</word>
   <word id="word_323">por</word>
   <word id="word_324">aquela</word>
   <word id="word_325">unidade</word>
   <word id="word_326">industrial</word>
   <word id="word_327">com</word>
   <word id="word_328">vista</word>
   <word id="word_329">a_</word>
   <word id="word_330">a</word>
   <word id="word_331">instalação</word>
   <word id="word_332">de_</word>
   <word id="word_333">a</word>
   <word id="word_334">referida</word>
   <word id="word_335">oficina</word>
   <word id="word_336">de</word>
   <word id="word_337">reparações</word>
   <word id="word_338">e</word>
   <word id="word_339">ainda</word>
   <word id="word_340">a_</word>
   <word id="word_341">a</word>
   <word id="word_342">criação</word>
   <word id="word_343">de</word>
   <word id="word_344">um</word>
   <word id="word_345">consórcio</word>
   <word id="word_346">de</word>
   <word id="word_347">empresas</word>
   <word id="word_348">portuguesas</word>
   <word id="word_349">(</word>
   <word id="word_350">Somague</word>
   <word id="word_351">,</word>
   <word id="word_352">Efacec</word>
   <word id="word_353">,</word>
   <word id="word_354">Sorefame</word>
   <word id="word_355">e</word>
   <word id="word_356">Mague</word>
   <word id="word_357">)</word>
   <word id="word_358">que</word>
   <word id="word_359">poderão</word>
   <word id="word_360">intervir</word>
   <word id="word_361">em_</word>
   <word id="word_362">os</word>
   <word id="word_363">trabalhos</word>
   <word id="word_364">de_</word>
   <word id="word_365">a</word>
   <word id="word_366">central</word>
   <word id="word_367">de</word>
   <word id="word_368">Cambambe</word>
   <word id="word_369">.</word>
   <word id="word_370">Pedro</word>
   <word id="word_371">Van</word>
   <word id="word_372">Dunen</word>
   <word id="word_373">deslocou</word>
   <word id="word_374">-se</word>
   <word id="word_375">a_</word>
   <word id="word_376">a</word>
   <word id="word_377">Sepsa</word>
   <word id="word_378">,</word>
   <word id="word_379">onde</word>
   <word id="word_380">apreciou</word>
   <word id="word_381">diversas</word>
   <word id="word_382">fases</word>
   <word id="word_383">de</word>
   <word id="word_384">laboração</word>
   <word id="word_385">tendo</word>
   <word id="word_386">igualmente</word>
   <word id="word_387">visitado</word>
   <word id="word_388">,</word>
   <word id="word_389">juntamente</word>
   <word id="word_390">com</word>
   <word id="word_391">técnicos</word>
   <word id="word_392">ligados</word>
   <word id="word_393">a_</word>
   <word id="word_394">o</word>
   <word id="word_395">sector</word>
   <word id="word_396">energético</word>
   <word id="word_397">que</word>
   <word id="word_398">integram</word>
   <word id="word_399">a</word>
   <word id="word_400">sua</word>
   <word id="word_401">comitiva</word>
   <word id="word_402">,</word>
   <word id="word_403">os</word>
   <word id="word_404">trabalhos</word>
   <word id="word_405">de_</word>
   <word id="word_406">a</word>
   <word id="word_407">barragem</word>
   <word id="word_408">de_</word>
   <word id="word_409">o</word>
   <word id="word_410">Pocinho</word>
   <word id="word_411">.</word>
</words>
