<?xml version="1.0" encoding="UTF-8"?>
<!DOCTYPE words SYSTEM "words.dtd">
<words>
   <word id="word_1">O</word>
   <word id="word_2">primeiro-ministro</word>
   <word id="word_3">Francisco</word>
   <word id="word_4">Pinto</word>
   <word id="word_5">Balsemão</word>
   <word id="word_6">estará</word>
   <word id="word_7">amanhã</word>
   <word id="word_8">,</word>
   <word id="word_9">a_</word>
   <word id="word_10">as</word>
   <word id="word_11">10</word>
   <word id="word_12">horas</word>
   <word id="word_13">,</word>
   <word id="word_14">em</word>
   <word id="word_15">Belém</word>
   <word id="word_16">,</word>
   <word id="word_17">para</word>
   <word id="word_18">apresentar</word>
   <word id="word_19">a_</word>
   <word id="word_20">o</word>
   <word id="word_21">Presidente</word>
   <word id="word_22">de_</word>
   <word id="word_23">a</word>
   <word id="word_24">República</word>
   <word id="word_25">o</word>
   <word id="word_26">elenco</word>
   <word id="word_27">de</word>
   <word id="word_28">secretários</word>
   <word id="word_29">de</word>
   <word id="word_30">Estado</word>
   <word id="word_31">que</word>
   <word id="word_32">irá</word>
   <word id="word_33">completar</word>
   <word id="word_34">o</word>
   <word id="word_35">VII</word>
   <word id="word_36">Governo</word>
   <word id="word_37">Constitucional</word>
   <word id="word_38">-</word>
   <word id="word_39">e</word>
   <word id="word_40">em_</word>
   <word id="word_41">o</word>
   <word id="word_42">qual</word>
   <word id="word_43">se</word>
   <word id="word_44">inclui</word>
   <word id="word_45">o</word>
   <word id="word_46">nome</word>
   <word id="word_47">de</word>
   <word id="word_48">Joaquim</word>
   <word id="word_49">Ferreira</word>
   <word id="word_50">de_</word>
   <word id="word_51">o</word>
   <word id="word_52">Amaral</word>
   <word id="word_53">,</word>
   <word id="word_54">para</word>
   <word id="word_55">a</word>
   <word id="word_56">Integração</word>
   <word id="word_57">Europeia</word>
   <word id="word_58">-</word>
   <word id="word_59">,</word>
   <word id="word_60">anunciando</word>
   <word id="word_61">-se</word>
   <word id="word_62">para</word>
   <word id="word_63">as</word>
   <word id="word_64">15</word>
   <word id="word_65">horas</word>
   <word id="word_66">o</word>
   <word id="word_67">respectivo</word>
   <word id="word_68">acto</word>
   <word id="word_69">de</word>
   <word id="word_70">posse</word>
   <word id="word_71">.</word>
   <word id="word_72">O</word>
   <word id="word_73">Executivo</word>
   <word id="word_74">,</word>
   <word id="word_75">que</word>
   <word id="word_76">após</word>
   <word id="word_77">a</word>
   <word id="word_78">cerimónia</word>
   <word id="word_79">de</word>
   <word id="word_80">investidura</word>
   <word id="word_81">anteontem</word>
   <word id="word_82">,</word>
   <word id="word_83">em_</word>
   <word id="word_84">o</word>
   <word id="word_85">Palácio</word>
   <word id="word_86">de_</word>
   <word id="word_87">a</word>
   <word id="word_88">Ajuda</word>
   <word id="word_89">,</word>
   <word id="word_90">esteve</word>
   <word id="word_91">reunido</word>
   <word id="word_92">em_</word>
   <word id="word_93">esse</word>
   <word id="word_94">mesmo</word>
   <word id="word_95">dia</word>
   <word id="word_96">,</word>
   <word id="word_97">prepara</word>
   <word id="word_98">,</word>
   <word id="word_99">agora</word>
   <word id="word_100">,</word>
   <word id="word_101">o</word>
   <word id="word_102">respectivo</word>
   <word id="word_103">programa</word>
   <word id="word_104">a</word>
   <word id="word_105">apresentar,</word>
   <word id="word_106">em_</word>
   <word id="word_107">o</word>
   <word id="word_108">dia</word>
   <word id="word_109">19</word>
   <word id="word_110">,</word>
   <word id="word_111">em_</word>
   <word id="word_112">a</word>
   <word id="word_113">Assembleia</word>
   <word id="word_114">de_</word>
   <word id="word_115">a</word>
   <word id="word_116">República</word>
   <word id="word_117">,</word>
   <word id="word_118">prolongando</word>
   <word id="word_119">-se</word>
   <word id="word_120">o</word>
   <word id="word_121">respectivo</word>
   <word id="word_122">debate</word>
   <word id="word_123">parlamentar</word>
   <word id="word_124">até</word>
   <word id="word_125">a_</word>
   <word id="word_126">o</word>
   <word id="word_127">dia</word>
   <word id="word_128">23</word>
   <word id="word_129">.</word>
   <word id="word_130">Começam</word>
   <word id="word_131">,</word>
   <word id="word_132">entretanto</word>
   <word id="word_133">,</word>
   <word id="word_134">a</word>
   <word id="word_135">chegar</word>
   <word id="word_136">a</word>
   <word id="word_137">Lisboa</word>
   <word id="word_138">,</word>
   <word id="word_139">as</word>
   <word id="word_140">primeiras</word>
   <word id="word_141">mensagens</word>
   <word id="word_142">de</word>
   <word id="word_143">felicitações</word>
   <word id="word_144">,</word>
   <word id="word_145">contando</word>
   <word id="word_146">-se</word>
   <word id="word_147">entre</word>
   <word id="word_148">estas</word>
   <word id="word_149">a</word>
   <word id="word_150">que</word>
   <word id="word_151">foi</word>
   <word id="word_152">enviada</word>
   <word id="word_153">por_</word>
   <word id="word_154">o</word>
   <word id="word_155">chefe</word>
   <word id="word_156">de_</word>
   <word id="word_157">o</word>
   <word id="word_158">Governo</word>
   <word id="word_159">espanhol</word>
   <word id="word_160">,</word>
   <word id="word_161">Adolfo</word>
   <word id="word_162">Suarez</word>
   <word id="word_163">,</word>
   <word id="word_164">e</word>
   <word id="word_165">uma</word>
   <word id="word_166">outra</word>
   <word id="word_167">,</word>
   <word id="word_168">de_</word>
   <word id="word_169">o</word>
   <word id="word_170">Governo</word>
   <word id="word_171">de_</word>
   <word id="word_172">a</word>
   <word id="word_173">Argélia</word>
   <word id="word_174">,</word>
   <word id="word_175">entregue</word>
   <word id="word_176">através</word>
   <word id="word_177">de_</word>
   <word id="word_178">a</word>
   <word id="word_179">respectiva</word>
   <word id="word_180">Embaixada</word>
   <word id="word_181">,</word>
   <word id="word_182">em_</word>
   <word id="word_183">o</word>
   <word id="word_184">nosso</word>
   <word id="word_185">país</word>
   <word id="word_186">.</word>
   <word id="word_187">De</word>
   <word id="word_188">referir</word>
   <word id="word_189">,</word>
   <word id="word_190">em_</word>
   <word id="word_191">o</word>
   <word id="word_192">plano</word>
   <word id="word_193">interno</word>
   <word id="word_194">,</word>
   <word id="word_195">a</word>
   <word id="word_196">nota</word>
   <word id="word_197">enviada</word>
   <word id="word_198">a_</word>
   <word id="word_199">o</word>
   <word id="word_200">primeiro-ministro</word>
   <word id="word_201">por_</word>
   <word id="word_202">o</word>
   <word id="word_203">Conselho</word>
   <word id="word_204">de</word>
   <word id="word_205">Imprensa</word>
   <word id="word_206">que</word>
   <word id="word_207">,</word>
   <word id="word_208">recordando</word>
   <word id="word_209">o</word>
   <word id="word_210">facto</word>
   <word id="word_211">de_</word>
   <word id="word_212">o</word>
   <word id="word_213">mesmo</word>
   <word id="word_214">ter</word>
   <word id="word_215">sido</word>
   <word id="word_216">seu</word>
   <word id="word_217">vice-presidente</word>
   <word id="word_218">,</word>
   <word id="word_219">manifesta</word>
   <word id="word_220">a</word>
   <word id="word_221">esperança</word>
   <word id="word_222">de</word>
   <word id="word_223">que</word>
   <word id="word_224">o</word>
   <word id="word_225">actual</word>
   <word id="word_226">Governo</word>
   <word id="word_227">«</word>
   <word id="word_228">apoie</word>
   <word id="word_229">a</word>
   <word id="word_230">Imprensa</word>
   <word id="word_231">portuguesa</word>
   <word id="word_232">em_</word>
   <word id="word_233">a</word>
   <word id="word_234">resolução</word>
   <word id="word_235">de_</word>
   <word id="word_236">os</word>
   <word id="word_237">problemas</word>
   <word id="word_238">que</word>
   <word id="word_239">gravemente</word>
   <word id="word_240">a</word>
   <word id="word_241">condicionam</word>
   <word id="word_242">»</word>
   <word id="word_243">.</word>
   <word id="word_244">A</word>
   <word id="word_245">nível</word>
   <word id="word_246">partidário</word>
   <word id="word_247">despontam</word>
   <word id="word_248">,</word>
   <word id="word_249">igualmente</word>
   <word id="word_250">,</word>
   <word id="word_251">as</word>
   <word id="word_252">primeiras</word>
   <word id="word_253">reacções</word>
   <word id="word_254">a_</word>
   <word id="word_255">o</word>
   <word id="word_256">discurso</word>
   <word id="word_257">proferido</word>
   <word id="word_258">por_</word>
   <word id="word_259">o</word>
   <word id="word_260">chefe</word>
   <word id="word_261">de_</word>
   <word id="word_262">o</word>
   <word id="word_263">Governo</word>
   <word id="word_264">em_</word>
   <word id="word_265">o</word>
   <word id="word_266">acto</word>
   <word id="word_267">de</word>
   <word id="word_268">posse</word>
   <word id="word_269">e</word>
   <word id="word_270">,</word>
   <word id="word_271">em_</word>
   <word id="word_272">este</word>
   <word id="word_273">domínio</word>
   <word id="word_274">,</word>
   <word id="word_275">o</word>
   <word id="word_276">Partido</word>
   <word id="word_277">Comunista</word>
   <word id="word_278">Português</word>
   <word id="word_279">considera</word>
   <word id="word_280">que</word>
   <word id="word_281">Pinto</word>
   <word id="word_282">Balsemão</word>
   <word id="word_283">desmentiu</word>
   <word id="word_284">«</word>
   <word id="word_285">as</word>
   <word id="word_286">ingénuas</word>
   <word id="word_287">ilusões</word>
   <word id="word_288">que</word>
   <word id="word_289">alguns</word>
   <word id="word_290">sectores</word>
   <word id="word_291">têm</word>
   <word id="word_292">procurado</word>
   <word id="word_293">suscitar</word>
   <word id="word_294">em</word>
   <word id="word_295">relação</word>
   <word id="word_296">a_</word>
   <word id="word_297">a</word>
   <word id="word_298">personalidade</word>
   <word id="word_299">de_</word>
   <word id="word_300">o</word>
   <word id="word_301">novo</word>
   <word id="word_302">primeiro-ministro</word>
   <word id="word_303">»</word>
   <word id="word_304">.</word>
   <word id="word_305">Salientam</word>
   <word id="word_306">os</word>
   <word id="word_307">comunistas</word>
   <word id="word_308">que</word>
   <word id="word_309">«</word>
   <word id="word_310">por</word>
   <word id="word_311">detrás</word>
   <word id="word_312">de</word>
   <word id="word_313">uma</word>
   <word id="word_314">cortina</word>
   <word id="word_315">de</word>
   <word id="word_316">eufemismos</word>
   <word id="word_317">e</word>
   <word id="word_318">de</word>
   <word id="word_319">formulações</word>
   <word id="word_320">pretensiosas</word>
   <word id="word_321">»</word>
   <word id="word_322">o</word>
   <word id="word_323">discurso</word>
   <word id="word_324">manifesta</word>
   <word id="word_325">«</word>
   <word id="word_326">o</word>
   <word id="word_327">propósito</word>
   <word id="word_328">de</word>
   <word id="word_329">prosseguir</word>
   <word id="word_330">uma</word>
   <word id="word_331">política</word>
   <word id="word_332">de</word>
   <word id="word_333">ofensiva</word>
   <word id="word_334">contra</word>
   <word id="word_335">o</word>
   <word id="word_336">regime</word>
   <word id="word_337">democrático</word>
   <word id="word_338">»</word>
   <word id="word_339">.</word>
   <word id="word_340">O</word>
   <word id="word_341">comunicado</word>
   <word id="word_342">sublinha</word>
   <word id="word_343">,</word>
   <word id="word_344">ainda</word>
   <word id="word_345">,</word>
   <word id="word_346">que</word>
   <word id="word_347">«</word>
   <word id="word_348">a</word>
   <word id="word_349">anunciada</word>
   <word id="word_350">cruzada</word>
   <word id="word_351">pela</word>
   <word id="word_352">pretensa</word>
   <word id="word_353">libertação</word>
   <word id="word_354">de_</word>
   <word id="word_355">a</word>
   <word id="word_356">sociedade</word>
   <word id="word_357">civil,</word>
   <word id="word_358">de_</word>
   <word id="word_359">o</word>
   <word id="word_360">peso</word>
   <word id="word_361">e</word>
   <word id="word_362">influência</word>
   <word id="word_363">de_</word>
   <word id="word_364">o</word>
   <word id="word_365">Estado,</word>
   <word id="word_366">mais</word>
   <word id="word_367">não</word>
   <word id="word_368">esconde</word>
   <word id="word_369">do</word>
   <word id="word_370">que</word>
   <word id="word_371">a</word>
   <word id="word_372">verdadeira</word>
   <word id="word_373">intenção</word>
   <word id="word_374">de</word>
   <word id="word_375">subordinar</word>
   <word id="word_376">despoticamente</word>
   <word id="word_377">a</word>
   <word id="word_378">vida</word>
   <word id="word_379">nacional,</word>
   <word id="word_380">a_</word>
   <word id="word_381">os</word>
   <word id="word_382">objectivos</word>
   <word id="word_383">e</word>
   <word id="word_384">interesses</word>
   <word id="word_385">de_</word>
   <word id="word_386">o</word>
   <word id="word_387">grande</word>
   <word id="word_388">capital</word>
   <word id="word_389">»</word>
   <word id="word_390">.</word>
   <word id="word_391">A</word>
   <word id="word_392">União</word>
   <word id="word_393">Democrática</word>
   <word id="word_394">Popular</word>
   <word id="word_395">,</word>
   <word id="word_396">por</word>
   <word id="word_397">sua</word>
   <word id="word_398">vez</word>
   <word id="word_399">,</word>
   <word id="word_400">comentando</word>
   <word id="word_401">a</word>
   <word id="word_402">constituição</word>
   <word id="word_403">de_</word>
   <word id="word_404">o</word>
   <word id="word_405">novo</word>
   <word id="word_406">Executivo</word>
   <word id="word_407">sublinha</word>
   <word id="word_408">que</word>
   <word id="word_409">a</word>
   <word id="word_410">«</word>
   <word id="word_411">capa</word>
   <word id="word_412">liberal</word>
   <word id="word_413">»</word>
   <word id="word_414">de_</word>
   <word id="word_415">o</word>
   <word id="word_416">mesmo</word>
   <word id="word_417">«</word>
   <word id="word_418">não</word>
   <word id="word_419">passa</word>
   <word id="word_420">de</word>
   <word id="word_421">uma</word>
   <word id="word_422">manobra</word>
   <word id="word_423">política</word>
   <word id="word_424">para</word>
   <word id="word_425">preparar</word>
   <word id="word_426">o</word>
   <word id="word_427">ataque</word>
   <word id="word_428">decisivo</word>
   <word id="word_429">a_</word>
   <word id="word_430">as</word>
   <word id="word_431">conquistas</word>
   <word id="word_432">de</word>
   <word id="word_433">Abril</word>
   <word id="word_434">»</word>
   <word id="word_435">.</word>
   <word id="word_436">Refira</word>
   <word id="word_437">-se</word>
   <word id="word_438">,</word>
   <word id="word_439">por</word>
   <word id="word_440">outro</word>
   <word id="word_441">lado</word>
   <word id="word_442">,</word>
   <word id="word_443">que</word>
   <word id="word_444">,</word>
   <word id="word_445">em_</word>
   <word id="word_446">o</word>
   <word id="word_447">quadro</word>
   <word id="word_448">de_</word>
   <word id="word_449">a</word>
   <word id="word_450">Imprensa</word>
   <word id="word_451">britânica</word>
   <word id="word_452">foi</word>
   <word id="word_453">«</word>
   <word id="word_454">The</word>
   <word id="word_455">Guardian</word>
   <word id="word_456">»</word>
   <word id="word_457">o</word>
   <word id="word_458">único</word>
   <word id="word_459">jornal</word>
   <word id="word_460">que</word>
   <word id="word_461">ontem</word>
   <word id="word_462">noticiou</word>
   <word id="word_463">a</word>
   <word id="word_464">tomada</word>
   <word id="word_465">de</word>
   <word id="word_466">posse</word>
   <word id="word_467">de_</word>
   <word id="word_468">o</word>
   <word id="word_469">novo</word>
   <word id="word_470">Governo</word>
   <word id="word_471">português</word>
   <word id="word_472">,</word>
   <word id="word_473">frisando</word>
   <word id="word_474">que</word>
   <word id="word_475">o</word>
   <word id="word_476">primeiro-ministro</word>
   <word id="word_477">dedicara</word>
   <word id="word_478">grande</word>
   <word id="word_479">parte</word>
   <word id="word_480">de_</word>
   <word id="word_481">o</word>
   <word id="word_482">seu</word>
   <word id="word_483">discurso</word>
   <word id="word_484">a_</word>
   <word id="word_485">os</word>
   <word id="word_486">problemas</word>
   <word id="word_487">de_</word>
   <word id="word_488">a</word>
   <word id="word_489">Imprensa</word>
   <word id="word_490">estatizada</word>
   <word id="word_491">e</word>
   <word id="word_492">a_</word>
   <word id="word_493">a</word>
   <word id="word_494">separação</word>
   <word id="word_495">de_</word>
   <word id="word_496">os</word>
   <word id="word_497">sectores</word>
   <word id="word_498">público</word>
   <word id="word_499">e</word>
   <word id="word_500">privado</word>
   <word id="word_501">,</word>
   <word id="word_502">assim</word>
   <word id="word_503">como</word>
   <word id="word_504">a_</word>
   <word id="word_505">os</word>
   <word id="word_506">esforços</word>
   <word id="word_507">a</word>
   <word id="word_508">desenvolver</word>
   <word id="word_509">por_</word>
   <word id="word_510">o</word>
   <word id="word_511">nosso</word>
   <word id="word_512">país</word>
   <word id="word_513">,</word>
   <word id="word_514">para</word>
   <word id="word_515">alcançar</word>
   <word id="word_516">o</word>
   <word id="word_517">ingresso</word>
   <word id="word_518">em_</word>
   <word id="word_519">o</word>
   <word id="word_520">Mercado</word>
   <word id="word_521">Comum</word>
   <word id="word_522">,</word>
   <word id="word_523">dentro</word>
   <word id="word_524">de_</word>
   <word id="word_525">as</word>
   <word id="word_526">datas</word>
   <word id="word_527">previstas</word>
   <word id="word_528">.</word>
   <word id="word_529">Por</word>
   <word id="word_530">sua</word>
   <word id="word_531">vez</word>
   <word id="word_532">,</word>
   <word id="word_533">o</word>
   <word id="word_534">ministro</word>
   <word id="word_535">de_</word>
   <word id="word_536">os</word>
   <word id="word_537">Negócios</word>
   <word id="word_538">Estrangeiros</word>
   <word id="word_539">,</word>
   <word id="word_540">André</word>
   <word id="word_541">Gonçalves</word>
   <word id="word_542">Pereira</word>
   <word id="word_543">,</word>
   <word id="word_544">recebeu</word>
   <word id="word_545">um</word>
   <word id="word_546">telegrama</word>
   <word id="word_547">de_</word>
   <word id="word_548">o</word>
   <word id="word_549">seu</word>
   <word id="word_550">homólogo</word>
   <word id="word_551">alemão</word>
   <word id="word_552">federal</word>
   <word id="word_553">,</word>
   <word id="word_554">Hans-Dietrich</word>
   <word id="word_555">Genscher</word>
   <word id="word_556">,</word>
   <word id="word_557">em_</word>
   <word id="word_558">o</word>
   <word id="word_559">qual</word>
   <word id="word_560">se</word>
   <word id="word_561">destaca</word>
   <word id="word_562">a</word>
   <word id="word_563">«</word>
   <word id="word_564">cooperação</word>
   <word id="word_565">confiante</word>
   <word id="word_566">,</word>
   <word id="word_567">em</word>
   <word id="word_568">numerosos</word>
   <word id="word_569">sectores</word>
   <word id="word_570">»</word>
   <word id="word_571">que</word>
   <word id="word_572">se</word>
   <word id="word_573">estabeleceu</word>
   <word id="word_574">entre</word>
   <word id="word_575">a</word>
   <word id="word_576">República</word>
   <word id="word_577">Federal</word>
   <word id="word_578">de_</word>
   <word id="word_579">a</word>
   <word id="word_580">Alemanha</word>
   <word id="word_581">e</word>
   <word id="word_582">Portugal</word>
   <word id="word_583">,</word>
   <word id="word_584">designadamente</word>
   <word id="word_585">em_</word>
   <word id="word_586">o</word>
   <word id="word_587">âmbito</word>
   <word id="word_588">de_</word>
   <word id="word_589">a</word>
   <word id="word_590">Aliança</word>
   <word id="word_591">Atlântica</word>
   <word id="word_592">.</word>
   <word id="word_593">Aquele</word>
   <word id="word_594">membro</word>
   <word id="word_595">de_</word>
   <word id="word_596">o</word>
   <word id="word_597">Governo</word>
   <word id="word_598">de</word>
   <word id="word_599">Bona</word>
   <word id="word_600">manifesta</word>
   <word id="word_601">,</word>
   <word id="word_602">ainda</word>
   <word id="word_603">,</word>
   <word id="word_604">a</word>
   <word id="word_605">esperança</word>
   <word id="word_606">de</word>
   <word id="word_607">poder</word>
   <word id="word_608">avistar</word>
   <word id="word_609">-se</word>
   <word id="word_610">,</word>
   <word id="word_611">em</word>
   <word id="word_612">breve</word>
   <word id="word_613">,</word>
   <word id="word_614">com</word>
   <word id="word_615">o</word>
   <word id="word_616">seu</word>
   <word id="word_617">colega</word>
   <word id="word_618">português</word>
   <word id="word_619">.</word>
</words>
