<?xml version="1.0" encoding="UTF-8"?>
<!DOCTYPE words SYSTEM "words.dtd">
<words>
   <word id="word_1">Em</word>
   <word id="word_2">cada</word>
   <word id="word_3">equipa</word>
   <word id="word_4">redactorial</word>
   <word id="word_5">de_</word>
   <word id="word_6">a</word>
   <word id="word_7">Radiodifusão</word>
   <word id="word_8">Portuguesa</word>
   <word id="word_9">com</word>
   <word id="word_10">mais</word>
   <word id="word_11">de</word>
   <word id="word_12">cinco</word>
   <word id="word_13">jornalistas</word>
   <word id="word_14">poderão</word>
   <word id="word_15">ser</word>
   <word id="word_16">constituídos</word>
   <word id="word_17">conselhos</word>
   <word id="word_18">de</word>
   <word id="word_19">redacção</word>
   <word id="word_20">,</word>
   <word id="word_21">segundo</word>
   <word id="word_22">determinação</word>
   <word id="word_23">de</word>
   <word id="word_24">um</word>
   <word id="word_25">despacho</word>
   <word id="word_26">de_</word>
   <word id="word_27">o</word>
   <word id="word_28">secretário</word>
   <word id="word_29">de</word>
   <word id="word_30">Estado</word>
   <word id="word_31">de_</word>
   <word id="word_32">a</word>
   <word id="word_33">Comunicação</word>
   <word id="word_34">Social</word>
   <word id="word_35">.</word>
   <word id="word_36">O</word>
   <word id="word_37">despacho</word>
   <word id="word_38">fixa</word>
   <word id="word_39">a_</word>
   <word id="word_40">a</word>
   <word id="word_41">Comissão</word>
   <word id="word_42">administrativa</word>
   <word id="word_43">de_</word>
   <word id="word_44">a</word>
   <word id="word_45">RDP</word>
   <word id="word_46">o</word>
   <word id="word_47">«reconhecimento</word>
   <word id="word_48">de_</word>
   <word id="word_49">os</word>
   <word id="word_50">conselhos</word>
   <word id="word_51">de</word>
   <word id="word_52">redacção</word>
   <word id="word_53">constituídos»</word>
   <word id="word_54">e</word>
   <word id="word_55">exclui</word>
   <word id="word_56">de_</word>
   <word id="word_57">a</word>
   <word id="word_58">sua</word>
   <word id="word_59">competência</word>
   <word id="word_60">a</word>
   <word id="word_61">definição</word>
   <word id="word_62">ou</word>
   <word id="word_63">apreciação</word>
   <word id="word_64">de_</word>
   <word id="word_65">os</word>
   <word id="word_66">métodos</word>
   <word id="word_67">regulamentares</word>
   <word id="word_68">e</word>
   <word id="word_69">eleitorais</word>
   <word id="word_70">que</word>
   <word id="word_71">conduziram</word>
   <word id="word_72">a_</word>
   <word id="word_73">a</word>
   <word id="word_74">formação</word>
   <word id="word_75">de_</word>
   <word id="word_76">os</word>
   <word id="word_77">conselhos</word>
   <word id="word_78">.</word>
   <word id="word_79">A</word>
   <word id="word_80">fixação</word>
   <word id="word_81">de_</word>
   <word id="word_82">os</word>
   <word id="word_83">deveres</word>
   <word id="word_84">de_</word>
   <word id="word_85">a</word>
   <word id="word_86">Comissão</word>
   <word id="word_87">Administrativa</word>
   <word id="word_88">de_</word>
   <word id="word_89">a</word>
   <word id="word_90">RDP</word>
   <word id="word_91">surge</word>
   <word id="word_92">em_</word>
   <word id="word_93">a</word>
   <word id="word_94">sequência</word>
   <word id="word_95">de</word>
   <word id="word_96">dificuldades</word>
   <word id="word_97">por</word>
   <word id="word_98">ela</word>
   <word id="word_99">levantadas</word>
   <word id="word_100">quanto</word>
   <word id="word_101">a_</word>
   <word id="word_102">a</word>
   <word id="word_103">aplicação</word>
   <word id="word_104">prática</word>
   <word id="word_105">de_</word>
   <word id="word_106">a</word>
   <word id="word_107">lei</word>
   <word id="word_108">que</word>
   <word id="word_109">determina</word>
   <word id="word_110">a</word>
   <word id="word_111">criação</word>
   <word id="word_112">de_</word>
   <word id="word_113">os</word>
   <word id="word_114">conselhos</word>
   <word id="word_115">de</word>
   <word id="word_116">redacção</word>
   <word id="word_117">.</word>
   <word id="word_118">Tais</word>
   <word id="word_119">dúvidas</word>
   <word id="word_120">,</word>
   <word id="word_121">conforme</word>
   <word id="word_122">se</word>
   <word id="word_123">sublinha</word>
   <word id="word_124">em_</word>
   <word id="word_125">o</word>
   <word id="word_126">despacho</word>
   <word id="word_127">de_</word>
   <word id="word_128">o</word>
   <word id="word_129">secretário</word>
   <word id="word_130">de</word>
   <word id="word_131">Estado</word>
   <word id="word_132">de_</word>
   <word id="word_133">a</word>
   <word id="word_134">Comunicação</word>
   <word id="word_135">Social</word>
   <word id="word_136">,</word>
   <word id="word_137">têm</word>
   <word id="word_138">conduzido</word>
   <word id="word_139">,</word>
   <word id="word_140">em</word>
   <word id="word_141">última</word>
   <word id="word_142">análise</word>
   <word id="word_143">,</word>
   <word id="word_144">a_</word>
   <word id="word_145">o</word>
   <word id="word_146">não</word>
   <word id="word_147">funcionamento</word>
   <word id="word_148">de_</word>
   <word id="word_149">os</word>
   <word id="word_150">conselhos</word>
   <word id="word_151">em_</word>
   <word id="word_152">a</word>
   <word id="word_153">RDP</word>
   <word id="word_154">.</word>
   <word id="word_155">O</word>
   <word id="word_156">secretário</word>
   <word id="word_157">de</word>
   <word id="word_158">estado</word>
   <word id="word_159">de_</word>
   <word id="word_160">a</word>
   <word id="word_161">Comunicação</word>
   <word id="word_162">Social</word>
   <word id="word_163">determinou</word>
   <word id="word_164">que</word>
   <word id="word_165">os</word>
   <word id="word_166">conselhos</word>
   <word id="word_167">sejam</word>
   <word id="word_168">eleitos</word>
   <word id="word_169">de</word>
   <word id="word_170">entre</word>
   <word id="word_171">e</word>
   <word id="word_172">por_</word>
   <word id="word_173">os</word>
   <word id="word_174">próprios</word>
   <word id="word_175">jornalistas</word>
   <word id="word_176">a_</word>
   <word id="word_177">o</word>
   <word id="word_178">serviço</word>
   <word id="word_179">de_</word>
   <word id="word_180">a</word>
   <word id="word_181">empresa</word>
   <word id="word_182">.</word>
   <word id="word_183">A</word>
   <word id="word_184">estes</word>
   <word id="word_185">«assiste</word>
   <word id="word_186">exclusivamente</word>
   <word id="word_187">a</word>
   <word id="word_188">legitimidade</word>
   <word id="word_189">para</word>
   <word id="word_190">definir</word>
   <word id="word_191">a</word>
   <word id="word_192">constituição</word>
   <word id="word_193">de_</word>
   <word id="word_194">os</word>
   <word id="word_195">conselhos</word>
   <word id="word_196">de</word>
   <word id="word_197">redacção</word>
   <word id="word_198">,</word>
   <word id="word_199">modo</word>
   <word id="word_200">de</word>
   <word id="word_201">eleição</word>
   <word id="word_202">e</word>
   <word id="word_203">regulamento</word>
   <word id="word_204">interno</word>
   <word id="word_205">,</word>
   <word id="word_206">em_</word>
   <word id="word_207">o</word>
   <word id="word_208">cumprimento</word>
   <word id="word_209">estrito</word>
   <word id="word_210">de_</word>
   <word id="word_211">as</word>
   <word id="word_212">disposições</word>
   <word id="word_213">legais</word>
   <word id="word_214">em</word>
   <word id="word_215">vigor»</word>
   <word id="word_216">.</word>
   <word id="word_217">Os</word>
   <word id="word_218">conselhos</word>
   <word id="word_219">serão</word>
   <word id="word_220">presididos</word>
   <word id="word_221">por_</word>
   <word id="word_222">o</word>
   <word id="word_223">director</word>
   <word id="word_224">de</word>
   <word id="word_225">Informação</word>
   <word id="word_226">ou</word>
   <word id="word_227">seus</word>
   <word id="word_228">representantes</word>
   <word id="word_229">.</word>
   <word id="word_230">Está</word>
   <word id="word_231">a</word>
   <word id="word_232">ser</word>
   <word id="word_233">organizado</word>
   <word id="word_234">em</word>
   <word id="word_235">Lisboa</word>
   <word id="word_236">um</word>
   <word id="word_237">curso</word>
   <word id="word_238">de</word>
   <word id="word_239">Comunicação</word>
   <word id="word_240">Social</word>
   <word id="word_241">destinado</word>
   <word id="word_242">a</word>
   <word id="word_243">profissionais</word>
   <word id="word_244">e</word>
   <word id="word_245">candidatos</word>
   <word id="word_246">a_</word>
   <word id="word_247">a</word>
   <word id="word_248">profissão</word>
   <word id="word_249">de</word>
   <word id="word_250">jornalistas</word>
   <word id="word_251">oriundos</word>
   <word id="word_252">de_</word>
   <word id="word_253">os</word>
   <word id="word_254">países</word>
   <word id="word_255">africanos</word>
   <word id="word_256">de</word>
   <word id="word_257">expressão</word>
   <word id="word_258">portuguesa</word>
   <word id="word_259">.</word>
   <word id="word_260">A</word>
   <word id="word_261">iniciativa</word>
   <word id="word_262">tem</word>
   <word id="word_263">o</word>
   <word id="word_264">patrocínio</word>
   <word id="word_265">de_</word>
   <word id="word_266">a</word>
   <word id="word_267">Secretaria</word>
   <word id="word_268">de</word>
   <word id="word_269">Estado</word>
   <word id="word_270">de_</word>
   <word id="word_271">a</word>
   <word id="word_272">Comunicação</word>
   <word id="word_273">Social</word>
   <word id="word_274">,</word>
   <word id="word_275">que</word>
   <word id="word_276">está</word>
   <word id="word_277">a</word>
   <word id="word_278">tentar</word>
   <word id="word_279">assegurar</word>
   <word id="word_280">o</word>
   <word id="word_281">apoio</word>
   <word id="word_282">de_</word>
   <word id="word_283">a</word>
   <word id="word_284">Direcção-Geral</word>
   <word id="word_285">de_</word>
   <word id="word_286">a</word>
   <word id="word_287">Cooperação</word>
   <word id="word_288">quanto</word>
   <word id="word_289">a_</word>
   <word id="word_290">a</word>
   <word id="word_291">concessão</word>
   <word id="word_292">de</word>
   <word id="word_293">bolsas</word>
   <word id="word_294">.</word>
   <word id="word_295">Está</word>
   <word id="word_296">previsto</word>
   <word id="word_297">que</word>
   <word id="word_298">o</word>
   <word id="word_299">curso</word>
   <word id="word_300">tenha</word>
   <word id="word_301">uma</word>
   <word id="word_302">frequência</word>
   <word id="word_303">de</word>
   <word id="word_304">150</word>
   <word id="word_305">pessoas</word>
   <word id="word_306">,</word>
   <word id="word_307">de_</word>
   <word id="word_308">as</word>
   <word id="word_309">quais</word>
   <word id="word_310">cerca</word>
   <word id="word_311">de</word>
   <word id="word_312">100</word>
   <word id="word_313">provenientes</word>
   <word id="word_314">de</word>
   <word id="word_315">Angola</word>
   <word id="word_316">,</word>
   <word id="word_317">12</word>
   <word id="word_318">de_</word>
   <word id="word_319">a</word>
   <word id="word_320">Guiné-Bissau</word>
   <word id="word_321">,</word>
   <word id="word_322">12</word>
   <word id="word_323">de</word>
   <word id="word_324">Cabo</word>
   <word id="word_325">Verde</word>
   <word id="word_326">,</word>
   <word id="word_327">6</word>
   <word id="word_328">de</word>
   <word id="word_329">São</word>
   <word id="word_330">Tomé</word>
   <word id="word_331">e</word>
   <word id="word_332">Príncipe</word>
   <word id="word_333">e</word>
   <word id="word_334">um</word>
   <word id="word_335">número</word>
   <word id="word_336">ainda</word>
   <word id="word_337">indeterminado</word>
   <word id="word_338">de</word>
   <word id="word_339">Moçambique</word>
   <word id="word_340">.</word>
   <word id="word_341">Para</word>
   <word id="word_342">os</word>
   <word id="word_343">angolanos</word>
   <word id="word_344">e</word>
   <word id="word_345">moçambicanos</word>
   <word id="word_346">,</word>
   <word id="word_347">não</word>
   <word id="word_348">estão</word>
   <word id="word_349">ainda</word>
   <word id="word_350">garantidas</word>
   <word id="word_351">as</word>
   <word id="word_352">bolsas</word>
   <word id="word_353">de</word>
   <word id="word_354">estudo</word>
   <word id="word_355">normalmente</word>
   <word id="word_356">atribuídas</word>
   <word id="word_357">por_</word>
   <word id="word_358">a</word>
   <word id="word_359">cooperação</word>
   <word id="word_360">,</word>
   <word id="word_361">mas</word>
   <word id="word_362">o</word>
   <word id="word_363">assunto</word>
   <word id="word_364">está</word>
   <word id="word_365">a</word>
   <word id="word_366">ser</word>
   <word id="word_367">objecto</word>
   <word id="word_368">de</word>
   <word id="word_369">conversações</word>
   <word id="word_370">.</word>
   <word id="word_371">Uma</word>
   <word id="word_372">delegação</word>
   <word id="word_373">oficial</word>
   <word id="word_374">angolana</word>
   <word id="word_375">ligada</word>
   <word id="word_376">a_</word>
   <word id="word_377">o</word>
   <word id="word_378">sector</word>
   <word id="word_379">de_</word>
   <word id="word_380">a</word>
   <word id="word_381">Comunicação</word>
   <word id="word_382">Social</word>
   <word id="word_383">,</word>
   <word id="word_384">encontra</word>
   <word id="word_385">-se</word>
   <word id="word_386">em</word>
   <word id="word_387">Lisboa</word>
   <word id="word_388">para</word>
   <word id="word_389">se</word>
   <word id="word_390">inteirar</word>
   <word id="word_391">de_</word>
   <word id="word_392">o</word>
   <word id="word_393">programa</word>
   <word id="word_394">de_</word>
   <word id="word_395">o</word>
   <word id="word_396">curso</word>
   <word id="word_397">,</word>
   <word id="word_398">cuja</word>
   <word id="word_399">realização</word>
   <word id="word_400">foi</word>
   <word id="word_401">bem</word>
   <word id="word_402">aceite</word>
   <word id="word_403">em</word>
   <word id="word_404">Luanda</word>
   <word id="word_405">.</word>
   <word id="word_406">Com</word>
   <word id="word_407">a</word>
   <word id="word_408">duração</word>
   <word id="word_409">de</word>
   <word id="word_410">um</word>
   <word id="word_411">ano</word>
   <word id="word_412">,</word>
   <word id="word_413">o</word>
   <word id="word_414">curso</word>
   <word id="word_415">está</word>
   <word id="word_416">estruturado</word>
   <word id="word_417">de</word>
   <word id="word_418">modo</word>
   <word id="word_419">a</word>
   <word id="word_420">abranger</word>
   <word id="word_421">todas</word>
   <word id="word_422">as</word>
   <word id="word_423">áreas</word>
   <word id="word_424">de_</word>
   <word id="word_425">a</word>
   <word id="word_426">Comunicação</word>
   <word id="word_427">Social</word>
   <word id="word_428">,</word>
   <word id="word_429">desde</word>
   <word id="word_430">o</word>
   <word id="word_431">jornalismo</word>
   <word id="word_432">a_</word>
   <word id="word_433">a</word>
   <word id="word_434">televisão</word>
   <word id="word_435">,</word>
   <word id="word_436">incluindo</word>
   <word id="word_437">as</word>
   <word id="word_438">artes</word>
   <word id="word_439">gráficas</word>
   <word id="word_440">,</word>
   <word id="word_441">por_</word>
   <word id="word_442">as</word>
   <word id="word_443">quais</word>
   <word id="word_444">os</word>
   <word id="word_445">bolseiros</word>
   <word id="word_446">serão</word>
   <word id="word_447">repartidos</word>
   <word id="word_448">.</word>
   <word id="word_449">As</word>
   <word id="word_450">redacções</word>
   <word id="word_451">de_</word>
   <word id="word_452">os</word>
   <word id="word_453">jornais</word>
   <word id="word_454">de_</word>
   <word id="word_455">o</word>
   <word id="word_456">futuro</word>
   <word id="word_457">serão</word>
   <word id="word_458">salas</word>
   <word id="word_459">de</word>
   <word id="word_460">computadores</word>
   <word id="word_461">sem</word>
   <word id="word_462">máquinas</word>
   <word id="word_463">de</word>
   <word id="word_464">escrever</word>
   <word id="word_465">,</word>
   <word id="word_466">segundo</word>
   <word id="word_467">disse</word>
   <word id="word_468">o</word>
   <word id="word_469">professor</word>
   <word id="word_470">alemão</word>
   <word id="word_471">Friedrich</word>
   <word id="word_472">Burrhardt</word>
   <word id="word_473">,</word>
   <word id="word_474">director-geral</word>
   <word id="word_475">de_</word>
   <word id="word_476">a</word>
   <word id="word_477">Associação</word>
   <word id="word_478">de_</word>
   <word id="word_479">os</word>
   <word id="word_480">Editores</word>
   <word id="word_481">Europeus</word>
   <word id="word_482">,</word>
   <word id="word_483">em_</word>
   <word id="word_484">uma</word>
   <word id="word_485">conferência</word>
   <word id="word_486">em_</word>
   <word id="word_487">a</word>
   <word id="word_488">Universidade</word>
   <word id="word_489">de</word>
   <word id="word_490">Navarra</word>
   <word id="word_491">,</word>
   <word id="word_492">em</word>
   <word id="word_493">Espanha</word>
   <word id="word_494">.</word>
   <word id="word_495">O</word>
   <word id="word_496">sistema</word>
   <word id="word_497">de</word>
   <word id="word_498">fotocomposição</word>
   <word id="word_499">é</word>
   <word id="word_500">,</word>
   <word id="word_501">segundo</word>
   <word id="word_502">Burrhardt</word>
   <word id="word_503">,</word>
   <word id="word_504">o</word>
   <word id="word_505">primeiro</word>
   <word id="word_506">passo</word>
   <word id="word_507">de</word>
   <word id="word_508">uma</word>
   <word id="word_509">nova</word>
   <word id="word_510">tecnologia</word>
   <word id="word_511">:</word>
   <word id="word_512">a</word>
   <word id="word_513">de_</word>
   <word id="word_514">o</word>
   <word id="word_515">jornal</word>
   <word id="word_516">integrado</word>
   <word id="word_517">.</word>
   <word id="word_518">«O</word>
   <word id="word_519">jornal</word>
   <word id="word_520">integrado</word>
   <word id="word_521">desempenhará</word>
   <word id="word_522">as</word>
   <word id="word_523">suas</word>
   <word id="word_524">funções</word>
   <word id="word_525">de</word>
   <word id="word_526">maneira</word>
   <word id="word_527">totalmente</word>
   <word id="word_528">electrónica</word>
   <word id="word_529">o</word>
   <word id="word_530">que</word>
   <word id="word_531">constituirá</word>
   <word id="word_532">uma</word>
   <word id="word_533">maneira</word>
   <word id="word_534">nova</word>
   <word id="word_535">de</word>
   <word id="word_536">trabalhar</word>
   <word id="word_537">dentro</word>
   <word id="word_538">de</word>
   <word id="word_539">uma</word>
   <word id="word_540">década</word>
   <word id="word_541">ou</word>
   <word id="word_542">talvez</word>
   <word id="word_543">menos»</word>
   <word id="word_544">,</word>
   <word id="word_545">frisou</word>
   <word id="word_546">.</word>
</words>
