<?xml version="1.0" encoding="UTF-8"?>
<!DOCTYPE words SYSTEM "words.dtd">
<words>
   <word id="word_1">O</word>
   <word id="word_2">embate</word>
   <word id="word_3">de</word>
   <word id="word_4">ontem</word>
   <word id="word_5">,</word>
   <word id="word_6">a_</word>
   <word id="word_7">a</word>
   <word id="word_8">noite</word>
   <word id="word_9">,</word>
   <word id="word_10">entre</word>
   <word id="word_11">o</word>
   <word id="word_12">segundo</word>
   <word id="word_13">e</word>
   <word id="word_14">o</word>
   <word id="word_15">terceiro</word>
   <word id="word_16">classificados</word>
   <word id="word_17">de_</word>
   <word id="word_18">o</word>
   <word id="word_19">Nacional</word>
   <word id="word_20">de_</word>
   <word id="word_21">a</word>
   <word id="word_22">I</word>
   <word id="word_23">Divisão</word>
   <word id="word_24">foi</word>
   <word id="word_25">um</word>
   <word id="word_26">bocejo</word>
   <word id="word_27">em_</word>
   <word id="word_28">as</word>
   <word id="word_29">Antas</word>
   <word id="word_30">-</word>
   <word id="word_31">ou</word>
   <word id="word_32">então</word>
   <word id="word_33">,</word>
   <word id="word_34">recorrendo</word>
   <word id="word_35">a_</word>
   <word id="word_36">a</word>
   <word id="word_37">sempre</word>
   <word id="word_38">actual</word>
   <word id="word_39">linguagem</word>
   <word id="word_40">queirosiana</word>
   <word id="word_41">,</word>
   <word id="word_42">simplesmente</word>
   <word id="word_43">uma</word>
   <word id="word_44">seca</word>
   <word id="word_45">!</word>
   <word id="word_46">Nem</word>
   <word id="word_47">os</word>
   <word id="word_48">treinadores</word>
   <word id="word_49">se</word>
   <word id="word_50">salvaram</word>
   <word id="word_51">...</word>
   <word id="word_52">F.C</word>
   <word id="word_53">.</word>
   <word id="word_54">Porto</word>
   <word id="word_55">e</word>
   <word id="word_56">Sporting</word>
   <word id="word_57">,</word>
   <word id="word_58">tidos</word>
   <word id="word_59">-</word>
   <word id="word_60">e</word>
   <word id="word_61">muito</word>
   <word id="word_62">justamente</word>
   <word id="word_63">-</word>
   <word id="word_64">como</word>
   <word id="word_65">indiscutíveis</word>
   <word id="word_66">baluartes</word>
   <word id="word_67">de_</word>
   <word id="word_68">o</word>
   <word id="word_69">futebol</word>
   <word id="word_70">indígena</word>
   <word id="word_71">,</word>
   <word id="word_72">equipas</word>
   <word id="word_73">onde</word>
   <word id="word_74">trabalham</word>
   <word id="word_75">(</word>
   <word id="word_76">trabalharão</word>
   <word id="word_77">mesmo</word>
   <word id="word_78">?</word>
   <word id="word_79">)</word>
   <word id="word_80">jogadores</word>
   <word id="word_81">usufruindo</word>
   <word id="word_82">de</word>
   <word id="word_83">vencimentos</word>
   <word id="word_84">fabulosos</word>
   <word id="word_85">para</word>
   <word id="word_86">o</word>
   <word id="word_87">nosso</word>
   <word id="word_88">meio</word>
   <word id="word_89">(</word>
   <word id="word_90">alguns</word>
   <word id="word_91">ainda</word>
   <word id="word_92">por</word>
   <word id="word_93">cima</word>
   <word id="word_94">com</word>
   <word id="word_95">todos</word>
   <word id="word_96">os</word>
   <word id="word_97">impostos</word>
   <word id="word_98">pagos</word>
   <word id="word_99">!</word>
   <word id="word_100">...</word>
   <word id="word_101">)</word>
   <word id="word_102">,</word>
   <word id="word_103">mais</word>
   <word id="word_104">pareceram</word>
   <word id="word_105">meros</word>
   <word id="word_106">«aguadeiros»</word>
   <word id="word_107">,</word>
   <word id="word_108">autênticos</word>
   <word id="word_109">«outsiders»</word>
   <word id="word_110">deste</word>
   <word id="word_111">tão</word>
   <word id="word_112">incaracterístico</word>
   <word id="word_113">Campeonato</word>
   <word id="word_114">80</word>
   <word id="word_115">/</word>
   <word id="word_116">81</word>
   <word id="word_117">.</word>
   <word id="word_118">Os</word>
   <word id="word_119">«azuis</word>
   <word id="word_120">e</word>
   <word id="word_121">brancos»</word>
   <word id="word_122">,</word>
   <word id="word_123">mais</word>
   <word id="word_124">afortunados</word>
   <word id="word_125">e</word>
   <word id="word_126">mercê</word>
   <word id="word_127">,</word>
   <word id="word_128">sobretudo</word>
   <word id="word_129">,</word>
   <word id="word_130">de_</word>
   <word id="word_131">o</word>
   <word id="word_132">génio</word>
   <word id="word_133">de_</word>
   <word id="word_134">o</word>
   <word id="word_135">irlandês</word>
   <word id="word_136">Walsh</word>
   <word id="word_137">,</word>
   <word id="word_138">lá</word>
   <word id="word_139">conseguiram</word>
   <word id="word_140">vencer</word>
   <word id="word_141">,</word>
   <word id="word_142">como</word>
   <word id="word_143">,</word>
   <word id="word_144">aliás</word>
   <word id="word_145">,</word>
   <word id="word_146">lhes</word>
   <word id="word_147">competia</word>
   <word id="word_148">e</word>
   <word id="word_149">também</word>
   <word id="word_150">se</word>
   <word id="word_151">aguardava</word>
   <word id="word_152">-</word>
   <word id="word_153">mas</word>
   <word id="word_154">sem</word>
   <word id="word_155">qualquer</word>
   <word id="word_156">brilho</word>
   <word id="word_157">ou</word>
   <word id="word_158">actuação</word>
   <word id="word_159">de</word>
   <word id="word_160">elogiar</word>
   <word id="word_161">.</word>
   <word id="word_162">E</word>
   <word id="word_163">os</word>
   <word id="word_164">campeões</word>
   <word id="word_165">nacionais</word>
   <word id="word_166">,</word>
   <word id="word_167">agora</word>
   <word id="word_168">a</word>
   <word id="word_169">milhas</word>
   <word id="word_170">de_</word>
   <word id="word_171">o</word>
   <word id="word_172">título</word>
   <word id="word_173">,</word>
   <word id="word_174">não</word>
   <word id="word_175">passaram</word>
   <word id="word_176">,</word>
   <word id="word_177">novamente</word>
   <word id="word_178">,</word>
   <word id="word_179">de</word>
   <word id="word_180">um</word>
   <word id="word_181">amontoado</word>
   <word id="word_182">insípido</word>
   <word id="word_183">e</word>
   <word id="word_184">confuso</word>
   <word id="word_185">de</word>
   <word id="word_186">onze</word>
   <word id="word_187">camisolas</word>
   <word id="word_188">a_</word>
   <word id="word_189">as</word>
   <word id="word_190">risquinhas</word>
   <word id="word_191">verdes</word>
   <word id="word_192">e</word>
   <word id="word_193">brancas</word>
   <word id="word_194">.</word>
   <word id="word_195">Pois</word>
   <word id="word_196">é</word>
   <word id="word_197">,</word>
   <word id="word_198">minha</word>
   <word id="word_199">gente</word>
   <word id="word_200">.</word>
   <word id="word_201">Uma</word>
   <word id="word_202">partida</word>
   <word id="word_203">que</word>
   <word id="word_204">dominava</word>
   <word id="word_205">as</word>
   <word id="word_206">atenções</word>
   <word id="word_207">e</word>
   <word id="word_208">que</word>
   <word id="word_209">para</word>
   <word id="word_210">lá</word>
   <word id="word_211">de_</word>
   <word id="word_212">os</word>
   <word id="word_213">interesses</word>
   <word id="word_214">pontuais</word>
   <word id="word_215">em</word>
   <word id="word_216">confronto</word>
   <word id="word_217">,</word>
   <word id="word_218">não</word>
   <word id="word_219">foi</word>
   <word id="word_220">,</word>
   <word id="word_221">de</word>
   <word id="word_222">facto</word>
   <word id="word_223">,</word>
   <word id="word_224">senão</word>
   <word id="word_225">mais</word>
   <word id="word_226">de_</word>
   <word id="word_227">o</word>
   <word id="word_228">que</word>
   <word id="word_229">um</word>
   <word id="word_230">péssimo</word>
   <word id="word_231">cartaz</word>
   <word id="word_232">de</word>
   <word id="word_233">propaganda</word>
   <word id="word_234">de_</word>
   <word id="word_235">o</word>
   <word id="word_236">nosso</word>
   <word id="word_237">futebol</word>
   <word id="word_238">.</word>
   <word id="word_239">E</word>
   <word id="word_240">os</word>
   <word id="word_241">adeptos</word>
   <word id="word_242">de_</word>
   <word id="word_243">a</word>
   <word id="word_244">bola</word>
   <word id="word_245">,</word>
   <word id="word_246">esses</word>
   <word id="word_247">,</word>
   <word id="word_248">até</word>
   <word id="word_249">parece</word>
   <word id="word_250">terem</word>
   <word id="word_251">adivinhado</word>
   <word id="word_252">,</word>
   <word id="word_253">«ab</word>
   <word id="word_254">initio»</word>
   <word id="word_255">,</word>
   <word id="word_256">o</word>
   <word id="word_257">que</word>
   <word id="word_258">iria</word>
   <word id="word_259">acontecer</word>
   <word id="word_260">,</word>
   <word id="word_261">apenas</word>
   <word id="word_262">comparecendo</word>
   <word id="word_263">em</word>
   <word id="word_264">escassíssimo</word>
   <word id="word_265">número</word>
   <word id="word_266">(</word>
   <word id="word_267">cerca</word>
   <word id="word_268">de</word>
   <word id="word_269">15</word>
   <word id="word_270">mil</word>
   <word id="word_271">)</word>
   <word id="word_272">,</word>
   <word id="word_273">a</word>
   <word id="word_274">despeito</word>
   <word id="word_275">de_</word>
   <word id="word_276">a</word>
   <word id="word_277">direcção</word>
   <word id="word_278">de_</word>
   <word id="word_279">a</word>
   <word id="word_280">colectividade</word>
   <word id="word_281">nortenha</word>
   <word id="word_282">ter</word>
   <word id="word_283">decidido</word>
   <word id="word_284">-</word>
   <word id="word_285">e</word>
   <word id="word_286">muito</word>
   <word id="word_287">bem</word>
   <word id="word_288">-</word>
   <word id="word_289">não</word>
   <word id="word_290">considerar</word>
   <word id="word_291">a</word>
   <word id="word_292">jornada</word>
   <word id="word_293">Dia</word>
   <word id="word_294">de_</word>
   <word id="word_295">o</word>
   <word id="word_296">Clube</word>
   <word id="word_297">,</word>
   <word id="word_298">como</word>
   <word id="word_299">era</word>
   <word id="word_300">habitual</word>
   <word id="word_301">desde</word>
   <word id="word_302">há</word>
   <word id="word_303">muitos</word>
   <word id="word_304">anos</word>
   <word id="word_305">.</word>
   <word id="word_306">Mas</word>
   <word id="word_307">lá</word>
   <word id="word_308">está</word>
   <word id="word_309">:</word>
   <word id="word_310">a</word>
   <word id="word_311">TV</word>
   <word id="word_312">,</word>
   <word id="word_313">face</word>
   <word id="word_314">a_</word>
   <word id="word_315">o</word>
   <word id="word_316">famigerado</word>
   <word id="word_317">acordo</word>
   <word id="word_318">esta</word>
   <word id="word_319">época</word>
   <word id="word_320">concluído</word>
   <word id="word_321">com</word>
   <word id="word_322">os</word>
   <word id="word_323">«grandes»</word>
   <word id="word_324">com</word>
   <word id="word_325">vista</word>
   <word id="word_326">a_</word>
   <word id="word_327">a</word>
   <word id="word_328">transmissão</word>
   <word id="word_329">directa</word>
   <word id="word_330">de_</word>
   <word id="word_331">os</word>
   <word id="word_332">principais</word>
   <word id="word_333">encontros</word>
   <word id="word_334">a</word>
   <word id="word_335">disputar</word>
   <word id="word_336">em_</word>
   <word id="word_337">os</word>
   <word id="word_338">seus</word>
   <word id="word_339">campos</word>
   <word id="word_340">,</word>
   <word id="word_341">continua</word>
   <word id="word_342">a</word>
   <word id="word_343">afastar</word>
   <word id="word_344">sistematicamente</word>
   <word id="word_345">as</word>
   <word id="word_346">multidões</word>
   <word id="word_347">e</word>
   <word id="word_348">a</word>
   <word id="word_349">esvaziar</word>
   <word id="word_350">os</word>
   <word id="word_351">estádios</word>
   <word id="word_352">de_</word>
   <word id="word_353">o</word>
   <word id="word_354">entusiasmo</word>
   <word id="word_355">e</word>
   <word id="word_356">de_</word>
   <word id="word_357">o</word>
   <word id="word_358">calor</word>
   <word id="word_359">humano</word>
   <word id="word_360">que</word>
   <word id="word_361">sempre</word>
   <word id="word_362">fizeram</word>
   <word id="word_363">-</word>
   <word id="word_364">e</word>
   <word id="word_365">hão</word>
   <word id="word_366">-de</word>
   <word id="word_367">continuar</word>
   <word id="word_368">a</word>
   <word id="word_369">fazer</word>
   <word id="word_370">-</word>
   <word id="word_371">aquele</word>
   <word id="word_372">que</word>
   <word id="word_373">é</word>
   <word id="word_374">ainda</word>
   <word id="word_375">e</word>
   <word id="word_376">há</word>
   <word id="word_377">-de</word>
   <word id="word_378">continuar</word>
   <word id="word_379">a</word>
   <word id="word_380">ser</word>
   <word id="word_381">,</word>
   <word id="word_382">por</word>
   <word id="word_383">muito</word>
   <word id="word_384">tempo</word>
   <word id="word_385">,</word>
   <word id="word_386">o</word>
   <word id="word_387">espectáculo</word>
   <word id="word_388">mais</word>
   <word id="word_389">apetecido</word>
   <word id="word_390">de_</word>
   <word id="word_391">as</word>
   <word id="word_392">grandes</word>
   <word id="word_393">massas</word>
   <word id="word_394">-</word>
   <word id="word_395">o</word>
   <word id="word_396">futebol</word>
   <word id="word_397">.</word>
   <word id="word_398">Mas</word>
   <word id="word_399">voltemos</word>
   <word id="word_400">a_</word>
   <word id="word_401">as</word>
   <word id="word_402">Antas</word>
   <word id="word_403">.</word>
   <word id="word_404">O</word>
   <word id="word_405">Porto</word>
   <word id="word_406">,</word>
   <word id="word_407">para</word>
   <word id="word_408">manter</word>
   <word id="word_409">intactas</word>
   <word id="word_410">as</word>
   <word id="word_411">suas</word>
   <word id="word_412">aspirações</word>
   <word id="word_413">em</word>
   <word id="word_414">vir</word>
   <word id="word_415">a</word>
   <word id="word_416">alcançar</word>
   <word id="word_417">ainda</word>
   <word id="word_418">o</word>
   <word id="word_419">Benfica</word>
   <word id="word_420">em_</word>
   <word id="word_421">a</word>
   <word id="word_422">tabela</word>
   <word id="word_423">classificativa</word>
   <word id="word_424">não</word>
   <word id="word_425">poderia</word>
   <word id="word_426">perder</word>
   <word id="word_427">qualquer</word>
   <word id="word_428">ponto</word>
   <word id="word_429">em_</word>
   <word id="word_430">este</word>
   <word id="word_431">prélio</word>
   <word id="word_432">com</word>
   <word id="word_433">o</word>
   <word id="word_434">Sporting</word>
   <word id="word_435">.</word>
   <word id="word_436">A</word>
   <word id="word_437">turma</word>
   <word id="word_438">de</word>
   <word id="word_439">Alvalade</word>
   <word id="word_440">,</word>
   <word id="word_441">já</word>
   <word id="word_442">definitivamente</word>
   <word id="word_443">afastada</word>
   <word id="word_444">a</word>
   <word id="word_445">hipótese</word>
   <word id="word_446">de</word>
   <word id="word_447">revalidação</word>
   <word id="word_448">de_</word>
   <word id="word_449">o</word>
   <word id="word_450">título</word>
   <word id="word_451">tão</word>
   <word id="word_452">abnegadamente</word>
   <word id="word_453">conseguido</word>
   <word id="word_454">em_</word>
   <word id="word_455">a</word>
   <word id="word_456">temporada</word>
   <word id="word_457">transacta</word>
   <word id="word_458">e</word>
   <word id="word_459">igualmente</word>
   <word id="word_460">eliminada</word>
   <word id="word_461">de_</word>
   <word id="word_462">a</word>
   <word id="word_463">Taça</word>
   <word id="word_464">,</word>
   <word id="word_465">mercê</word>
   <word id="word_466">de</word>
   <word id="word_467">um</word>
   <word id="word_468">catastrófico</word>
   <word id="word_469">4</word>
   <word id="word_470">-</word>
   <word id="word_471">2</word>
   <word id="word_472">frente</word>
   <word id="word_473">a_</word>
   <word id="word_474">o</word>
   <word id="word_475">Braga</word>
   <word id="word_476">,</word>
   <word id="word_477">precisava</word>
   <word id="word_478">também</word>
   <word id="word_479">de</word>
   <word id="word_480">pontuar</word>
   <word id="word_481">,</word>
   <word id="word_482">até</word>
   <word id="word_483">porque</word>
   <word id="word_484">um</word>
   <word id="word_485">campeão</word>
   <word id="word_486">digno</word>
   <word id="word_487">de</word>
   <word id="word_488">si</word>
   <word id="word_489">próprio</word>
   <word id="word_490">não</word>
   <word id="word_491">pode</word>
   <word id="word_492">nunca</word>
   <word id="word_493">entrar</word>
   <word id="word_494">antecipadamente</word>
   <word id="word_495">batido</word>
   <word id="word_496">em_</word>
   <word id="word_497">o</word>
   <word id="word_498">campo</word>
   <word id="word_499">de_</word>
   <word id="word_500">o</word>
   <word id="word_501">adversário</word>
   <word id="word_502">.</word>
   <word id="word_503">E</word>
   <word id="word_504">,</word>
   <word id="word_505">além</word>
   <word id="word_506">de_</word>
   <word id="word_507">isso</word>
   <word id="word_508">,</word>
   <word id="word_509">há</word>
   <word id="word_510">o</word>
   <word id="word_511">apuramento</word>
   <word id="word_512">,</word>
   <word id="word_513">por</word>
   <word id="word_514">enquanto</word>
   <word id="word_515">não</word>
   <word id="word_516">completamente</word>
   <word id="word_517">esclarecido</word>
   <word id="word_518">,</word>
   <word id="word_519">de_</word>
   <word id="word_520">a</word>
   <word id="word_521">sua</word>
   <word id="word_522">presença</word>
   <word id="word_523">,</word>
   <word id="word_524">por_</word>
   <word id="word_525">o</word>
   <word id="word_526">menos</word>
   <word id="word_527">,</word>
   <word id="word_528">em_</word>
   <word id="word_529">a</word>
   <word id="word_530">próxima</word>
   <word id="word_531">Taça</word>
   <word id="word_532">UEFA</word>
   <word id="word_533">.</word>
   <word id="word_534">Em_</word>
   <word id="word_535">o</word>
   <word id="word_536">que</word>
   <word id="word_537">respeita</word>
   <word id="word_538">a_</word>
   <word id="word_539">o</word>
   <word id="word_540">onze</word>
   <word id="word_541">de</word>
   <word id="word_542">Stessl</word>
   <word id="word_543">,</word>
   <word id="word_544">entrou</word>
   <word id="word_545">a</word>
   <word id="word_546">jogar</word>
   <word id="word_547">,</word>
   <word id="word_548">como</word>
   <word id="word_549">lhe</word>
   <word id="word_550">competia</word>
   <word id="word_551">,</word>
   <word id="word_552">forçando</word>
   <word id="word_553">a</word>
   <word id="word_554">ofensiva</word>
   <word id="word_555">.</word>
   <word id="word_556">Os</word>
   <word id="word_557">«leões»</word>
   <word id="word_558">,</word>
   <word id="word_559">por_</word>
   <word id="word_560">o</word>
   <word id="word_561">contrário</word>
   <word id="word_562">,</word>
   <word id="word_563">fecharam</word>
   <word id="word_564">-se</word>
   <word id="word_565">em_</word>
   <word id="word_566">um</word>
   <word id="word_567">inesperado</word>
   <word id="word_568">«ferrolho»</word>
   <word id="word_569">,</word>
   <word id="word_570">com</word>
   <word id="word_571">Eurico</word>
   <word id="word_572">funcionando</word>
   <word id="word_573">como</word>
   <word id="word_574">«libero»</word>
   <word id="word_575">e</word>
   <word id="word_576">Menezes</word>
   <word id="word_577">,</word>
   <word id="word_578">que</word>
   <word id="word_579">Radisic</word>
   <word id="word_580">terá</word>
   <word id="word_581">introduzido</word>
   <word id="word_582">em_</word>
   <word id="word_583">a</word>
   <word id="word_584">equipa</word>
   <word id="word_585">a_</word>
   <word id="word_586">a</word>
   <word id="word_587">última</word>
   <word id="word_588">de_</word>
   <word id="word_589">a</word>
   <word id="word_590">hora</word>
   <word id="word_591">,</word>
   <word id="word_592">como</word>
   <word id="word_593">«trinco»</word>
   <word id="word_594">.</word>
   <word id="word_595">Os</word>
   <word id="word_596">minutos</word>
   <word id="word_597">iniciais</word>
   <word id="word_598">foram</word>
   <word id="word_599">,</word>
   <word id="word_600">portanto</word>
   <word id="word_601">,</word>
   <word id="word_602">de</word>
   <word id="word_603">acentuado</word>
   <word id="word_604">domínio</word>
   <word id="word_605">de_</word>
   <word id="word_606">a</word>
   <word id="word_607">equipa</word>
   <word id="word_608">de_</word>
   <word id="word_609">a</word>
   <word id="word_610">casa</word>
   <word id="word_611">,</word>
   <word id="word_612">que</word>
   <word id="word_613">lhe</word>
   <word id="word_614">valeu</word>
   <word id="word_615">,</word>
   <word id="word_616">para</word>
   <word id="word_617">lá</word>
   <word id="word_618">de_</word>
   <word id="word_619">o</word>
   <word id="word_620">magnífico</word>
   <word id="word_621">golo</word>
   <word id="word_622">de</word>
   <word id="word_623">Walsh</word>
   <word id="word_624">,</word>
   <word id="word_625">quando</word>
   <word id="word_626">eram</word>
   <word id="word_627">decorridos</word>
   <word id="word_628">apenas</word>
   <word id="word_629">19</word>
   <word id="word_630">minutos</word>
   <word id="word_631">,</word>
   <word id="word_632">ainda</word>
   <word id="word_633">em_</word>
   <word id="word_634">o</word>
   <word id="word_635">domínio</word>
   <word id="word_636">de_</word>
   <word id="word_637">as</word>
   <word id="word_638">operações</word>
   <word id="word_639">até</word>
   <word id="word_640">a_</word>
   <word id="word_641">o</word>
   <word id="word_642">intervalo</word>
   <word id="word_643">,</word>
   <word id="word_644">se</word>
   <word id="word_645">bem</word>
   <word id="word_646">que</word>
   <word id="word_647">após</word>
   <word id="word_648">ter</word>
   <word id="word_649">alcançado</word>
   <word id="word_650">em_</word>
   <word id="word_651">o</word>
   <word id="word_652">marcador</word>
   <word id="word_653">,</word>
   <word id="word_654">a</word>
   <word id="word_655">sua</word>
   <word id="word_656">exibição</word>
   <word id="word_657">tivesse</word>
   <word id="word_658">sofrido</word>
   <word id="word_659">comprometedoras</word>
   <word id="word_660">intermitências</word>
   <word id="word_661">,</word>
   <word id="word_662">devidas</word>
   <word id="word_663">,</word>
   <word id="word_664">sobretudo</word>
   <word id="word_665">,</word>
   <word id="word_666">a</word>
   <word id="word_667">carências</word>
   <word id="word_668">de</word>
   <word id="word_669">estratégia</word>
   <word id="word_670">em_</word>
   <word id="word_671">o</word>
   <word id="word_672">sector</word>
   <word id="word_673">intermediário</word>
   <word id="word_674">,</word>
   <word id="word_675">onde</word>
   <word id="word_676">Frasco</word>
   <word id="word_677">,</word>
   <word id="word_678">excessivamente</word>
   <word id="word_679">individualista</word>
   <word id="word_680">e</word>
   <word id="word_681">complicativo</word>
   <word id="word_682">,</word>
   <word id="word_683">Sousa</word>
   <word id="word_684">,</word>
   <word id="word_685">em</word>
   <word id="word_686">nítida</word>
   <word id="word_687">baixa</word>
   <word id="word_688">de</word>
   <word id="word_689">forma</word>
   <word id="word_690">e</word>
   <word id="word_691">Rodolfo</word>
   <word id="word_692">,</word>
   <word id="word_693">de_</word>
   <word id="word_694">esta</word>
   <word id="word_695">vez</word>
   <word id="word_696">muito</word>
   <word id="word_697">pouco</word>
   <word id="word_698">inspirado</word>
   <word id="word_699">,</word>
   <word id="word_700">não</word>
   <word id="word_701">foram</word>
   <word id="word_702">mais</word>
   <word id="word_703">capazes</word>
   <word id="word_704">,</word>
   <word id="word_705">desde</word>
   <word id="word_706">então</word>
   <word id="word_707">,</word>
   <word id="word_708">de</word>
   <word id="word_709">alimentar</word>
   <word id="word_710">convenientemente</word>
   <word id="word_711">os</word>
   <word id="word_712">seus</word>
   <word id="word_713">companheiros</word>
   <word id="word_714">lá</word>
   <word id="word_715">de_</word>
   <word id="word_716">a</word>
   <word id="word_717">frente</word>
   <word id="word_718">.</word>
   <word id="word_719">Durante</word>
   <word id="word_720">toda</word>
   <word id="word_721">a</word>
   <word id="word_722">primeira</word>
   <word id="word_723">parte</word>
   <word id="word_724">,</word>
   <word id="word_725">o</word>
   <word id="word_726">Sporting</word>
   <word id="word_727">foi</word>
   <word id="word_728">,</word>
   <word id="word_729">aliás</word>
   <word id="word_730">,</word>
   <word id="word_731">uma</word>
   <word id="word_732">equipa</word>
   <word id="word_733">completamente</word>
   <word id="word_734">a_</word>
   <word id="word_735">a</word>
   <word id="word_736">deriva</word>
   <word id="word_737">,</word>
   <word id="word_738">sem</word>
   <word id="word_739">qualquer</word>
   <word id="word_740">estilo</word>
   <word id="word_741">definido</word>
   <word id="word_742">de</word>
   <word id="word_743">jogo</word>
   <word id="word_744">,</word>
   <word id="word_745">uma</word>
   <word id="word_746">equipa</word>
   <word id="word_747">amedrontada</word>
   <word id="word_748">,</word>
   <word id="word_749">sem</word>
   <word id="word_750">chama</word>
   <word id="word_751">,</word>
   <word id="word_752">lenta</word>
   <word id="word_753">e</word>
   <word id="word_754">irresoluta</word>
   <word id="word_755">.</word>
   <word id="word_756">E</word>
   <word id="word_757">não</word>
   <word id="word_758">fora</word>
   <word id="word_759">a</word>
   <word id="word_760">inépcia</word>
   <word id="word_761">de_</word>
   <word id="word_762">o</word>
   <word id="word_763">ataque</word>
   <word id="word_764">nortenho</word>
   <word id="word_765">,</word>
   <word id="word_766">onde</word>
   <word id="word_767">apenas</word>
   <word id="word_768">Walsh</word>
   <word id="word_769">continua</word>
   <word id="word_770">a</word>
   <word id="word_771">revelar</word>
   <word id="word_772">-se</word>
   <word id="word_773">um</word>
   <word id="word_774">ariete</word>
   <word id="word_775">de</word>
   <word id="word_776">inegável</word>
   <word id="word_777">talento</word>
   <word id="word_778">,</word>
   <word id="word_779">a</word>
   <word id="word_780">diferença</word>
   <word id="word_781">em_</word>
   <word id="word_782">o</word>
   <word id="word_783">marcador</word>
   <word id="word_784">talvez</word>
   <word id="word_785">pudesse</word>
   <word id="word_786">ter</word>
   <word id="word_787">sido</word>
   <word id="word_788">dilatada</word>
   <word id="word_789">,</word>
   <word id="word_790">por_</word>
   <word id="word_791">o</word>
   <word id="word_792">menos</word>
   <word id="word_793">em</word>
   <word id="word_794">mais</word>
   <word id="word_795">um</word>
   <word id="word_796">tento</word>
   <word id="word_797">,</word>
   <word id="word_798">já</word>
   <word id="word_799">que</word>
   <word id="word_800">Frasco</word>
   <word id="word_801">teve</word>
   <word id="word_802">o</word>
   <word id="word_803">segundo</word>
   <word id="word_804">golo</word>
   <word id="word_805">em_</word>
   <word id="word_806">os</word>
   <word id="word_807">pés</word>
   <word id="word_808">,</word>
   <word id="word_809">a_</word>
   <word id="word_810">os</word>
   <word id="word_811">38</word>
   <word id="word_812">minutos</word>
   <word id="word_813">,</word>
   <word id="word_814">mas</word>
   <word id="word_815">,</word>
   <word id="word_816">já</word>
   <word id="word_817">isolado</word>
   <word id="word_818">a_</word>
   <word id="word_819">a</word>
   <word id="word_820">entrada</word>
   <word id="word_821">de_</word>
   <word id="word_822">a</word>
   <word id="word_823">pequena</word>
   <word id="word_824">área</word>
   <word id="word_825">,</word>
   <word id="word_826">acabaria</word>
   <word id="word_827">por</word>
   <word id="word_828">rematar</word>
   <word id="word_829">,</word>
   <word id="word_830">precipitadamente</word>
   <word id="word_831">,</word>
   <word id="word_832">contra</word>
   <word id="word_833">as</word>
   <word id="word_834">pernas</word>
   <word id="word_835">de</word>
   <word id="word_836">Vaz</word>
   <word id="word_837">,</word>
   <word id="word_838">que</word>
   <word id="word_839">entretanto</word>
   <word id="word_840">saira</word>
   <word id="word_841">a_</word>
   <word id="word_842">o</word>
   <word id="word_843">seu</word>
   <word id="word_844">encontro</word>
   <word id="word_845">.</word>
   <word id="word_846">Se</word>
   <word id="word_847">a</word>
   <word id="word_848">metade</word>
   <word id="word_849">inicial</word>
   <word id="word_850">já</word>
   <word id="word_851">deixara</word>
   <word id="word_852">,</word>
   <word id="word_853">assim</word>
   <word id="word_854">,</word>
   <word id="word_855">muito</word>
   <word id="word_856">a</word>
   <word id="word_857">desejar</word>
   <word id="word_858">,</word>
   <word id="word_859">embora</word>
   <word id="word_860">o</word>
   <word id="word_861">FC</word>
   <word id="word_862">Porto</word>
   <word id="word_863">tenha</word>
   <word id="word_864">dado</word>
   <word id="word_865">,</word>
   <word id="word_866">aqui</word>
   <word id="word_867">e</word>
   <word id="word_868">além</word>
   <word id="word_869">,</word>
   <word id="word_870">um</word>
   <word id="word_871">arzinho</word>
   <word id="word_872">de_</word>
   <word id="word_873">a</word>
   <word id="word_874">sua</word>
   <word id="word_875">graça</word>
   <word id="word_876">,</word>
   <word id="word_877">aproveitando</word>
   <word id="word_878">o</word>
   <word id="word_879">esquisito</word>
   <word id="word_880">retraimento</word>
   <word id="word_881">contrário</word>
   <word id="word_882">,</word>
   <word id="word_883">a</word>
   <word id="word_884">complementar</word>
   <word id="word_885">,</word>
   <word id="word_886">essa</word>
   <word id="word_887">,</word>
   <word id="word_888">então</word>
   <word id="word_889">,</word>
   <word id="word_890">foi</word>
   <word id="word_891">de</word>
   <word id="word_892">uma</word>
   <word id="word_893">confrangedora</word>
   <word id="word_894">sensaboria</word>
   <word id="word_895">,</word>
   <word id="word_896">já</word>
   <word id="word_897">que</word>
   <word id="word_898">sempre</word>
   <word id="word_899">jogada</word>
   <word id="word_900">a_</word>
   <word id="word_901">o</word>
   <word id="word_902">«ralenti»</word>
   <word id="word_903">,</word>
   <word id="word_904">sem</word>
   <word id="word_905">um</word>
   <word id="word_906">mínimo</word>
   <word id="word_907">de</word>
   <word id="word_908">técnica</word>
   <word id="word_909">e</word>
   <word id="word_910">muito</word>
   <word id="word_911">pouco</word>
   <word id="word_912">esclarecida</word>
   <word id="word_913">tacticamente</word>
   <word id="word_914">.</word>
   <word id="word_915">Radisic</word>
   <word id="word_916">e</word>
   <word id="word_917">Herman</word>
   <word id="word_918">Stessi</word>
   <word id="word_919">têm</word>
   <word id="word_920">defendido</word>
   <word id="word_921">publicamente</word>
   <word id="word_922">a</word>
   <word id="word_923">necessidade</word>
   <word id="word_924">de_</word>
   <word id="word_925">as</word>
   <word id="word_926">equipas</word>
   <word id="word_927">portuguesas</word>
   <word id="word_928">optarem</word>
   <word id="word_929">por</word>
   <word id="word_930">um</word>
   <word id="word_931">futebol</word>
   <word id="word_932">frontal</word>
   <word id="word_933">,</word>
   <word id="word_934">objectivo</word>
   <word id="word_935">,</word>
   <word id="word_936">francamente</word>
   <word id="word_937">a_</word>
   <word id="word_938">o</word>
   <word id="word_939">ataque</word>
   <word id="word_940">.</word>
   <word id="word_941">Em_</word>
   <word id="word_942">a</word>
   <word id="word_943">prática</word>
   <word id="word_944">,</word>
   <word id="word_945">porém</word>
   <word id="word_946">,</word>
   <word id="word_947">não</word>
   <word id="word_948">o</word>
   <word id="word_949">fazem</word>
   <word id="word_950">,</word>
   <word id="word_951">como</word>
   <word id="word_952">ontem</word>
   <word id="word_953">,</word>
   <word id="word_954">muito</word>
   <word id="word_955">claramente</word>
   <word id="word_956">se</word>
   <word id="word_957">constatou</word>
   <word id="word_958">.</word>
   <word id="word_959">Em_</word>
   <word id="word_960">o</word>
   <word id="word_961">que</word>
   <word id="word_962">respeita</word>
   <word id="word_963">a_</word>
   <word id="word_964">os</word>
   <word id="word_965">«azuis</word>
   <word id="word_966">e</word>
   <word id="word_967">brancos»</word>
   <word id="word_968">isso</word>
   <word id="word_969">apenas</word>
   <word id="word_970">se</word>
   <word id="word_971">verificou</word>
   <word id="word_972">,</word>
   <word id="word_973">de</word>
   <word id="word_974">facto</word>
   <word id="word_975">,</word>
   <word id="word_976">em_</word>
   <word id="word_977">os</word>
   <word id="word_978">vinte</word>
   <word id="word_979">minutos</word>
   <word id="word_980">iniciais</word>
   <word id="word_981">,</word>
   <word id="word_982">em</word>
   <word id="word_983">que</word>
   <word id="word_984">Costa</word>
   <word id="word_985">e</word>
   <word id="word_986">Walsh</word>
   <word id="word_987">,</word>
   <word id="word_988">em_</word>
   <word id="word_989">um</word>
   <word id="word_990">entendimento</word>
   <word id="word_991">que</word>
   <word id="word_992">por</word>
   <word id="word_993">vezes</word>
   <word id="word_994">chegou</word>
   <word id="word_995">a</word>
   <word id="word_996">ser</word>
   <word id="word_997">perfeito</word>
   <word id="word_998">,</word>
   <word id="word_999">puseram</word>
   <word id="word_1000">a</word>
   <word id="word_1001">defensiva</word>
   <word id="word_1002">leonina</word>
   <word id="word_1003">,</word>
   <word id="word_1004">apesar</word>
   <word id="word_1005">de</word>
   <word id="word_1006">reforçada</word>
   <word id="word_1007">,</word>
   <word id="word_1008">em_</word>
   <word id="word_1009">as</word>
   <word id="word_1010">mais</word>
   <word id="word_1011">sérias</word>
   <word id="word_1012">dificuldades</word>
   <word id="word_1013">.</word>
   <word id="word_1014">Depois</word>
   <word id="word_1015">,</word>
   <word id="word_1016">toda</word>
   <word id="word_1017">essa</word>
   <word id="word_1018">intencionalidade</word>
   <word id="word_1019">se</word>
   <word id="word_1020">esfumou</word>
   <word id="word_1021">,</word>
   <word id="word_1022">devido</word>
   <word id="word_1023">sobretudo</word>
   <word id="word_1024">a_</word>
   <word id="word_1025">a</word>
   <word id="word_1026">já</word>
   <word id="word_1027">referida</word>
   <word id="word_1028">quebra</word>
   <word id="word_1029">em_</word>
   <word id="word_1030">o</word>
   <word id="word_1031">«miolo»</word>
   <word id="word_1032">,</word>
   <word id="word_1033">passando</word>
   <word id="word_1034">o</word>
   <word id="word_1035">«onze»</word>
   <word id="word_1036">de_</word>
   <word id="word_1037">as</word>
   <word id="word_1038">Antas</word>
   <word id="word_1039">a</word>
   <word id="word_1040">praticar</word>
   <word id="word_1041">um</word>
   <word id="word_1042">futebol</word>
   <word id="word_1043">de</word>
   <word id="word_1044">«reserva</word>
   <word id="word_1045">de</word>
   <word id="word_1046">bola»</word>
   <word id="word_1047">,</word>
   <word id="word_1048">deixando</word>
   <word id="word_1049">completamente</word>
   <word id="word_1050">esquecidos</word>
   <word id="word_1051">lá</word>
   <word id="word_1052">em_</word>
   <word id="word_1053">a</word>
   <word id="word_1054">frente</word>
   <word id="word_1055">os</word>
   <word id="word_1056">seus</word>
   <word id="word_1057">dois</word>
   <word id="word_1058">atacantes</word>
   <word id="word_1059">(</word>
   <word id="word_1060">o</word>
   <word id="word_1061">Porto</word>
   <word id="word_1062">jogou</word>
   <word id="word_1063">sempre</word>
   <word id="word_1064">em</word>
   <word id="word_1065">4x4x2</word>
   <word id="word_1066">,</word>
   <word id="word_1067">que</word>
   <word id="word_1068">,</word>
   <word id="word_1069">quando</word>
   <word id="word_1070">a_</word>
   <word id="word_1071">o</word>
   <word id="word_1072">ataque</word>
   <word id="word_1073">,</word>
   <word id="word_1074">se</word>
   <word id="word_1075">ia</word>
   <word id="word_1076">transformando</word>
   <word id="word_1077">em</word>
   <word id="word_1078">4x4x3</word>
   <word id="word_1079">,</word>
   <word id="word_1080">com</word>
   <word id="word_1081">a</word>
   <word id="word_1082">subida</word>
   <word id="word_1083">em_</word>
   <word id="word_1084">o</word>
   <word id="word_1085">terreno</word>
   <word id="word_1086">,</word>
   <word id="word_1087">ora</word>
   <word id="word_1088">de</word>
   <word id="word_1089">Sousa</word>
   <word id="word_1090">,</word>
   <word id="word_1091">por_</word>
   <word id="word_1092">a</word>
   <word id="word_1093">direita</word>
   <word id="word_1094">,</word>
   <word id="word_1095">ora</word>
   <word id="word_1096">de</word>
   <word id="word_1097">Romeu</word>
   <word id="word_1098">,</word>
   <word id="word_1099">por_</word>
   <word id="word_1100">a</word>
   <word id="word_1101">esquerda</word>
   <word id="word_1102">)</word>
   <word id="word_1103">.</word>
   <word id="word_1104">O</word>
   <word id="word_1105">mesmo</word>
   <word id="word_1106">aconteceria</word>
   <word id="word_1107">,</word>
   <word id="word_1108">aliás</word>
   <word id="word_1109">,</word>
   <word id="word_1110">com</word>
   <word id="word_1111">o</word>
   <word id="word_1112">Sporting</word>
   <word id="word_1113">,</word>
   <word id="word_1114">que</word>
   <word id="word_1115">mesmo</word>
   <word id="word_1116">depois</word>
   <word id="word_1117">de</word>
   <word id="word_1118">já</word>
   <word id="word_1119">estar</word>
   <word id="word_1120">a</word>
   <word id="word_1121">perder</word>
   <word id="word_1122">por</word>
   <word id="word_1123">1</word>
   <word id="word_1124">-</word>
   <word id="word_1125">0</word>
   <word id="word_1126">não</word>
   <word id="word_1127">alteraria</word>
   <word id="word_1128">a</word>
   <word id="word_1129">sua</word>
   <word id="word_1130">estrutura</word>
   <word id="word_1131">de</word>
   <word id="word_1132">jogo</word>
   <word id="word_1133">,</word>
   <word id="word_1134">não</word>
   <word id="word_1135">aumentaria</word>
   <word id="word_1136">de</word>
   <word id="word_1137">velocidade</word>
   <word id="word_1138">nem</word>
   <word id="word_1139">alargaria</word>
   <word id="word_1140">a</word>
   <word id="word_1141">sua</word>
   <word id="word_1142">frente</word>
   <word id="word_1143">de</word>
   <word id="word_1144">ataque</word>
   <word id="word_1145">,</word>
   <word id="word_1146">preferindo</word>
   <word id="word_1147">,</word>
   <word id="word_1148">igualmente</word>
   <word id="word_1149">,</word>
   <word id="word_1150">continuar</word>
   <word id="word_1151">a</word>
   <word id="word_1152">desenvolver</word>
   <word id="word_1153">,</word>
   <word id="word_1154">de</word>
   <word id="word_1155">preferência</word>
   <word id="word_1156">,</word>
   <word id="word_1157">os</word>
   <word id="word_1158">seus</word>
   <word id="word_1159">lances</word>
   <word id="word_1160">a</word>
   <word id="word_1161">meio</word>
   <word id="word_1162">de_</word>
   <word id="word_1163">o</word>
   <word id="word_1164">terreno</word>
   <word id="word_1165">.</word>
   <word id="word_1166">Só</word>
   <word id="word_1167">a_</word>
   <word id="word_1168">os</word>
   <word id="word_1169">64</word>
   <word id="word_1170">minutos</word>
   <word id="word_1171">Radisic</word>
   <word id="word_1172">se</word>
   <word id="word_1173">decidiria</word>
   <word id="word_1174">,</word>
   <word id="word_1175">em_</word>
   <word id="word_1176">a</word>
   <word id="word_1177">verdade</word>
   <word id="word_1178">,</word>
   <word id="word_1179">a</word>
   <word id="word_1180">alterar</word>
   <word id="word_1181">o</word>
   <word id="word_1182">xadrez</word>
   <word id="word_1183">,</word>
   <word id="word_1184">fazendo</word>
   <word id="word_1185">entrar</word>
   <word id="word_1186">o</word>
   <word id="word_1187">nigeriano</word>
   <word id="word_1188">N</word>
   <word id="word_1189">'</word>
   <word id="word_1190">Wokocha</word>
   <word id="word_1191">para</word>
   <word id="word_1192">o</word>
   <word id="word_1193">lugar</word>
   <word id="word_1194">de_</word>
   <word id="word_1195">o</word>
   <word id="word_1196">apagado</word>
   <word id="word_1197">Menezes</word>
   <word id="word_1198">,</word>
   <word id="word_1199">em_</word>
   <word id="word_1200">a</word>
   <word id="word_1201">tentativa</word>
   <word id="word_1202">de</word>
   <word id="word_1203">dar</word>
   <word id="word_1204">,</word>
   <word id="word_1205">finalmente</word>
   <word id="word_1206">,</word>
   <word id="word_1207">uma</word>
   <word id="word_1208">outra</word>
   <word id="word_1209">dinâmica</word>
   <word id="word_1210">atacante</word>
   <word id="word_1211">a_</word>
   <word id="word_1212">a</word>
   <word id="word_1213">sua</word>
   <word id="word_1214">equipa</word>
   <word id="word_1215">.</word>
   <word id="word_1216">Que</word>
   <word id="word_1217">coerência</word>
   <word id="word_1218">,</word>
   <word id="word_1219">senhores</word>
   <word id="word_1220">treinadores</word>
   <word id="word_1221">!</word>
   <word id="word_1222">...</word>
   <word id="word_1223">Em</word>
   <word id="word_1224">vez</word>
   <word id="word_1225">de</word>
   <word id="word_1226">imporem</word>
   <word id="word_1227">o</word>
   <word id="word_1228">futebol</word>
   <word id="word_1229">«europeu»</word>
   <word id="word_1230">que</word>
   <word id="word_1231">apregoam</word>
   <word id="word_1232">,</word>
   <word id="word_1233">acabam</word>
   <word id="word_1234">por</word>
   <word id="word_1235">embarcar</word>
   <word id="word_1236">em_</word>
   <word id="word_1237">o</word>
   <word id="word_1238">canto</word>
   <word id="word_1239">de_</word>
   <word id="word_1240">a</word>
   <word id="word_1241">sereia</word>
   <word id="word_1242">lusitana</word>
   <word id="word_1243">:</word>
   <word id="word_1244">futebol</word>
   <word id="word_1245">mastigado</word>
   <word id="word_1246">,</word>
   <word id="word_1247">de</word>
   <word id="word_1248">rodriguinhos</word>
   <word id="word_1249">,</word>
   <word id="word_1250">sem</word>
   <word id="word_1251">perspectivas</word>
   <word id="word_1252">.</word>
   <word id="word_1253">A</word>
   <word id="word_1254">partida</word>
   <word id="word_1255">,</word>
   <word id="word_1256">embora</word>
   <word id="word_1257">haja</word>
   <word id="word_1258">uma</word>
   <word id="word_1259">grande</word>
   <word id="word_1260">rivalidade</word>
   <word id="word_1261">entre</word>
   <word id="word_1262">lisboetas</word>
   <word id="word_1263">e</word>
   <word id="word_1264">nortenhos</word>
   <word id="word_1265">,</word>
   <word id="word_1266">não</word>
   <word id="word_1267">teve</word>
   <word id="word_1268">,</word>
   <word id="word_1269">em_</word>
   <word id="word_1270">o</word>
   <word id="word_1271">entanto</word>
   <word id="word_1272">,</word>
   <word id="word_1273">qualquer</word>
   <word id="word_1274">caso</word>
   <word id="word_1275">a</word>
   <word id="word_1276">assinalar</word>
   <word id="word_1277">.</word>
   <word id="word_1278">Houve</word>
   <word id="word_1279">luta</word>
   <word id="word_1280">,</word>
   <word id="word_1281">mesmo</word>
   <word id="word_1282">alguma</word>
   <word id="word_1283">virilidade</word>
   <word id="word_1284">,</word>
   <word id="word_1285">mas</word>
   <word id="word_1286">sem</word>
   <word id="word_1287">que</word>
   <word id="word_1288">jamais</word>
   <word id="word_1289">se</word>
   <word id="word_1290">tivessem</word>
   <word id="word_1291">ultrapassado</word>
   <word id="word_1292">as</word>
   <word id="word_1293">marcas</word>
   <word id="word_1294">.</word>
   <word id="word_1295">E</word>
   <word id="word_1296">o</word>
   <word id="word_1297">árbitro</word>
   <word id="word_1298">,</word>
   <word id="word_1299">diga</word>
   <word id="word_1300">-se</word>
   <word id="word_1301">,</word>
   <word id="word_1302">também</word>
   <word id="word_1303">não</word>
   <word id="word_1304">complicou</word>
   <word id="word_1305">o</word>
   <word id="word_1306">desenrolar</word>
   <word id="word_1307">de_</word>
   <word id="word_1308">os</word>
   <word id="word_1309">acontecimentos</word>
   <word id="word_1310">,</word>
   <word id="word_1311">por_</word>
   <word id="word_1312">o</word>
   <word id="word_1313">que</word>
   <word id="word_1314">a</word>
   <word id="word_1315">sua</word>
   <word id="word_1316">actuação</word>
   <word id="word_1317">terá</word>
   <word id="word_1318">que</word>
   <word id="word_1319">considerar</word>
   <word id="word_1320">-se</word>
   <word id="word_1321">como</word>
   <word id="word_1322">francamente</word>
   <word id="word_1323">meritória</word>
   <word id="word_1324">.</word>
</words>
