<?xml version="1.0" encoding="UTF-8"?>
<!DOCTYPE words SYSTEM "words.dtd">
<words>
   <word id="word_1">A</word>
   <word id="word_2">assembleia</word>
   <word id="word_3">geral</word>
   <word id="word_4">de_</word>
   <word id="word_5">as</word>
   <word id="word_6">Nações</word>
   <word id="word_7">Unidas</word>
   <word id="word_8">celebrou</word>
   <word id="word_9">ontem</word>
   <word id="word_10">o</word>
   <word id="word_11">seu</word>
   <word id="word_12">35º</word>
   <word id="word_13">aniversário</word>
   <word id="word_14">.</word>
   <word id="word_15">O</word>
   <word id="word_16">secretário</word>
   <word id="word_17">de_</word>
   <word id="word_18">a</word>
   <word id="word_19">ONU</word>
   <word id="word_20">,</word>
   <word id="word_21">em_</word>
   <word id="word_22">um</word>
   <word id="word_23">comunicado</word>
   <word id="word_24">publicado</word>
   <word id="word_25">sexta-feira</word>
   <word id="word_26">,</word>
   <word id="word_27">assinalou</word>
   <word id="word_28">que</word>
   <word id="word_29">a</word>
   <word id="word_30">assembleia</word>
   <word id="word_31">geral</word>
   <word id="word_32">se</word>
   <word id="word_33">reuniu</word>
   <word id="word_34">por_</word>
   <word id="word_35">a</word>
   <word id="word_36">primeira</word>
   <word id="word_37">vez</word>
   <word id="word_38">em_</word>
   <word id="word_39">o</word>
   <word id="word_40">Central</word>
   <word id="word_41">Hall</word>
   <word id="word_42">em</word>
   <word id="word_43">Westminster</word>
   <word id="word_44">,</word>
   <word id="word_45">Londres</word>
   <word id="word_46">,</word>
   <word id="word_47">em_</word>
   <word id="word_48">o</word>
   <word id="word_49">dia</word>
   <word id="word_50">10</word>
   <word id="word_51">de</word>
   <word id="word_52">Janeiro</word>
   <word id="word_53">de</word>
   <word id="word_54">1946</word>
   <word id="word_55">.</word>
   <word id="word_56">Composta</word>
   <word id="word_57">em_</word>
   <word id="word_58">aquela</word>
   <word id="word_59">altura</word>
   <word id="word_60">por</word>
   <word id="word_61">51</word>
   <word id="word_62">membros</word>
   <word id="word_63">de_</word>
   <word id="word_64">as</word>
   <word id="word_65">Nações</word>
   <word id="word_66">Unidas</word>
   <word id="word_67">,</word>
   <word id="word_68">a</word>
   <word id="word_69">assembleia</word>
   <word id="word_70">elegeu</word>
   <word id="word_71">o</word>
   <word id="word_72">falecido</word>
   <word id="word_73">Paul-Henri</word>
   <word id="word_74">Spaak</word>
   <word id="word_75">,</word>
   <word id="word_76">de_</word>
   <word id="word_77">a</word>
   <word id="word_78">Bélgica</word>
   <word id="word_79">,</word>
   <word id="word_80">como</word>
   <word id="word_81">presidente</word>
   <word id="word_82">de_</word>
   <word id="word_83">a</word>
   <word id="word_84">sua</word>
   <word id="word_85">primeira</word>
   <word id="word_86">sessão</word>
   <word id="word_87">,</word>
   <word id="word_88">que</word>
   <word id="word_89">foi</word>
   <word id="word_90">interrompida</word>
   <word id="word_91">em_</word>
   <word id="word_92">o</word>
   <word id="word_93">dia</word>
   <word id="word_94">14</word>
   <word id="word_95">de</word>
   <word id="word_96">Fevereiro</word>
   <word id="word_97">,</word>
   <word id="word_98">retomada</word>
   <word id="word_99">em_</word>
   <word id="word_100">o</word>
   <word id="word_101">dia</word>
   <word id="word_102">23</word>
   <word id="word_103">de</word>
   <word id="word_104">Outubro</word>
   <word id="word_105">e</word>
   <word id="word_106">concluída</word>
   <word id="word_107">em_</word>
   <word id="word_108">o</word>
   <word id="word_109">dia</word>
   <word id="word_110">15</word>
   <word id="word_111">de</word>
   <word id="word_112">Dezembro</word>
   <word id="word_113">de_</word>
   <word id="word_114">o</word>
   <word id="word_115">mesmo</word>
   <word id="word_116">ano</word>
   <word id="word_117">.</word>
   <word id="word_118">Desde</word>
   <word id="word_119">então</word>
   <word id="word_120">,</word>
   <word id="word_121">as</word>
   <word id="word_122">sessões</word>
   <word id="word_123">regulares</word>
   <word id="word_124">anuais</word>
   <word id="word_125">de_</word>
   <word id="word_126">a</word>
   <word id="word_127">assembleia</word>
   <word id="word_128">como</word>
   <word id="word_129">poder</word>
   <word id="word_130">têm</word>
   <word id="word_131">sido</word>
   <word id="word_132">limitadas</word>
   <word id="word_133">a</word>
   <word id="word_134">três</word>
   <word id="word_135">meses</word>
   <word id="word_136">entre</word>
   <word id="word_137">os</word>
   <word id="word_138">meados</word>
   <word id="word_139">de</word>
   <word id="word_140">Setembro</word>
   <word id="word_141">e</word>
   <word id="word_142">os</word>
   <word id="word_143">meados</word>
   <word id="word_144">de</word>
   <word id="word_145">Dezembro</word>
   <word id="word_146">.</word>
   <word id="word_147">Em_</word>
   <word id="word_148">o</word>
   <word id="word_149">entanto</word>
   <word id="word_150">,</word>
   <word id="word_151">por</word>
   <word id="word_152">coincidência</word>
   <word id="word_153">,</word>
   <word id="word_154">a</word>
   <word id="word_155">assembleia</word>
   <word id="word_156">,</word>
   <word id="word_157">actualmente</word>
   <word id="word_158">com</word>
   <word id="word_159">154</word>
   <word id="word_160">países</word>
   <word id="word_161">membros</word>
   <word id="word_162">,</word>
   <word id="word_163">reunir-CL-á</word>
   <word id="word_164">-se</word>
   <word id="word_165">uma</word>
   <word id="word_166">vez</word>
   <word id="word_167">mais</word>
   <word id="word_168">em</word>
   <word id="word_169">Janeiro</word>
   <word id="word_170">,</word>
   <word id="word_171">em_</word>
   <word id="word_172">o</word>
   <word id="word_173">ano</word>
   <word id="word_174">de_</word>
   <word id="word_175">o</word>
   <word id="word_176">seu</word>
   <word id="word_177">aniversário</word>
   <word id="word_178">.</word>
   <word id="word_179">A</word>
   <word id="word_180">sua</word>
   <word id="word_181">última</word>
   <word id="word_182">sessão</word>
   <word id="word_183">regular</word>
   <word id="word_184">-</word>
   <word id="word_185">a</word>
   <word id="word_186">trigésima</word>
   <word id="word_187">quinta</word>
   <word id="word_188">-</word>
   <word id="word_189">será</word>
   <word id="word_190">retomada</word>
   <word id="word_191">em_</word>
   <word id="word_192">a</word>
   <word id="word_193">quinta-feira</word>
   <word id="word_194">e</word>
   <word id="word_195">prosseguirá</word>
   <word id="word_196">,</word>
   <word id="word_197">talvez</word>
   <word id="word_198">por</word>
   <word id="word_199">duas</word>
   <word id="word_200">semanas</word>
   <word id="word_201">,</word>
   <word id="word_202">para</word>
   <word id="word_203">debater</word>
   <word id="word_204">assuntos</word>
   <word id="word_205">que</word>
   <word id="word_206">por</word>
   <word id="word_207">uma</word>
   <word id="word_208">razão</word>
   <word id="word_209">ou</word>
   <word id="word_210">outra</word>
   <word id="word_211">não</word>
   <word id="word_212">foram</word>
   <word id="word_213">discutidos</word>
   <word id="word_214">em_</word>
   <word id="word_215">o</word>
   <word id="word_216">Outono</word>
   <word id="word_217">.</word>
   <word id="word_218">Essas</word>
   <word id="word_219">questões</word>
   <word id="word_220">são</word>
   <word id="word_221">a</word>
   <word id="word_222">eleição</word>
   <word id="word_223">de</word>
   <word id="word_224">dois</word>
   <word id="word_225">membros</word>
   <word id="word_226">para</word>
   <word id="word_227">o</word>
   <word id="word_228">Tribunal</word>
   <word id="word_229">Internacional</word>
   <word id="word_230">de</word>
   <word id="word_231">Justiça</word>
   <word id="word_232">,</word>
   <word id="word_233">em</word>
   <word id="word_234">Haia</word>
   <word id="word_235">,</word>
   <word id="word_236">o</word>
   <word id="word_237">problema</word>
   <word id="word_238">de_</word>
   <word id="word_239">a</word>
   <word id="word_240">Namíbia</word>
   <word id="word_241">,</word>
   <word id="word_242">uma</word>
   <word id="word_243">proposta</word>
   <word id="word_244">para</word>
   <word id="word_245">alargar</word>
   <word id="word_246">o</word>
   <word id="word_247">Conselho</word>
   <word id="word_248">de</word>
   <word id="word_249">Segurança</word>
   <word id="word_250">de_</word>
   <word id="word_251">a</word>
   <word id="word_252">ONU</word>
   <word id="word_253">e</word>
   <word id="word_254">planos</word>
   <word id="word_255">para</word>
   <word id="word_256">uma</word>
   <word id="word_257">conferência</word>
   <word id="word_258">económica</word>
   <word id="word_259">mundial</word>
   <word id="word_260">sobre</word>
   <word id="word_261">comércio</word>
   <word id="word_262">e</word>
   <word id="word_263">auxílio</word>
   <word id="word_264">.</word>
</words>
