<?xml version="1.0" encoding="UTF-8"?>
<!DOCTYPE words SYSTEM "words.dtd">
<words>
   <word id="word_1">Aleixo</word>
   <word id="word_2">A</word>
   <word id="word_3">obra</word>
   <word id="word_4">de_</word>
   <word id="word_5">o</word>
   <word id="word_6">poeta</word>
   <word id="word_7">Aleixo</word>
   <word id="word_8">vai</word>
   <word id="word_9">ser</word>
   <word id="word_10">brevemente</word>
   <word id="word_11">editada</word>
   <word id="word_12">em</word>
   <word id="word_13">disco</word>
   <word id="word_14">com</word>
   <word id="word_15">o</word>
   <word id="word_16">patrocínio</word>
   <word id="word_17">de_</word>
   <word id="word_18">a</word>
   <word id="word_19">Câmara</word>
   <word id="word_20">de</word>
   <word id="word_21">Vila</word>
   <word id="word_22">Real</word>
   <word id="word_23">de</word>
   <word id="word_24">Santo</word>
   <word id="word_25">António</word>
   <word id="word_26">.</word>
   <word id="word_27">O</word>
   <word id="word_28">LP</word>
   <word id="word_29">,</word>
   <word id="word_30">com</word>
   <word id="word_31">uma</word>
   <word id="word_32">tiragem</word>
   <word id="word_33">inicial</word>
   <word id="word_34">de</word>
   <word id="word_35">dois</word>
   <word id="word_36">mil</word>
   <word id="word_37">exemplares</word>
   <word id="word_38">,</word>
   <word id="word_39">é</word>
   <word id="word_40">produzido</word>
   <word id="word_41">por</word>
   <word id="word_42">Luís</word>
   <word id="word_43">Francisco</word>
   <word id="word_44">Rebelo</word>
   <word id="word_45">,</word>
   <word id="word_46">revertendo</word>
   <word id="word_47">os</word>
   <word id="word_48">lucros</word>
   <word id="word_49">a</word>
   <word id="word_50">favor</word>
   <word id="word_51">de_</word>
   <word id="word_52">o</word>
   <word id="word_53">Centro</word>
   <word id="word_54">de</word>
   <word id="word_55">Dia</word>
   <word id="word_56">de_</word>
   <word id="word_57">a</word>
   <word id="word_58">Santa</word>
   <word id="word_59">Casa</word>
   <word id="word_60">de_</word>
   <word id="word_61">a</word>
   <word id="word_62">Misericórdia</word>
   <word id="word_63">.</word>
   <word id="word_64">O</word>
   <word id="word_65">LP</word>
   <word id="word_66">será</word>
   <word id="word_67">lançado</word>
   <word id="word_68">em_</word>
   <word id="word_69">a</word>
   <word id="word_70">primeia</word>
   <word id="word_71">semana</word>
   <word id="word_72">de</word>
   <word id="word_73">Agosto</word>
   <word id="word_74">.</word>
   <word id="word_75">"</word>
   <word id="word_76">Rock</word>
   <word id="word_77">"</word>
   <word id="word_78">Uma</word>
   <word id="word_79">jovem</word>
   <word id="word_80">de</word>
   <word id="word_81">16</word>
   <word id="word_82">anos</word>
   <word id="word_83">morreu</word>
   <word id="word_84">e</word>
   <word id="word_85">10</word>
   <word id="word_86">pessoas</word>
   <word id="word_87">ficaram</word>
   <word id="word_88">gravemente</word>
   <word id="word_89">feridas</word>
   <word id="word_90">quando</word>
   <word id="word_91">uma</word>
   <word id="word_92">bancada</word>
   <word id="word_93">ruiu</word>
   <word id="word_94">durante</word>
   <word id="word_95">um</word>
   <word id="word_96">concerto</word>
   <word id="word_97">de</word>
   <word id="word_98">«rock»</word>
   <word id="word_99">dado</word>
   <word id="word_100">em_</word>
   <word id="word_101">uma</word>
   <word id="word_102">fortaleza</word>
   <word id="word_103">medieval</word>
   <word id="word_104">de_</word>
   <word id="word_105">a</word>
   <word id="word_106">cidade</word>
   <word id="word_107">de</word>
   <word id="word_108">Milão</word>
   <word id="word_109">.</word>
   <word id="word_110">A</word>
   <word id="word_111">bancada</word>
   <word id="word_112">montada</word>
   <word id="word_113">sobre</word>
   <word id="word_114">o</word>
   <word id="word_115">fosso</word>
   <word id="word_116">de_</word>
   <word id="word_117">a</word>
   <word id="word_118">fortaleza</word>
   <word id="word_119">,</word>
   <word id="word_120">ruiu</word>
   <word id="word_121">quando</word>
   <word id="word_122">cerca</word>
   <word id="word_123">de</word>
   <word id="word_124">mil</word>
   <word id="word_125">entusiastas</word>
   <word id="word_126">de</word>
   <word id="word_127">«rock»</word>
   <word id="word_128">,</word>
   <word id="word_129">não</word>
   <word id="word_130">conseguindo</word>
   <word id="word_131">obter</word>
   <word id="word_132">bilhete</word>
   <word id="word_133">para</word>
   <word id="word_134">o</word>
   <word id="word_135">concerto</word>
   <word id="word_136">,</word>
   <word id="word_137">forçaram</word>
   <word id="word_138">a</word>
   <word id="word_139">sua</word>
   <word id="word_140">entrada</word>
   <word id="word_141">em_</word>
   <word id="word_142">essa</word>
   <word id="word_143">bancada</word>
   <word id="word_144">.</word>
   <word id="word_145">Um</word>
   <word id="word_146">vereador</word>
   <word id="word_147">declarou</word>
   <word id="word_148">que</word>
   <word id="word_149">tinham</word>
   <word id="word_150">sido</word>
   <word id="word_151">vendidos</word>
   <word id="word_152">7</word>
   <word id="word_153">mil</word>
   <word id="word_154">bilhetes</word>
   <word id="word_155">para</word>
   <word id="word_156">o</word>
   <word id="word_157">concerto</word>
   <word id="word_158">,</word>
   <word id="word_159">e</word>
   <word id="word_160">em_</word>
   <word id="word_161">a</word>
   <word id="word_162">fortaleza</word>
   <word id="word_163">cabiam</word>
   <word id="word_164">apenas</word>
   <word id="word_165">metade</word>
   <word id="word_166">.</word>
   <word id="word_167">Reedições</word>
   <word id="word_168">Três</word>
   <word id="word_169">romances</word>
   <word id="word_170">de</word>
   <word id="word_171">Carlos</word>
   <word id="word_172">de</word>
   <word id="word_173">Oliveira</word>
   <word id="word_174">,</word>
   <word id="word_175">recentemente</word>
   <word id="word_176">falecido</word>
   <word id="word_177">,</word>
   <word id="word_178">acabam</word>
   <word id="word_179">de</word>
   <word id="word_180">ser</word>
   <word id="word_181">reeditados</word>
   <word id="word_182">.</word>
   <word id="word_183">Trata</word>
   <word id="word_184">-se</word>
   <word id="word_185">de_</word>
   <word id="word_186">a</word>
   <word id="word_187">20ª</word>
   <word id="word_188">edição</word>
   <word id="word_189">de</word>
   <word id="word_190">«Abelha</word>
   <word id="word_191">em_</word>
   <word id="word_192">a</word>
   <word id="word_193">Chuva»</word>
   <word id="word_194">,</word>
   <word id="word_195">de_</word>
   <word id="word_196">a</word>
   <word id="word_197">7ª</word>
   <word id="word_198">edição</word>
   <word id="word_199">de</word>
   <word id="word_200">«Pequenos</word>
   <word id="word_201">Burgueses»</word>
   <word id="word_202">,</word>
   <word id="word_203">e</word>
   <word id="word_204">de_</word>
   <word id="word_205">a</word>
   <word id="word_206">4ª</word>
   <word id="word_207">edição</word>
   <word id="word_208">de</word>
   <word id="word_209">«Finisterra»</word>
   <word id="word_210">,</word>
   <word id="word_211">última</word>
   <word id="word_212">obra</word>
   <word id="word_213">de_</word>
   <word id="word_214">o</word>
   <word id="word_215">escritor</word>
   <word id="word_216">,</word>
   <word id="word_217">que</word>
   <word id="word_218">obteria</word>
   <word id="word_219">o</word>
   <word id="word_220">Prémio</word>
   <word id="word_221">Cidade</word>
   <word id="word_222">de</word>
   <word id="word_223">Lisboa</word>
   <word id="word_224">.</word>
</words>
