<?xml version="1.0" encoding="UTF-8"?>
<!DOCTYPE words SYSTEM "words.dtd">
<words>
   <word id="word_1">O</word>
   <word id="word_2">realizador</word>
   <word id="word_3">italiano</word>
   <word id="word_4">Federico</word>
   <word id="word_5">Fellini</word>
   <word id="word_6">revelou</word>
   <word id="word_7">ter</word>
   <word id="word_8">adiado</word>
   <word id="word_9">o</word>
   <word id="word_10">projecto</word>
   <word id="word_11">de_</word>
   <word id="word_12">o</word>
   <word id="word_13">seu</word>
   <word id="word_14">filme</word>
   <word id="word_15">«Assassínio</word>
   <word id="word_16">em</word>
   <word id="word_17">Sarajevo»</word>
   <word id="word_18">e</word>
   <word id="word_19">estar</word>
   <word id="word_20">a</word>
   <word id="word_21">trabalhar</word>
   <word id="word_22">em_</word>
   <word id="word_23">um</word>
   <word id="word_24">argumento</word>
   <word id="word_25">inspirado</word>
   <word id="word_26">de_</word>
   <word id="word_27">a</word>
   <word id="word_28">«Ilíada»</word>
   <word id="word_29">,</word>
   <word id="word_30">de</word>
   <word id="word_31">Homero</word>
   <word id="word_32">.</word>
   <word id="word_33">Este</word>
   <word id="word_34">filme</word>
   <word id="word_35">será</word>
   <word id="word_36">produzido</word>
   <word id="word_37">por</word>
   <word id="word_38">Franco</word>
   <word id="word_39">Cristaldi</word>
   <word id="word_40">e</word>
   <word id="word_41">deverá</word>
   <word id="word_42">ser</word>
   <word id="word_43">rodado</word>
   <word id="word_44">a</word>
   <word id="word_45">partir</word>
   <word id="word_46">de</word>
   <word id="word_47">Abril</word>
   <word id="word_48">ou</word>
   <word id="word_49">Maio</word>
   <word id="word_50">.</word>
   <word id="word_51">Quanto</word>
   <word id="word_52">a_</word>
   <word id="word_53">o</word>
   <word id="word_54">projecto</word>
   <word id="word_55">adiado</word>
   <word id="word_56">,</word>
   <word id="word_57">diz</word>
   <word id="word_58">respeito</word>
   <word id="word_59">a_</word>
   <word id="word_60">o</word>
   <word id="word_61">atentado</word>
   <word id="word_62">de</word>
   <word id="word_63">Sarajevo</word>
   <word id="word_64">(</word>
   <word id="word_65">em_</word>
   <word id="word_66">a</word>
   <word id="word_67">actual</word>
   <word id="word_68">Jugoslávia</word>
   <word id="word_69">)</word>
   <word id="word_70">,</word>
   <word id="word_71">onde</word>
   <word id="word_72">foi</word>
   <word id="word_73">morto</word>
   <word id="word_74">o</word>
   <word id="word_75">arquiduque</word>
   <word id="word_76">Francisco</word>
   <word id="word_77">Fernando</word>
   <word id="word_78">,</word>
   <word id="word_79">herdeiro</word>
   <word id="word_80">de_</word>
   <word id="word_81">o</word>
   <word id="word_82">trono</word>
   <word id="word_83">austro-húngaro</word>
   <word id="word_84">,</word>
   <word id="word_85">facto</word>
   <word id="word_86">que</word>
   <word id="word_87">precipitou</word>
   <word id="word_88">a</word>
   <word id="word_89">eclosão</word>
   <word id="word_90">de_</word>
   <word id="word_91">a</word>
   <word id="word_92">I</word>
   <word id="word_93">Guerra</word>
   <word id="word_94">Mundial</word>
   <word id="word_95">,</word>
   <word id="word_96">em</word>
   <word id="word_97">1914</word>
   <word id="word_98">.</word>
   <word id="word_99">O</word>
   <word id="word_100">último</word>
   <word id="word_101">filme</word>
   <word id="word_102">de</word>
   <word id="word_103">Fellini</word>
   <word id="word_104">,</word>
   <word id="word_105">«A</word>
   <word id="word_106">Cidade</word>
   <word id="word_107">de_</word>
   <word id="word_108">as</word>
   <word id="word_109">Mulheres»</word>
   <word id="word_110">,</word>
   <word id="word_111">continua</word>
   <word id="word_112">entretanto</word>
   <word id="word_113">a</word>
   <word id="word_114">ser</word>
   <word id="word_115">um</word>
   <word id="word_116">êxito</word>
   <word id="word_117">de</word>
   <word id="word_118">bilheteira</word>
   <word id="word_119">,</word>
   <word id="word_120">para</word>
   <word id="word_121">o</word>
   <word id="word_122">que</word>
   <word id="word_123">provavelmente</word>
   <word id="word_124">contribui</word>
   <word id="word_125">a</word>
   <word id="word_126">guerra</word>
   <word id="word_127">que</word>
   <word id="word_128">lhe</word>
   <word id="word_129">é</word>
   <word id="word_130">movida</word>
   <word id="word_131">por_</word>
   <word id="word_132">as</word>
   <word id="word_133">feministas</word>
   <word id="word_134">.</word>
   <word id="word_135">É</word>
   <word id="word_136">possível</word>
   <word id="word_137">,</word>
   <word id="word_138">porém</word>
   <word id="word_139">,</word>
   <word id="word_140">que</word>
   <word id="word_141">a</word>
   <word id="word_142">polémica</word>
   <word id="word_143">suscitada</word>
   <word id="word_144">por_</word>
   <word id="word_145">a</word>
   <word id="word_146">«Cidade</word>
   <word id="word_147">de_</word>
   <word id="word_148">as</word>
   <word id="word_149">Mulheres»</word>
   <word id="word_150">se</word>
   <word id="word_151">dissipe</word>
   <word id="word_152">rapidamente</word>
   <word id="word_153">ante</word>
   <word id="word_154">as</word>
   <word id="word_155">novas</word>
   <word id="word_156">visões</word>
   <word id="word_157">de_</word>
   <word id="word_158">o</word>
   <word id="word_159">passado</word>
   <word id="word_160">que</word>
   <word id="word_161">Fellini</word>
   <word id="word_162">irá</word>
   <word id="word_163">propor</word>
   <word id="word_164">em_</word>
   <word id="word_165">a</word>
   <word id="word_166">Cinecittá</word>
   <word id="word_167">,</word>
   <word id="word_168">a</word>
   <word id="word_169">«cidade</word>
   <word id="word_170">de_</word>
   <word id="word_171">o</word>
   <word id="word_172">cinema»</word>
   <word id="word_173">italiano</word>
   <word id="word_174">:</word>
   <word id="word_175">o</word>
   <word id="word_176">referido</word>
   <word id="word_177">filme</word>
   <word id="word_178">sobre</word>
   <word id="word_179">a</word>
   <word id="word_180">«Ilíada»</word>
   <word id="word_181">,</word>
   <word id="word_182">a</word>
   <word id="word_183">visão</word>
   <word id="word_184">felliniana</word>
   <word id="word_185">de_</word>
   <word id="word_186">os</word>
   <word id="word_187">deuses</word>
   <word id="word_188">e</word>
   <word id="word_189">de_</word>
   <word id="word_190">os</word>
   <word id="word_191">heróis</word>
   <word id="word_192">clássicos</word>
   <word id="word_193">.</word>
   <word id="word_194">«Sempre</word>
   <word id="word_195">me</word>
   <word id="word_196">senti</word>
   <word id="word_197">fascinado</word>
   <word id="word_198">por_</word>
   <word id="word_199">a</word>
   <word id="word_200">mitologia</word>
   <word id="word_201">grega»</word>
   <word id="word_202">-</word>
   <word id="word_203">explicou</word>
   <word id="word_204">Fellini</word>
   <word id="word_205">.</word>
   <word id="word_206">«Não</word>
   <word id="word_207">compreendo</word>
   <word id="word_208">por</word>
   <word id="word_209">que</word>
   <word id="word_210">se</word>
   <word id="word_211">fazem</word>
   <word id="word_212">tantos</word>
   <word id="word_213">filmes</word>
   <word id="word_214">de</word>
   <word id="word_215">ficção</word>
   <word id="word_216">científica</word>
   <word id="word_217">e</word>
   <word id="word_218">se</word>
   <word id="word_219">esquece</word>
   <word id="word_220">o</word>
   <word id="word_221">imenso</word>
   <word id="word_222">material</word>
   <word id="word_223">de_</word>
   <word id="word_224">a</word>
   <word id="word_225">literatura</word>
   <word id="word_226">grega</word>
   <word id="word_227">.</word>
   <word id="word_228">A</word>
   <word id="word_229">mitologia</word>
   <word id="word_230">não</word>
   <word id="word_231">se</word>
   <word id="word_232">compara</word>
   <word id="word_233">com</word>
   <word id="word_234">os</word>
   <word id="word_235">Flash</word>
   <word id="word_236">Gordon</word>
   <word id="word_237">,</word>
   <word id="word_238">Superman</word>
   <word id="word_239">e</word>
   <word id="word_240">outros»</word>
   <word id="word_241">.</word>
   <word id="word_242">«Há</word>
   <word id="word_243">em_</word>
   <word id="word_244">a</word>
   <word id="word_245">mitologia</word>
   <word id="word_246">as</word>
   <word id="word_247">histórias</word>
   <word id="word_248">mais</word>
   <word id="word_249">extraordinárias</word>
   <word id="word_250">,</word>
   <word id="word_251">mais</word>
   <word id="word_252">comovedoras</word>
   <word id="word_253">,</word>
   <word id="word_254">mais</word>
   <word id="word_255">cruéis</word>
   <word id="word_256">,</word>
   <word id="word_257">mais</word>
   <word id="word_258">terríveis</word>
   <word id="word_259">,</word>
   <word id="word_260">com</word>
   <word id="word_261">personagens</word>
   <word id="word_262">prodigiosas</word>
   <word id="word_263">que</word>
   <word id="word_264">a</word>
   <word id="word_265">imaginação</word>
   <word id="word_266">mais</word>
   <word id="word_267">desenfreada</word>
   <word id="word_268">e</word>
   <word id="word_269">fecunda</word>
   <word id="word_270">criou</word>
   <word id="word_271">,</word>
   <word id="word_272">tornando</word>
   <word id="word_273">-os</word>
   <word id="word_274">sempre</word>
   <word id="word_275">críveis</word>
   <word id="word_276">graças</word>
   <word id="word_277">a</word>
   <word id="word_278">um</word>
   <word id="word_279">conhecimento</word>
   <word id="word_280">espantoso</word>
   <word id="word_281">e</word>
   <word id="word_282">muito</word>
   <word id="word_283">moderno</word>
   <word id="word_284">de_</word>
   <word id="word_285">o</word>
   <word id="word_286">espírito</word>
   <word id="word_287">humano»</word>
   <word id="word_288">-</word>
   <word id="word_289">acrescentou</word>
   <word id="word_290">o</word>
   <word id="word_291">mestre</word>
   <word id="word_292">italiano</word>
   <word id="word_293">,</word>
   <word id="word_294">que</word>
   <word id="word_295">convidou</word>
   <word id="word_296">a</word>
   <word id="word_297">colaborar</word>
   <word id="word_298">em_</word>
   <word id="word_299">este</word>
   <word id="word_300">projecto</word>
   <word id="word_301">o</word>
   <word id="word_302">escritor</word>
   <word id="word_303">Anthony</word>
   <word id="word_304">Burgess</word>
   <word id="word_305">,</word>
   <word id="word_306">autor</word>
   <word id="word_307">de_</word>
   <word id="word_308">o</word>
   <word id="word_309">texto</word>
   <word id="word_310">que</word>
   <word id="word_311">serviu</word>
   <word id="word_312">de</word>
   <word id="word_313">base</word>
   <word id="word_314">a_</word>
   <word id="word_315">o</word>
   <word id="word_316">filme</word>
   <word id="word_317">de</word>
   <word id="word_318">Kubrick</word>
   <word id="word_319">«A</word>
   <word id="word_320">Laranja</word>
   <word id="word_321">Mecânica»</word>
   <word id="word_322">.</word>
   <word id="word_323">Será</word>
   <word id="word_324">curioso</word>
   <word id="word_325">ver</word>
   <word id="word_326">Burgess</word>
   <word id="word_327">regressar</word>
   <word id="word_328">a_</word>
   <word id="word_329">o</word>
   <word id="word_330">futuro</word>
   <word id="word_331">,</word>
   <word id="word_332">e</word>
   <word id="word_333">os</word>
   <word id="word_334">deuses</word>
   <word id="word_335">irrompendo</word>
   <word id="word_336">em_</word>
   <word id="word_337">o</word>
   <word id="word_338">circo</word>
   <word id="word_339">mágico</word>
   <word id="word_340">de</word>
   <word id="word_341">Fellini</word>
   <word id="word_342">...</word>
</words>
