<?xml version="1.0" encoding="UTF-8"?>
<!DOCTYPE words SYSTEM "words.dtd">
<words>
   <word id="word_1">As</word>
   <word id="word_2">condições</word>
   <word id="word_3">meteorológicas</word>
   <word id="word_4">que</word>
   <word id="word_5">se</word>
   <word id="word_6">têm</word>
   <word id="word_7">feito</word>
   <word id="word_8">sentir</word>
   <word id="word_9">em</word>
   <word id="word_10">todo</word>
   <word id="word_11">o</word>
   <word id="word_12">País</word>
   <word id="word_13">,</word>
   <word id="word_14">com</word>
   <word id="word_15">um</word>
   <word id="word_16">excessivo</word>
   <word id="word_17">prolongamento</word>
   <word id="word_18">de_</word>
   <word id="word_19">o</word>
   <word id="word_20">período</word>
   <word id="word_21">de</word>
   <word id="word_22">seca</word>
   <word id="word_23">,</word>
   <word id="word_24">estão</word>
   <word id="word_25">a</word>
   <word id="word_26">afectar</word>
   <word id="word_27">seriamente</word>
   <word id="word_28">a</word>
   <word id="word_29">agricultura</word>
   <word id="word_30">,</word>
   <word id="word_31">e</word>
   <word id="word_32">a</word>
   <word id="word_33">situação</word>
   <word id="word_34">em_</word>
   <word id="word_35">as</word>
   <word id="word_36">albufeiras</word>
   <word id="word_37">pode</word>
   <word id="word_38">considerar</word>
   <word id="word_39">-se</word>
   <word id="word_40">alarmante</word>
   <word id="word_41">em</word>
   <word id="word_42">termos</word>
   <word id="word_43">de</word>
   <word id="word_44">futura</word>
   <word id="word_45">produção</word>
   <word id="word_46">de</word>
   <word id="word_47">energia</word>
   <word id="word_48">.</word>
   <word id="word_49">Desde</word>
   <word id="word_50">Setembro</word>
   <word id="word_51">a</word>
   <word id="word_52">situação</word>
   <word id="word_53">é</word>
   <word id="word_54">de</word>
   <word id="word_55">tempo</word>
   <word id="word_56">seco</word>
   <word id="word_57">ou</word>
   <word id="word_58">mesmo</word>
   <word id="word_59">muito</word>
   <word id="word_60">seco</word>
   <word id="word_61">em</word>
   <word id="word_62">mais</word>
   <word id="word_63">de</word>
   <word id="word_64">90</word>
   <word id="word_65">por</word>
   <word id="word_66">cento</word>
   <word id="word_67">de_</word>
   <word id="word_68">o</word>
   <word id="word_69">território</word>
   <word id="word_70">de_</word>
   <word id="word_71">o</word>
   <word id="word_72">continente</word>
   <word id="word_73">,</word>
   <word id="word_74">havendo</word>
   <word id="word_75">regiões</word>
   <word id="word_76">particularmente</word>
   <word id="word_77">afectadas</word>
   <word id="word_78">em_</word>
   <word id="word_79">o</word>
   <word id="word_80">Nordeste</word>
   <word id="word_81">Transmontano</word>
   <word id="word_82">e</word>
   <word id="word_83">em_</word>
   <word id="word_84">o</word>
   <word id="word_85">Baixo</word>
   <word id="word_86">Alentejo</word>
   <word id="word_87">.</word>
   <word id="word_88">O</word>
   <word id="word_89">agravamento</word>
   <word id="word_90">de_</word>
   <word id="word_91">a</word>
   <word id="word_92">situação</word>
   <word id="word_93">foi</word>
   <word id="word_94">,</word>
   <word id="word_95">contudo</word>
   <word id="word_96">,</word>
   <word id="word_97">decisivo</word>
   <word id="word_98">em</word>
   <word id="word_99">Dezembro</word>
   <word id="word_100">.</word>
   <word id="word_101">Habitualmente</word>
   <word id="word_102">muito</word>
   <word id="word_103">chuvoso</word>
   <word id="word_104">,</word>
   <word id="word_105">o</word>
   <word id="word_106">último</word>
   <word id="word_107">mês</word>
   <word id="word_108">de_</word>
   <word id="word_109">o</word>
   <word id="word_110">ano</word>
   <word id="word_111">não</word>
   <word id="word_112">trouxe</word>
   <word id="word_113">a</word>
   <word id="word_114">chuva</word>
   <word id="word_115">tão</word>
   <word id="word_116">necessária</word>
   <word id="word_117">a_</word>
   <word id="word_118">a</word>
   <word id="word_119">agricultura</word>
   <word id="word_120">e</word>
   <word id="word_121">o</word>
   <word id="word_122">que</word>
   <word id="word_123">aconteceu</word>
   <word id="word_124">foi</word>
   <word id="word_125">que</word>
   <word id="word_126">se</word>
   <word id="word_127">registou</word>
   <word id="word_128">tempo</word>
   <word id="word_129">extremamente</word>
   <word id="word_130">seco</word>
   <word id="word_131">em</word>
   <word id="word_132">95</word>
   <word id="word_133">por</word>
   <word id="word_134">cento</word>
   <word id="word_135">de_</word>
   <word id="word_136">o</word>
   <word id="word_137">País</word>
   <word id="word_138">,</word>
   <word id="word_139">segundo</word>
   <word id="word_140">as</word>
   <word id="word_141">informações</word>
   <word id="word_142">de_</word>
   <word id="word_143">os</word>
   <word id="word_144">meteorologistas</word>
   <word id="word_145">.</word>
   <word id="word_146">Para</word>
   <word id="word_147">uma</word>
   <word id="word_148">melhor</word>
   <word id="word_149">elucidação</word>
   <word id="word_150">deste</word>
   <word id="word_151">quadro</word>
   <word id="word_152">pode</word>
   <word id="word_153">registar</word>
   <word id="word_154">-se</word>
   <word id="word_155">que</word>
   <word id="word_156">,</word>
   <word id="word_157">desde</word>
   <word id="word_158">1</word>
   <word id="word_159">de</word>
   <word id="word_160">Setembro</word>
   <word id="word_161">,</word>
   <word id="word_162">a</word>
   <word id="word_163">precipitação</word>
   <word id="word_164">não</word>
   <word id="word_165">passou</word>
   <word id="word_166">de_</word>
   <word id="word_167">os</word>
   <word id="word_168">40</word>
   <word id="word_169">por</word>
   <word id="word_170">cento</word>
   <word id="word_171">em_</word>
   <word id="word_172">o</word>
   <word id="word_173">distrito</word>
   <word id="word_174">de</word>
   <word id="word_175">Bragança</word>
   <word id="word_176">,</word>
   <word id="word_177">e</word>
   <word id="word_178">chegou</word>
   <word id="word_179">a_</word>
   <word id="word_180">os</word>
   <word id="word_181">70</word>
   <word id="word_182">por</word>
   <word id="word_183">cento</word>
   <word id="word_184">em_</word>
   <word id="word_185">a</word>
   <word id="word_186">Beira</word>
   <word id="word_187">Litoral</word>
   <word id="word_188">.</word>
   <word id="word_189">Em</word>
   <word id="word_190">Vila</word>
   <word id="word_191">Real</word>
   <word id="word_192">,</word>
   <word id="word_193">Entre-Douro-e-Minho</word>
   <word id="word_194">e</word>
   <word id="word_195">Estremadura</word>
   <word id="word_196">,</word>
   <word id="word_197">a</word>
   <word id="word_198">situação</word>
   <word id="word_199">era</word>
   <word id="word_200">considerada</word>
   <word id="word_201">normal</word>
   <word id="word_202">em_</word>
   <word id="word_203">aquele</word>
   <word id="word_204">mês</word>
   <word id="word_205">,</word>
   <word id="word_206">mas</word>
   <word id="word_207">em_</word>
   <word id="word_208">o</word>
   <word id="word_209">resto</word>
   <word id="word_210">de_</word>
   <word id="word_211">o</word>
   <word id="word_212">País</word>
   <word id="word_213">,</word>
   <word id="word_214">em</word>
   <word id="word_215">especial</word>
   <word id="word_216">durante</word>
   <word id="word_217">os</word>
   <word id="word_218">dias</word>
   <word id="word_219">10</word>
   <word id="word_220">e</word>
   <word id="word_221">20</word>
   <word id="word_222">,</word>
   <word id="word_223">o</word>
   <word id="word_224">tempo</word>
   <word id="word_225">foi</word>
   <word id="word_226">quente</word>
   <word id="word_227">.</word>
   <word id="word_228">Em</word>
   <word id="word_229">Outubro</word>
   <word id="word_230">,</word>
   <word id="word_231">as</word>
   <word id="word_232">condições</word>
   <word id="word_233">de</word>
   <word id="word_234">tempo</word>
   <word id="word_235">continuaram</word>
   <word id="word_236">a</word>
   <word id="word_237">não</word>
   <word id="word_238">ser</word>
   <word id="word_239">favoráveis</word>
   <word id="word_240">:</word>
   <word id="word_241">até</word>
   <word id="word_242">a_</word>
   <word id="word_243">o</word>
   <word id="word_244">dia</word>
   <word id="word_245">20</word>
   <word id="word_246">,</word>
   <word id="word_247">houve</word>
   <word id="word_248">calor</word>
   <word id="word_249">,</word>
   <word id="word_250">depois</word>
   <word id="word_251">veio</word>
   <word id="word_252">o</word>
   <word id="word_253">frio</word>
   <word id="word_254">.</word>
   <word id="word_255">Só</word>
   <word id="word_256">em_</word>
   <word id="word_257">o</word>
   <word id="word_258">decorrer</word>
   <word id="word_259">de</word>
   <word id="word_260">Novembro</word>
   <word id="word_261">,</word>
   <word id="word_262">em</word>
   <word id="word_263">termos</word>
   <word id="word_264">meteorológicos</word>
   <word id="word_265">,</word>
   <word id="word_266">se</word>
   <word id="word_267">viveu</word>
   <word id="word_268">um</word>
   <word id="word_269">mês</word>
   <word id="word_270">normal</word>
   <word id="word_271">.</word>
   <word id="word_272">Em_</word>
   <word id="word_273">o</word>
   <word id="word_274">final</word>
   <word id="word_275">de_</word>
   <word id="word_276">o</word>
   <word id="word_277">ano</word>
   <word id="word_278">,</word>
   <word id="word_279">perante</word>
   <word id="word_280">este</word>
   <word id="word_281">longo</word>
   <word id="word_282">período</word>
   <word id="word_283">de</word>
   <word id="word_284">seca</word>
   <word id="word_285">,</word>
   <word id="word_286">a</word>
   <word id="word_287">percentagem</word>
   <word id="word_288">de</word>
   <word id="word_289">água</word>
   <word id="word_290">em_</word>
   <word id="word_291">as</word>
   <word id="word_292">albufeiras</word>
   <word id="word_293">,</word>
   <word id="word_294">a</word>
   <word id="word_295">Norte</word>
   <word id="word_296">de_</word>
   <word id="word_297">o</word>
   <word id="word_298">Tejo</word>
   <word id="word_299">,</word>
   <word id="word_300">não</word>
   <word id="word_301">passava</word>
   <word id="word_302">de_</word>
   <word id="word_303">os</word>
   <word id="word_304">55</word>
   <word id="word_305">por</word>
   <word id="word_306">cento</word>
   <word id="word_307">de_</word>
   <word id="word_308">a</word>
   <word id="word_309">sua</word>
   <word id="word_310">capacidade</word>
   <word id="word_311">máxima</word>
   <word id="word_312">,</word>
   <word id="word_313">pouco</word>
   <word id="word_314">mais</word>
   <word id="word_315">de</word>
   <word id="word_316">metade</word>
   <word id="word_317">,</word>
   <word id="word_318">portanto</word>
   <word id="word_319">.</word>
   <word id="word_320">A</word>
   <word id="word_321">situação</word>
   <word id="word_322">,</word>
   <word id="word_323">assim</word>
   <word id="word_324">,</word>
   <word id="word_325">pode</word>
   <word id="word_326">considerar</word>
   <word id="word_327">-se</word>
   <word id="word_328">alarmante</word>
   <word id="word_329">em_</word>
   <word id="word_330">o</word>
   <word id="word_331">que</word>
   <word id="word_332">diz</word>
   <word id="word_333">respeito</word>
   <word id="word_334">a_</word>
   <word id="word_335">a</word>
   <word id="word_336">futura</word>
   <word id="word_337">produção</word>
   <word id="word_338">de</word>
   <word id="word_339">energia</word>
   <word id="word_340">eléctrica</word>
   <word id="word_341">.</word>
   <word id="word_342">A</word>
   <word id="word_343">escassez</word>
   <word id="word_344">de_</word>
   <word id="word_345">as</word>
   <word id="word_346">chuvas</word>
   <word id="word_347">,</word>
   <word id="word_348">naturalmente</word>
   <word id="word_349">,</word>
   <word id="word_350">começou</word>
   <word id="word_351">já</word>
   <word id="word_352">a</word>
   <word id="word_353">criar</word>
   <word id="word_354">problemas</word>
   <word id="word_355">em</word>
   <word id="word_356">alguns</word>
   <word id="word_357">pontos</word>
   <word id="word_358">de_</word>
   <word id="word_359">o</word>
   <word id="word_360">País</word>
   <word id="word_361">e</word>
   <word id="word_362">a</word>
   <word id="word_363">situação</word>
   <word id="word_364">poderá</word>
   <word id="word_365">mesmo</word>
   <word id="word_366">agravar</word>
   <word id="word_367">-se</word>
   <word id="word_368">,</word>
   <word id="word_369">pois</word>
   <word id="word_370">passados</word>
   <word id="word_371">os</word>
   <word id="word_372">primeiros</word>
   <word id="word_373">dias</word>
   <word id="word_374">de</word>
   <word id="word_375">Janeiro</word>
   <word id="word_376">não</word>
   <word id="word_377">se</word>
   <word id="word_378">vislumbram</word>
   <word id="word_379">sensíveis</word>
   <word id="word_380">alterações</word>
   <word id="word_381">.</word>
   <word id="word_382">Um</word>
   <word id="word_383">anticiclone</word>
   <word id="word_384">localizado</word>
   <word id="word_385">a</word>
   <word id="word_386">oeste</word>
   <word id="word_387">de_</word>
   <word id="word_388">a</word>
   <word id="word_389">Península</word>
   <word id="word_390">Ibérica</word>
   <word id="word_391">,</word>
   <word id="word_392">sensivelmente</word>
   <word id="word_393">em_</word>
   <word id="word_394">a</word>
   <word id="word_395">latitude</word>
   <word id="word_396">de_</word>
   <word id="word_397">as</word>
   <word id="word_398">Ilhas</word>
   <word id="word_399">Britânicas</word>
   <word id="word_400">,</word>
   <word id="word_401">e</word>
   <word id="word_402">que</word>
   <word id="word_403">está</word>
   <word id="word_404">a</word>
   <word id="word_405">mover</word>
   <word id="word_406">-se</word>
   <word id="word_407">lentamente</word>
   <word id="word_408">para</word>
   <word id="word_409">sul</word>
   <word id="word_410">,</word>
   <word id="word_411">é</word>
   <word id="word_412">o</word>
   <word id="word_413">«responsável»</word>
   <word id="word_414">por_</word>
   <word id="word_415">a</word>
   <word id="word_416">continuação</word>
   <word id="word_417">de_</word>
   <word id="word_418">o</word>
   <word id="word_419">estado</word>
   <word id="word_420">de_</word>
   <word id="word_421">o</word>
   <word id="word_422">tempo</word>
   <word id="word_423">que</word>
   <word id="word_424">se</word>
   <word id="word_425">tem</word>
   <word id="word_426">feito</word>
   <word id="word_427">sentir</word>
   <word id="word_428">em_</word>
   <word id="word_429">o</word>
   <word id="word_430">País</word>
   <word id="word_431">,</word>
   <word id="word_432">não</word>
   <word id="word_433">se</word>
   <word id="word_434">prevendo</word>
   <word id="word_435">que</word>
   <word id="word_436">caia</word>
   <word id="word_437">chuva</word>
   <word id="word_438">em_</word>
   <word id="word_439">os</word>
   <word id="word_440">próximos</word>
   <word id="word_441">dias</word>
   <word id="word_442">.</word>
   <word id="word_443">Os</word>
   <word id="word_444">anticiclones</word>
   <word id="word_445">estão</word>
   <word id="word_446">associados</word>
   <word id="word_447">a</word>
   <word id="word_448">condições</word>
   <word id="word_449">de</word>
   <word id="word_450">bom</word>
   <word id="word_451">tempo</word>
   <word id="word_452">e</word>
   <word id="word_453">os</word>
   <word id="word_454">sistemas</word>
   <word id="word_455">depressionários</word>
   <word id="word_456">ou</word>
   <word id="word_457">frontais</word>
   <word id="word_458">,</word>
   <word id="word_459">a_</word>
   <word id="word_460">a</word>
   <word id="word_461">chuva</word>
   <word id="word_462">,</word>
   <word id="word_463">disse</word>
   <word id="word_464">a_</word>
   <word id="word_465">o</word>
   <word id="word_466">«DN»</word>
   <word id="word_467">um</word>
   <word id="word_468">informador</word>
   <word id="word_469">de_</word>
   <word id="word_470">o</word>
   <word id="word_471">Instituto</word>
   <word id="word_472">de</word>
   <word id="word_473">Meteorologia</word>
   <word id="word_474">e</word>
   <word id="word_475">Geofísica</word>
   <word id="word_476">.</word>
   <word id="word_477">Não</word>
   <word id="word_478">se</word>
   <word id="word_479">prevê</word>
   <word id="word_480">,</word>
   <word id="word_481">em_</word>
   <word id="word_482">o</word>
   <word id="word_483">entanto</word>
   <word id="word_484">,</word>
   <word id="word_485">para</word>
   <word id="word_486">os</word>
   <word id="word_487">próximos</word>
   <word id="word_488">dias</word>
   <word id="word_489">,</word>
   <word id="word_490">a</word>
   <word id="word_491">ocorrência</word>
   <word id="word_492">de</word>
   <word id="word_493">qualquer</word>
   <word id="word_494">de_</word>
   <word id="word_495">estas</word>
   <word id="word_496">últimas</word>
   <word id="word_497">situações</word>
   <word id="word_498">e</word>
   <word id="word_499">,</word>
   <word id="word_500">quanto</word>
   <word id="word_501">muito</word>
   <word id="word_502">,</word>
   <word id="word_503">poderão</word>
   <word id="word_504">ocorrer</word>
   <word id="word_505">alguns</word>
   <word id="word_506">aguaceiros</word>
   <word id="word_507">,</word>
   <word id="word_508">transformados</word>
   <word id="word_509">em</word>
   <word id="word_510">queda</word>
   <word id="word_511">de</word>
   <word id="word_512">neve</word>
   <word id="word_513">em_</word>
   <word id="word_514">as</word>
   <word id="word_515">terras</word>
   <word id="word_516">altas</word>
   <word id="word_517">.</word>
   <word id="word_518">Esta</word>
   <word id="word_519">situação</word>
   <word id="word_520">fez</word>
   <word id="word_521">que</word>
   <word id="word_522">Lisboa</word>
   <word id="word_523">fosse</word>
   <word id="word_524">ontem</word>
   <word id="word_525">considerada</word>
   <word id="word_526">a</word>
   <word id="word_527">«capital</word>
   <word id="word_528">europeia</word>
   <word id="word_529">de_</word>
   <word id="word_530">o</word>
   <word id="word_531">bom</word>
   <word id="word_532">tempo»</word>
   <word id="word_533">,</word>
   <word id="word_534">conforme</word>
   <word id="word_535">informação</word>
   <word id="word_536">de_</word>
   <word id="word_537">as</word>
   <word id="word_538">agências</word>
   <word id="word_539">noticiosas</word>
   <word id="word_540">.</word>
   <word id="word_541">Por</word>
   <word id="word_542">exemplo</word>
   <word id="word_543">,</word>
   <word id="word_544">em</word>
   <word id="word_545">Madrid</word>
   <word id="word_546">,</word>
   <word id="word_547">as</word>
   <word id="word_548">temperaturas</word>
   <word id="word_549">variaram</word>
   <word id="word_550">entre</word>
   <word id="word_551">três</word>
   <word id="word_552">graus</word>
   <word id="word_553">negativos</word>
   <word id="word_554">e</word>
   <word id="word_555">14</word>
   <word id="word_556">positivos</word>
   <word id="word_557">,</word>
   <word id="word_558">em</word>
   <word id="word_559">Roma</word>
   <word id="word_560">,</word>
   <word id="word_561">entre</word>
   <word id="word_562">seis</word>
   <word id="word_563">negativos</word>
   <word id="word_564">e</word>
   <word id="word_565">um</word>
   <word id="word_566">grau</word>
   <word id="word_567">positivo</word>
   <word id="word_568">,</word>
   <word id="word_569">em</word>
   <word id="word_570">Genebra</word>
   <word id="word_571">,</word>
   <word id="word_572">entre</word>
   <word id="word_573">cinco</word>
   <word id="word_574">negativos</word>
   <word id="word_575">e</word>
   <word id="word_576">zero</word>
   <word id="word_577">graus</word>
   <word id="word_578">,</word>
   <word id="word_579">enquanto</word>
   <word id="word_580">em_</word>
   <word id="word_581">outras</word>
   <word id="word_582">capitais</word>
   <word id="word_583">os</word>
   <word id="word_584">habitantes</word>
   <word id="word_585">enregelavam</word>
   <word id="word_586">igualmente</word>
   <word id="word_587">e</word>
   <word id="word_588">,</word>
   <word id="word_589">em_</word>
   <word id="word_590">a</word>
   <word id="word_591">Grécia</word>
   <word id="word_592">,</word>
   <word id="word_593">as</word>
   <word id="word_594">autoridades</word>
   <word id="word_595">declaravam</word>
   <word id="word_596">o</word>
   <word id="word_597">estado</word>
   <word id="word_598">de</word>
   <word id="word_599">emergência</word>
   <word id="word_600">em</word>
   <word id="word_601">cinco</word>
   <word id="word_602">regiões</word>
   <word id="word_603">,</word>
   <word id="word_604">assoladas</word>
   <word id="word_605">por</word>
   <word id="word_606">fortes</word>
   <word id="word_607">nevões</word>
   <word id="word_608">.</word>
</words>
