<?xml version="1.0" encoding="UTF-8"?>
<!DOCTYPE words SYSTEM "words.dtd">
<words>
   <word id="word_1">Vinte</word>
   <word id="word_2">e</word>
   <word id="word_3">oito</word>
   <word id="word_4">jovens</word>
   <word id="word_5">vestindo</word>
   <word id="word_6">trajes</word>
   <word id="word_7">regionais</word>
   <word id="word_8">desceram</word>
   <word id="word_9">ontem</word>
   <word id="word_10">as</word>
   <word id="word_11">ruas</word>
   <word id="word_12">de_</word>
   <word id="word_13">o</word>
   <word id="word_14">Chiado</word>
   <word id="word_15">,</word>
   <word id="word_16">em_</word>
   <word id="word_17">o</word>
   <word id="word_18">que</word>
   <word id="word_19">foi</word>
   <word id="word_20">classificado</word>
   <word id="word_21">como</word>
   <word id="word_22">o</word>
   <word id="word_23">Dia</word>
   <word id="word_24">de_</word>
   <word id="word_25">o</word>
   <word id="word_26">Turista</word>
   <word id="word_27">por_</word>
   <word id="word_28">a</word>
   <word id="word_29">Comissão</word>
   <word id="word_30">de</word>
   <word id="word_31">Valorização</word>
   <word id="word_32">de_</word>
   <word id="word_33">a</word>
   <word id="word_34">Área</word>
   <word id="word_35">de_</word>
   <word id="word_36">o</word>
   <word id="word_37">Chiado</word>
   <word id="word_38">,</word>
   <word id="word_39">que</word>
   <word id="word_40">desencadeou</word>
   <word id="word_41">a</word>
   <word id="word_42">iniciativa</word>
   <word id="word_43">,</word>
   <word id="word_44">com</word>
   <word id="word_45">fins</word>
   <word id="word_46">promocionais</word>
   <word id="word_47">.</word>
   <word id="word_48">Essencialmente</word>
   <word id="word_49">para</word>
   <word id="word_50">dar</word>
   <word id="word_51">projecção</word>
   <word id="word_52">a_</word>
   <word id="word_53">os</word>
   <word id="word_54">estabelecimentos</word>
   <word id="word_55">comerciais</word>
   <word id="word_56">de_</word>
   <word id="word_57">aquela</word>
   <word id="word_58">zona</word>
   <word id="word_59">de_</word>
   <word id="word_60">a</word>
   <word id="word_61">capital</word>
   <word id="word_62">,</word>
   <word id="word_63">o</word>
   <word id="word_64">Dia</word>
   <word id="word_65">de_</word>
   <word id="word_66">o</word>
   <word id="word_67">Turista</word>
   <word id="word_68">procurou</word>
   <word id="word_69">,</word>
   <word id="word_70">também</word>
   <word id="word_71">,</word>
   <word id="word_72">divulgar</word>
   <word id="word_73">Lisboa</word>
   <word id="word_74">a_</word>
   <word id="word_75">os</word>
   <word id="word_76">cidadãos</word>
   <word id="word_77">estrangeiros</word>
   <word id="word_78">contactados</word>
   <word id="word_79">,</word>
   <word id="word_80">além</word>
   <word id="word_81">de</word>
   <word id="word_82">dar</word>
   <word id="word_83">uma</word>
   <word id="word_84">nota</word>
   <word id="word_85">de</word>
   <word id="word_86">hospitalidade</word>
   <word id="word_87">,</word>
   <word id="word_88">através</word>
   <word id="word_89">de</word>
   <word id="word_90">pequenas</word>
   <word id="word_91">ofertas</word>
   <word id="word_92">simbólicas</word>
   <word id="word_93">.</word>
   <word id="word_94">Entre</word>
   <word id="word_95">estas</word>
   <word id="word_96">,</word>
   <word id="word_97">ressaltaram</word>
   <word id="word_98">frescos</word>
   <word id="word_99">botões</word>
   <word id="word_100">de</word>
   <word id="word_101">rosa</word>
   <word id="word_102">,</word>
   <word id="word_103">miniaturas</word>
   <word id="word_104">de</word>
   <word id="word_105">garrafas</word>
   <word id="word_106">de</word>
   <word id="word_107">vinho</word>
   <word id="word_108">de_</word>
   <word id="word_109">o</word>
   <word id="word_110">Porto</word>
   <word id="word_111">,</word>
   <word id="word_112">caixas</word>
   <word id="word_113">de</word>
   <word id="word_114">fósforos</word>
   <word id="word_115">e</word>
   <word id="word_116">livros</word>
   <word id="word_117">sobre</word>
   <word id="word_118">cozinha</word>
   <word id="word_119">portuguesa</word>
   <word id="word_120">.</word>
   <word id="word_121">As</word>
   <word id="word_122">jovens</word>
   <word id="word_123">,</word>
   <word id="word_124">trajando</word>
   <word id="word_125">vestuário</word>
   <word id="word_126">típico</word>
   <word id="word_127">de</word>
   <word id="word_128">várias</word>
   <word id="word_129">zonas</word>
   <word id="word_130">de_</word>
   <word id="word_131">o</word>
   <word id="word_132">País</word>
   <word id="word_133">,</word>
   <word id="word_134">desde</word>
   <word id="word_135">o</word>
   <word id="word_136">extremo</word>
   <word id="word_137">setentrional</word>
   <word id="word_138">a_</word>
   <word id="word_139">o</word>
   <word id="word_140">meridional</word>
   <word id="word_141">,</word>
   <word id="word_142">sem</word>
   <word id="word_143">ignorar</word>
   <word id="word_144">as</word>
   <word id="word_145">roupagens</word>
   <word id="word_146">coloridas</word>
   <word id="word_147">de_</word>
   <word id="word_148">as</word>
   <word id="word_149">Ilhas</word>
   <word id="word_150">,</word>
   <word id="word_151">contactaram</word>
   <word id="word_152">com</word>
   <word id="word_153">numerosos</word>
   <word id="word_154">turistas</word>
   <word id="word_155">que</word>
   <word id="word_156">passavam</word>
   <word id="word_157">por_</word>
   <word id="word_158">as</word>
   <word id="word_159">ruas</word>
   <word id="word_160">,</word>
   <word id="word_161">recebendo</word>
   <word id="word_162">de_</word>
   <word id="word_163">a</word>
   <word id="word_164">maioria</word>
   <word id="word_165">gestos</word>
   <word id="word_166">de</word>
   <word id="word_167">simpatia</word>
   <word id="word_168">.</word>
   <word id="word_169">Em_</word>
   <word id="word_170">o</word>
   <word id="word_171">entanto</word>
   <word id="word_172">,</word>
   <word id="word_173">em</word>
   <word id="word_174">alguns</word>
   <word id="word_175">casos</word>
   <word id="word_176">,</word>
   <word id="word_177">provavelmente</word>
   <word id="word_178">por</word>
   <word id="word_179">deficiente</word>
   <word id="word_180">informação</word>
   <word id="word_181">,</word>
   <word id="word_182">a</word>
   <word id="word_183">receptividade</word>
   <word id="word_184">de_</word>
   <word id="word_185">os</word>
   <word id="word_186">viajantes</word>
   <word id="word_187">não</word>
   <word id="word_188">foi</word>
   <word id="word_189">a</word>
   <word id="word_190">melhor</word>
   <word id="word_191">.</word>
   <word id="word_192">Foi</word>
   <word id="word_193">possível</word>
   <word id="word_194">observar</word>
   <word id="word_195">alguns</word>
   <word id="word_196">a</word>
   <word id="word_197">rejeitar</word>
   <word id="word_198">as</word>
   <word id="word_199">ofertas</word>
   <word id="word_200">e</word>
   <word id="word_201">mesmo</word>
   <word id="word_202">duas</word>
   <word id="word_203">orientais</word>
   <word id="word_204">a</word>
   <word id="word_205">gritar</word>
   <word id="word_206">de</word>
   <word id="word_207">medo</word>
   <word id="word_208">,</word>
   <word id="word_209">por</word>
   <word id="word_210">desconhecimento</word>
   <word id="word_211">de_</word>
   <word id="word_212">o</word>
   <word id="word_213">que</word>
   <word id="word_214">se</word>
   <word id="word_215">pretendia</word>
   <word id="word_216">.</word>
   <word id="word_217">Tal</word>
   <word id="word_218">reflecte</word>
   <word id="word_219">que</word>
   <word id="word_220">,</word>
   <word id="word_221">apesar</word>
   <word id="word_222">de_</word>
   <word id="word_223">o</word>
   <word id="word_224">esforço</word>
   <word id="word_225">feito</word>
   <word id="word_226">,</word>
   <word id="word_227">nem</word>
   <word id="word_228">sempre</word>
   <word id="word_229">se</word>
   <word id="word_230">terá</word>
   <word id="word_231">conseguido</word>
   <word id="word_232">uma</word>
   <word id="word_233">coordenação</word>
   <word id="word_234">perfeita</word>
   <word id="word_235">com</word>
   <word id="word_236">agências</word>
   <word id="word_237">de</word>
   <word id="word_238">viagens</word>
   <word id="word_239">e</word>
   <word id="word_240">de</word>
   <word id="word_241">turismo</word>
   <word id="word_242">.</word>
   <word id="word_243">Não</word>
   <word id="word_244">obstante</word>
   <word id="word_245">,</word>
   <word id="word_246">um</word>
   <word id="word_247">casal</word>
   <word id="word_248">italiano</word>
   <word id="word_249">,</word>
   <word id="word_250">entrevistado</word>
   <word id="word_251">por_</word>
   <word id="word_252">a</word>
   <word id="word_253">Anop</word>
   <word id="word_254">,</word>
   <word id="word_255">acompanhado</word>
   <word id="word_256">de_</word>
   <word id="word_257">o</word>
   <word id="word_258">pequeno</word>
   <word id="word_259">filho</word>
   <word id="word_260">,</word>
   <word id="word_261">considerou</word>
   <word id="word_262">ser</word>
   <word id="word_263">a</word>
   <word id="word_264">ideia</word>
   <word id="word_265">«muito</word>
   <word id="word_266">interessante»</word>
   <word id="word_267">e</word>
   <word id="word_268">mostrou</word>
   <word id="word_269">-se</word>
   <word id="word_270">,</word>
   <word id="word_271">principalmente</word>
   <word id="word_272">,</word>
   <word id="word_273">surpreendido</word>
   <word id="word_274">por</word>
   <word id="word_275">ter</word>
   <word id="word_276">sido</word>
   <word id="word_277">«identificado</word>
   <word id="word_278">como</word>
   <word id="word_279">estrangeiro</word>
   <word id="word_280">,</word>
   <word id="word_281">vindo</word>
   <word id="word_282">de</word>
   <word id="word_283">um</word>
   <word id="word_284">país</word>
   <word id="word_285">tão</word>
   <word id="word_286">latino</word>
   <word id="word_287">como</word>
   <word id="word_288">a</word>
   <word id="word_289">Itália»</word>
   <word id="word_290">...</word>
   <word id="word_291">Silva</word>
   <word id="word_292">Pereira</word>
   <word id="word_293">,</word>
   <word id="word_294">de_</word>
   <word id="word_295">a</word>
   <word id="word_296">comissão</word>
   <word id="word_297">promotora</word>
   <word id="word_298">,</word>
   <word id="word_299">afirmou</word>
   <word id="word_300">que</word>
   <word id="word_301">se</word>
   <word id="word_302">procurou</word>
   <word id="word_303">que</word>
   <word id="word_304">todas</word>
   <word id="word_305">as</word>
   <word id="word_306">entidades</word>
   <word id="word_307">oficiais</word>
   <word id="word_308">colaborassem</word>
   <word id="word_309">em_</word>
   <word id="word_310">a</word>
   <word id="word_311">iniciativa</word>
   <word id="word_312">,</word>
   <word id="word_313">mas</word>
   <word id="word_314">que</word>
   <word id="word_315">,</word>
   <word id="word_316">apesar</word>
   <word id="word_317">de</word>
   <word id="word_318">algumas</word>
   <word id="word_319">corresponderem</word>
   <word id="word_320">,</word>
   <word id="word_321">ela</word>
   <word id="word_322">teve</word>
   <word id="word_323">de</word>
   <word id="word_324">ser</word>
   <word id="word_325">limitada</word>
   <word id="word_326">,</word>
   <word id="word_327">por</word>
   <word id="word_328">insuficiente</word>
   <word id="word_329">apoio</word>
   <word id="word_330">oficial</word>
   <word id="word_331">e</word>
   <word id="word_332">por</word>
   <word id="word_333">dificuldades</word>
   <word id="word_334">financeiras</word>
   <word id="word_335">de_</word>
   <word id="word_336">os</word>
   <word id="word_337">próprios</word>
   <word id="word_338">organizadores</word>
   <word id="word_339">.</word>
   <word id="word_340">O</word>
   <word id="word_341">Dia</word>
   <word id="word_342">de_</word>
   <word id="word_343">o</word>
   <word id="word_344">Turista</word>
   <word id="word_345">foi</word>
   <word id="word_346">criado</word>
   <word id="word_347">por</word>
   <word id="word_348">entidades</word>
   <word id="word_349">oficiais</word>
   <word id="word_350">há</word>
   <word id="word_351">mais</word>
   <word id="word_352">de</word>
   <word id="word_353">20</word>
   <word id="word_354">anos</word>
   <word id="word_355">e</word>
   <word id="word_356">,</word>
   <word id="word_357">desde</word>
   <word id="word_358">então</word>
   <word id="word_359">,</word>
   <word id="word_360">tem</word>
   <word id="word_361">o</word>
   <word id="word_362">apoio</word>
   <word id="word_363">de_</word>
   <word id="word_364">aquela</word>
   <word id="word_365">comissão</word>
   <word id="word_366">,</word>
   <word id="word_367">em_</word>
   <word id="word_368">o</word>
   <word id="word_369">que</word>
   <word id="word_370">concerne</word>
   <word id="word_371">a</word>
   <word id="word_372">iniciativas</word>
   <word id="word_373">com</word>
   <word id="word_374">projecção</word>
   <word id="word_375">em_</word>
   <word id="word_376">a</word>
   <word id="word_377">área</word>
   <word id="word_378">.</word>
   <word id="word_379">As</word>
   <word id="word_380">28</word>
   <word id="word_381">raparigas</word>
   <word id="word_382">,</word>
   <word id="word_383">principalmente</word>
   <word id="word_384">estudantes</word>
   <word id="word_385">universitárias</word>
   <word id="word_386">e</word>
   <word id="word_387">alunas</word>
   <word id="word_388">de_</word>
   <word id="word_389">o</word>
   <word id="word_390">ISLA</word>
   <word id="word_391">,</word>
   <word id="word_392">percorreram</word>
   <word id="word_393">as</word>
   <word id="word_394">ruas</word>
   <word id="word_395">de_</word>
   <word id="word_396">o</word>
   <word id="word_397">Carmo</word>
   <word id="word_398">e</word>
   <word id="word_399">Nova</word>
   <word id="word_400">de_</word>
   <word id="word_401">o</word>
   <word id="word_402">Almada</word>
   <word id="word_403">e</word>
   <word id="word_404">as</word>
   <word id="word_405">suas</word>
   <word id="word_406">transversais</word>
   <word id="word_407">,</word>
   <word id="word_408">desembocando</word>
   <word id="word_409">depois</word>
   <word id="word_410">em_</word>
   <word id="word_411">os</word>
   <word id="word_412">Largos</word>
   <word id="word_413">de_</word>
   <word id="word_414">o</word>
   <word id="word_415">Chiado</word>
   <word id="word_416">e</word>
   <word id="word_417">de_</word>
   <word id="word_418">o</word>
   <word id="word_419">Camões</word>
   <word id="word_420">,</word>
   <word id="word_421">onde</word>
   <word id="word_422">terminou</word>
   <word id="word_423">o</word>
   <word id="word_424">desfile</word>
   <word id="word_425">.</word>
   <word id="word_426">Em_</word>
   <word id="word_427">o</word>
   <word id="word_428">fim</word>
   <word id="word_429">de_</word>
   <word id="word_430">a</word>
   <word id="word_431">manhã</word>
   <word id="word_432">,</word>
   <word id="word_433">as</word>
   <word id="word_434">jovens</word>
   <word id="word_435">participantes</word>
   <word id="word_436">foram</word>
   <word id="word_437">contempladas</word>
   <word id="word_438">com</word>
   <word id="word_439">uma</word>
   <word id="word_440">pequena</word>
   <word id="word_441">remuneração</word>
   <word id="word_442">,</word>
   <word id="word_443">uma</word>
   <word id="word_444">lembrança</word>
   <word id="word_445">e</word>
   <word id="word_446">um</word>
   <word id="word_447">almoço</word>
   <word id="word_448">em_</word>
   <word id="word_449">um</word>
   <word id="word_450">hotel</word>
   <word id="word_451">de_</word>
   <word id="word_452">a</word>
   <word id="word_453">capital</word>
   <word id="word_454">.</word>
   <word id="word_455">Por</word>
   <word id="word_456">seu</word>
   <word id="word_457">lado</word>
   <word id="word_458">,</word>
   <word id="word_459">a</word>
   <word id="word_460">associação</word>
   <word id="word_461">de_</word>
   <word id="word_462">os</word>
   <word id="word_463">comerciantes</word>
   <word id="word_464">propõe</word>
   <word id="word_465">-se</word>
   <word id="word_466">também</word>
   <word id="word_467">realizar</word>
   <word id="word_468">novas</word>
   <word id="word_469">actividades</word>
   <word id="word_470">de</word>
   <word id="word_471">carácter</word>
   <word id="word_472">idêntico</word>
   <word id="word_473">em_</word>
   <word id="word_474">a</word>
   <word id="word_475">quadra</word>
   <word id="word_476">de_</word>
   <word id="word_477">os</word>
   <word id="word_478">Santos</word>
   <word id="word_479">Populares</word>
   <word id="word_480">que</word>
   <word id="word_481">se</word>
   <word id="word_482">avizinha</word>
   <word id="word_483">.</word>
</words>
