<?xml version="1.0" encoding="UTF-8"?>
<!DOCTYPE words SYSTEM "words.dtd">
<words>
   <word id="word_1">O</word>
   <word id="word_2">IV</word>
   <word id="word_3">Festival</word>
   <word id="word_4">de</word>
   <word id="word_5">Danças</word>
   <word id="word_6">Folclóricas</word>
   <word id="word_7">de_</word>
   <word id="word_8">o</word>
   <word id="word_9">concelho</word>
   <word id="word_10">é</word>
   <word id="word_11">o</word>
   <word id="word_12">ponto</word>
   <word id="word_13">máximo</word>
   <word id="word_14">de_</word>
   <word id="word_15">as</word>
   <word id="word_16">tradicionais</word>
   <word id="word_17">festas</word>
   <word id="word_18">de</word>
   <word id="word_19">Matosinhos</word>
   <word id="word_20">,</word>
   <word id="word_21">que</word>
   <word id="word_22">estão</word>
   <word id="word_23">a</word>
   <word id="word_24">decorrer</word>
   <word id="word_25">em_</word>
   <word id="word_26">aquela</word>
   <word id="word_27">vila</word>
   <word id="word_28">de_</word>
   <word id="word_29">o</word>
   <word id="word_30">litoral</word>
   <word id="word_31">desde</word>
   <word id="word_32">o</word>
   <word id="word_33">dia</word>
   <word id="word_34">14</word>
   <word id="word_35">de_</word>
   <word id="word_36">o</word>
   <word id="word_37">corrente</word>
   <word id="word_38">e</word>
   <word id="word_39">se</word>
   <word id="word_40">prolongam</word>
   <word id="word_41">até</word>
   <word id="word_42">a_</word>
   <word id="word_43">o</word>
   <word id="word_44">próximo</word>
   <word id="word_45">dia</word>
   <word id="word_46">14</word>
   <word id="word_47">.</word>
   <word id="word_48">em_</word>
   <word id="word_49">esta</word>
   <word id="word_50">realização</word>
   <word id="word_51">,</word>
   <word id="word_52">em_</word>
   <word id="word_53">os</word>
   <word id="word_54">jardins</word>
   <word id="word_55">de_</word>
   <word id="word_56">o</word>
   <word id="word_57">palacete</word>
   <word id="word_58">de_</word>
   <word id="word_59">o</word>
   <word id="word_60">visconde</word>
   <word id="word_61">de</word>
   <word id="word_62">Trevões</word>
   <word id="word_63">,</word>
   <word id="word_64">participam</word>
   <word id="word_65">mais</word>
   <word id="word_66">de</word>
   <word id="word_67">uma</word>
   <word id="word_68">dezena</word>
   <word id="word_69">de</word>
   <word id="word_70">grupos</word>
   <word id="word_71">,</word>
   <word id="word_72">alguns</word>
   <word id="word_73">de_</word>
   <word id="word_74">os</word>
   <word id="word_75">quais</word>
   <word id="word_76">vindos</word>
   <word id="word_77">de_</word>
   <word id="word_78">o</word>
   <word id="word_79">estrangeiro</word>
   <word id="word_80">.</word>
   <word id="word_81">Sem</word>
   <word id="word_82">inovações</word>
   <word id="word_83">,</word>
   <word id="word_84">o</word>
   <word id="word_85">programa</word>
   <word id="word_86">abarca</word>
   <word id="word_87">um</word>
   <word id="word_88">número</word>
   <word id="word_89">diversificado</word>
   <word id="word_90">de</word>
   <word id="word_91">iniciativas</word>
   <word id="word_92">,</word>
   <word id="word_93">desde</word>
   <word id="word_94">as</word>
   <word id="word_95">relacionadas</word>
   <word id="word_96">com</word>
   <word id="word_97">o</word>
   <word id="word_98">folclore</word>
   <word id="word_99">até</word>
   <word id="word_100">a_</word>
   <word id="word_101">o</word>
   <word id="word_102">desporto</word>
   <word id="word_103">.</word>
   <word id="word_104">A</word>
   <word id="word_105">gastronomia</word>
   <word id="word_106">,</word>
   <word id="word_107">em_</word>
   <word id="word_108">o</word>
   <word id="word_109">entanto</word>
   <word id="word_110">,</word>
   <word id="word_111">vai</word>
   <word id="word_112">também</word>
   <word id="word_113">estar</word>
   <word id="word_114">presente</word>
   <word id="word_115">,</word>
   <word id="word_116">com</word>
   <word id="word_117">o</word>
   <word id="word_118">concurso</word>
   <word id="word_119">«Hoje</word>
   <word id="word_120">Há</word>
   <word id="word_121">Caldeirada»</word>
   <word id="word_122">,</word>
   <word id="word_123">a</word>
   <word id="word_124">realizar</word>
   <word id="word_125">amanhã</word>
   <word id="word_126">e</word>
   <word id="word_127">depois</word>
   <word id="word_128">.</word>
   <word id="word_129">Ainda</word>
   <word id="word_130">em_</word>
   <word id="word_131">o</word>
   <word id="word_132">domingo</word>
   <word id="word_133">,</word>
   <word id="word_134">disputar-CL-ão</word>
   <word id="word_135">-se</word>
   <word id="word_136">provas</word>
   <word id="word_137">de</word>
   <word id="word_138">atletismo</word>
   <word id="word_139">e</word>
   <word id="word_140">uma</word>
   <word id="word_141">outra</word>
   <word id="word_142">de</word>
   <word id="word_143">perícia</word>
   <word id="word_144">automóvel</word>
   <word id="word_145">.</word>
   <word id="word_146">Em_</word>
   <word id="word_147">o</word>
   <word id="word_148">último</word>
   <word id="word_149">sábado</word>
   <word id="word_150">de_</word>
   <word id="word_151">o</word>
   <word id="word_152">mês</word>
   <word id="word_153">,</word>
   <word id="word_154">por_</word>
   <word id="word_155">as</word>
   <word id="word_156">11</word>
   <word id="word_157">horas</word>
   <word id="word_158">,</word>
   <word id="word_159">será</word>
   <word id="word_160">inaugurada</word>
   <word id="word_161">em_</word>
   <word id="word_162">o</word>
   <word id="word_163">posto</word>
   <word id="word_164">de</word>
   <word id="word_165">turismo</word>
   <word id="word_166">a</word>
   <word id="word_167">já</word>
   <word id="word_168">conhecida</word>
   <word id="word_169">exposição</word>
   <word id="word_170">Siglas</word>
   <word id="word_171">Poveiras</word>
   <word id="word_172">,</word>
   <word id="word_173">enquanto</word>
   <word id="word_174">por_</word>
   <word id="word_175">as</word>
   <word id="word_176">21.30</word>
   <word id="word_177">horas</word>
   <word id="word_178">está</word>
   <word id="word_179">aprazado</word>
   <word id="word_180">um</word>
   <word id="word_181">encontro</word>
   <word id="word_182">de</word>
   <word id="word_183">coros</word>
   <word id="word_184">em_</word>
   <word id="word_185">a</word>
   <word id="word_186">Igreja</word>
   <word id="word_187">de_</word>
   <word id="word_188">o</word>
   <word id="word_189">Bom</word>
   <word id="word_190">Jesus</word>
   <word id="word_191">de</word>
   <word id="word_192">Matosinhos</word>
   <word id="word_193">.</word>
   <word id="word_194">Em_</word>
   <word id="word_195">o</word>
   <word id="word_196">domingo</word>
   <word id="word_197">,</word>
   <word id="word_198">em_</word>
   <word id="word_199">o</word>
   <word id="word_200">troço</word>
   <word id="word_201">compreendido</word>
   <word id="word_202">entre</word>
   <word id="word_203">o</word>
   <word id="word_204">molhe</word>
   <word id="word_205">norte</word>
   <word id="word_206">e</word>
   <word id="word_207">a</word>
   <word id="word_208">lota</word>
   <word id="word_209">de</word>
   <word id="word_210">Angeiras</word>
   <word id="word_211">,</word>
   <word id="word_212">haverá</word>
   <word id="word_213">o</word>
   <word id="word_214">1º</word>
   <word id="word_215">concurso</word>
   <word id="word_216">internacional</word>
   <word id="word_217">de</word>
   <word id="word_218">pesca</word>
   <word id="word_219">desportiva</word>
   <word id="word_220">de</word>
   <word id="word_221">mar</word>
   <word id="word_222">e</word>
   <word id="word_223">,</word>
   <word id="word_224">a_</word>
   <word id="word_225">as</word>
   <word id="word_226">15.30</word>
   <word id="word_227">,</word>
   <word id="word_228">uma</word>
   <word id="word_229">corrida</word>
   <word id="word_230">de</word>
   <word id="word_231">cavalos</word>
   <word id="word_232">(</word>
   <word id="word_233">galope</word>
   <word id="word_234">)</word>
   <word id="word_235">,</word>
   <word id="word_236">em_</word>
   <word id="word_237">os</word>
   <word id="word_238">terrenos</word>
   <word id="word_239">em</word>
   <word id="word_240">frente</word>
   <word id="word_241">a_</word>
   <word id="word_242">a</word>
   <word id="word_243">estação</word>
   <word id="word_244">de</word>
   <word id="word_245">caminhos</word>
   <word id="word_246">de</word>
   <word id="word_247">ferro</word>
   <word id="word_248">de</word>
   <word id="word_249">Leixões</word>
   <word id="word_250">.</word>
   <word id="word_251">Em_</word>
   <word id="word_252">o</word>
   <word id="word_253">primeiro</word>
   <word id="word_254">sábado</word>
   <word id="word_255">de</word>
   <word id="word_256">Junho</word>
   <word id="word_257">,</word>
   <word id="word_258">logo</word>
   <word id="word_259">por_</word>
   <word id="word_260">a</word>
   <word id="word_261">manhã</word>
   <word id="word_262">,</word>
   <word id="word_263">um</word>
   <word id="word_264">grupo</word>
   <word id="word_265">de</word>
   <word id="word_266">zés-pereiras</word>
   <word id="word_267">,</word>
   <word id="word_268">de</word>
   <word id="word_269">Ponte</word>
   <word id="word_270">de_</word>
   <word id="word_271">a</word>
   <word id="word_272">Barca</word>
   <word id="word_273">,</word>
   <word id="word_274">percorrerá</word>
   <word id="word_275">as</word>
   <word id="word_276">principais</word>
   <word id="word_277">artérias</word>
   <word id="word_278">de_</word>
   <word id="word_279">a</word>
   <word id="word_280">vila</word>
   <word id="word_281">.</word>
   <word id="word_282">Depois</word>
   <word id="word_283">,</word>
   <word id="word_284">em_</word>
   <word id="word_285">os</word>
   <word id="word_286">Paços</word>
   <word id="word_287">de_</word>
   <word id="word_288">o</word>
   <word id="word_289">Concelho</word>
   <word id="word_290">,</word>
   <word id="word_291">tem</word>
   <word id="word_292">lugar</word>
   <word id="word_293">uma</word>
   <word id="word_294">sessão</word>
   <word id="word_295">de</word>
   <word id="word_296">boas-vindas</word>
   <word id="word_297">a_</word>
   <word id="word_298">as</word>
   <word id="word_299">entidades</word>
   <word id="word_300">oficiais</word>
   <word id="word_301">de</word>
   <word id="word_302">Newark</word>
   <word id="word_303">(</word>
   <word id="word_304">Estados</word>
   <word id="word_305">Unidos</word>
   <word id="word_306">)</word>
   <word id="word_307">seguida</word>
   <word id="word_308">de</word>
   <word id="word_309">recepção</word>
   <word id="word_310">a_</word>
   <word id="word_311">os</word>
   <word id="word_312">casais</word>
   <word id="word_313">de</word>
   <word id="word_314">emigrantes</word>
   <word id="word_315">de_</word>
   <word id="word_316">a</word>
   <word id="word_317">América</word>
   <word id="word_318">.</word>
   <word id="word_319">Por_</word>
   <word id="word_320">as</word>
   <word id="word_321">16</word>
   <word id="word_322">horas</word>
   <word id="word_323">,</word>
   <word id="word_324">procede</word>
   <word id="word_325">-se</word>
   <word id="word_326">a_</word>
   <word id="word_327">a</word>
   <word id="word_328">abertura</word>
   <word id="word_329">de_</word>
   <word id="word_330">as</word>
   <word id="word_331">exposições</word>
   <word id="word_332">de</word>
   <word id="word_333">plantas</word>
   <word id="word_334">ornamentais</word>
   <word id="word_335">e</word>
   <word id="word_336">artesanato</word>
   <word id="word_337">de</word>
   <word id="word_338">Barcelos</word>
   <word id="word_339">,</word>
   <word id="word_340">em_</word>
   <word id="word_341">o</word>
   <word id="word_342">jardim</word>
   <word id="word_343">de_</word>
   <word id="word_344">o</word>
   <word id="word_345">palacete</word>
   <word id="word_346">de_</word>
   <word id="word_347">o</word>
   <word id="word_348">visconde</word>
   <word id="word_349">de</word>
   <word id="word_350">Trevões</word>
   <word id="word_351">,</word>
   <word id="word_352">que</word>
   <word id="word_353">estará</word>
   <word id="word_354">patente</word>
   <word id="word_355">a_</word>
   <word id="word_356">o</word>
   <word id="word_357">público</word>
   <word id="word_358">até</word>
   <word id="word_359">a_</word>
   <word id="word_360">o</word>
   <word id="word_361">dia</word>
   <word id="word_362">10</word>
   <word id="word_363">.</word>
   <word id="word_364">A</word>
   <word id="word_365">seguir</word>
   <word id="word_366">,</word>
   <word id="word_367">as</word>
   <word id="word_368">bandas</word>
   <word id="word_369">de</word>
   <word id="word_370">música</word>
   <word id="word_371">de</word>
   <word id="word_372">Matosinhos-Leça</word>
   <word id="word_373">e</word>
   <word id="word_374">de</word>
   <word id="word_375">Lever</word>
   <word id="word_376">dão</word>
   <word id="word_377">um</word>
   <word id="word_378">concerto</word>
   <word id="word_379">em_</word>
   <word id="word_380">os</word>
   <word id="word_381">Jardins</word>
   <word id="word_382">de_</word>
   <word id="word_383">a</word>
   <word id="word_384">Misericórdia</word>
   <word id="word_385">e</word>
   <word id="word_386">de</word>
   <word id="word_387">Basílio</word>
   <word id="word_388">Teles</word>
   <word id="word_389">,</word>
   <word id="word_390">ficando</word>
   <word id="word_391">para</word>
   <word id="word_392">as</word>
   <word id="word_393">24</word>
   <word id="word_394">horas</word>
   <word id="word_395">o</word>
   <word id="word_396">fogo-de-artifício</word>
   <word id="word_397">,</word>
   <word id="word_398">por_</word>
   <word id="word_399">o</word>
   <word id="word_400">pirotécnico</word>
   <word id="word_401">Manuel</word>
   <word id="word_402">Pedro</word>
   <word id="word_403">Resende</word>
   <word id="word_404">,</word>
   <word id="word_405">de</word>
   <word id="word_406">Valbom</word>
   <word id="word_407">,</word>
   <word id="word_408">Gondomar</word>
   <word id="word_409">.</word>
   <word id="word_410">Domingo</word>
   <word id="word_411">,</word>
   <word id="word_412">dia</word>
   <word id="word_413">7</word>
   <word id="word_414">,</word>
   <word id="word_415">por_</word>
   <word id="word_416">as</word>
   <word id="word_417">10</word>
   <word id="word_418">horas</word>
   <word id="word_419">,</word>
   <word id="word_420">as</word>
   <word id="word_421">bandas</word>
   <word id="word_422">de</word>
   <word id="word_423">música</word>
   <word id="word_424">de</word>
   <word id="word_425">Matosinhos-Leça</word>
   <word id="word_426">e</word>
   <word id="word_427">Guifões</word>
   <word id="word_428">dão</word>
   <word id="word_429">entrada</word>
   <word id="word_430">em_</word>
   <word id="word_431">os</word>
   <word id="word_432">Jardins</word>
   <word id="word_433">de_</word>
   <word id="word_434">a</word>
   <word id="word_435">Misericórdia</word>
   <word id="word_436">,</word>
   <word id="word_437">acompanhadas</word>
   <word id="word_438">de_</word>
   <word id="word_439">as</word>
   <word id="word_440">corporações</word>
   <word id="word_441">de_</word>
   <word id="word_442">os</word>
   <word id="word_443">Bombeiros</word>
   <word id="word_444">Voluntários</word>
   <word id="word_445">de</word>
   <word id="word_446">S.</word>
   <word id="word_447">Mamede</word>
   <word id="word_448">de</word>
   <word id="word_449">Infesta</word>
   <word id="word_450">,</word>
   <word id="word_451">Matosinhos-Leça</word>
   <word id="word_452">,</word>
   <word id="word_453">de</word>
   <word id="word_454">Leixões</word>
   <word id="word_455">e</word>
   <word id="word_456">respectivas</word>
   <word id="word_457">fanfarras</word>
   <word id="word_458">.</word>
   <word id="word_459">Por_</word>
   <word id="word_460">as</word>
   <word id="word_461">15</word>
   <word id="word_462">horas</word>
   <word id="word_463">,</word>
   <word id="word_464">é</word>
   <word id="word_465">a</word>
   <word id="word_466">vez</word>
   <word id="word_467">de</word>
   <word id="word_468">um</word>
   <word id="word_469">desfile</word>
   <word id="word_470">incorporado</word>
   <word id="word_471">por_</word>
   <word id="word_472">os</word>
   <word id="word_473">grupos</word>
   <word id="word_474">folclóricos</word>
   <word id="word_475">que</word>
   <word id="word_476">percorrerão</word>
   <word id="word_477">algumas</word>
   <word id="word_478">ruas</word>
   <word id="word_479">matosinhenses</word>
   <word id="word_480">,</word>
   <word id="word_481">antes</word>
   <word id="word_482">de_</word>
   <word id="word_483">o</word>
   <word id="word_484">anunciado</word>
   <word id="word_485">festival</word>
   <word id="word_486">.</word>
   <word id="word_487">Entretanto</word>
   <word id="word_488">,</word>
   <word id="word_489">as</word>
   <word id="word_490">festividades</word>
   <word id="word_491">religiosas</word>
   <word id="word_492">ficam</word>
   <word id="word_493">reservadas</word>
   <word id="word_494">para</word>
   <word id="word_495">a</word>
   <word id="word_496">segunda</word>
   <word id="word_497">e</word>
   <word id="word_498">terça-feira</word>
   <word id="word_499">,</word>
   <word id="word_500">feriado</word>
   <word id="word_501">municipal</word>
   <word id="word_502">,</word>
   <word id="word_503">com</word>
   <word id="word_504">as</word>
   <word id="word_505">vésperas</word>
   <word id="word_506">solenes</word>
   <word id="word_507">,</word>
   <word id="word_508">por_</word>
   <word id="word_509">as</word>
   <word id="word_510">18</word>
   <word id="word_511">horas</word>
   <word id="word_512">de_</word>
   <word id="word_513">o</word>
   <word id="word_514">dia</word>
   <word id="word_515">8</word>
   <word id="word_516">,</word>
   <word id="word_517">em_</word>
   <word id="word_518">o</word>
   <word id="word_519">templo</word>
   <word id="word_520">de_</word>
   <word id="word_521">o</word>
   <word id="word_522">Bom</word>
   <word id="word_523">Jesus</word>
   <word id="word_524">de</word>
   <word id="word_525">Matosinhos</word>
   <word id="word_526">,</word>
   <word id="word_527">com</word>
   <word id="word_528">a</word>
   <word id="word_529">grande</word>
   <word id="word_530">instrumental</word>
   <word id="word_531">,</word>
   <word id="word_532">por_</word>
   <word id="word_533">o</word>
   <word id="word_534">coro</word>
   <word id="word_535">sacro</word>
   <word id="word_536">.</word>
   <word id="word_537">Em_</word>
   <word id="word_538">a</word>
   <word id="word_539">terça-feira</word>
   <word id="word_540">,</word>
   <word id="word_541">a_</word>
   <word id="word_542">as</word>
   <word id="word_543">11</word>
   <word id="word_544">horas</word>
   <word id="word_545">,</word>
   <word id="word_546">será</word>
   <word id="word_547">celebrada</word>
   <word id="word_548">em_</word>
   <word id="word_549">o</word>
   <word id="word_550">mesmo</word>
   <word id="word_551">local</word>
   <word id="word_552">missa</word>
   <word id="word_553">solene</word>
   <word id="word_554">com</word>
   <word id="word_555">um</word>
   <word id="word_556">sermão</word>
   <word id="word_557">proferido</word>
   <word id="word_558">por</word>
   <word id="word_559">D.</word>
   <word id="word_560">Domingos</word>
   <word id="word_561">Pinto</word>
   <word id="word_562">Brandão</word>
   <word id="word_563">,</word>
   <word id="word_564">bispo-auxiliar</word>
   <word id="word_565">de_</word>
   <word id="word_566">a</word>
   <word id="word_567">diocese</word>
   <word id="word_568">de_</word>
   <word id="word_569">o</word>
   <word id="word_570">Porto</word>
   <word id="word_571">.</word>
   <word id="word_572">Mas</word>
   <word id="word_573">ainda</word>
   <word id="word_574">em_</word>
   <word id="word_575">a</word>
   <word id="word_576">segunda-feira</word>
   <word id="word_577">,</word>
   <word id="word_578">por_</word>
   <word id="word_579">as</word>
   <word id="word_580">21.30</word>
   <word id="word_581">horas</word>
   <word id="word_582">,</word>
   <word id="word_583">as</word>
   <word id="word_584">tunas</word>
   <word id="word_585">musicais</word>
   <word id="word_586">dão</word>
   <word id="word_587">um</word>
   <word id="word_588">concerto</word>
   <word id="word_589">em_</word>
   <word id="word_590">os</word>
   <word id="word_591">Jardins</word>
   <word id="word_592">de_</word>
   <word id="word_593">a</word>
   <word id="word_594">Misericórdia</word>
   <word id="word_595">,</word>
   <word id="word_596">enquanto</word>
   <word id="word_597">a</word>
   <word id="word_598">banda</word>
   <word id="word_599">de</word>
   <word id="word_600">música</word>
   <word id="word_601">de</word>
   <word id="word_602">Guifões</word>
   <word id="word_603">actuará</word>
   <word id="word_604">em_</word>
   <word id="word_605">a</word>
   <word id="word_606">manhã</word>
   <word id="word_607">de</word>
   <word id="word_608">terça</word>
   <word id="word_609">,</word>
   <word id="word_610">em_</word>
   <word id="word_611">o</word>
   <word id="word_612">Jardim</word>
   <word id="word_613">Basílio</word>
   <word id="word_614">Teles</word>
   <word id="word_615">.</word>
   <word id="word_616">em_</word>
   <word id="word_617">este</word>
   <word id="word_618">dia</word>
   <word id="word_619">,</word>
   <word id="word_620">a_</word>
   <word id="word_621">as</word>
   <word id="word_622">12</word>
   <word id="word_623">horano</word>
   <word id="word_624">topo</word>
   <word id="word_625">norte</word>
   <word id="word_626">de_</word>
   <word id="word_627">a</word>
   <word id="word_628">Av.</word>
   <word id="word_629">D.</word>
   <word id="word_630">Afonso</word>
   <word id="word_631">Henriques</word>
   <word id="word_632">,</word>
   <word id="word_633">haverá</word>
   <word id="word_634">fogo</word>
   <word id="word_635">de</word>
   <word id="word_636">bonecos</word>
   <word id="word_637">.</word>
   <word id="word_638">Finalmente</word>
   <word id="word_639">,</word>
   <word id="word_640">dia</word>
   <word id="word_641">14</word>
   <word id="word_642">,</word>
   <word id="word_643">domingo</word>
   <word id="word_644">,</word>
   <word id="word_645">as</word>
   <word id="word_646">fanfarras</word>
   <word id="word_647">de</word>
   <word id="word_648">bombeiros</word>
   <word id="word_649">voluntários</word>
   <word id="word_650">desfilarão</word>
   <word id="word_651">por_</word>
   <word id="word_652">as</word>
   <word id="word_653">ruas</word>
   <word id="word_654">de_</word>
   <word id="word_655">a</word>
   <word id="word_656">vila</word>
   <word id="word_657">.</word>
   <word id="word_658">De</word>
   <word id="word_659">registar</word>
   <word id="word_660">os</word>
   <word id="word_661">propósitos</word>
   <word id="word_662">de_</word>
   <word id="word_663">o</word>
   <word id="word_664">executivo</word>
   <word id="word_665">camarário</word>
   <word id="word_666">,</word>
   <word id="word_667">que</word>
   <word id="word_668">para</word>
   <word id="word_669">o</word>
   <word id="word_670">ano</word>
   <word id="word_671">tudo</word>
   <word id="word_672">fará</word>
   <word id="word_673">para</word>
   <word id="word_674">que</word>
   <word id="word_675">as</word>
   <word id="word_676">tradicionais</word>
   <word id="word_677">festas</word>
   <word id="word_678">se</word>
   <word id="word_679">caracterizem</word>
   <word id="word_680">por</word>
   <word id="word_681">um</word>
   <word id="word_682">cunho</word>
   <word id="word_683">mais</word>
   <word id="word_684">genuíno</word>
   <word id="word_685">,</word>
   <word id="word_686">nomeadamente</word>
   <word id="word_687">em_</word>
   <word id="word_688">o</word>
   <word id="word_689">aspecto</word>
   <word id="word_690">etnográfico</word>
   <word id="word_691">e</word>
   <word id="word_692">folclórico</word>
   <word id="word_693">.</word>
   <word id="word_694">Com</word>
   <word id="word_695">efeito</word>
   <word id="word_696">,</word>
   <word id="word_697">para</word>
   <word id="word_698">o</word>
   <word id="word_699">próximo</word>
   <word id="word_700">ano</word>
   <word id="word_701">,</word>
   <word id="word_702">comemoram</word>
   <word id="word_703">-se</word>
   <word id="word_704">os</word>
   <word id="word_705">250</word>
   <word id="word_706">anos</word>
   <word id="word_707">de_</word>
   <word id="word_708">a</word>
   <word id="word_709">Romaria</word>
   <word id="word_710">de_</word>
   <word id="word_711">o</word>
   <word id="word_712">Senhor</word>
   <word id="word_713">de</word>
   <word id="word_714">Matosinhos</word>
   <word id="word_715">,</word>
   <word id="word_716">romaria</word>
   <word id="word_717">que</word>
   <word id="word_718">a_</word>
   <word id="word_719">o</word>
   <word id="word_720">longo</word>
   <word id="word_721">de_</word>
   <word id="word_722">os</word>
   <word id="word_723">anos</word>
   <word id="word_724">se</word>
   <word id="word_725">tornaria</word>
   <word id="word_726">famosa</word>
   <word id="word_727">.</word>
   <word id="word_728">de_</word>
   <word id="word_729">a</word>
   <word id="word_730">comissão</word>
   <word id="word_731">de</word>
   <word id="word_732">honra</word>
   <word id="word_733">de_</word>
   <word id="word_734">as</word>
   <word id="word_735">festas</word>
   <word id="word_736">deste</word>
   <word id="word_737">ano</word>
   <word id="word_738">faz</word>
   <word id="word_739">parte</word>
   <word id="word_740">,</word>
   <word id="word_741">entre</word>
   <word id="word_742">outras</word>
   <word id="word_743">personalidades</word>
   <word id="word_744">,</word>
   <word id="word_745">o</word>
   <word id="word_746">director</word>
   <word id="word_747">de_</word>
   <word id="word_748">o</word>
   <word id="word_749">«Diário</word>
   <word id="word_750">de</word>
   <word id="word_751">Notícias»</word>
   <word id="word_752">,</word>
   <word id="word_753">Mário</word>
   <word id="word_754">Mesquita</word>
   <word id="word_755">.</word>
</words>
