<?xml version="1.0" encoding="UTF-8"?>
<!DOCTYPE words SYSTEM "words.dtd">
<words>
   <word id="word_1">O</word>
   <word id="word_2">primeiro-ministro</word>
   <word id="word_3">holandês</word>
   <word id="word_4">Van</word>
   <word id="word_5">Agt</word>
   <word id="word_6">,</word>
   <word id="word_7">que</word>
   <word id="word_8">é</word>
   <word id="word_9">acompanhado</word>
   <word id="word_10">por_</word>
   <word id="word_11">o</word>
   <word id="word_12">ministro</word>
   <word id="word_13">de_</word>
   <word id="word_14">os</word>
   <word id="word_15">Negócios</word>
   <word id="word_16">estrangeiros</word>
   <word id="word_17">,</word>
   <word id="word_18">Van</word>
   <word id="word_19">der</word>
   <word id="word_20">Klaw</word>
   <word id="word_21">,</word>
   <word id="word_22">chega</word>
   <word id="word_23">segunda-feira</word>
   <word id="word_24">a</word>
   <word id="word_25">Lisboa</word>
   <word id="word_26">para</word>
   <word id="word_27">uma</word>
   <word id="word_28">visita</word>
   <word id="word_29">de</word>
   <word id="word_30">30</word>
   <word id="word_31">horas</word>
   <word id="word_32">a</word>
   <word id="word_33">convite</word>
   <word id="word_34">de_</word>
   <word id="word_35">o</word>
   <word id="word_36">seu</word>
   <word id="word_37">homólogo</word>
   <word id="word_38">Pinto</word>
   <word id="word_39">Balsemão</word>
   <word id="word_40">.</word>
   <word id="word_41">A</word>
   <word id="word_42">adesão</word>
   <word id="word_43">de</word>
   <word id="word_44">Portugal</word>
   <word id="word_45">a_</word>
   <word id="word_46">a</word>
   <word id="word_47">CEE</word>
   <word id="word_48">será</word>
   <word id="word_49">um</word>
   <word id="word_50">de_</word>
   <word id="word_51">os</word>
   <word id="word_52">temas</word>
   <word id="word_53">de_</word>
   <word id="word_54">as</word>
   <word id="word_55">conversações</word>
   <word id="word_56">entre</word>
   <word id="word_57">os</word>
   <word id="word_58">dois</word>
   <word id="word_59">chefes</word>
   <word id="word_60">de</word>
   <word id="word_61">Governo</word>
   <word id="word_62">.</word>
   <word id="word_63">O</word>
   <word id="word_64">chefe</word>
   <word id="word_65">de_</word>
   <word id="word_66">o</word>
   <word id="word_67">Governo</word>
   <word id="word_68">holandês</word>
   <word id="word_69">terá</word>
   <word id="word_70">reuniões</word>
   <word id="word_71">com</word>
   <word id="word_72">Pinto</word>
   <word id="word_73">Balsemão</word>
   <word id="word_74">e</word>
   <word id="word_75">o</word>
   <word id="word_76">ministro</word>
   <word id="word_77">de_</word>
   <word id="word_78">os</word>
   <word id="word_79">Negócios</word>
   <word id="word_80">Estrangeiros</word>
   <word id="word_81">,</word>
   <word id="word_82">Gonçalves</word>
   <word id="word_83">Pereira</word>
   <word id="word_84">,</word>
   <word id="word_85">além</word>
   <word id="word_86">de</word>
   <word id="word_87">ser</word>
   <word id="word_88">recebido</word>
   <word id="word_89">por_</word>
   <word id="word_90">o</word>
   <word id="word_91">Presidente</word>
   <word id="word_92">de_</word>
   <word id="word_93">a</word>
   <word id="word_94">República</word>
   <word id="word_95">.</word>
   <word id="word_96">Em_</word>
   <word id="word_97">o</word>
   <word id="word_98">dia</word>
   <word id="word_99">de_</word>
   <word id="word_100">a</word>
   <word id="word_101">chegada</word>
   <word id="word_102">,</word>
   <word id="word_103">Van</word>
   <word id="word_104">Agt</word>
   <word id="word_105">depõe</word>
   <word id="word_106">uma</word>
   <word id="word_107">coroa</word>
   <word id="word_108">de</word>
   <word id="word_109">flores</word>
   <word id="word_110">em_</word>
   <word id="word_111">o</word>
   <word id="word_112">túmulo</word>
   <word id="word_113">de</word>
   <word id="word_114">Vasco</word>
   <word id="word_115">de_</word>
   <word id="word_116">a</word>
   <word id="word_117">Gama</word>
   <word id="word_118">,</word>
   <word id="word_119">em_</word>
   <word id="word_120">o</word>
   <word id="word_121">Mosteiro</word>
   <word id="word_122">de_</word>
   <word id="word_123">os</word>
   <word id="word_124">Jerónimos</word>
   <word id="word_125">,</word>
   <word id="word_126">recebe</word>
   <word id="word_127">o</word>
   <word id="word_128">presidente</word>
   <word id="word_129">de_</word>
   <word id="word_130">o</word>
   <word id="word_131">CDS</word>
   <word id="word_132">,</word>
   <word id="word_133">Freitas</word>
   <word id="word_134">de_</word>
   <word id="word_135">o</word>
   <word id="word_136">Amaral</word>
   <word id="word_137">,</word>
   <word id="word_138">e</word>
   <word id="word_139">é</word>
   <word id="word_140">obsequiado</word>
   <word id="word_141">por</word>
   <word id="word_142">Pinto</word>
   <word id="word_143">Balsemão</word>
   <word id="word_144">com</word>
   <word id="word_145">um</word>
   <word id="word_146">jantar</word>
   <word id="word_147">,</word>
   <word id="word_148">em_</word>
   <word id="word_149">o</word>
   <word id="word_150">Palácio</word>
   <word id="word_151">de_</word>
   <word id="word_152">as</word>
   <word id="word_153">Necessidades</word>
   <word id="word_154">.</word>
   <word id="word_155">Por</word>
   <word id="word_156">seu</word>
   <word id="word_157">turno</word>
   <word id="word_158">,</word>
   <word id="word_159">em_</word>
   <word id="word_160">a</word>
   <word id="word_161">terça-feira</word>
   <word id="word_162">,</word>
   <word id="word_163">o</word>
   <word id="word_164">primeiro-ministro</word>
   <word id="word_165">holandês</word>
   <word id="word_166">oferece</word>
   <word id="word_167">um</word>
   <word id="word_168">almoço</word>
   <word id="word_169">a</word>
   <word id="word_170">Pinto</word>
   <word id="word_171">Balsemão</word>
   <word id="word_172">e</word>
   <word id="word_173">é</word>
   <word id="word_174">recebido</word>
   <word id="word_175">por_</word>
   <word id="word_176">o</word>
   <word id="word_177">Presidente</word>
   <word id="word_178">de_</word>
   <word id="word_179">a</word>
   <word id="word_180">República</word>
   <word id="word_181">.</word>
   <word id="word_182">Antes</word>
   <word id="word_183">de_</word>
   <word id="word_184">a</word>
   <word id="word_185">sua</word>
   <word id="word_186">partida</word>
   <word id="word_187">para</word>
   <word id="word_188">Haia</word>
   <word id="word_189">,</word>
   <word id="word_190">Van</word>
   <word id="word_191">Agt</word>
   <word id="word_192">concede</word>
   <word id="word_193">uma</word>
   <word id="word_194">conferência</word>
   <word id="word_195">de</word>
   <word id="word_196">Imprensa</word>
   <word id="word_197">.</word>
   <word id="word_198">Os</word>
   <word id="word_199">dois</word>
   <word id="word_200">primeiro-ministros</word>
   <word id="word_201">conversarão</word>
   <word id="word_202">sobre</word>
   <word id="word_203">a</word>
   <word id="word_204">situação</word>
   <word id="word_205">internacional</word>
   <word id="word_206">,</word>
   <word id="word_207">as</word>
   <word id="word_208">relações</word>
   <word id="word_209">bilaterais</word>
   <word id="word_210">e</word>
   <word id="word_211">a</word>
   <word id="word_212">adesão</word>
   <word id="word_213">de</word>
   <word id="word_214">Portugal</word>
   <word id="word_215">a_</word>
   <word id="word_216">a</word>
   <word id="word_217">CEE</word>
   <word id="word_218">.</word>
   <word id="word_219">Refira</word>
   <word id="word_220">-se</word>
   <word id="word_221">que</word>
   <word id="word_222">,</word>
   <word id="word_223">em_</word>
   <word id="word_224">este</word>
   <word id="word_225">semestre</word>
   <word id="word_226">,</word>
   <word id="word_227">compete</word>
   <word id="word_228">a_</word>
   <word id="word_229">a</word>
   <word id="word_230">Holanda</word>
   <word id="word_231">a</word>
   <word id="word_232">presidência</word>
   <word id="word_233">de_</word>
   <word id="word_234">o</word>
   <word id="word_235">Conselho</word>
   <word id="word_236">de</word>
   <word id="word_237">Ministros</word>
   <word id="word_238">de_</word>
   <word id="word_239">a</word>
   <word id="word_240">Comunidade</word>
   <word id="word_241">Europeia</word>
   <word id="word_242">.</word>
   <word id="word_243">Entretanto</word>
   <word id="word_244">,</word>
   <word id="word_245">os</word>
   <word id="word_246">ministros</word>
   <word id="word_247">de_</word>
   <word id="word_248">os</word>
   <word id="word_249">Negócios</word>
   <word id="word_250">Estrangeiros</word>
   <word id="word_251">de</word>
   <word id="word_252">ambos</word>
   <word id="word_253">os</word>
   <word id="word_254">países</word>
   <word id="word_255">,</word>
   <word id="word_256">André</word>
   <word id="word_257">Gonçalves</word>
   <word id="word_258">Pereira</word>
   <word id="word_259">e</word>
   <word id="word_260">Van</word>
   <word id="word_261">der</word>
   <word id="word_262">Klaw</word>
   <word id="word_263">,</word>
   <word id="word_264">terão</word>
   <word id="word_265">conversações</word>
   <word id="word_266">separadas</word>
   <word id="word_267">sobre</word>
   <word id="word_268">os</word>
   <word id="word_269">mesmos</word>
   <word id="word_270">temas</word>
   <word id="word_271">.</word>
</words>
