<?xml version="1.0" encoding="UTF-8"?>
<!DOCTYPE words SYSTEM "words.dtd">
<words>
   <word id="word_1">O</word>
   <word id="word_2">Presidente</word>
   <word id="word_3">de_</word>
   <word id="word_4">a</word>
   <word id="word_5">República</word>
   <word id="word_6">vai</word>
   <word id="word_7">participar</word>
   <word id="word_8">em</word>
   <word id="word_9">Coimbra</word>
   <word id="word_10">,</word>
   <word id="word_11">em_</word>
   <word id="word_12">a</word>
   <word id="word_13">sessão</word>
   <word id="word_14">de</word>
   <word id="word_15">abertura</word>
   <word id="word_16">de_</word>
   <word id="word_17">o</word>
   <word id="word_18">I</word>
   <word id="word_19">Congresso</word>
   <word id="word_20">Português</word>
   <word id="word_21">de</word>
   <word id="word_22">Ginecologia</word>
   <word id="word_23">,</word>
   <word id="word_24">que</word>
   <word id="word_25">se</word>
   <word id="word_26">inicia</word>
   <word id="word_27">em</word>
   <word id="word_28">14</word>
   <word id="word_29">de</word>
   <word id="word_30">Junho</word>
   <word id="word_31">.</word>
   <word id="word_32">Ramalho</word>
   <word id="word_33">Eanes</word>
   <word id="word_34">preside</word>
   <word id="word_35">a_</word>
   <word id="word_36">a</word>
   <word id="word_37">respectiva</word>
   <word id="word_38">comissão</word>
   <word id="word_39">de</word>
   <word id="word_40">honra</word>
   <word id="word_41">.</word>
   <word id="word_42">Participarão</word>
   <word id="word_43">em_</word>
   <word id="word_44">os</word>
   <word id="word_45">trabalhos</word>
   <word id="word_46">40</word>
   <word id="word_47">cientistas</word>
   <word id="word_48">de</word>
   <word id="word_49">países</word>
   <word id="word_50">europeus</word>
   <word id="word_51">,</word>
   <word id="word_52">Estados</word>
   <word id="word_53">Unidos</word>
   <word id="word_54">e</word>
   <word id="word_55">Canadá</word>
   <word id="word_56">,</word>
   <word id="word_57">sendo</word>
   <word id="word_58">ainda</word>
   <word id="word_59">esperadas</word>
   <word id="word_60">delegações</word>
   <word id="word_61">de_</word>
   <word id="word_62">o</word>
   <word id="word_63">Brasil</word>
   <word id="word_64">,</word>
   <word id="word_65">Angola</word>
   <word id="word_66">e</word>
   <word id="word_67">Moçambique</word>
   <word id="word_68">.</word>
   <word id="word_69">O</word>
   <word id="word_70">congresso</word>
   <word id="word_71">,</word>
   <word id="word_72">que</word>
   <word id="word_73">se</word>
   <word id="word_74">prolonga</word>
   <word id="word_75">até</word>
   <word id="word_76">a_</word>
   <word id="word_77">o</word>
   <word id="word_78">dia</word>
   <word id="word_79">18</word>
   <word id="word_80">,</word>
   <word id="word_81">é</word>
   <word id="word_82">organizado</word>
   <word id="word_83">por_</word>
   <word id="word_84">a</word>
   <word id="word_85">Sociedade</word>
   <word id="word_86">Portuguesa</word>
   <word id="word_87">de</word>
   <word id="word_88">Ginecologia</word>
   <word id="word_89">,</word>
   <word id="word_90">sediada</word>
   <word id="word_91">em</word>
   <word id="word_92">Coimbra</word>
   <word id="word_93">,</word>
   <word id="word_94">e</word>
   <word id="word_95">que</word>
   <word id="word_96">tem</word>
   <word id="word_97">como</word>
   <word id="word_98">presidente</word>
   <word id="word_99">e</word>
   <word id="word_100">secretário</word>
   <word id="word_101">os</word>
   <word id="word_102">especialistas</word>
   <word id="word_103">locais</word>
   <word id="word_104">Carlos</word>
   <word id="word_105">Freire</word>
   <word id="word_106">de</word>
   <word id="word_107">Oliveira</word>
   <word id="word_108">e</word>
   <word id="word_109">Aurélio</word>
   <word id="word_110">Lopes</word>
   <word id="word_111">Ferreira</word>
   <word id="word_112">.</word>
   <word id="word_113">Promovida</word>
   <word id="word_114">por_</word>
   <word id="word_115">a</word>
   <word id="word_116">Sociedade</word>
   <word id="word_117">Portuguesa</word>
   <word id="word_118">de</word>
   <word id="word_119">Cirurgiões</word>
   <word id="word_120">Pediatras</word>
   <word id="word_121">,</word>
   <word id="word_122">em</word>
   <word id="word_123">colaboração</word>
   <word id="word_124">com</word>
   <word id="word_125">a</word>
   <word id="word_126">Sociedade</word>
   <word id="word_127">Portuguesa</word>
   <word id="word_128">de</word>
   <word id="word_129">Pediatria</word>
   <word id="word_130">,</word>
   <word id="word_131">vai</word>
   <word id="word_132">realizar</word>
   <word id="word_133">-se</word>
   <word id="word_134">,</word>
   <word id="word_135">amanhã</word>
   <word id="word_136">,</word>
   <word id="word_137">em_</word>
   <word id="word_138">a</word>
   <word id="word_139">Ordem</word>
   <word id="word_140">de_</word>
   <word id="word_141">os</word>
   <word id="word_142">Médicos</word>
   <word id="word_143">,</word>
   <word id="word_144">em_</word>
   <word id="word_145">o</word>
   <word id="word_146">Porto</word>
   <word id="word_147">,</word>
   <word id="word_148">uma</word>
   <word id="word_149">reunião</word>
   <word id="word_150">de</word>
   <word id="word_151">cirurgia</word>
   <word id="word_152">neonatal</word>
   <word id="word_153">.</word>
   <word id="word_154">De</word>
   <word id="word_155">acordo</word>
   <word id="word_156">com</word>
   <word id="word_157">a</word>
   <word id="word_158">comissão</word>
   <word id="word_159">organizadora</word>
   <word id="word_160">«procura</word>
   <word id="word_161">-se</word>
   <word id="word_162">com</word>
   <word id="word_163">este</word>
   <word id="word_164">encontro</word>
   <word id="word_165">estreitar</word>
   <word id="word_166">relações</word>
   <word id="word_167">entre</word>
   <word id="word_168">pediatras</word>
   <word id="word_169">e</word>
   <word id="word_170">cirurgiões</word>
   <word id="word_171">pediatras»</word>
   <word id="word_172">assim</word>
   <word id="word_173">como</word>
   <word id="word_174">demonstrar</word>
   <word id="word_175">que</word>
   <word id="word_176">«é</word>
   <word id="word_177">uma</word>
   <word id="word_178">especialidade</word>
   <word id="word_179">diferente»</word>
   <word id="word_180">e</word>
   <word id="word_181">que</word>
   <word id="word_182">«poderá</word>
   <word id="word_183">fazer</word>
   <word id="word_184">baixar</word>
   <word id="word_185">a</word>
   <word id="word_186">taxa</word>
   <word id="word_187">de</word>
   <word id="word_188">mortalidade</word>
   <word id="word_189">infantil</word>
   <word id="word_190">em_</word>
   <word id="word_191">o</word>
   <word id="word_192">nosso</word>
   <word id="word_193">país</word>
   <word id="word_194">,</word>
   <word id="word_195">levando</word>
   <word id="word_196">a_</word>
   <word id="word_197">a</word>
   <word id="word_198">criação</word>
   <word id="word_199">de</word>
   <word id="word_200">uma</word>
   <word id="word_201">unidade</word>
   <word id="word_202">de</word>
   <word id="word_203">cuidados</word>
   <word id="word_204">intensivos</word>
   <word id="word_205">neonatais»</word>
   <word id="word_206">,</word>
   <word id="word_207">ainda</word>
   <word id="word_208">não</word>
   <word id="word_209">existente</word>
   <word id="word_210">em_</word>
   <word id="word_211">o</word>
   <word id="word_212">Norte</word>
   <word id="word_213">de_</word>
   <word id="word_214">o</word>
   <word id="word_215">País</word>
   <word id="word_216">.</word>
   <word id="word_217">Um</word>
   <word id="word_218">código</word>
   <word id="word_219">internacional</word>
   <word id="word_220">,</word>
   <word id="word_221">que</word>
   <word id="word_222">regulamenta</word>
   <word id="word_223">a</word>
   <word id="word_224">venda</word>
   <word id="word_225">de</word>
   <word id="word_226">sucedâneos</word>
   <word id="word_227">de_</word>
   <word id="word_228">o</word>
   <word id="word_229">leite</word>
   <word id="word_230">materno</word>
   <word id="word_231">,</word>
   <word id="word_232">foi</word>
   <word id="word_233">aprovado</word>
   <word id="word_234">por_</word>
   <word id="word_235">a</word>
   <word id="word_236">Organização</word>
   <word id="word_237">Mundial</word>
   <word id="word_238">de</word>
   <word id="word_239">Saúde</word>
   <word id="word_240">,</word>
   <word id="word_241">em_</word>
   <word id="word_242">um</word>
   <word id="word_243">voto</word>
   <word id="word_244">que</word>
   <word id="word_245">deixou</word>
   <word id="word_246">os</word>
   <word id="word_247">Estados</word>
   <word id="word_248">Unidos</word>
   <word id="word_249">completamente</word>
   <word id="word_250">isolados</word>
   <word id="word_251">.</word>
   <word id="word_252">Verificaram</word>
   <word id="word_253">-se</word>
   <word id="word_254">nove</word>
   <word id="word_255">abstenções</word>
   <word id="word_256">,</word>
   <word id="word_257">mas</word>
   <word id="word_258">os</word>
   <word id="word_259">aliados</word>
   <word id="word_260">mais</word>
   <word id="word_261">importantes</word>
   <word id="word_262">de_</word>
   <word id="word_263">os</word>
   <word id="word_264">Estados</word>
   <word id="word_265">Unidos</word>
   <word id="word_266">,</word>
   <word id="word_267">a_</word>
   <word id="word_268">a</word>
   <word id="word_269">excepção</word>
   <word id="word_270">de_</word>
   <word id="word_271">o</word>
   <word id="word_272">Japão</word>
   <word id="word_273">,</word>
   <word id="word_274">votaram</word>
   <word id="word_275">favoravelmente</word>
   <word id="word_276">o</word>
   <word id="word_277">código</word>
   <word id="word_278">voluntário</word>
   <word id="word_279">,</word>
   <word id="word_280">um</word>
   <word id="word_281">documento</word>
   <word id="word_282">com</word>
   <word id="word_283">oito</word>
   <word id="word_284">páginas</word>
   <word id="word_285">que</word>
   <word id="word_286">prevê</word>
   <word id="word_287">,</word>
   <word id="word_288">nomeadamente</word>
   <word id="word_289">,</word>
   <word id="word_290">a</word>
   <word id="word_291">proibição</word>
   <word id="word_292">de_</word>
   <word id="word_293">a</word>
   <word id="word_294">publicidade</word>
   <word id="word_295">e</word>
   <word id="word_296">promoção</word>
   <word id="word_297">de_</word>
   <word id="word_298">os</word>
   <word id="word_299">referidos</word>
   <word id="word_300">sucedâneos</word>
   <word id="word_301">.</word>
   <word id="word_302">Este</word>
   <word id="word_303">código</word>
   <word id="word_304">tem</word>
   <word id="word_305">sido</word>
   <word id="word_306">defendido</word>
   <word id="word_307">,</word>
   <word id="word_308">em_</word>
   <word id="word_309">os</word>
   <word id="word_310">últimos</word>
   <word id="word_311">seis</word>
   <word id="word_312">anos</word>
   <word id="word_313">por</word>
   <word id="word_314">grupos</word>
   <word id="word_315">de</word>
   <word id="word_316">defesa</word>
   <word id="word_317">de_</word>
   <word id="word_318">o</word>
   <word id="word_319">consumidor</word>
   <word id="word_320">e</word>
   <word id="word_321">organizações</word>
   <word id="word_322">ligadas</word>
   <word id="word_323">a_</word>
   <word id="word_324">a</word>
   <word id="word_325">Igreja</word>
   <word id="word_326">,</word>
   <word id="word_327">alegando</word>
   <word id="word_328">que</word>
   <word id="word_329">morrem</word>
   <word id="word_330">anualmente</word>
   <word id="word_331">em_</word>
   <word id="word_332">o</word>
   <word id="word_333">Terceiro</word>
   <word id="word_334">Mundo</word>
   <word id="word_335">mais</word>
   <word id="word_336">de</word>
   <word id="word_337">um</word>
   <word id="word_338">milhão</word>
   <word id="word_339">de</word>
   <word id="word_340">bebés</word>
   <word id="word_341">,</word>
   <word id="word_342">porque</word>
   <word id="word_343">as</word>
   <word id="word_344">mães</word>
   <word id="word_345">são</word>
   <word id="word_346">levadas</word>
   <word id="word_347">a</word>
   <word id="word_348">crer</word>
   <word id="word_349">que</word>
   <word id="word_350">é</word>
   <word id="word_351">melhor</word>
   <word id="word_352">alimentar</word>
   <word id="word_353">as</word>
   <word id="word_354">crianças</word>
   <word id="word_355">com</word>
   <word id="word_356">leite</word>
   <word id="word_357">em</word>
   <word id="word_358">pó</word>
   <word id="word_359">de_</word>
   <word id="word_360">o</word>
   <word id="word_361">que</word>
   <word id="word_362">amamentá#</word>
   <word id="word_363">-las</word>
   <word id="word_364">.</word>
   <word id="word_365">Acrescentam</word>
   <word id="word_366">,</word>
   <word id="word_367">por</word>
   <word id="word_368">outro</word>
   <word id="word_369">lado</word>
   <word id="word_370">,</word>
   <word id="word_371">que</word>
   <word id="word_372">a</word>
   <word id="word_373">publicidade</word>
   <word id="word_374">de_</word>
   <word id="word_375">o</word>
   <word id="word_376">leite</word>
   <word id="word_377">em</word>
   <word id="word_378">pó</word>
   <word id="word_379">em_</word>
   <word id="word_380">os</word>
   <word id="word_381">países</word>
   <word id="word_382">em</word>
   <word id="word_383">vias</word>
   <word id="word_384">de</word>
   <word id="word_385">desenvolvimento</word>
   <word id="word_386">provoca</word>
   <word id="word_387">dez</word>
   <word id="word_388">milhões</word>
   <word id="word_389">de</word>
   <word id="word_390">casos</word>
   <word id="word_391">anuais</word>
   <word id="word_392">de</word>
   <word id="word_393">desnutrição</word>
   <word id="word_394">e</word>
   <word id="word_395">de</word>
   <word id="word_396">diarreia</word>
   <word id="word_397">,</word>
   <word id="word_398">devido</word>
   <word id="word_399">a_</word>
   <word id="word_400">as</word>
   <word id="word_401">mães</word>
   <word id="word_402">prepararem</word>
   <word id="word_403">o</word>
   <word id="word_404">produto</word>
   <word id="word_405">com</word>
   <word id="word_406">água</word>
   <word id="word_407">contaminada</word>
   <word id="word_408">.</word>
   <word id="word_409">As</word>
   <word id="word_410">empresas</word>
   <word id="word_411">produtoras</word>
   <word id="word_412">de</word>
   <word id="word_413">leite</word>
   <word id="word_414">em</word>
   <word id="word_415">pó</word>
   <word id="word_416">opõem</word>
   <word id="word_417">-se</word>
   <word id="word_418">a_</word>
   <word id="word_419">o</word>
   <word id="word_420">Código</word>
   <word id="word_421">argumentando</word>
   <word id="word_422">que</word>
   <word id="word_423">uma</word>
   <word id="word_424">agência</word>
   <word id="word_425">de_</word>
   <word id="word_426">as</word>
   <word id="word_427">Nações</word>
   <word id="word_428">Unidas</word>
   <word id="word_429">como</word>
   <word id="word_430">a</word>
   <word id="word_431">OMS</word>
   <word id="word_432">não</word>
   <word id="word_433">deve</word>
   <word id="word_434">tentar</word>
   <word id="word_435">regulamentar</word>
   <word id="word_436">o</word>
   <word id="word_437">comércio</word>
   <word id="word_438">internacional</word>
   <word id="word_439">.</word>
   <word id="word_440">Funcionários</word>
   <word id="word_441">de_</word>
   <word id="word_442">os</word>
   <word id="word_443">Estados</word>
   <word id="word_444">Unidos</word>
   <word id="word_445">disseram</word>
   <word id="word_446">que</word>
   <word id="word_447">a</word>
   <word id="word_448">Administração</word>
   <word id="word_449">de</word>
   <word id="word_450">Ronald</word>
   <word id="word_451">Reagan</word>
   <word id="word_452">considera</word>
   <word id="word_453">que</word>
   <word id="word_454">o</word>
   <word id="word_455">Código</word>
   <word id="word_456">viola</word>
   <word id="word_457">as</word>
   <word id="word_458">leis</word>
   <word id="word_459">norte-americanas</word>
   <word id="word_460">sobre</word>
   <word id="word_461">a</word>
   <word id="word_462">liberdade</word>
   <word id="word_463">de</word>
   <word id="word_464">expressão</word>
   <word id="word_465">e</word>
   <word id="word_466">de</word>
   <word id="word_467">empresa</word>
   <word id="word_468">.</word>
   <word id="word_469">A</word>
   <word id="word_470">posição</word>
   <word id="word_471">norte-americana</word>
   <word id="word_472">,</word>
   <word id="word_473">disse</word>
   <word id="word_474">um</word>
   <word id="word_475">dirigente</word>
   <word id="word_476">de</word>
   <word id="word_477">um</word>
   <word id="word_478">grupo</word>
   <word id="word_479">de</word>
   <word id="word_480">defesa</word>
   <word id="word_481">de_</word>
   <word id="word_482">os</word>
   <word id="word_483">consumidores</word>
   <word id="word_484">,</word>
   <word id="word_485">significa</word>
   <word id="word_486">que</word>
   <word id="word_487">os</word>
   <word id="word_488">«Estados</word>
   <word id="word_489">Unidos</word>
   <word id="word_490">odeiam</word>
   <word id="word_491">bebés»</word>
   <word id="word_492">.</word>
   <word id="word_493">O</word>
   <word id="word_494">comércio</word>
   <word id="word_495">anual</word>
   <word id="word_496">de</word>
   <word id="word_497">produtos</word>
   <word id="word_498">destinados</word>
   <word id="word_499">a</word>
   <word id="word_500">substituir</word>
   <word id="word_501">o</word>
   <word id="word_502">leite</word>
   <word id="word_503">materno</word>
   <word id="word_504">atinge</word>
   <word id="word_505">os</word>
   <word id="word_506">dois</word>
   <word id="word_507">milhões</word>
   <word id="word_508">de</word>
   <word id="word_509">dólares</word>
   <word id="word_510">(</word>
   <word id="word_511">120</word>
   <word id="word_512">milhões</word>
   <word id="word_513">de</word>
   <word id="word_514">contos</word>
   <word id="word_515">)</word>
   <word id="word_516">,</word>
   <word id="word_517">metade</word>
   <word id="word_518">de_</word>
   <word id="word_519">os</word>
   <word id="word_520">quais</word>
   <word id="word_521">é</word>
   <word id="word_522">resultado</word>
   <word id="word_523">de_</word>
   <word id="word_524">as</word>
   <word id="word_525">vendas</word>
   <word id="word_526">a_</word>
   <word id="word_527">o</word>
   <word id="word_528">Terceiro</word>
   <word id="word_529">Mundo</word>
   <word id="word_530">.</word>
   <word id="word_531">O</word>
   <word id="word_532">Código</word>
   <word id="word_533">,</word>
   <word id="word_534">além</word>
   <word id="word_535">de</word>
   <word id="word_536">proibir</word>
   <word id="word_537">a</word>
   <word id="word_538">promoção</word>
   <word id="word_539">directa</word>
   <word id="word_540">deste</word>
   <word id="word_541">tipo</word>
   <word id="word_542">de</word>
   <word id="word_543">produtos</word>
   <word id="word_544">em</word>
   <word id="word_545">clínicas</word>
   <word id="word_546">e</word>
   <word id="word_547">hospitais</word>
   <word id="word_548">e</word>
   <word id="word_549">a</word>
   <word id="word_550">respectiva</word>
   <word id="word_551">publicidade</word>
   <word id="word_552">,</word>
   <word id="word_553">atribui</word>
   <word id="word_554">a_</word>
   <word id="word_555">os</word>
   <word id="word_556">Governos</word>
   <word id="word_557">a</word>
   <word id="word_558">responsabilidade</word>
   <word id="word_559">de</word>
   <word id="word_560">assegurar</word>
   <word id="word_561">o</word>
   <word id="word_562">controlo</word>
   <word id="word_563">restrito</word>
   <word id="word_564">sobre</word>
   <word id="word_565">o</word>
   <word id="word_566">respectivo</word>
   <word id="word_567">armazenamento</word>
   <word id="word_568">e</word>
   <word id="word_569">rotulagem</word>
   <word id="word_570">.</word>
   <word id="word_571">O</word>
   <word id="word_572">director</word>
   <word id="word_573">de_</word>
   <word id="word_574">a</word>
   <word id="word_575">OMS</word>
   <word id="word_576">deverá</word>
   <word id="word_577">fazer</word>
   <word id="word_578">,</word>
   <word id="word_579">de</word>
   <word id="word_580">dois</word>
   <word id="word_581">em</word>
   <word id="word_582">dois</word>
   <word id="word_583">meses</word>
   <word id="word_584">,</word>
   <word id="word_585">um</word>
   <word id="word_586">relatório</word>
   <word id="word_587">acerca</word>
   <word id="word_588">de_</word>
   <word id="word_589">a</word>
   <word id="word_590">aplicação</word>
   <word id="word_591">de_</word>
   <word id="word_592">o</word>
   <word id="word_593">Código</word>
   <word id="word_594">em</word>
   <word id="word_595">todos</word>
   <word id="word_596">os</word>
   <word id="word_597">países</word>
   <word id="word_598">.</word>
</words>
