<?xml version="1.0" encoding="UTF-8"?>
<!DOCTYPE words SYSTEM "words.dtd">
<words>
   <word id="word_1">O</word>
   <word id="word_2">Governo</word>
   <word id="word_3">de</word>
   <word id="word_4">Helmut</word>
   <word id="word_5">Kohl</word>
   <word id="word_6">decidiu</word>
   <word id="word_7">entrar</word>
   <word id="word_8">em</word>
   <word id="word_9">guerra</word>
   <word id="word_10">com</word>
   <word id="word_11">os</word>
   <word id="word_12">ecologistas</word>
   <word id="word_13">alemães</word>
   <word id="word_14">ocidentais</word>
   <word id="word_15">,</word>
   <word id="word_16">a_</word>
   <word id="word_17">o</word>
   <word id="word_18">conceder</word>
   <word id="word_19">«luz</word>
   <word id="word_20">verde»</word>
   <word id="word_21">a_</word>
   <word id="word_22">o</word>
   <word id="word_23">reatamento</word>
   <word id="word_24">de_</word>
   <word id="word_25">as</word>
   <word id="word_26">obras</word>
   <word id="word_27">de_</word>
   <word id="word_28">o</word>
   <word id="word_29">super-regenerador</word>
   <word id="word_30">nuclear</word>
   <word id="word_31">SNR-300</word>
   <word id="word_32">,</word>
   <word id="word_33">perto</word>
   <word id="word_34">de_</word>
   <word id="word_35">a</word>
   <word id="word_36">fronteira</word>
   <word id="word_37">germano-holandesa</word>
   <word id="word_38">.</word>
   <word id="word_39">Com</word>
   <word id="word_40">efeito</word>
   <word id="word_41">,</word>
   <word id="word_42">os</word>
   <word id="word_43">deputados</word>
   <word id="word_44">democratas-cristãos</word>
   <word id="word_45">e</word>
   <word id="word_46">liberais</word>
   <word id="word_47">votaram</word>
   <word id="word_48">em</word>
   <word id="word_49">massa</word>
   <word id="word_50">,</word>
   <word id="word_51">em_</word>
   <word id="word_52">o</word>
   <word id="word_53">Parlamento</word>
   <word id="word_54">,</word>
   <word id="word_55">a</word>
   <word id="word_56">favor</word>
   <word id="word_57">de_</word>
   <word id="word_58">a</word>
   <word id="word_59">continuação</word>
   <word id="word_60">de_</word>
   <word id="word_61">as</word>
   <word id="word_62">obras</word>
   <word id="word_63">,</word>
   <word id="word_64">interrompidas</word>
   <word id="word_65">há</word>
   <word id="word_66">quatro</word>
   <word id="word_67">anos</word>
   <word id="word_68">por_</word>
   <word id="word_69">os</word>
   <word id="word_70">sociais-democratas</word>
   <word id="word_71">de_</word>
   <word id="word_72">o</word>
   <word id="word_73">ex-chanceler</word>
   <word id="word_74">Helmut</word>
   <word id="word_75">Schimidt</word>
   <word id="word_76">.</word>
   <word id="word_77">Segundo</word>
   <word id="word_78">precisou</word>
   <word id="word_79">um</word>
   <word id="word_80">deputado</word>
   <word id="word_81">democrata-cristão</word>
   <word id="word_82">,</word>
   <word id="word_83">a</word>
   <word id="word_84">suspensão</word>
   <word id="word_85">de_</word>
   <word id="word_86">as</word>
   <word id="word_87">obras</word>
   <word id="word_88">,</word>
   <word id="word_89">em</word>
   <word id="word_90">1978</word>
   <word id="word_91">,</word>
   <word id="word_92">«custou</word>
   <word id="word_93">já</word>
   <word id="word_94">tão</word>
   <word id="word_95">caro</word>
   <word id="word_96">que</word>
   <word id="word_97">não</word>
   <word id="word_98">é</word>
   <word id="word_99">possível</word>
   <word id="word_100">contrairmos</word>
   <word id="word_101">mais</word>
   <word id="word_102">dívidas»</word>
   <word id="word_103">.</word>
   <word id="word_104">Os</word>
   <word id="word_105">observadores</word>
   <word id="word_106">notam</word>
   <word id="word_107">que</word>
   <word id="word_108">a</word>
   <word id="word_109">nova</word>
   <word id="word_110">coligação</word>
   <word id="word_111">governamental</word>
   <word id="word_112">não</word>
   <word id="word_113">hesitou</word>
   <word id="word_114">em</word>
   <word id="word_115">passar</word>
   <word id="word_116">a_</word>
   <word id="word_117">os</word>
   <word id="word_118">actos</word>
   <word id="word_119">,</word>
   <word id="word_120">apesar</word>
   <word id="word_121">de_</word>
   <word id="word_122">as</word>
   <word id="word_123">manifestações</word>
   <word id="word_124">antinucleares</word>
   <word id="word_125">de</word>
   <word id="word_126">massas</word>
   <word id="word_127">,</word>
   <word id="word_128">a</word>
   <word id="word_129">ultima</word>
   <word id="word_130">de_</word>
   <word id="word_131">as</word>
   <word id="word_132">quais</word>
   <word id="word_133">,</word>
   <word id="word_134">a</word>
   <word id="word_135">2</word>
   <word id="word_136">de</word>
   <word id="word_137">Outubro</word>
   <word id="word_138">,</word>
   <word id="word_139">reuniu</word>
   <word id="word_140">cerca</word>
   <word id="word_141">de</word>
   <word id="word_142">50</word>
   <word id="word_143">mil</word>
   <word id="word_144">pessoas</word>
   <word id="word_145">em</word>
   <word id="word_146">Kaikar-al-Rhein</word>
   <word id="word_147">(</word>
   <word id="word_148">local</word>
   <word id="word_149">de_</word>
   <word id="word_150">as</word>
   <word id="word_151">obras</word>
   <word id="word_152">)</word>
   <word id="word_153">e</word>
   <word id="word_154">se</word>
   <word id="word_155">saldou</word>
   <word id="word_156">por</word>
   <word id="word_157">violentas</word>
   <word id="word_158">confrontações</word>
   <word id="word_159">com</word>
   <word id="word_160">a</word>
   <word id="word_161">polícia</word>
   <word id="word_162">.</word>
   <word id="word_163">Recorda</word>
   <word id="word_164">-se</word>
   <word id="word_165">que</word>
   <word id="word_166">o</word>
   <word id="word_167">projecto</word>
   <word id="word_168">de_</word>
   <word id="word_169">o</word>
   <word id="word_170">super-regenerador</word>
   <word id="word_171">nuclear</word>
   <word id="word_172">era</word>
   <word id="word_173">avaliado</word>
   <word id="word_174">,</word>
   <word id="word_175">em</word>
   <word id="word_176">1973</word>
   <word id="word_177">,</word>
   <word id="word_178">em</word>
   <word id="word_179">cerca</word>
   <word id="word_180">de</word>
   <word id="word_181">335</word>
   <word id="word_182">milhões</word>
   <word id="word_183">de</word>
   <word id="word_184">marcos</word>
   <word id="word_185">e</word>
   <word id="word_186">custou</word>
   <word id="word_187">já</word>
   <word id="word_188">mais</word>
   <word id="word_189">de</word>
   <word id="word_190">15</word>
   <word id="word_191">mil</word>
   <word id="word_192">milhões</word>
   <word id="word_193">de</word>
   <word id="word_194">marcos</word>
   <word id="word_195">só</word>
   <word id="word_196">para</word>
   <word id="word_197">a</word>
   <word id="word_198">realização</word>
   <word id="word_199">de</word>
   <word id="word_200">um</word>
   <word id="word_201">edifício</word>
   <word id="word_202">de</word>
   <word id="word_203">100</word>
   <word id="word_204">metros</word>
   <word id="word_205">de</word>
   <word id="word_206">comprimento</word>
   <word id="word_207">,</word>
   <word id="word_208">60</word>
   <word id="word_209">de</word>
   <word id="word_210">largura</word>
   <word id="word_211">e</word>
   <word id="word_212">43</word>
   <word id="word_213">de</word>
   <word id="word_214">altura</word>
   <word id="word_215">.</word>
   <word id="word_216">Entretanto</word>
   <word id="word_217">,</word>
   <word id="word_218">os</word>
   <word id="word_219">ecologistas</word>
   <word id="word_220">,</word>
   <word id="word_221">firmemente</word>
   <word id="word_222">decididos</word>
   <word id="word_223">a</word>
   <word id="word_224">«prosseguirem</word>
   <word id="word_225">o</word>
   <word id="word_226">combate»</word>
   <word id="word_227">,</word>
   <word id="word_228">anunciaram</word>
   <word id="word_229">uma</word>
   <word id="word_230">série</word>
   <word id="word_231">de</word>
   <word id="word_232">manifestações</word>
   <word id="word_233">contra</word>
   <word id="word_234">os</word>
   <word id="word_235">grandes</word>
   <word id="word_236">projectos</word>
   <word id="word_237">energéticos</word>
   <word id="word_238">mais</word>
   <word id="word_239">onerosos</word>
   <word id="word_240">e</word>
   <word id="word_241">mais</word>
   <word id="word_242">contestados</word>
   <word id="word_243">actualmente</word>
   <word id="word_244">em_</word>
   <word id="word_245">a</word>
   <word id="word_246">República</word>
   <word id="word_247">Federal</word>
   <word id="word_248">de_</word>
   <word id="word_249">a</word>
   <word id="word_250">Alemanha</word>
   <word id="word_251">.</word>
   <word id="word_252">Segundo</word>
   <word id="word_253">o</word>
   <word id="word_254">relatório</word>
   <word id="word_255">de</word>
   <word id="word_256">um</word>
   <word id="word_257">especialista</word>
   <word id="word_258">de</word>
   <word id="word_259">Munique</word>
   <word id="word_260">,</word>
   <word id="word_261">«um</word>
   <word id="word_262">acidente</word>
   <word id="word_263">grave</word>
   <word id="word_264">provocaria</word>
   <word id="word_265">a</word>
   <word id="word_266">contaminação</word>
   <word id="word_267">cancerosa</word>
   <word id="word_268">de</word>
   <word id="word_269">2</word>
   <word id="word_270">,</word>
   <word id="word_271">7</word>
   <word id="word_272">milhões</word>
   <word id="word_273">de</word>
   <word id="word_274">pessoas»</word>
   <word id="word_275">,</word>
   <word id="word_276">ou</word>
   <word id="word_277">seja</word>
   <word id="word_278">,</word>
   <word id="word_279">vinte</word>
   <word id="word_280">vezes</word>
   <word id="word_281">mais</word>
   <word id="word_282">pessoas</word>
   <word id="word_283">que</word>
   <word id="word_284">em_</word>
   <word id="word_285">o</word>
   <word id="word_286">caso</word>
   <word id="word_287">de</word>
   <word id="word_288">um</word>
   <word id="word_289">acidente</word>
   <word id="word_290">em_</word>
   <word id="word_291">uma</word>
   <word id="word_292">central</word>
   <word id="word_293">com</word>
   <word id="word_294">reactores</word>
   <word id="word_295">de</word>
   <word id="word_296">água</word>
   <word id="word_297">ligeira</word>
   <word id="word_298">.</word>
   <word id="word_299">O</word>
   <word id="word_300">relatório</word>
   <word id="word_301">anuncia</word>
   <word id="word_302">também</word>
   <word id="word_303">a</word>
   <word id="word_304">necessidade</word>
   <word id="word_305">de</word>
   <word id="word_306">evacuar</word>
   <word id="word_307">meio</word>
   <word id="word_308">milhão</word>
   <word id="word_309">de</word>
   <word id="word_310">pessoas</word>
   <word id="word_311">por</word>
   <word id="word_312">dia</word>
   <word id="word_313">,</word>
   <word id="word_314">devido</word>
   <word id="word_315">a_</word>
   <word id="word_316">a</word>
   <word id="word_317">contaminação</word>
   <word id="word_318">radioactiva</word>
   <word id="word_319">de</word>
   <word id="word_320">uma</word>
   <word id="word_321">superfície</word>
   <word id="word_322">de</word>
   <word id="word_323">70</word>
   <word id="word_324">mil</word>
   <word id="word_325">quilómetros</word>
   <word id="word_326">quadrados</word>
   <word id="word_327">.</word>
   <word id="word_328">Estes</word>
   <word id="word_329">argumentos</word>
   <word id="word_330">,</word>
   <word id="word_331">porém</word>
   <word id="word_332">,</word>
   <word id="word_333">deixam</word>
   <word id="word_334">frios</word>
   <word id="word_335">e</word>
   <word id="word_336">impassivos</word>
   <word id="word_337">os</word>
   <word id="word_338">democratas-cristãos</word>
   <word id="word_339">e</word>
   <word id="word_340">os</word>
   <word id="word_341">liberais</word>
   <word id="word_342">.</word>
   <word id="word_343">«Se</word>
   <word id="word_344">não</word>
   <word id="word_345">concluirmos</word>
   <word id="word_346">o</word>
   <word id="word_347">nosso</word>
   <word id="word_348">super-regenerador</word>
   <word id="word_349">-</word>
   <word id="word_350">afirma</word>
   <word id="word_351">um</word>
   <word id="word_352">deputado</word>
   <word id="word_353">de_</word>
   <word id="word_354">o</word>
   <word id="word_355">CDU</word>
   <word id="word_356">-</word>
   <word id="word_357">relegamos</word>
   <word id="word_358">a</word>
   <word id="word_359">Alemanha</word>
   <word id="word_360">para</word>
   <word id="word_361">a</word>
   <word id="word_362">Idade</word>
   <word id="word_363">de_</word>
   <word id="word_364">a</word>
   <word id="word_365">Pedra</word>
   <word id="word_366">.</word>
   <word id="word_367">»</word>
   <word id="word_368">Em_</word>
   <word id="word_369">o</word>
   <word id="word_370">momento</word>
   <word id="word_371">em</word>
   <word id="word_372">que</word>
   <word id="word_373">os</word>
   <word id="word_374">cientistas</word>
   <word id="word_375">prevêm</word>
   <word id="word_376">já</word>
   <word id="word_377">a</word>
   <word id="word_378">terceira</word>
   <word id="word_379">geração</word>
   <word id="word_380">nuclear</word>
   <word id="word_381">com</word>
   <word id="word_382">os</word>
   <word id="word_383">reactores</word>
   <word id="word_384">a</word>
   <word id="word_385">fusão</word>
   <word id="word_386">,</word>
   <word id="word_387">não</word>
   <word id="word_388">podemos</word>
   <word id="word_389">renunciar</word>
   <word id="word_390">á</word>
   <word id="word_391">segunda</word>
   <word id="word_392">geração</word>
   <word id="word_393">,</word>
   <word id="word_394">a</word>
   <word id="word_395">de_</word>
   <word id="word_396">os</word>
   <word id="word_397">super-regeneradores»</word>
   <word id="word_398">-</word>
   <word id="word_399">concluiu</word>
   <word id="word_400">o</word>
   <word id="word_401">deputado</word>
   <word id="word_402">.</word>
   <word id="word_403">Os</word>
   <word id="word_404">observadores</word>
   <word id="word_405">notam</word>
   <word id="word_406">,</word>
   <word id="word_407">também</word>
   <word id="word_408">,</word>
   <word id="word_409">que</word>
   <word id="word_410">as</word>
   <word id="word_411">hesitações</word>
   <word id="word_412">de_</word>
   <word id="word_413">a</word>
   <word id="word_414">antiga</word>
   <word id="word_415">coligação</word>
   <word id="word_416">chefiada</word>
   <word id="word_417">por</word>
   <word id="word_418">Helmut</word>
   <word id="word_419">Schimdt</word>
   <word id="word_420">deviam</word>
   <word id="word_421">permitir</word>
   <word id="word_422">reexaminar</word>
   <word id="word_423">a</word>
   <word id="word_424">questão</word>
   <word id="word_425">de_</word>
   <word id="word_426">o</word>
   <word id="word_427">rendimento</word>
   <word id="word_428">,</word>
   <word id="word_429">de_</word>
   <word id="word_430">a</word>
   <word id="word_431">segurança</word>
   <word id="word_432">e</word>
   <word id="word_433">de_</word>
   <word id="word_434">o</word>
   <word id="word_435">financiamento</word>
   <word id="word_436">de_</word>
   <word id="word_437">o</word>
   <word id="word_438">super-regenerador</word>
   <word id="word_439">.</word>
   <word id="word_440">Por_</word>
   <word id="word_441">o</word>
   <word id="word_442">seu</word>
   <word id="word_443">lado</word>
   <word id="word_444">os</word>
   <word id="word_445">democtratas-cristãos</word>
   <word id="word_446">de_</word>
   <word id="word_447">o</word>
   <word id="word_448">chanceler</word>
   <word id="word_449">Helmut</word>
   <word id="word_450">Kohl</word>
   <word id="word_451">tratam</word>
   <word id="word_452">de</word>
   <word id="word_453">acalmar</word>
   <word id="word_454">toda</word>
   <word id="word_455">a</word>
   <word id="word_456">gente</word>
   <word id="word_457">,</word>
   <word id="word_458">afirmando</word>
   <word id="word_459">que</word>
   <word id="word_460">o</word>
   <word id="word_461">super-regenerador</word>
   <word id="word_462">não</word>
   <word id="word_463">apresenta</word>
   <word id="word_464">mais</word>
   <word id="word_465">perigos</word>
   <word id="word_466">que</word>
   <word id="word_467">uma</word>
   <word id="word_468">central</word>
   <word id="word_469">atómica</word>
   <word id="word_470">normal</word>
   <word id="word_471">,</word>
   <word id="word_472">como</word>
   <word id="word_473">existem</word>
   <word id="word_474">já</word>
   <word id="word_475">catorze</word>
   <word id="word_476">em_</word>
   <word id="word_477">a</word>
   <word id="word_478">República</word>
   <word id="word_479">Federal</word>
   <word id="word_480">de_</word>
   <word id="word_481">a</word>
   <word id="word_482">Alemanha</word>
   <word id="word_483">.</word>
   <word id="word_484">Os</word>
   <word id="word_485">ecologistas</word>
   <word id="word_486">apontam</word>
   <word id="word_487">,</word>
   <word id="word_488">porém</word>
   <word id="word_489">,</word>
   <word id="word_490">para</word>
   <word id="word_491">o</word>
   <word id="word_492">apocalipse</word>
   <word id="word_493">,</word>
   <word id="word_494">em</word>
   <word id="word_495">caso</word>
   <word id="word_496">de</word>
   <word id="word_497">algum</word>
   <word id="word_498">acidente</word>
   <word id="word_499">em</word>
   <word id="word_500">Kaikar</word>
   <word id="word_501">.</word>
</words>
