<?xml version="1.0" encoding="UTF-8"?>
<!DOCTYPE words SYSTEM "words.dtd">
<words>
   <word id="word_1">A</word>
   <word id="word_2">recente</word>
   <word id="word_3">recuperação</word>
   <word id="word_4">de_</word>
   <word id="word_5">os</word>
   <word id="word_6">preços</word>
   <word id="word_7">de_</word>
   <word id="word_8">o</word>
   <word id="word_9">ouro</word>
   <word id="word_10">em_</word>
   <word id="word_11">os</word>
   <word id="word_12">principais</word>
   <word id="word_13">mercados</word>
   <word id="word_14">internacionais</word>
   <word id="word_15">,</word>
   <word id="word_16">após</word>
   <word id="word_17">um</word>
   <word id="word_18">período</word>
   <word id="word_19">em</word>
   <word id="word_20">que</word>
   <word id="word_21">foram</word>
   <word id="word_22">frequentes</word>
   <word id="word_23">as</word>
   <word id="word_24">previsões</word>
   <word id="word_25">apontando</word>
   <word id="word_26">para</word>
   <word id="word_27">a</word>
   <word id="word_28">degradação</word>
   <word id="word_29">de_</word>
   <word id="word_30">os</word>
   <word id="word_31">valores</word>
   <word id="word_32">de</word>
   <word id="word_33">mercado</word>
   <word id="word_34">para</word>
   <word id="word_35">um</word>
   <word id="word_36">nível</word>
   <word id="word_37">em</word>
   <word id="word_38">torno</word>
   <word id="word_39">de_</word>
   <word id="word_40">os</word>
   <word id="word_41">$</word>
   <word id="word_42">250</word>
   <word id="word_43">a</word>
   <word id="word_44">onça</word>
   <word id="word_45">«troy»</word>
   <word id="word_46">,</word>
   <word id="word_47">dividiu</word>
   <word id="word_48">os</word>
   <word id="word_49">analistas</word>
   <word id="word_50">em_</word>
   <word id="word_51">o</word>
   <word id="word_52">que</word>
   <word id="word_53">respeita</word>
   <word id="word_54">a_</word>
   <word id="word_55">a</word>
   <word id="word_56">perspectivação</word>
   <word id="word_57">de_</word>
   <word id="word_58">a</word>
   <word id="word_59">direcção</word>
   <word id="word_60">de_</word>
   <word id="word_61">os</word>
   <word id="word_62">preços</word>
   <word id="word_63">em_</word>
   <word id="word_64">uma</word>
   <word id="word_65">óptica</word>
   <word id="word_66">a</word>
   <word id="word_67">curto</word>
   <word id="word_68">prazo</word>
   <word id="word_69">.</word>
   <word id="word_70">de_</word>
   <word id="word_71">o</word>
   <word id="word_72">ponto</word>
   <word id="word_73">de</word>
   <word id="word_74">vista</word>
   <word id="word_75">de</word>
   <word id="word_76">alguns</word>
   <word id="word_77">analistas</word>
   <word id="word_78">e</word>
   <word id="word_79">de</word>
   <word id="word_80">negociantes</word>
   <word id="word_81">,</word>
   <word id="word_82">a</word>
   <word id="word_83">subida</word>
   <word id="word_84">para</word>
   <word id="word_85">um</word>
   <word id="word_86">nível</word>
   <word id="word_87">em</word>
   <word id="word_88">torno</word>
   <word id="word_89">de</word>
   <word id="word_90">$</word>
   <word id="word_91">360</word>
   <word id="word_92">,</word>
   <word id="word_93">que</word>
   <word id="word_94">caracterizou</word>
   <word id="word_95">o</word>
   <word id="word_96">comportamento</word>
   <word id="word_97">de_</word>
   <word id="word_98">o</word>
   <word id="word_99">mercado</word>
   <word id="word_100">aurífero</word>
   <word id="word_101">em_</word>
   <word id="word_102">o</word>
   <word id="word_103">decurso</word>
   <word id="word_104">de_</word>
   <word id="word_105">a</word>
   <word id="word_106">semana</word>
   <word id="word_107">passada</word>
   <word id="word_108">,</word>
   <word id="word_109">de</word>
   <word id="word_110">um</word>
   <word id="word_111">nível</word>
   <word id="word_112">baixo</word>
   <word id="word_113">de</word>
   <word id="word_114">cerca</word>
   <word id="word_115">de</word>
   <word id="word_116">$</word>
   <word id="word_117">296</word>
   <word id="word_118">,</word>
   <word id="word_119">75</word>
   <word id="word_120">,</word>
   <word id="word_121">em</word>
   <word id="word_122">Maio</word>
   <word id="word_123">passado</word>
   <word id="word_124">,</word>
   <word id="word_125">não</word>
   <word id="word_126">poderia</word>
   <word id="word_127">ser</word>
   <word id="word_128">tomado</word>
   <word id="word_129">como</word>
   <word id="word_130">uma</word>
   <word id="word_131">indicação</word>
   <word id="word_132">segura</word>
   <word id="word_133">de</word>
   <word id="word_134">que</word>
   <word id="word_135">a</word>
   <word id="word_136">longa</word>
   <word id="word_137">tendência</word>
   <word id="word_138">descendente</word>
   <word id="word_139">teria</word>
   <word id="word_140">terminado</word>
   <word id="word_141">definitivamente</word>
   <word id="word_142">.</word>
   <word id="word_143">Todavia</word>
   <word id="word_144">,</word>
   <word id="word_145">outros</word>
   <word id="word_146">analistas</word>
   <word id="word_147">ou</word>
   <word id="word_148">negociantes</word>
   <word id="word_149">denunciaram</word>
   <word id="word_150">opinião</word>
   <word id="word_151">mais</word>
   <word id="word_152">optimista</word>
   <word id="word_153">quanto</word>
   <word id="word_154">a_</word>
   <word id="word_155">a</word>
   <word id="word_156">direcção</word>
   <word id="word_157">futura</word>
   <word id="word_158">de_</word>
   <word id="word_159">os</word>
   <word id="word_160">valores</word>
   <word id="word_161">de</word>
   <word id="word_162">mercado</word>
   <word id="word_163">,</word>
   <word id="word_164">porquanto</word>
   <word id="word_165">,</word>
   <word id="word_166">em</word>
   <word id="word_167">sua</word>
   <word id="word_168">opinião</word>
   <word id="word_169">,</word>
   <word id="word_170">o</word>
   <word id="word_171">recente</word>
   <word id="word_172">e</word>
   <word id="word_173">forte</word>
   <word id="word_174">surto</word>
   <word id="word_175">de</word>
   <word id="word_176">compras</word>
   <word id="word_177">especulativas</word>
   <word id="word_178">,</word>
   <word id="word_179">estimulado</word>
   <word id="word_180">por_</word>
   <word id="word_181">as</word>
   <word id="word_182">perspectivas</word>
   <word id="word_183">apontando</word>
   <word id="word_184">para</word>
   <word id="word_185">um</word>
   <word id="word_186">declínio</word>
   <word id="word_187">em_</word>
   <word id="word_188">as</word>
   <word id="word_189">taxas</word>
   <word id="word_190">de</word>
   <word id="word_191">juros</word>
   <word id="word_192">praticadas</word>
   <word id="word_193">em_</word>
   <word id="word_194">os</word>
   <word id="word_195">mercados</word>
   <word id="word_196">financeiros</word>
   <word id="word_197">norte-americanos</word>
   <word id="word_198">,</word>
   <word id="word_199">por</word>
   <word id="word_200">compras</word>
   <word id="word_201">de</word>
   <word id="word_202">arbitragem</word>
   <word id="word_203">,</word>
   <word id="word_204">face</word>
   <word id="word_205">a</word>
   <word id="word_206">receios</word>
   <word id="word_207">de</word>
   <word id="word_208">uma</word>
   <word id="word_209">crise</word>
   <word id="word_210">bancária</word>
   <word id="word_211">em_</word>
   <word id="word_212">os</word>
   <word id="word_213">Estados</word>
   <word id="word_214">Unidos</word>
   <word id="word_215">,</word>
   <word id="word_216">e</word>
   <word id="word_217">ainda</word>
   <word id="word_218">por_</word>
   <word id="word_219">os</word>
   <word id="word_220">problemas</word>
   <word id="word_221">políticos</word>
   <word id="word_222">em_</word>
   <word id="word_223">o</word>
   <word id="word_224">Médio</word>
   <word id="word_225">Oriente</word>
   <word id="word_226">,</word>
   <word id="word_227">poderia</word>
   <word id="word_228">ser</word>
   <word id="word_229">o</word>
   <word id="word_230">sinal</word>
   <word id="word_231">indicando</word>
   <word id="word_232">a</word>
   <word id="word_233">possibilidade</word>
   <word id="word_234">de_</word>
   <word id="word_235">o</word>
   <word id="word_236">mercado</word>
   <word id="word_237">aurífero</word>
   <word id="word_238">se</word>
   <word id="word_239">consolidar</word>
   <word id="word_240">a</word>
   <word id="word_241">um</word>
   <word id="word_242">nível</word>
   <word id="word_243">em</word>
   <word id="word_244">torno</word>
   <word id="word_245">de</word>
   <word id="word_246">$</word>
   <word id="word_247">330</word>
   <word id="word_248">.</word>
   <word id="word_249">Conquanto</word>
   <word id="word_250">os</word>
   <word id="word_251">factores</word>
   <word id="word_252">baixistas</word>
   <word id="word_253">possam</word>
   <word id="word_254">ter</word>
   <word id="word_255">sido</word>
   <word id="word_256">considerados</word>
   <word id="word_257">de</word>
   <word id="word_258">modo</word>
   <word id="word_259">exagerado</word>
   <word id="word_260">,</word>
   <word id="word_261">a</word>
   <word id="word_262">influência</word>
   <word id="word_263">de_</word>
   <word id="word_264">as</word>
   <word id="word_265">taxas</word>
   <word id="word_266">de</word>
   <word id="word_267">juros</word>
   <word id="word_268">tem</word>
   <word id="word_269">estado</word>
   <word id="word_270">a</word>
   <word id="word_271">ser</word>
   <word id="word_272">determinada</word>
   <word id="word_273">por_</word>
   <word id="word_274">a</word>
   <word id="word_275">orientação</word>
   <word id="word_276">em_</word>
   <word id="word_277">a</word>
   <word id="word_278">circulação</word>
   <word id="word_279">monetária</word>
   <word id="word_280">,</word>
   <word id="word_281">com</word>
   <word id="word_282">a</word>
   <word id="word_283">prevista</word>
   <word id="word_284">subida</word>
   <word id="word_285">de_</word>
   <word id="word_286">esta</word>
   <word id="word_287">última</word>
   <word id="word_288">,</word>
   <word id="word_289">em_</word>
   <word id="word_290">a</word>
   <word id="word_291">semana</word>
   <word id="word_292">passada</word>
   <word id="word_293">,</word>
   <word id="word_294">sendo</word>
   <word id="word_295">encarada</word>
   <word id="word_296">,</word>
   <word id="word_297">então</word>
   <word id="word_298">como</word>
   <word id="word_299">mais</word>
   <word id="word_300">capaz</word>
   <word id="word_301">de</word>
   <word id="word_302">estimular</word>
   <word id="word_303">de_</word>
   <word id="word_304">o</word>
   <word id="word_305">que</word>
   <word id="word_306">deprimir</word>
   <word id="word_307">taxas</word>
   <word id="word_308">de</word>
   <word id="word_309">juros</word>
   <word id="word_310">a</word>
   <word id="word_311">níveis</word>
   <word id="word_312">bastante</word>
   <word id="word_313">elevados</word>
   <word id="word_314">.</word>
   <word id="word_315">Um</word>
   <word id="word_316">analista</word>
   <word id="word_317">de</word>
   <word id="word_318">uma</word>
   <word id="word_319">importante</word>
   <word id="word_320">firma</word>
   <word id="word_321">especializada</word>
   <word id="word_322">em</word>
   <word id="word_323">mercados</word>
   <word id="word_324">preciosos</word>
   <word id="word_325">,</word>
   <word id="word_326">declarou</word>
   <word id="word_327">que</word>
   <word id="word_328">a</word>
   <word id="word_329">perspectiva</word>
   <word id="word_330">de</word>
   <word id="word_331">taxas</word>
   <word id="word_332">de</word>
   <word id="word_333">juros</word>
   <word id="word_334">mais</word>
   <word id="word_335">baixas</word>
   <word id="word_336">e</word>
   <word id="word_337">a</word>
   <word id="word_338">expectativa</word>
   <word id="word_339">de</word>
   <word id="word_340">um</word>
   <word id="word_341">aceleramento</word>
   <word id="word_342">de_</word>
   <word id="word_343">a</word>
   <word id="word_344">taxa</word>
   <word id="word_345">inflacionária</word>
   <word id="word_346">seriam</word>
   <word id="word_347">a</word>
   <word id="word_348">chave</word>
   <word id="word_349">de_</word>
   <word id="word_350">o</word>
   <word id="word_351">problema</word>
   <word id="word_352">.</word>
   <word id="word_353">Se</word>
   <word id="word_354">o</word>
   <word id="word_355">recrudescer</word>
   <word id="word_356">de_</word>
   <word id="word_357">as</word>
   <word id="word_358">hostilidades</word>
   <word id="word_359">iraco-iranianas</word>
   <word id="word_360">tiverem</word>
   <word id="word_361">um</word>
   <word id="word_362">papel</word>
   <word id="word_363">relativamente</word>
   <word id="word_364">importante</word>
   <word id="word_365">em_</word>
   <word id="word_366">a</word>
   <word id="word_367">reanimação</word>
   <word id="word_368">de_</word>
   <word id="word_369">o</word>
   <word id="word_370">preço</word>
   <word id="word_371">de_</word>
   <word id="word_372">o</word>
   <word id="word_373">ouro</word>
   <word id="word_374">,</word>
   <word id="word_375">já</word>
   <word id="word_376">o</word>
   <word id="word_377">mesmo</word>
   <word id="word_378">se</word>
   <word id="word_379">não</word>
   <word id="word_380">pode</word>
   <word id="word_381">dizer</word>
   <word id="word_382">de_</word>
   <word id="word_383">o</word>
   <word id="word_384">conflito</word>
   <word id="word_385">anglo-argentino</word>
   <word id="word_386">por</word>
   <word id="word_387">causa</word>
   <word id="word_388">de_</word>
   <word id="word_389">as</word>
   <word id="word_390">Falkland</word>
   <word id="word_391">e</word>
   <word id="word_392">de_</word>
   <word id="word_393">o</word>
   <word id="word_394">recente</word>
   <word id="word_395">agravamento</word>
   <word id="word_396">em_</word>
   <word id="word_397">o</word>
   <word id="word_398">Líbano</word>
   <word id="word_399">.</word>
   <word id="word_400">Todavia</word>
   <word id="word_401">,</word>
   <word id="word_402">receios</word>
   <word id="word_403">de</word>
   <word id="word_404">uma</word>
   <word id="word_405">radicalização</word>
   <word id="word_406">de_</word>
   <word id="word_407">a</word>
   <word id="word_408">revolução</word>
   <word id="word_409">islâmica</word>
   <word id="word_410">estendendo</word>
   <word id="word_411">-se</word>
   <word id="word_412">a</word>
   <word id="word_413">outros</word>
   <word id="word_414">Estados</word>
   <word id="word_415">arábes</word>
   <word id="word_416">é</word>
   <word id="word_417">motivo</word>
   <word id="word_418">de</word>
   <word id="word_419">maior</word>
   <word id="word_420">preocupação</word>
   <word id="word_421">,</word>
   <word id="word_422">porquanto</word>
   <word id="word_423">poderá</word>
   <word id="word_424">atingir</word>
   <word id="word_425">países</word>
   <word id="word_426">de_</word>
   <word id="word_427">o</word>
   <word id="word_428">Golfo</word>
   <word id="word_429">produtores</word>
   <word id="word_430">de</word>
   <word id="word_431">petróleo</word>
   <word id="word_432">,</word>
   <word id="word_433">importantes</word>
   <word id="word_434">compradores</word>
   <word id="word_435">de</word>
   <word id="word_436">ouro</word>
   <word id="word_437">em_</word>
   <word id="word_438">os</word>
   <word id="word_439">mercados</word>
   <word id="word_440">internacionais</word>
   <word id="word_441">.</word>
   <word id="word_442">Todavia</word>
   <word id="word_443">,</word>
   <word id="word_444">acredita</word>
   <word id="word_445">-se</word>
   <word id="word_446">que</word>
   <word id="word_447">a</word>
   <word id="word_448">retórica</word>
   <word id="word_449">iraniana</word>
   <word id="word_450">seja</word>
   <word id="word_451">meramente</word>
   <word id="word_452">agressiva</word>
   <word id="word_453">,</word>
   <word id="word_454">limitando</word>
   <word id="word_455">-se</word>
   <word id="word_456">Khomeiny</word>
   <word id="word_457">a</word>
   <word id="word_458">satisfazer</word>
   <word id="word_459">o</word>
   <word id="word_460">seu</word>
   <word id="word_461">prestígio</word>
   <word id="word_462">pessoal</word>
   <word id="word_463">com</word>
   <word id="word_464">um</word>
   <word id="word_465">mero</word>
   <word id="word_466">ataque</word>
   <word id="word_467">punitivo</word>
   <word id="word_468">a_</word>
   <word id="word_469">o</word>
   <word id="word_470">Iraque</word>
   <word id="word_471">.</word>
   <word id="word_472">Em_</word>
   <word id="word_473">o</word>
   <word id="word_474">caso</word>
   <word id="word_475">de</word>
   <word id="word_476">Khomeiny</word>
   <word id="word_477">se</word>
   <word id="word_478">ficar</word>
   <word id="word_479">por</word>
   <word id="word_480">ataques</word>
   <word id="word_481">verbais</word>
   <word id="word_482">,</word>
   <word id="word_483">o</word>
   <word id="word_484">mercado</word>
   <word id="word_485">de_</word>
   <word id="word_486">o</word>
   <word id="word_487">ouro</word>
   <word id="word_488">perderá</word>
   <word id="word_489">um</word>
   <word id="word_490">de_</word>
   <word id="word_491">os</word>
   <word id="word_492">seus</word>
   <word id="word_493">factores</word>
   <word id="word_494">mais</word>
   <word id="word_495">importantes</word>
   <word id="word_496">,</word>
   <word id="word_497">o</word>
   <word id="word_498">que</word>
   <word id="word_499">,</word>
   <word id="word_500">conjuntamnte</word>
   <word id="word_501">com</word>
   <word id="word_502">a</word>
   <word id="word_503">hipótese</word>
   <word id="word_504">de_</word>
   <word id="word_505">o</word>
   <word id="word_506">Federal</word>
   <word id="word_507">Reserve</word>
   <word id="word_508">não</word>
   <word id="word_509">enveredar</word>
   <word id="word_510">por</word>
   <word id="word_511">uma</word>
   <word id="word_512">política</word>
   <word id="word_513">de</word>
   <word id="word_514">afrouxamento</word>
   <word id="word_515">de_</word>
   <word id="word_516">as</word>
   <word id="word_517">taxas</word>
   <word id="word_518">de</word>
   <word id="word_519">juros</word>
   <word id="word_520">,</word>
   <word id="word_521">dará</word>
   <word id="word_522">razão</word>
   <word id="word_523">a_</word>
   <word id="word_524">os</word>
   <word id="word_525">que</word>
   <word id="word_526">perspectivam</word>
   <word id="word_527">uma</word>
   <word id="word_528">nova</word>
   <word id="word_529">queda</word>
   <word id="word_530">de_</word>
   <word id="word_531">o</word>
   <word id="word_532">metal</word>
   <word id="word_533">para</word>
   <word id="word_534">menos</word>
   <word id="word_535">de</word>
   <word id="word_536">$</word>
   <word id="word_537">300</word>
   <word id="word_538">.</word>
   <word id="word_539">Enquanto</word>
   <word id="word_540">em</word>
   <word id="word_541">alguns</word>
   <word id="word_542">sectores</word>
   <word id="word_543">de_</word>
   <word id="word_544">o</word>
   <word id="word_545">mercado</word>
   <word id="word_546">internacional</word>
   <word id="word_547">de_</word>
   <word id="word_548">o</word>
   <word id="word_549">ouro</word>
   <word id="word_550">se</word>
   <word id="word_551">preconizam</word>
   <word id="word_552">tomadas</word>
   <word id="word_553">de</word>
   <word id="word_554">posição</word>
   <word id="word_555">cautelosas</word>
   <word id="word_556">quanto</word>
   <word id="word_557">a_</word>
   <word id="word_558">a</word>
   <word id="word_559">formulação</word>
   <word id="word_560">de</word>
   <word id="word_561">previsões</word>
   <word id="word_562">orientativas</word>
   <word id="word_563">,</word>
   <word id="word_564">analistas</word>
   <word id="word_565">afirmam</word>
   <word id="word_566">que</word>
   <word id="word_567">o</word>
   <word id="word_568">nível</word>
   <word id="word_569">de</word>
   <word id="word_570">$</word>
   <word id="word_571">350</word>
   <word id="word_572">revelou</word>
   <word id="word_573">-se</word>
   <word id="word_574">um</word>
   <word id="word_575">ponto</word>
   <word id="word_576">de</word>
   <word id="word_577">referência</word>
   <word id="word_578">psicologicamente</word>
   <word id="word_579">atractivo</word>
   <word id="word_580">como</word>
   <word id="word_581">indicativo</word>
   <word id="word_582">de</word>
   <word id="word_583">resistência</word>
   <word id="word_584">a</word>
   <word id="word_585">uma</word>
   <word id="word_586">orientação</word>
   <word id="word_587">descendente</word>
   <word id="word_588">,</word>
   <word id="word_589">enquanto</word>
   <word id="word_590">a</word>
   <word id="word_591">verdadeira</word>
   <word id="word_592">área</word>
   <word id="word_593">de</word>
   <word id="word_594">resistência</word>
   <word id="word_595">a</word>
   <word id="word_596">subida</word>
   <word id="word_597">foi</word>
   <word id="word_598">fixada</word>
   <word id="word_599">em</word>
   <word id="word_600">torno</word>
   <word id="word_601">de</word>
   <word id="word_602">$</word>
   <word id="word_603">365</word>
   <word id="word_604">,</word>
   <word id="word_605">50</word>
   <word id="word_606">.</word>
   <word id="word_607">de_</word>
   <word id="word_608">o</word>
   <word id="word_609">ponto</word>
   <word id="word_610">de</word>
   <word id="word_611">vista</word>
   <word id="word_612">de</word>
   <word id="word_613">observadores</word>
   <word id="word_614">experimentados</word>
   <word id="word_615">,</word>
   <word id="word_616">só</word>
   <word id="word_617">uma</word>
   <word id="word_618">convincente</word>
   <word id="word_619">subida</word>
   <word id="word_620">para</word>
   <word id="word_621">um</word>
   <word id="word_622">nível</word>
   <word id="word_623">muito</word>
   <word id="word_624">próximo</word>
   <word id="word_625">de</word>
   <word id="word_626">$</word>
   <word id="word_627">400</word>
   <word id="word_628">indicaria</word>
   <word id="word_629">o</word>
   <word id="word_630">fim</word>
   <word id="word_631">de_</word>
   <word id="word_632">uma</word>
   <word id="word_633">tendência</word>
   <word id="word_634">negativa</word>
   <word id="word_635">que</word>
   <word id="word_636">dura</word>
   <word id="word_637">há</word>
   <word id="word_638">dois</word>
   <word id="word_639">anos</word>
   <word id="word_640">e</word>
   <word id="word_641">meio</word>
   <word id="word_642">.</word>
</words>
