<?xml version="1.0" encoding="UTF-8"?>
<!DOCTYPE words SYSTEM "words.dtd">
<words>
   <word id="word_1">Em_</word>
   <word id="word_2">a</word>
   <word id="word_3">sequência</word>
   <word id="word_4">de</word>
   <word id="word_5">uma</word>
   <word id="word_6">decisão</word>
   <word id="word_7">de_</word>
   <word id="word_8">o</word>
   <word id="word_9">Conselho</word>
   <word id="word_10">de</word>
   <word id="word_11">Ministros</word>
   <word id="word_12">,</word>
   <word id="word_13">Marcelo</word>
   <word id="word_14">Rebelo</word>
   <word id="word_15">de</word>
   <word id="word_16">Sousa</word>
   <word id="word_17">,</word>
   <word id="word_18">ministro</word>
   <word id="word_19">para</word>
   <word id="word_20">os</word>
   <word id="word_21">Assuntos</word>
   <word id="word_22">Parlamentares</word>
   <word id="word_23">,</word>
   <word id="word_24">recebeu</word>
   <word id="word_25">,</word>
   <word id="word_26">ontem</word>
   <word id="word_27">,</word>
   <word id="word_28">delegações</word>
   <word id="word_29">de_</word>
   <word id="word_30">os</word>
   <word id="word_31">partidos</word>
   <word id="word_32">com</word>
   <word id="word_33">assento</word>
   <word id="word_34">em_</word>
   <word id="word_35">a</word>
   <word id="word_36">Assembleia</word>
   <word id="word_37">de_</word>
   <word id="word_38">a</word>
   <word id="word_39">República</word>
   <word id="word_40">(</word>
   <word id="word_41">excepto</word>
   <word id="word_42">de_</word>
   <word id="word_43">o</word>
   <word id="word_44">PCP</word>
   <word id="word_45">e</word>
   <word id="word_46">de_</word>
   <word id="word_47">a</word>
   <word id="word_48">ASDI</word>
   <word id="word_49">,</word>
   <word id="word_50">que</word>
   <word id="word_51">declinaram</word>
   <word id="word_52">o</word>
   <word id="word_53">convite</word>
   <word id="word_54">)</word>
   <word id="word_55">,</word>
   <word id="word_56">a</word>
   <word id="word_57">quem</word>
   <word id="word_58">entregou</word>
   <word id="word_59">o</word>
   <word id="word_60">anteprojecto</word>
   <word id="word_61">de</word>
   <word id="word_62">proposta</word>
   <word id="word_63">de</word>
   <word id="word_64">lei</word>
   <word id="word_65">de</word>
   <word id="word_66">organização</word>
   <word id="word_67">,</word>
   <word id="word_68">funcionamento</word>
   <word id="word_69">e</word>
   <word id="word_70">processo</word>
   <word id="word_71">de_</word>
   <word id="word_72">o</word>
   <word id="word_73">Tribunal</word>
   <word id="word_74">Constitucional</word>
   <word id="word_75">,</word>
   <word id="word_76">«para</word>
   <word id="word_77">apreciação</word>
   <word id="word_78">e</word>
   <word id="word_79">eventuais</word>
   <word id="word_80">propostas</word>
   <word id="word_81">de</word>
   <word id="word_82">alteração»</word>
   <word id="word_83">.</word>
   <word id="word_84">Segundo</word>
   <word id="word_85">Almeida</word>
   <word id="word_86">Santos</word>
   <word id="word_87">,</word>
   <word id="word_88">de_</word>
   <word id="word_89">o</word>
   <word id="word_90">PS</word>
   <word id="word_91">,</word>
   <word id="word_92">trata</word>
   <word id="word_93">-se</word>
   <word id="word_94">de</word>
   <word id="word_95">um</word>
   <word id="word_96">texto</word>
   <word id="word_97">«não</word>
   <word id="word_98">muito</word>
   <word id="word_99">polémico</word>
   <word id="word_100">,</word>
   <word id="word_101">elaborado</word>
   <word id="word_102">com</word>
   <word id="word_103">bastante</word>
   <word id="word_104">cuidado»</word>
   <word id="word_105">e</word>
   <word id="word_106">que</word>
   <word id="word_107">«constitui</word>
   <word id="word_108">uma</word>
   <word id="word_109">boa</word>
   <word id="word_110">base</word>
   <word id="word_111">de</word>
   <word id="word_112">trabalho»</word>
   <word id="word_113">.</word>
   <word id="word_114">Marcelo</word>
   <word id="word_115">Rebelo</word>
   <word id="word_116">de</word>
   <word id="word_117">Sousa</word>
   <word id="word_118">afirmou</word>
   <word id="word_119">a_</word>
   <word id="word_120">os</word>
   <word id="word_121">órgãos</word>
   <word id="word_122">de</word>
   <word id="word_123">Comunicação</word>
   <word id="word_124">Social</word>
   <word id="word_125">,</word>
   <word id="word_126">antes</word>
   <word id="word_127">de</word>
   <word id="word_128">receber</word>
   <word id="word_129">as</word>
   <word id="word_130">delegações</word>
   <word id="word_131">partidárias</word>
   <word id="word_132">,</word>
   <word id="word_133">que</word>
   <word id="word_134">o</word>
   <word id="word_135">anteprojecto</word>
   <word id="word_136">de</word>
   <word id="word_137">lei</word>
   <word id="word_138">visa</word>
   <word id="word_139">a</word>
   <word id="word_140">independência</word>
   <word id="word_141">e</word>
   <word id="word_142">a</word>
   <word id="word_143">despartidarização</word>
   <word id="word_144">de_</word>
   <word id="word_145">o</word>
   <word id="word_146">tribunal</word>
   <word id="word_147">Constitucional</word>
   <word id="word_148">,</word>
   <word id="word_149">conferindo</word>
   <word id="word_150">-lhe</word>
   <word id="word_151">,</word>
   <word id="word_152">além</word>
   <word id="word_153">de_</word>
   <word id="word_154">isso</word>
   <word id="word_155">,</word>
   <word id="word_156">a</word>
   <word id="word_157">apreciação</word>
   <word id="word_158">de</word>
   <word id="word_159">«questões</word>
   <word id="word_160">relevantes»</word>
   <word id="word_161">,</word>
   <word id="word_162">de</word>
   <word id="word_163">maneira</word>
   <word id="word_164">a</word>
   <word id="word_165">que</word>
   <word id="word_166">«não</word>
   <word id="word_167">o</word>
   <word id="word_168">enxameiem</word>
   <word id="word_169">assuntos</word>
   <word id="word_170">de</word>
   <word id="word_171">menor</word>
   <word id="word_172">amplitude»</word>
   <word id="word_173">.</word>
   <word id="word_174">Por</word>
   <word id="word_175">outro</word>
   <word id="word_176">lado</word>
   <word id="word_177">,</word>
   <word id="word_178">teve</word>
   <word id="word_179">-se</word>
   <word id="word_180">em</word>
   <word id="word_181">conta</word>
   <word id="word_182">a</word>
   <word id="word_183">experiência</word>
   <word id="word_184">de_</word>
   <word id="word_185">a</word>
   <word id="word_186">Comissão</word>
   <word id="word_187">Constitucional</word>
   <word id="word_188">.</word>
   <word id="word_189">O</word>
   <word id="word_190">ministro</word>
   <word id="word_191">para</word>
   <word id="word_192">os</word>
   <word id="word_193">Assuntos</word>
   <word id="word_194">Parlamentares</word>
   <word id="word_195">revelou</word>
   <word id="word_196">,</word>
   <word id="word_197">ainda</word>
   <word id="word_198">,</word>
   <word id="word_199">que</word>
   <word id="word_200">em_</word>
   <word id="word_201">a</word>
   <word id="word_202">próxima</word>
   <word id="word_203">semana</word>
   <word id="word_204">o</word>
   <word id="word_205">Governo</word>
   <word id="word_206">entregará</word>
   <word id="word_207">,</word>
   <word id="word_208">também</word>
   <word id="word_209">,</word>
   <word id="word_210">a_</word>
   <word id="word_211">os</word>
   <word id="word_212">partidos</word>
   <word id="word_213">,</word>
   <word id="word_214">o</word>
   <word id="word_215">anteprojecto</word>
   <word id="word_216">de</word>
   <word id="word_217">lei</word>
   <word id="word_218">de</word>
   <word id="word_219">Defesa</word>
   <word id="word_220">Nacional</word>
   <word id="word_221">,</word>
   <word id="word_222">que</word>
   <word id="word_223">não</word>
   <word id="word_224">passou</word>
   <word id="word_225">,</word>
   <word id="word_226">em_</word>
   <word id="word_227">este</word>
   <word id="word_228">momento</word>
   <word id="word_229">,</word>
   <word id="word_230">de_</word>
   <word id="word_231">a</word>
   <word id="word_232">fase</word>
   <word id="word_233">de</word>
   <word id="word_234">«preparação»</word>
   <word id="word_235">e</word>
   <word id="word_236">será</word>
   <word id="word_237">apreciado</word>
   <word id="word_238">em_</word>
   <word id="word_239">a</word>
   <word id="word_240">reunião</word>
   <word id="word_241">de</word>
   <word id="word_242">quinta-feira</word>
   <word id="word_243">de_</word>
   <word id="word_244">o</word>
   <word id="word_245">Conselho</word>
   <word id="word_246">de</word>
   <word id="word_247">Ministros</word>
   <word id="word_248">.</word>
   <word id="word_249">A</word>
   <word id="word_250">propósito</word>
   <word id="word_251">,</word>
   <word id="word_252">considerou</word>
   <word id="word_253">correcta</word>
   <word id="word_254">esta</word>
   <word id="word_255">prática</word>
   <word id="word_256">de</word>
   <word id="word_257">«consulta</word>
   <word id="word_258">prévia»</word>
   <word id="word_259">@</word>
   <word id="word_260">de</word>
   <word id="word_261">anteprojectos</word>
   <word id="word_262">de</word>
   <word id="word_263">lei</word>
   <word id="word_264">,</word>
   <word id="word_265">como</word>
   <word id="word_266">aliás</word>
   <word id="word_267">,</word>
   <word id="word_268">recordou</word>
   <word id="word_269">,</word>
   <word id="word_270">aconteceu</word>
   <word id="word_271">com</word>
   <word id="word_272">o</word>
   <word id="word_273">anteprojecto</word>
   <word id="word_274">de</word>
   <word id="word_275">lei</word>
   <word id="word_276">de</word>
   <word id="word_277">Defesa</word>
   <word id="word_278">de_</word>
   <word id="word_279">o</word>
   <word id="word_280">II</word>
   <word id="word_281">Governo</word>
   <word id="word_282">Constitucional</word>
   <word id="word_283">,</word>
   <word id="word_284">que</word>
   <word id="word_285">chegou</word>
   <word id="word_286">a</word>
   <word id="word_287">ser</word>
   <word id="word_288">discutido</word>
   <word id="word_289">por_</word>
   <word id="word_290">a</word>
   <word id="word_291">Comissão</word>
   <word id="word_292">de</word>
   <word id="word_293">Defesa</word>
   <word id="word_294">antes</word>
   <word id="word_295">de</word>
   <word id="word_296">ser</word>
   <word id="word_297">apreciado</word>
   <word id="word_298">em</word>
   <word id="word_299">Conselho</word>
   <word id="word_300">de</word>
   <word id="word_301">Ministros</word>
   <word id="word_302">.</word>
   <word id="word_303">Quanto</word>
   <word id="word_304">a_</word>
   <word id="word_305">os</word>
   <word id="word_306">dois</word>
   <word id="word_307">anteprojectos</word>
   <word id="word_308">de_</word>
   <word id="word_309">o</word>
   <word id="word_310">actual</word>
   <word id="word_311">Governo</word>
   <word id="word_312">,</word>
   <word id="word_313">as</word>
   <word id="word_314">respectivas</word>
   <word id="word_315">propostas</word>
   <word id="word_316">de</word>
   <word id="word_317">lei</word>
   <word id="word_318">só</word>
   <word id="word_319">poderão</word>
   <word id="word_320">ser</word>
   <word id="word_321">aprovadas</word>
   <word id="word_322">por_</word>
   <word id="word_323">o</word>
   <word id="word_324">Executivo</word>
   <word id="word_325">,</word>
   <word id="word_326">como</word>
   <word id="word_327">refere</word>
   <word id="word_328">o</word>
   <word id="word_329">comunicado</word>
   <word id="word_330">de_</word>
   <word id="word_331">a</word>
   <word id="word_332">Presidência</word>
   <word id="word_333">de_</word>
   <word id="word_334">o</word>
   <word id="word_335">Conselho</word>
   <word id="word_336">de</word>
   <word id="word_337">Ministros</word>
   <word id="word_338">,</word>
   <word id="word_339">«após</word>
   <word id="word_340">a</word>
   <word id="word_341">promulgação</word>
   <word id="word_342">e</word>
   <word id="word_343">a</word>
   <word id="word_344">publicação</word>
   <word id="word_345">de_</word>
   <word id="word_346">a</word>
   <word id="word_347">Lei</word>
   <word id="word_348">de</word>
   <word id="word_349">Revisão</word>
   <word id="word_350">Constitucional»</word>
   <word id="word_351">.</word>
   <word id="word_352">Depois</word>
   <word id="word_353">de_</word>
   <word id="word_354">o</word>
   <word id="word_355">encontro</word>
   <word id="word_356">com</word>
   <word id="word_357">o</word>
   <word id="word_358">ministro</word>
   <word id="word_359">para</word>
   <word id="word_360">os</word>
   <word id="word_361">Assuntos</word>
   <word id="word_362">Parlamentares</word>
   <word id="word_363">,</word>
   <word id="word_364">Fernando</word>
   <word id="word_365">Condesso</word>
   <word id="word_366">,</word>
   <word id="word_367">que</word>
   <word id="word_368">,</word>
   <word id="word_369">com</word>
   <word id="word_370">Correia</word>
   <word id="word_371">de</word>
   <word id="word_372">Jesus</word>
   <word id="word_373">e</word>
   <word id="word_374">Margarida</word>
   <word id="word_375">Salema</word>
   <word id="word_376">,</word>
   <word id="word_377">integrava</word>
   <word id="word_378">a</word>
   <word id="word_379">delegação</word>
   <word id="word_380">de</word>
   <word id="word_381">PSD</word>
   <word id="word_382">,</word>
   <word id="word_383">afirmou</word>
   <word id="word_384">ter</word>
   <word id="word_385">-se</word>
   <word id="word_386">verificado</word>
   <word id="word_387">uma</word>
   <word id="word_388">«troca</word>
   <word id="word_389">de</word>
   <word id="word_390">opiniões»</word>
   <word id="word_391">sobre</word>
   <word id="word_392">o</word>
   <word id="word_393">anteprojecto</word>
   <word id="word_394">,</word>
   <word id="word_395">o</word>
   <word id="word_396">qual</word>
   <word id="word_397">certamente</word>
   <word id="word_398">,</word>
   <word id="word_399">é</word>
   <word id="word_400">susceptível</word>
   <word id="word_401">de</word>
   <word id="word_402">«algumas</word>
   <word id="word_403">alterações»</word>
   <word id="word_404">,</word>
   <word id="word_405">embora</word>
   <word id="word_406">«as</word>
   <word id="word_407">grandes</word>
   <word id="word_408">opções</word>
   <word id="word_409">estejam</word>
   <word id="word_410">feitas»</word>
   <word id="word_411">.</word>
   <word id="word_412">Para</word>
   <word id="word_413">já</word>
   <word id="word_414">,</word>
   <word id="word_415">segundo</word>
   <word id="word_416">Margarida</word>
   <word id="word_417">Salema</word>
   <word id="word_418">«não</word>
   <word id="word_419">temos</word>
   <word id="word_420">um</word>
   <word id="word_421">conhecimento</word>
   <word id="word_422">exacto</word>
   <word id="word_423">de</word>
   <word id="word_424">cada</word>
   <word id="word_425">preceito</word>
   <word id="word_426">,</word>
   <word id="word_427">pois</word>
   <word id="word_428">o</word>
   <word id="word_429">que</word>
   <word id="word_430">sabemos</word>
   <word id="word_431">é</word>
   <word id="word_432">por</word>
   <word id="word_433">via</word>
   <word id="word_434">indirecta«</word>
   <word id="word_435">.</word>
   <word id="word_436">Para</word>
   <word id="word_437">o</word>
   <word id="word_438">CDS</word>
   <word id="word_439">,</word>
   <word id="word_440">está</word>
   <word id="word_441">-se</word>
   <word id="word_442">em</word>
   <word id="word_443">presença</word>
   <word id="word_444">de</word>
   <word id="word_445">«um</word>
   <word id="word_446">documento</word>
   <word id="word_447">de</word>
   <word id="word_448">trabalho»</word>
   <word id="word_449">,</word>
   <word id="word_450">conforme</word>
   <word id="word_451">afirmou</word>
   <word id="word_452">Soares</word>
   <word id="word_453">Cruz</word>
   <word id="word_454">,</word>
   <word id="word_455">que</word>
   <word id="word_456">se</word>
   <word id="word_457">encontrava</word>
   <word id="word_458">acompanhado</word>
   <word id="word_459">de</word>
   <word id="word_460">José</word>
   <word id="word_461">Xerez</word>
   <word id="word_462">e</word>
   <word id="word_463">Meneses</word>
   <word id="word_464">Falcão</word>
   <word id="word_465">.</word>
   <word id="word_466">«Teremos</word>
   <word id="word_467">de</word>
   <word id="word_468">analisar</word>
   <word id="word_469">o</word>
   <word id="word_470">texto</word>
   <word id="word_471">,</word>
   <word id="word_472">que</word>
   <word id="word_473">poderá</word>
   <word id="word_474">vir</word>
   <word id="word_475">a</word>
   <word id="word_476">ser</word>
   <word id="word_477">objecto</word>
   <word id="word_478">de</word>
   <word id="word_479">algumas</word>
   <word id="word_480">resalvas»</word>
   <word id="word_481">,</word>
   <word id="word_482">adiantou</word>
   <word id="word_483">.</word>
   <word id="word_484">Por_</word>
   <word id="word_485">o</word>
   <word id="word_486">PPM</word>
   <word id="word_487">,</word>
   <word id="word_488">Borges</word>
   <word id="word_489">de</word>
   <word id="word_490">Carvalho</word>
   <word id="word_491">disse</word>
   <word id="word_492">concordar</word>
   <word id="word_493">com</word>
   <word id="word_494">a</word>
   <word id="word_495">intenção</word>
   <word id="word_496">de</word>
   <word id="word_497">conferir</word>
   <word id="word_498">«uma</word>
   <word id="word_499">certa</word>
   <word id="word_500">solenidade</word>
   <word id="word_501">a_</word>
   <word id="word_502">a</word>
   <word id="word_503">entrega</word>
   <word id="word_504">de</word>
   <word id="word_505">tão</word>
   <word id="word_506">importante</word>
   <word id="word_507">documento»</word>
   <word id="word_508">,</word>
   <word id="word_509">enquanto</word>
   <word id="word_510">Sousa</word>
   <word id="word_511">Lara</word>
   <word id="word_512">manifestou</word>
   <word id="word_513">a</word>
   <word id="word_514">convicção</word>
   <word id="word_515">de</word>
   <word id="word_516">que</word>
   <word id="word_517">«tudo</word>
   <word id="word_518">decorrerá</word>
   <word id="word_519">de</word>
   <word id="word_520">modo</word>
   <word id="word_521">relativamente</word>
   <word id="word_522">pacífico</word>
   <word id="word_523">,</word>
   <word id="word_524">não</word>
   <word id="word_525">só</word>
   <word id="word_526">em</word>
   <word id="word_527">termos</word>
   <word id="word_528">de</word>
   <word id="word_529">AD</word>
   <word id="word_530">como</word>
   <word id="word_531">em_</word>
   <word id="word_532">o</word>
   <word id="word_533">que</word>
   <word id="word_534">respeita</word>
   <word id="word_535">a</word>
   <word id="word_536">sectores</word>
   <word id="word_537">democráticos</word>
   <word id="word_538">de_</word>
   <word id="word_539">a</word>
   <word id="word_540">Oposição»</word>
   <word id="word_541">.</word>
   <word id="word_542">Em_</word>
   <word id="word_543">o</word>
   <word id="word_544">que</word>
   <word id="word_545">respeita</word>
   <word id="word_546">a_</word>
   <word id="word_547">o</word>
   <word id="word_548">PS</word>
   <word id="word_549">,</word>
   <word id="word_550">Almeida</word>
   <word id="word_551">Santos</word>
   <word id="word_552">,</word>
   <word id="word_553">que</word>
   <word id="word_554">tinha</word>
   <word id="word_555">a</word>
   <word id="word_556">seu</word>
   <word id="word_557">lado</word>
   <word id="word_558">Nunes</word>
   <word id="word_559">de</word>
   <word id="word_560">Almeida</word>
   <word id="word_561">,</word>
   <word id="word_562">depois</word>
   <word id="word_563">de</word>
   <word id="word_564">referir</word>
   <word id="word_565">não</word>
   <word id="word_566">conhecer</word>
   <word id="word_567">ainda</word>
   <word id="word_568">o</word>
   <word id="word_569">texto</word>
   <word id="word_570">«na</word>
   <word id="word_571">especialidade»</word>
   <word id="word_572">,</word>
   <word id="word_573">afirmou</word>
   <word id="word_574">estar</word>
   <word id="word_575">-se</word>
   <word id="word_576">em_</word>
   <word id="word_577">a</word>
   <word id="word_578">presença</word>
   <word id="word_579">de</word>
   <word id="word_580">«uma</word>
   <word id="word_581">boa</word>
   <word id="word_582">base</word>
   <word id="word_583">de</word>
   <word id="word_584">trabalho»</word>
   <word id="word_585">e</word>
   <word id="word_586">que</word>
   <word id="word_587">,</word>
   <word id="word_588">«embora</word>
   <word id="word_589">se</word>
   <word id="word_590">desenhem</word>
   <word id="word_591">desde</word>
   <word id="word_592">já</word>
   <word id="word_593">alguns</word>
   <word id="word_594">pontos</word>
   <word id="word_595">de</word>
   <word id="word_596">divergência»</word>
   <word id="word_597">,</word>
   <word id="word_598">o</word>
   <word id="word_599">texto</word>
   <word id="word_600">«não</word>
   <word id="word_601">é</word>
   <word id="word_602">muito</word>
   <word id="word_603">polémico</word>
   <word id="word_604">e</word>
   <word id="word_605">foi</word>
   <word id="word_606">elaborado</word>
   <word id="word_607">com</word>
   <word id="word_608">bastante</word>
   <word id="word_609">cuidado»</word>
   <word id="word_610">.</word>
   <word id="word_611">A</word>
   <word id="word_612">posição</word>
   <word id="word_613">de_</word>
   <word id="word_614">a</word>
   <word id="word_615">UEDS</word>
   <word id="word_616">foi</word>
   <word id="word_617">assim</word>
   <word id="word_618">definida</word>
   <word id="word_619">por</word>
   <word id="word_620">Lopes</word>
   <word id="word_621">Cardoso</word>
   <word id="word_622">,</word>
   <word id="word_623">que</word>
   <word id="word_624">juntamente</word>
   <word id="word_625">com</word>
   <word id="word_626">António</word>
   <word id="word_627">Vitorino</word>
   <word id="word_628">foi</word>
   <word id="word_629">recebido</word>
   <word id="word_630">por_</word>
   <word id="word_631">o</word>
   <word id="word_632">ministro</word>
   <word id="word_633">:</word>
   <word id="word_634">«Não</word>
   <word id="word_635">me</word>
   <word id="word_636">vou</word>
   <word id="word_637">pronunciar</word>
   <word id="word_638">sobre</word>
   <word id="word_639">este</word>
   <word id="word_640">texto</word>
   <word id="word_641">,</word>
   <word id="word_642">que</word>
   <word id="word_643">é</word>
   <word id="word_644">extenso</word>
   <word id="word_645">.</word>
   <word id="word_646">Vamos</word>
   <word id="word_647">apreciá#</word>
   <word id="word_648">-lo</word>
   <word id="word_649">e</word>
   <word id="word_650">oportunamente</word>
   <word id="word_651">faremos</word>
   <word id="word_652">os</word>
   <word id="word_653">nossos</word>
   <word id="word_654">comentários</word>
   <word id="word_655">.</word>
   <word id="word_656">»</word>
   <word id="word_657">Uma</word>
   <word id="word_658">posição</word>
   <word id="word_659">«dura»</word>
   <word id="word_660">veio</word>
   <word id="word_661">de_</word>
   <word id="word_662">a</word>
   <word id="word_663">parte</word>
   <word id="word_664">de_</word>
   <word id="word_665">o</word>
   <word id="word_666">MDP</word>
   <word id="word_667">,</word>
   <word id="word_668">tendo</word>
   <word id="word_669">Herberto</word>
   <word id="word_670">Goulart</word>
   <word id="word_671">,</word>
   <word id="word_672">que</word>
   <word id="word_673">se</word>
   <word id="word_674">encontrava</word>
   <word id="word_675">em_</word>
   <word id="word_676">a</word>
   <word id="word_677">companhia</word>
   <word id="word_678">de</word>
   <word id="word_679">Gilberto</word>
   <word id="word_680">Ramos</word>
   <word id="word_681">,</word>
   <word id="word_682">sublinhado</word>
   <word id="word_683">:</word>
   <word id="word_684">«Viemos</word>
   <word id="word_685">pura</word>
   <word id="word_686">e</word>
   <word id="word_687">simplesmente</word>
   <word id="word_688">receber</word>
   <word id="word_689">o</word>
   <word id="word_690">anteprojecto</word>
   <word id="word_691">,</word>
   <word id="word_692">pois</word>
   <word id="word_693">sobre</word>
   <word id="word_694">ele</word>
   <word id="word_695">não</word>
   <word id="word_696">dialogaremos</word>
   <word id="word_697">com</word>
   <word id="word_698">o</word>
   <word id="word_699">Governo</word>
   <word id="word_700">.</word>
   <word id="word_701">Guardamos</word>
   <word id="word_702">as</word>
   <word id="word_703">nossas</word>
   <word id="word_704">posições</word>
   <word id="word_705">para</word>
   <word id="word_706">debates</word>
   <word id="word_707">que</word>
   <word id="word_708">se</word>
   <word id="word_709">realizarão</word>
   <word id="word_710">em_</word>
   <word id="word_711">o</word>
   <word id="word_712">hemiciclo</word>
   <word id="word_713">de_</word>
   <word id="word_714">a</word>
   <word id="word_715">Assembleia</word>
   <word id="word_716">.</word>
   <word id="word_717">»</word>
   <word id="word_718">Acrescentou</word>
   <word id="word_719">que</word>
   <word id="word_720">a</word>
   <word id="word_721">eleição</word>
   <word id="word_722">de_</word>
   <word id="word_723">os</word>
   <word id="word_724">juízes</word>
   <word id="word_725">de_</word>
   <word id="word_726">o</word>
   <word id="word_727">Tribunal</word>
   <word id="word_728">Constitucional</word>
   <word id="word_729">«é</word>
   <word id="word_730">uma</word>
   <word id="word_731">questão</word>
   <word id="word_732">inquinada»</word>
   <word id="word_733">e</word>
   <word id="word_734">que</word>
   <word id="word_735">«a</word>
   <word id="word_736">respectiva</word>
   <word id="word_737">composição</word>
   <word id="word_738">desprestigia</word>
   <word id="word_739">o</word>
   <word id="word_740">órgão</word>
   <word id="word_741">a_</word>
   <word id="word_742">a</word>
   <word id="word_743">partida»</word>
   <word id="word_744">,</word>
   <word id="word_745">pois</word>
   <word id="word_746">«emana</word>
   <word id="word_747">só</word>
   <word id="word_748">de_</word>
   <word id="word_749">a</word>
   <word id="word_750">Assembleia</word>
   <word id="word_751">de_</word>
   <word id="word_752">a</word>
   <word id="word_753">República</word>
   <word id="word_754">,</word>
   <word id="word_755">quando</word>
   <word id="word_756">deveria</word>
   <word id="word_757">reflectir</word>
   <word id="word_758">as</word>
   <word id="word_759">posições</word>
   <word id="word_760">de_</word>
   <word id="word_761">os</word>
   <word id="word_762">três</word>
   <word id="word_763">órgãos</word>
   <word id="word_764">de</word>
   <word id="word_765">soberania»</word>
   <word id="word_766">.</word>
   <word id="word_767">A</word>
   <word id="word_768">UDP</word>
   <word id="word_769">esteve</word>
   <word id="word_770">representada</word>
   <word id="word_771">por</word>
   <word id="word_772">João</word>
   <word id="word_773">Mascarenhas</word>
   <word id="word_774">,</word>
   <word id="word_775">que</word>
   <word id="word_776">não</word>
   <word id="word_777">fez</word>
   <word id="word_778">declarações</word>
   <word id="word_779">a_</word>
   <word id="word_780">os</word>
   <word id="word_781">órgãos</word>
   <word id="word_782">de</word>
   <word id="word_783">informação</word>
   <word id="word_784">.</word>
   <word id="word_785">O</word>
   <word id="word_786">PCP</word>
   <word id="word_787">e</word>
   <word id="word_788">a</word>
   <word id="word_789">ASDI</word>
   <word id="word_790">declinaram</word>
   <word id="word_791">o</word>
   <word id="word_792">convite</word>
   <word id="word_793">por</word>
   <word id="word_794">motivos</word>
   <word id="word_795">diferentes</word>
   <word id="word_796">.</word>
   <word id="word_797">Para</word>
   <word id="word_798">o</word>
   <word id="word_799">primeiro</word>
   <word id="word_800">,</word>
   <word id="word_801">a</word>
   <word id="word_802">audiência</word>
   <word id="word_803">era</word>
   <word id="word_804">«prematura</word>
   <word id="word_805">e</word>
   <word id="word_806">inadequada»</word>
   <word id="word_807">,</word>
   <word id="word_808">dado</word>
   <word id="word_809">a</word>
   <word id="word_810">Lei</word>
   <word id="word_811">de</word>
   <word id="word_812">Revisão</word>
   <word id="word_813">Constitucional</word>
   <word id="word_814">,</word>
   <word id="word_815">que</word>
   <word id="word_816">prevê</word>
   <word id="word_817">a</word>
   <word id="word_818">referida</word>
   <word id="word_819">legislação</word>
   <word id="word_820">,</word>
   <word id="word_821">não</word>
   <word id="word_822">estar</word>
   <word id="word_823">ainda</word>
   <word id="word_824">promulgada</word>
   <word id="word_825">.</word>
   <word id="word_826">Para</word>
   <word id="word_827">o</word>
   <word id="word_828">segundo</word>
   <word id="word_829">partido</word>
   <word id="word_830">,</word>
   <word id="word_831">o</word>
   <word id="word_832">governo</word>
   <word id="word_833">não</word>
   <word id="word_834">tem</word>
   <word id="word_835">cumprido</word>
   <word id="word_836">o</word>
   <word id="word_837">estatuto</word>
   <word id="word_838">de_</word>
   <word id="word_839">a</word>
   <word id="word_840">oposição</word>
   <word id="word_841">e</word>
   <word id="word_842">não</word>
   <word id="word_843">recebeu</word>
   <word id="word_844">a</word>
   <word id="word_845">ASDI</word>
   <word id="word_846">quando</word>
   <word id="word_847">de_</word>
   <word id="word_848">a</word>
   <word id="word_849">versão</word>
   <word id="word_850">anterior</word>
   <word id="word_851">de_</word>
   <word id="word_852">o</word>
   <word id="word_853">projecto</word>
   <word id="word_854">(</word>
   <word id="word_855">segundo</word>
   <word id="word_856">Marcelo</word>
   <word id="word_857">Rebelo</word>
   <word id="word_858">de</word>
   <word id="word_859">Sousa</word>
   <word id="word_860">não</word>
   <word id="word_861">foi</word>
   <word id="word_862">distribuída</word>
   <word id="word_863">a_</word>
   <word id="word_864">os</word>
   <word id="word_865">partidos</word>
   <word id="word_866">qualquer</word>
   <word id="word_867">versão</word>
   <word id="word_868">anterior</word>
   <word id="word_869">de_</word>
   <word id="word_870">a</word>
   <word id="word_871">lei</word>
   <word id="word_872">)</word>
   <word id="word_873">.</word>
   <word id="word_874">Entretanto</word>
   <word id="word_875">,</word>
   <word id="word_876">o</word>
   <word id="word_877">Conselho</word>
   <word id="word_878">de</word>
   <word id="word_879">Ministros</word>
   <word id="word_880">,</word>
   <word id="word_881">que</word>
   <word id="word_882">ontem</word>
   <word id="word_883">se</word>
   <word id="word_884">reuniu</word>
   <word id="word_885">e</word>
   <word id="word_886">autorizou</word>
   <word id="word_887">a</word>
   <word id="word_888">entrega</word>
   <word id="word_889">a_</word>
   <word id="word_890">os</word>
   <word id="word_891">partidos</word>
   <word id="word_892">de_</word>
   <word id="word_893">o</word>
   <word id="word_894">referido</word>
   <word id="word_895">anteprojecto</word>
   <word id="word_896">,</word>
   <word id="word_897">aprovou</word>
   <word id="word_898">diversos</word>
   <word id="word_899">diplomas</word>
   <word id="word_900">legais</word>
   <word id="word_901">,</word>
   <word id="word_902">nomeadamente</word>
   <word id="word_903">o</word>
   <word id="word_904">projecto</word>
   <word id="word_905">de</word>
   <word id="word_906">proposta</word>
   <word id="word_907">de</word>
   <word id="word_908">lei</word>
   <word id="word_909">que</word>
   <word id="word_910">fixa</word>
   <word id="word_911">o</word>
   <word id="word_912">regime</word>
   <word id="word_913">relativo</word>
   <word id="word_914">a_</word>
   <word id="word_915">o</word>
   <word id="word_916">arrendamento</word>
   <word id="word_917">rural</word>
   <word id="word_918">,</word>
   <word id="word_919">o</word>
   <word id="word_920">projecto</word>
   <word id="word_921">de</word>
   <word id="word_922">decreto-lei</word>
   <word id="word_923">que</word>
   <word id="word_924">estabelece</word>
   <word id="word_925">disposições</word>
   <word id="word_926">relativas</word>
   <word id="word_927">a</word>
   <word id="word_928">cooperativas</word>
   <word id="word_929">de</word>
   <word id="word_930">ensino</word>
   <word id="word_931">e</word>
   <word id="word_932">o</word>
   <word id="word_933">projecto</word>
   <word id="word_934">de</word>
   <word id="word_935">decreto-lei</word>
   <word id="word_936">que</word>
   <word id="word_937">autoriza</word>
   <word id="word_938">o</word>
   <word id="word_939">ministro</word>
   <word id="word_940">de_</word>
   <word id="word_941">a</word>
   <word id="word_942">Educação</word>
   <word id="word_943">a</word>
   <word id="word_944">tomar</word>
   <word id="word_945">as</word>
   <word id="word_946">medidas</word>
   <word id="word_947">adequadas</word>
   <word id="word_948">a_</word>
   <word id="word_949">a</word>
   <word id="word_950">reorganização</word>
   <word id="word_951">de_</word>
   <word id="word_952">os</word>
   <word id="word_953">serviços</word>
   <word id="word_954">centrais</word>
   <word id="word_955">e</word>
   <word id="word_956">periféricos</word>
   <word id="word_957">de_</word>
   <word id="word_958">o</word>
   <word id="word_959">Ministério</word>
   <word id="word_960">de_</word>
   <word id="word_961">a</word>
   <word id="word_962">Educação</word>
   <word id="word_963">.</word>
   <word id="word_964">O</word>
   <word id="word_965">Conselho</word>
   <word id="word_966">começou</word>
   <word id="word_967">,</word>
   <word id="word_968">ainda</word>
   <word id="word_969">,</word>
   <word id="word_970">a</word>
   <word id="word_971">apreciar</word>
   <word id="word_972">o</word>
   <word id="word_973">projecto</word>
   <word id="word_974">de</word>
   <word id="word_975">proposta</word>
   <word id="word_976">de</word>
   <word id="word_977">lei</word>
   <word id="word_978">de</word>
   <word id="word_979">defesa</word>
   <word id="word_980">de_</word>
   <word id="word_981">o</word>
   <word id="word_982">património</word>
   <word id="word_983">cinegético</word>
   <word id="word_984">.</word>
</words>
