<?xml version="1.0" encoding="UTF-8"?>
<!DOCTYPE words SYSTEM "words.dtd">
<words>
   <word id="word_1">«Enquanto</word>
   <word id="word_2">o</word>
   <word id="word_3">Governo</word>
   <word id="word_4">não</word>
   <word id="word_5">nos</word>
   <word id="word_6">mandar</word>
   <word id="word_7">um</word>
   <word id="word_8">protocolo</word>
   <word id="word_9">assinado</word>
   <word id="word_10">,</word>
   <word id="word_11">em</word>
   <word id="word_12">que</word>
   <word id="word_13">se</word>
   <word id="word_14">comprometa</word>
   <word id="word_15">a</word>
   <word id="word_16">resolver</word>
   <word id="word_17">a</word>
   <word id="word_18">situação</word>
   <word id="word_19">,</word>
   <word id="word_20">não</word>
   <word id="word_21">entrará</word>
   <word id="word_22">em_</word>
   <word id="word_23">o</word>
   <word id="word_24">Mercado</word>
   <word id="word_25">Abastecedor</word>
   <word id="word_26">de_</word>
   <word id="word_27">o</word>
   <word id="word_28">Porto</word>
   <word id="word_29">um</word>
   <word id="word_30">grama</word>
   <word id="word_31">de</word>
   <word id="word_32">fruta</word>
   <word id="word_33">ou</word>
   <word id="word_34">qualquer</word>
   <word id="word_35">espécie</word>
   <word id="word_36">de</word>
   <word id="word_37">legumes»</word>
   <word id="word_38">,</word>
   <word id="word_39">garantiu</word>
   <word id="word_40">a_</word>
   <word id="word_41">o</word>
   <word id="word_42">«DN»</word>
   <word id="word_43">um</word>
   <word id="word_44">de_</word>
   <word id="word_45">os</word>
   <word id="word_46">elementos</word>
   <word id="word_47">de_</word>
   <word id="word_48">a</word>
   <word id="word_49">comissão</word>
   <word id="word_50">de</word>
   <word id="word_51">luta</word>
   <word id="word_52">de_</word>
   <word id="word_53">os</word>
   <word id="word_54">grossistas</word>
   <word id="word_55">,</word>
   <word id="word_56">que</word>
   <word id="word_57">,</word>
   <word id="word_58">desde</word>
   <word id="word_59">a</word>
   <word id="word_60">passada</word>
   <word id="word_61">quinta-feira</word>
   <word id="word_62">,</word>
   <word id="word_63">boicotaram</word>
   <word id="word_64">o</word>
   <word id="word_65">abastecimento</word>
   <word id="word_66">de_</word>
   <word id="word_67">aqueles</word>
   <word id="word_68">produtos</word>
   <word id="word_69">á</word>
   <word id="word_70">capital</word>
   <word id="word_71">nortenha</word>
   <word id="word_72">.</word>
   <word id="word_73">A</word>
   <word id="word_74">luta</word>
   <word id="word_75">,</word>
   <word id="word_76">conforme</word>
   <word id="word_77">o</word>
   <word id="word_78">«DN»</word>
   <word id="word_79">noticiou</word>
   <word id="word_80">,</word>
   <word id="word_81">assenta</word>
   <word id="word_82">em_</word>
   <word id="word_83">o</word>
   <word id="word_84">facto</word>
   <word id="word_85">de</word>
   <word id="word_86">os</word>
   <word id="word_87">grossistas</word>
   <word id="word_88">terem</word>
   <word id="word_89">sido</word>
   <word id="word_90">notificados</word>
   <word id="word_91">,</word>
   <word id="word_92">por_</word>
   <word id="word_93">as</word>
   <word id="word_94">Finanças</word>
   <word id="word_95">,</word>
   <word id="word_96">para</word>
   <word id="word_97">pagarem</word>
   <word id="word_98">contribuições</word>
   <word id="word_99">que</word>
   <word id="word_100">ultrapassam</word>
   <word id="word_101">em</word>
   <word id="word_102">muito</word>
   <word id="word_103">os</word>
   <word id="word_104">quantitativos</word>
   <word id="word_105">até</word>
   <word id="word_106">agora</word>
   <word id="word_107">fixados</word>
   <word id="word_108">.</word>
   <word id="word_109">Aliás</word>
   <word id="word_110">,</word>
   <word id="word_111">segundo</word>
   <word id="word_112">os</word>
   <word id="word_113">grossistas</word>
   <word id="word_114">,</word>
   <word id="word_115">as</word>
   <word id="word_116">Finanças</word>
   <word id="word_117">passaram</word>
   <word id="word_118">a</word>
   <word id="word_119">englobá#</word>
   <word id="word_120">-los</word>
   <word id="word_121">em_</word>
   <word id="word_122">o</word>
   <word id="word_123">escalão</word>
   <word id="word_124">B</word>
   <word id="word_125">quando</word>
   <word id="word_126">sempre</word>
   <word id="word_127">foram</word>
   <word id="word_128">considerados</word>
   <word id="word_129">como</word>
   <word id="word_130">«pequenas</word>
   <word id="word_131">empresas»</word>
   <word id="word_132">e</word>
   <word id="word_133">,</word>
   <word id="word_134">portanto</word>
   <word id="word_135">,</word>
   <word id="word_136">integrados</word>
   <word id="word_137">em_</word>
   <word id="word_138">o</word>
   <word id="word_139">escalão</word>
   <word id="word_140">C</word>
   <word id="word_141">.</word>
   <word id="word_142">Telegramas</word>
   <word id="word_143">,</word>
   <word id="word_144">telefonemas</word>
   <word id="word_145">e</word>
   <word id="word_146">outras</word>
   <word id="word_147">diligências</word>
   <word id="word_148">junto</word>
   <word id="word_149">de_</word>
   <word id="word_150">os</word>
   <word id="word_151">organismos</word>
   <word id="word_152">directamente</word>
   <word id="word_153">ligados</word>
   <word id="word_154">a_</word>
   <word id="word_155">o</word>
   <word id="word_156">sector</word>
   <word id="word_157">de</word>
   <word id="word_158">nada</word>
   <word id="word_159">valeram</word>
   <word id="word_160">,</word>
   <word id="word_161">nem</word>
   <word id="word_162">o</word>
   <word id="word_163">Governo</word>
   <word id="word_164">tomou</word>
   <word id="word_165">,</word>
   <word id="word_166">até</word>
   <word id="word_167">agora</word>
   <word id="word_168">,</word>
   <word id="word_169">qualquer</word>
   <word id="word_170">posição</word>
   <word id="word_171">.</word>
   <word id="word_172">Ontem</word>
   <word id="word_173">,</word>
   <word id="word_174">o</word>
   <word id="word_175">Mercado</word>
   <word id="word_176">de</word>
   <word id="word_177">Chaves</word>
   <word id="word_178">Oliveira</word>
   <word id="word_179">já</word>
   <word id="word_180">não</word>
   <word id="word_181">funcionou</word>
   <word id="word_182">e</word>
   <word id="word_183">em_</word>
   <word id="word_184">os</word>
   <word id="word_185">mercados</word>
   <word id="word_186">munincipais</word>
   <word id="word_187">foi</word>
   <word id="word_188">notória</word>
   <word id="word_189">a</word>
   <word id="word_190">falta</word>
   <word id="word_191">de</word>
   <word id="word_192">frutas</word>
   <word id="word_193">e</word>
   <word id="word_194">hortaliças</word>
   <word id="word_195">.</word>
   <word id="word_196">A</word>
   <word id="word_197">falta</word>
   <word id="word_198">vai</word>
   <word id="word_199">acentuar</word>
   <word id="word_200">-se</word>
   <word id="word_201">em_</word>
   <word id="word_202">os</word>
   <word id="word_203">primeiros</word>
   <word id="word_204">dias</word>
   <word id="word_205">de_</word>
   <word id="word_206">a</word>
   <word id="word_207">semana</word>
   <word id="word_208">se</word>
   <word id="word_209">,</word>
   <word id="word_210">entretanto</word>
   <word id="word_211">,</word>
   <word id="word_212">o</word>
   <word id="word_213">assunto</word>
   <word id="word_214">não</word>
   <word id="word_215">for</word>
   <word id="word_216">solucionado</word>
   <word id="word_217">.</word>
   <word id="word_218">Entretanto</word>
   <word id="word_219">,</word>
   <word id="word_220">em_</word>
   <word id="word_221">a</word>
   <word id="word_222">sequência</word>
   <word id="word_223">de_</word>
   <word id="word_224">a</word>
   <word id="word_225">luta</word>
   <word id="word_226">desencadeada</word>
   <word id="word_227">por_</word>
   <word id="word_228">os</word>
   <word id="word_229">grossistas</word>
   <word id="word_230">,</word>
   <word id="word_231">gerou</word>
   <word id="word_232">-se</word>
   <word id="word_233">um</word>
   <word id="word_234">incidente</word>
   <word id="word_235">junto</word>
   <word id="word_236">de_</word>
   <word id="word_237">o</word>
   <word id="word_238">Mercado</word>
   <word id="word_239">de_</word>
   <word id="word_240">o</word>
   <word id="word_241">Bom</word>
   <word id="word_242">Sucesso</word>
   <word id="word_243">,</word>
   <word id="word_244">quando</word>
   <word id="word_245">um</word>
   <word id="word_246">jovem</word>
   <word id="word_247">agricultor</word>
   <word id="word_248">,</word>
   <word id="word_249">de</word>
   <word id="word_250">19</word>
   <word id="word_251">anos</word>
   <word id="word_252">,</word>
   <word id="word_253">Manuel</word>
   <word id="word_254">Augusto</word>
   <word id="word_255">Mendes</word>
   <word id="word_256">,</word>
   <word id="word_257">de</word>
   <word id="word_258">Vagos</word>
   <word id="word_259">,</word>
   <word id="word_260">Aveiro</word>
   <word id="word_261">,</word>
   <word id="word_262">parou</word>
   <word id="word_263">uma</word>
   <word id="word_264">carrinha</word>
   <word id="word_265">,</word>
   <word id="word_266">carregada</word>
   <word id="word_267">com</word>
   <word id="word_268">produtos</word>
   <word id="word_269">hortícolas</word>
   <word id="word_270">,</word>
   <word id="word_271">que</word>
   <word id="word_272">se</word>
   <word id="word_273">destinavam</word>
   <word id="word_274">aquele</word>
   <word id="word_275">mercado</word>
   <word id="word_276">.</word>
   <word id="word_277">Um</word>
   <word id="word_278">de_</word>
   <word id="word_279">os</word>
   <word id="word_280">indivíduos</word>
   <word id="word_281">que</word>
   <word id="word_282">controlava</word>
   <word id="word_283">as</word>
   <word id="word_284">entradas</word>
   <word id="word_285">de_</word>
   <word id="word_286">a</word>
   <word id="word_287">mercadoria</word>
   <word id="word_288">mandou</word>
   <word id="word_289">-o</word>
   <word id="word_290">embora</word>
   <word id="word_291">.</word>
   <word id="word_292">O</word>
   <word id="word_293">agricultor</word>
   <word id="word_294">não</word>
   <word id="word_295">obedeceu</word>
   <word id="word_296">e</word>
   <word id="word_297">foi</word>
   <word id="word_298">agredido</word>
   <word id="word_299">por</word>
   <word id="word_300">outro</word>
   <word id="word_301">indivíduo</word>
   <word id="word_302">.</word>
   <word id="word_303">Antes</word>
   <word id="word_304">de</word>
   <word id="word_305">lhe</word>
   <word id="word_306">suceder</word>
   <word id="word_307">coisa</word>
   <word id="word_308">pior</word>
   <word id="word_309">o</word>
   <word id="word_310">jovem</word>
   <word id="word_311">meteu</word>
   <word id="word_312">-se</word>
   <word id="word_313">em_</word>
   <word id="word_314">a</word>
   <word id="word_315">carrinha</word>
   <word id="word_316">e</word>
   <word id="word_317">afastou</word>
   <word id="word_318">-se</word>
   <word id="word_319">.</word>
   <word id="word_320">em_</word>
   <word id="word_321">essa</word>
   <word id="word_322">altura</word>
   <word id="word_323">,</word>
   <word id="word_324">porém</word>
   <word id="word_325">,</word>
   <word id="word_326">um</word>
   <word id="word_327">outro</word>
   <word id="word_328">grossista</word>
   <word id="word_329">disparou</word>
   <word id="word_330">vários</word>
   <word id="word_331">tiros</word>
   <word id="word_332">,</word>
   <word id="word_333">embora</word>
   <word id="word_334">nenhum</word>
   <word id="word_335">de_</word>
   <word id="word_336">eles</word>
   <word id="word_337">o</word>
   <word id="word_338">tivessem</word>
   <word id="word_339">atingido</word>
   <word id="word_340">.</word>
   <word id="word_341">Mais</word>
   <word id="word_342">tarde</word>
   <word id="word_343">,</word>
   <word id="word_344">o</word>
   <word id="word_345">agredido</word>
   <word id="word_346">foi</word>
   <word id="word_347">contar</word>
   <word id="word_348">o</word>
   <word id="word_349">sucedido</word>
   <word id="word_350">em_</word>
   <word id="word_351">uma</word>
   <word id="word_352">esquadra</word>
   <word id="word_353">de_</word>
   <word id="word_354">a</word>
   <word id="word_355">PSP</word>
   <word id="word_356">.</word>
</words>
