<?xml version="1.0" encoding="UTF-8"?>
<!DOCTYPE words SYSTEM "words.dtd">
<words>
   <word id="word_1">A</word>
   <word id="word_2">milenária</word>
   <word id="word_3">diplomacia</word>
   <word id="word_4">vaticana</word>
   <word id="word_5">raras</word>
   <word id="word_6">vezes</word>
   <word id="word_7">terá</word>
   <word id="word_8">provocado</word>
   <word id="word_9">tanta</word>
   <word id="word_10">perplexidade</word>
   <word id="word_11">como</word>
   <word id="word_12">a</word>
   <word id="word_13">propósito</word>
   <word id="word_14">de_</word>
   <word id="word_15">a</word>
   <word id="word_16">audiência</word>
   <word id="word_17">concedida</word>
   <word id="word_18">por_</word>
   <word id="word_19">o</word>
   <word id="word_20">Papa</word>
   <word id="word_21">a</word>
   <word id="word_22">Yasser</word>
   <word id="word_23">Arafat</word>
   <word id="word_24">.</word>
   <word id="word_25">E</word>
   <word id="word_26">não</word>
   <word id="word_27">porque</word>
   <word id="word_28">possam</word>
   <word id="word_29">estar</word>
   <word id="word_30">em</word>
   <word id="word_31">causa</word>
   <word id="word_32">os</word>
   <word id="word_33">direitos</word>
   <word id="word_34">de_</word>
   <word id="word_35">o</word>
   <word id="word_36">povo</word>
   <word id="word_37">palestiniano</word>
   <word id="word_38">a</word>
   <word id="word_39">uma</word>
   <word id="word_40">pátria</word>
   <word id="word_41">,</word>
   <word id="word_42">mas</word>
   <word id="word_43">porque</word>
   <word id="word_44">não</word>
   <word id="word_45">é</word>
   <word id="word_46">fácil</word>
   <word id="word_47">,</word>
   <word id="word_48">nem</word>
   <word id="word_49">simples</word>
   <word id="word_50">,</word>
   <word id="word_51">desligar</word>
   <word id="word_52">os</word>
   <word id="word_53">nomes</word>
   <word id="word_54">de</word>
   <word id="word_55">Arafat</word>
   <word id="word_56">e</word>
   <word id="word_57">de_</word>
   <word id="word_58">a</word>
   <word id="word_59">OLP</word>
   <word id="word_60">de</word>
   <word id="word_61">actos</word>
   <word id="word_62">terroristas</word>
   <word id="word_63">que</word>
   <word id="word_64">nada</word>
   <word id="word_65">tinham</word>
   <word id="word_66">a</word>
   <word id="word_67">ver</word>
   <word id="word_68">,</word>
   <word id="word_69">directamente</word>
   <word id="word_70">,</word>
   <word id="word_71">com</word>
   <word id="word_72">a</word>
   <word id="word_73">causa</word>
   <word id="word_74">palestiniana</word>
   <word id="word_75">.</word>
   <word id="word_76">De</word>
   <word id="word_77">facto</word>
   <word id="word_78">,</word>
   <word id="word_79">ficou</word>
   <word id="word_80">diversas</word>
   <word id="word_81">vezes</word>
   <word id="word_82">provado</word>
   <word id="word_83">que</word>
   <word id="word_84">as</word>
   <word id="word_85">Brigadas</word>
   <word id="word_86">Vermelhas</word>
   <word id="word_87">,</word>
   <word id="word_88">responsáveis</word>
   <word id="word_89">por</word>
   <word id="word_90">tantos</word>
   <word id="word_91">crimes</word>
   <word id="word_92">em</word>
   <word id="word_93">território</word>
   <word id="word_94">italiano</word>
   <word id="word_95">,</word>
   <word id="word_96">eram</word>
   <word id="word_97">treinadas</word>
   <word id="word_98">por</word>
   <word id="word_99">palestinianos</word>
   <word id="word_100">e</word>
   <word id="word_101">de_</word>
   <word id="word_102">eles</word>
   <word id="word_103">recebiam</word>
   <word id="word_104">equipamento</word>
   <word id="word_105">.</word>
   <word id="word_106">As</word>
   <word id="word_107">divergências</word>
   <word id="word_108">manifestadas</word>
   <word id="word_109">por_</word>
   <word id="word_110">a</word>
   <word id="word_111">opinião</word>
   <word id="word_112">pública</word>
   <word id="word_113">em</word>
   <word id="word_114">Itália</word>
   <word id="word_115">quanto</word>
   <word id="word_116">a_</word>
   <word id="word_117">a</word>
   <word id="word_118">presença</word>
   <word id="word_119">de_</word>
   <word id="word_120">o</word>
   <word id="word_121">líder</word>
   <word id="word_122">de_</word>
   <word id="word_123">a</word>
   <word id="word_124">OLP</word>
   <word id="word_125">verificaram</word>
   <word id="word_126">-se</word>
   <word id="word_127">também</word>
   <word id="word_128">em_</word>
   <word id="word_129">o</word>
   <word id="word_130">próprio</word>
   <word id="word_131">Governo</word>
   <word id="word_132">,</word>
   <word id="word_133">cujo</word>
   <word id="word_134">primeiro-ministro</word>
   <word id="word_135">,</word>
   <word id="word_136">Giovanni</word>
   <word id="word_137">Spadolini</word>
   <word id="word_138">,</word>
   <word id="word_139">se</word>
   <word id="word_140">recusou</word>
   <word id="word_141">a</word>
   <word id="word_142">receber</word>
   <word id="word_143">Arafat</word>
   <word id="word_144">,</word>
   <word id="word_145">alegando</word>
   <word id="word_146">desejar</word>
   <word id="word_147">manter</word>
   <word id="word_148">-se</word>
   <word id="word_149">coerente</word>
   <word id="word_150">com</word>
   <word id="word_151">as</word>
   <word id="word_152">posições</word>
   <word id="word_153">de_</word>
   <word id="word_154">a</word>
   <word id="word_155">Comunidade</word>
   <word id="word_156">Europeia</word>
   <word id="word_157">que</word>
   <word id="word_158">fazem</word>
   <word id="word_159">depender</word>
   <word id="word_160">o</word>
   <word id="word_161">estabelecimento</word>
   <word id="word_162">de</word>
   <word id="word_163">relações</word>
   <word id="word_164">com</word>
   <word id="word_165">a</word>
   <word id="word_166">OLP</word>
   <word id="word_167">de_</word>
   <word id="word_168">o</word>
   <word id="word_169">mútuo</word>
   <word id="word_170">reconhecimento</word>
   <word id="word_171">de_</word>
   <word id="word_172">a</word>
   <word id="word_173">OLP</word>
   <word id="word_174">e</word>
   <word id="word_175">de</word>
   <word id="word_176">Israel</word>
   <word id="word_177">.</word>
   <word id="word_178">Esse</word>
   <word id="word_179">não</word>
   <word id="word_180">foi</word>
   <word id="word_181">,</word>
   <word id="word_182">como</word>
   <word id="word_183">se</word>
   <word id="word_184">sabe</word>
   <word id="word_185">,</word>
   <word id="word_186">o</word>
   <word id="word_187">entendimento</word>
   <word id="word_188">de_</word>
   <word id="word_189">o</word>
   <word id="word_190">Presidente</word>
   <word id="word_191">Pertini</word>
   <word id="word_192">que</word>
   <word id="word_193">teve</word>
   <word id="word_194">um</word>
   <word id="word_195">encontro</word>
   <word id="word_196">privado</word>
   <word id="word_197">com</word>
   <word id="word_198">Arafat</word>
   <word id="word_199">,</word>
   <word id="word_200">nem</word>
   <word id="word_201">de_</word>
   <word id="word_202">o</word>
   <word id="word_203">ex-primeiro-ministro</word>
   <word id="word_204">e</word>
   <word id="word_205">actual</word>
   <word id="word_206">presidente</word>
   <word id="word_207">de_</word>
   <word id="word_208">a</word>
   <word id="word_209">União</word>
   <word id="word_210">Interparlamentar</word>
   <word id="word_211">Mundial</word>
   <word id="word_212">,</word>
   <word id="word_213">Giulio</word>
   <word id="word_214">Andreotti</word>
   <word id="word_215">,</word>
   <word id="word_216">que</word>
   <word id="word_217">convidou</word>
   <word id="word_218">o</word>
   <word id="word_219">líder</word>
   <word id="word_220">palestiniano</word>
   <word id="word_221">a</word>
   <word id="word_222">participar</word>
   <word id="word_223">,</word>
   <word id="word_224">como</word>
   <word id="word_225">observador</word>
   <word id="word_226">,</word>
   <word id="word_227">em_</word>
   <word id="word_228">a</word>
   <word id="word_229">reunião</word>
   <word id="word_230">de_</word>
   <word id="word_231">aquele</word>
   <word id="word_232">organismo</word>
   <word id="word_233">que</word>
   <word id="word_234">agora</word>
   <word id="word_235">decorreu</word>
   <word id="word_236">em</word>
   <word id="word_237">Roma</word>
   <word id="word_238">.</word>
   <word id="word_239">Motivo</word>
   <word id="word_240">de</word>
   <word id="word_241">perplexidade</word>
   <word id="word_242">para</word>
   <word id="word_243">largos</word>
   <word id="word_244">sectores</word>
   <word id="word_245">de_</word>
   <word id="word_246">a</word>
   <word id="word_247">opinião</word>
   <word id="word_248">pública</word>
   <word id="word_249">internacional</word>
   <word id="word_250">,</word>
   <word id="word_251">vitória</word>
   <word id="word_252">diplomática</word>
   <word id="word_253">e</word>
   <word id="word_254">política</word>
   <word id="word_255">para</word>
   <word id="word_256">a</word>
   <word id="word_257">Organização</word>
   <word id="word_258">de</word>
   <word id="word_259">Libertação</word>
   <word id="word_260">de_</word>
   <word id="word_261">a</word>
   <word id="word_262">Palestina</word>
   <word id="word_263">-</word>
   <word id="word_264">a</word>
   <word id="word_265">audiência</word>
   <word id="word_266">papal</word>
   <word id="word_267">revestiu</word>
   <word id="word_268">-se</word>
   <word id="word_269">de</word>
   <word id="word_270">uma</word>
   <word id="word_271">discrição</word>
   <word id="word_272">e</word>
   <word id="word_273">de</word>
   <word id="word_274">uma</word>
   <word id="word_275">reserva</word>
   <word id="word_276">(</word>
   <word id="word_277">a</word>
   <word id="word_278">expressão</word>
   <word id="word_279">grave</word>
   <word id="word_280">de</word>
   <word id="word_281">João</word>
   <word id="word_282">Paulo</word>
   <word id="word_283">II</word>
   <word id="word_284">em</word>
   <word id="word_285">contraste</word>
   <word id="word_286">com</word>
   <word id="word_287">o</word>
   <word id="word_288">habitual</word>
   <word id="word_289">sorriso</word>
   <word id="word_290">de</word>
   <word id="word_291">Arafat</word>
   <word id="word_292">,</word>
   <word id="word_293">um</word>
   <word id="word_294">fortíssimo</word>
   <word id="word_295">dispositivo</word>
   <word id="word_296">de</word>
   <word id="word_297">segurança</word>
   <word id="word_298">,</word>
   <word id="word_299">uma</word>
   <word id="word_300">sala</word>
   <word id="word_301">nunca</word>
   <word id="word_302">usada</word>
   <word id="word_303">em</word>
   <word id="word_304">audiências</word>
   <word id="word_305">oficiais</word>
   <word id="word_306">)</word>
   <word id="word_307">que</word>
   <word id="word_308">acentuam</word>
   <word id="word_309">o</word>
   <word id="word_310">seu</word>
   <word id="word_311">carácter</word>
   <word id="word_312">de</word>
   <word id="word_313">excepção</word>
   <word id="word_314">.</word>
   <word id="word_315">Por</word>
   <word id="word_316">outro</word>
   <word id="word_317">lado</word>
   <word id="word_318">,</word>
   <word id="word_319">o</word>
   <word id="word_320">assassínio</word>
   <word id="word_321">de_</word>
   <word id="word_322">o</word>
   <word id="word_323">Presidente</word>
   <word id="word_324">eleito</word>
   <word id="word_325">de_</word>
   <word id="word_326">o</word>
   <word id="word_327">Líbano</word>
   <word id="word_328">,</word>
   <word id="word_329">em_</word>
   <word id="word_330">um</word>
   <word id="word_331">momento</word>
   <word id="word_332">em</word>
   <word id="word_333">que</word>
   <word id="word_334">começavam</word>
   <word id="word_335">a</word>
   <word id="word_336">afirmar</word>
   <word id="word_337">-se</word>
   <word id="word_338">algumas</word>
   <word id="word_339">esperanças</word>
   <word id="word_340">de</word>
   <word id="word_341">paz</word>
   <word id="word_342">e</word>
   <word id="word_343">normalização</word>
   <word id="word_344">,</word>
   <word id="word_345">não</word>
   <word id="word_346">facilitou</word>
   <word id="word_347">por</word>
   <word id="word_348">certo</word>
   <word id="word_349">o</word>
   <word id="word_350">clima</word>
   <word id="word_351">de</word>
   <word id="word_352">um</word>
   <word id="word_353">encontro</word>
   <word id="word_354">já</word>
   <word id="word_355">carregado</word>
   <word id="word_356">de</word>
   <word id="word_357">ambiguidades</word>
   <word id="word_358">.</word>
   <word id="word_359">Seria</word>
   <word id="word_360">,</word>
   <word id="word_361">naturalmente</word>
   <word id="word_362">,</word>
   <word id="word_363">imperdoável</word>
   <word id="word_364">ingenuidade</word>
   <word id="word_365">pensar</word>
   <word id="word_366">que</word>
   <word id="word_367">o</word>
   <word id="word_368">Papa</word>
   <word id="word_369">,</word>
   <word id="word_370">apoiado</word>
   <word id="word_371">por</word>
   <word id="word_372">uma</word>
   <word id="word_373">diplomacia</word>
   <word id="word_374">de</word>
   <word id="word_375">alta</word>
   <word id="word_376">qualidade</word>
   <word id="word_377">e</word>
   <word id="word_378">incomparável</word>
   <word id="word_379">experiência</word>
   <word id="word_380">,</word>
   <word id="word_381">não</word>
   <word id="word_382">teria</word>
   <word id="word_383">analisado</word>
   <word id="word_384">maduramente</word>
   <word id="word_385">as</word>
   <word id="word_386">consequências</word>
   <word id="word_387">e</word>
   <word id="word_388">repercussões</word>
   <word id="word_389">de_</word>
   <word id="word_390">o</word>
   <word id="word_391">seu</word>
   <word id="word_392">gesto</word>
   <word id="word_393">.</word>
   <word id="word_394">Aliás</word>
   <word id="word_395">,</word>
   <word id="word_396">o</word>
   <word id="word_397">comunicado</word>
   <word id="word_398">de_</word>
   <word id="word_399">o</word>
   <word id="word_400">Vaticano</word>
   <word id="word_401">,</word>
   <word id="word_402">divulgado</word>
   <word id="word_403">após</word>
   <word id="word_404">a</word>
   <word id="word_405">audiência</word>
   <word id="word_406">de</word>
   <word id="word_407">Arafat</word>
   <word id="word_408">,</word>
   <word id="word_409">revela</word>
   <word id="word_410">o</word>
   <word id="word_411">cuidado</word>
   <word id="word_412">de</word>
   <word id="word_413">acentuar</word>
   <word id="word_414">a</word>
   <word id="word_415">«constante</word>
   <word id="word_416">perseverança»</word>
   <word id="word_417">de_</word>
   <word id="word_418">a</word>
   <word id="word_419">Igreja</word>
   <word id="word_420">em_</word>
   <word id="word_421">a</word>
   <word id="word_422">procura</word>
   <word id="word_423">de_</word>
   <word id="word_424">a</word>
   <word id="word_425">paz</word>
   <word id="word_426">,</word>
   <word id="word_427">em</word>
   <word id="word_428">clara</word>
   <word id="word_429">explicitação</word>
   <word id="word_430">de_</word>
   <word id="word_431">as</word>
   <word id="word_432">razões</word>
   <word id="word_433">fundamentais</word>
   <word id="word_434">de_</word>
   <word id="word_435">o</word>
   <word id="word_436">encontro</word>
   <word id="word_437">.</word>
   <word id="word_438">E</word>
   <word id="word_439">apesar</word>
   <word id="word_440">de_</word>
   <word id="word_441">o</word>
   <word id="word_442">Vaticano</word>
   <word id="word_443">ser</word>
   <word id="word_444">de_</word>
   <word id="word_445">os</word>
   <word id="word_446">poucos</word>
   <word id="word_447">Estados</word>
   <word id="word_448">de_</word>
   <word id="word_449">o</word>
   <word id="word_450">mundo</word>
   <word id="word_451">que</word>
   <word id="word_452">ainda</word>
   <word id="word_453">não</word>
   <word id="word_454">reconheceu</word>
   <word id="word_455">oficialmente</word>
   <word id="word_456">a</word>
   <word id="word_457">existência</word>
   <word id="word_458">de</word>
   <word id="word_459">Israel</word>
   <word id="word_460">como</word>
   <word id="word_461">Estado</word>
   <word id="word_462">soberano</word>
   <word id="word_463">,</word>
   <word id="word_464">o</word>
   <word id="word_465">comunicado</word>
   <word id="word_466">de_</word>
   <word id="word_467">a</word>
   <word id="word_468">Santa</word>
   <word id="word_469">Sé</word>
   <word id="word_470">observa</word>
   <word id="word_471">,</word>
   <word id="word_472">também</word>
   <word id="word_473">,</word>
   <word id="word_474">o</word>
   <word id="word_475">cuidado</word>
   <word id="word_476">de</word>
   <word id="word_477">colocar</word>
   <word id="word_478">em_</word>
   <word id="word_479">o</word>
   <word id="word_480">mesmo</word>
   <word id="word_481">plano</word>
   <word id="word_482">o</word>
   <word id="word_483">direito</word>
   <word id="word_484">de_</word>
   <word id="word_485">os</word>
   <word id="word_486">palestinianos</word>
   <word id="word_487">a</word>
   <word id="word_488">«uma</word>
   <word id="word_489">própria</word>
   <word id="word_490">e</word>
   <word id="word_491">verdadeira</word>
   <word id="word_492">pátria»</word>
   <word id="word_493">e</word>
   <word id="word_494">o</word>
   <word id="word_495">direito</word>
   <word id="word_496">de_</word>
   <word id="word_497">os</word>
   <word id="word_498">israelitas</word>
   <word id="word_499">«à</word>
   <word id="word_500">sua</word>
   <word id="word_501">própria</word>
   <word id="word_502">segurança»</word>
   <word id="word_503">.</word>
   <word id="word_504">A</word>
   <word id="word_505">preocupação</word>
   <word id="word_506">de_</word>
   <word id="word_507">o</word>
   <word id="word_508">Papa</word>
   <word id="word_509">com</word>
   <word id="word_510">a</word>
   <word id="word_511">situação</word>
   <word id="word_512">de_</word>
   <word id="word_513">o</word>
   <word id="word_514">Líbano</word>
   <word id="word_515">,</word>
   <word id="word_516">esteve</word>
   <word id="word_517">patente</word>
   <word id="word_518">em_</word>
   <word id="word_519">as</word>
   <word id="word_520">palavras</word>
   <word id="word_521">que</word>
   <word id="word_522">dirigiu</word>
   <word id="word_523">a_</word>
   <word id="word_524">os</word>
   <word id="word_525">peregrinos</word>
   <word id="word_526">reunidos</word>
   <word id="word_527">em_</word>
   <word id="word_528">a</word>
   <word id="word_529">Praça</word>
   <word id="word_530">de</word>
   <word id="word_531">São</word>
   <word id="word_532">Pedro</word>
   <word id="word_533">,</word>
   <word id="word_534">pouco</word>
   <word id="word_535">depois</word>
   <word id="word_536">de_</word>
   <word id="word_537">a</word>
   <word id="word_538">audiência</word>
   <word id="word_539">de</word>
   <word id="word_540">Arafat</word>
   <word id="word_541">.</word>
   <word id="word_542">«O</word>
   <word id="word_543">Líbano</word>
   <word id="word_544">-</word>
   <word id="word_545">disse</word>
   <word id="word_546">João</word>
   <word id="word_547">Paulo</word>
   <word id="word_548">II</word>
   <word id="word_549">-</word>
   <word id="word_550">tem</word>
   <word id="word_551">necessidade</word>
   <word id="word_552">de</word>
   <word id="word_553">recuperar</word>
   <word id="word_554">a</word>
   <word id="word_555">serenidade</word>
   <word id="word_556">,</word>
   <word id="word_557">paz</word>
   <word id="word_558">e</word>
   <word id="word_559">soberania</word>
   <word id="word_560">sobre</word>
   <word id="word_561">todo</word>
   <word id="word_562">o</word>
   <word id="word_563">seu</word>
   <word id="word_564">território</word>
   <word id="word_565">.</word>
   <word id="word_566">»</word>
   <word id="word_567">Medianeiro</word>
   <word id="word_568">em_</word>
   <word id="word_569">as</word>
   <word id="word_570">crises</word>
   <word id="word_571">internas</word>
   <word id="word_572">de_</word>
   <word id="word_573">a</word>
   <word id="word_574">Polónia</word>
   <word id="word_575">,</word>
   <word id="word_576">viajante</word>
   <word id="word_577">de</word>
   <word id="word_578">paz</word>
   <word id="word_579">em_</word>
   <word id="word_580">a</word>
   <word id="word_581">Grã-Bretanha</word>
   <word id="word_582">e</word>
   <word id="word_583">em_</word>
   <word id="word_584">a</word>
   <word id="word_585">Argentina</word>
   <word id="word_586">,</word>
   <word id="word_587">decidido</word>
   <word id="word_588">defensor</word>
   <word id="word_589">de_</word>
   <word id="word_590">a</word>
   <word id="word_591">intervenção</word>
   <word id="word_592">de_</word>
   <word id="word_593">a</word>
   <word id="word_594">Igreja</word>
   <word id="word_595">em_</word>
   <word id="word_596">as</word>
   <word id="word_597">diligências</word>
   <word id="word_598">de</word>
   <word id="word_599">pacificação</word>
   <word id="word_600">de_</word>
   <word id="word_601">o</word>
   <word id="word_602">mundo</word>
   <word id="word_603">moderno</word>
   <word id="word_604">,</word>
   <word id="word_605">o</word>
   <word id="word_606">Papa</word>
   <word id="word_607">mais</word>
   <word id="word_608">não</word>
   <word id="word_609">terá</word>
   <word id="word_610">feito</word>
   <word id="word_611">,</word>
   <word id="word_612">em_</word>
   <word id="word_613">este</word>
   <word id="word_614">polémico</word>
   <word id="word_615">encontro</word>
   <word id="word_616">com</word>
   <word id="word_617">o</word>
   <word id="word_618">líder</word>
   <word id="word_619">de_</word>
   <word id="word_620">a</word>
   <word id="word_621">OLP</word>
   <word id="word_622">,</word>
   <word id="word_623">de_</word>
   <word id="word_624">o</word>
   <word id="word_625">que</word>
   <word id="word_626">prosseguir</word>
   <word id="word_627">a</word>
   <word id="word_628">linha</word>
   <word id="word_629">de</word>
   <word id="word_630">actuação</word>
   <word id="word_631">que</word>
   <word id="word_632">escolheu</word>
   <word id="word_633">como</word>
   <word id="word_634">pedra</word>
   <word id="word_635">angular</word>
   <word id="word_636">de_</word>
   <word id="word_637">o</word>
   <word id="word_638">seu</word>
   <word id="word_639">pontificado</word>
   <word id="word_640">.</word>
</words>
