<?xml version="1.0" encoding="UTF-8"?>
<!DOCTYPE words SYSTEM "words.dtd">
<words>
   <word id="word_1">P</word>
   <word id="word_2">.</word>
   <word id="word_3">-</word>
   <word id="word_4">O</word>
   <word id="word_5">meu</word>
   <word id="word_6">filho</word>
   <word id="word_7">,</word>
   <word id="word_8">de</word>
   <word id="word_9">6</word>
   <word id="word_10">anos</word>
   <word id="word_11">de</word>
   <word id="word_12">idade</word>
   <word id="word_13">,</word>
   <word id="word_14">ainda</word>
   <word id="word_15">faz</word>
   <word id="word_16">chichi</word>
   <word id="word_17">em_</word>
   <word id="word_18">a</word>
   <word id="word_19">cama</word>
   <word id="word_20">.</word>
   <word id="word_21">a_</word>
   <word id="word_22">os</word>
   <word id="word_23">2</word>
   <word id="word_24">anos</word>
   <word id="word_25">deixou</word>
   <word id="word_26">de</word>
   <word id="word_27">usar</word>
   <word id="word_28">fraldas</word>
   <word id="word_29">durante</word>
   <word id="word_30">o</word>
   <word id="word_31">dia</word>
   <word id="word_32">e</word>
   <word id="word_33">eu</word>
   <word id="word_34">estava</word>
   <word id="word_35">convencida</word>
   <word id="word_36">de</word>
   <word id="word_37">que</word>
   <word id="word_38">em</word>
   <word id="word_39">breve</word>
   <word id="word_40">as</word>
   <word id="word_41">deixaria</word>
   <word id="word_42">de</word>
   <word id="word_43">usar</word>
   <word id="word_44">também</word>
   <word id="word_45">durante</word>
   <word id="word_46">a</word>
   <word id="word_47">noite</word>
   <word id="word_48">.</word>
   <word id="word_49">Em_</word>
   <word id="word_50">o</word>
   <word id="word_51">entanto</word>
   <word id="word_52">,</word>
   <word id="word_53">isso</word>
   <word id="word_54">não</word>
   <word id="word_55">aconteceu</word>
   <word id="word_56">e</word>
   <word id="word_57">todas</word>
   <word id="word_58">as</word>
   <word id="word_59">noites</word>
   <word id="word_60">molha</word>
   <word id="word_61">a</word>
   <word id="word_62">cama</word>
   <word id="word_63">,</word>
   <word id="word_64">apesar</word>
   <word id="word_65">de</word>
   <word id="word_66">eu</word>
   <word id="word_67">me</word>
   <word id="word_68">levantar</word>
   <word id="word_69">várias</word>
   <word id="word_70">vezes</word>
   <word id="word_71">para</word>
   <word id="word_72">o</word>
   <word id="word_73">pôr</word>
   <word id="word_74">a</word>
   <word id="word_75">urinar</word>
   <word id="word_76">.</word>
   <word id="word_77">Tenho</word>
   <word id="word_78">outro</word>
   <word id="word_79">filho</word>
   <word id="word_80">de</word>
   <word id="word_81">3</word>
   <word id="word_82">anos</word>
   <word id="word_83">que</word>
   <word id="word_84">,</word>
   <word id="word_85">tal</word>
   <word id="word_86">como</word>
   <word id="word_87">o</word>
   <word id="word_88">primeiro</word>
   <word id="word_89">,</word>
   <word id="word_90">ainda</word>
   <word id="word_91">usa</word>
   <word id="word_92">fraldas</word>
   <word id="word_93">durante</word>
   <word id="word_94">a</word>
   <word id="word_95">noite</word>
   <word id="word_96">.</word>
   <word id="word_97">Será</word>
   <word id="word_98">que</word>
   <word id="word_99">irá</word>
   <word id="word_100">ter</word>
   <word id="word_101">o</word>
   <word id="word_102">mesmo</word>
   <word id="word_103">problema</word>
   <word id="word_104">?</word>
   <word id="word_105">Já</word>
   <word id="word_106">referi</word>
   <word id="word_107">o</word>
   <word id="word_108">caso</word>
   <word id="word_109">a_</word>
   <word id="word_110">o</word>
   <word id="word_111">pediatra</word>
   <word id="word_112">,</word>
   <word id="word_113">que</word>
   <word id="word_114">me</word>
   <word id="word_115">tem</word>
   <word id="word_116">aconselhado</word>
   <word id="word_117">a</word>
   <word id="word_118">ter</word>
   <word id="word_119">paciência</word>
   <word id="word_120">e</word>
   <word id="word_121">a</word>
   <word id="word_122">aguardar</word>
   <word id="word_123">mais</word>
   <word id="word_124">algum</word>
   <word id="word_125">tempo</word>
   <word id="word_126">.</word>
   <word id="word_127">Começo</word>
   <word id="word_128">a</word>
   <word id="word_129">estar</word>
   <word id="word_130">preocupada</word>
   <word id="word_131">e</word>
   <word id="word_132">a</word>
   <word id="word_133">pensar</word>
   <word id="word_134">se</word>
   <word id="word_135">não</word>
   <word id="word_136">seria</word>
   <word id="word_137">aconselhável</word>
   <word id="word_138">fazer</word>
   <word id="word_139">análises</word>
   <word id="word_140">para</word>
   <word id="word_141">ver</word>
   <word id="word_142">se</word>
   <word id="word_143">há</word>
   <word id="word_144">algum</word>
   <word id="word_145">problema</word>
   <word id="word_146">.</word>
   <word id="word_147">Também</word>
   <word id="word_148">já</word>
   <word id="word_149">me</word>
   <word id="word_150">recomendaram</word>
   <word id="word_151">que</word>
   <word id="word_152">levasse</word>
   <word id="word_153">o</word>
   <word id="word_154">meu</word>
   <word id="word_155">filho</word>
   <word id="word_156">a_</word>
   <word id="word_157">o</word>
   <word id="word_158">psicólogo</word>
   <word id="word_159">.</word>
   <word id="word_160">Como</word>
   <word id="word_161">acham</word>
   <word id="word_162">que</word>
   <word id="word_163">devo</word>
   <word id="word_164">actuar</word>
   <word id="word_165">?</word>
   <word id="word_166">Existem</word>
   <word id="word_167">medicamentos</word>
   <word id="word_168">eficazes</word>
   <word id="word_169">para</word>
   <word id="word_170">esta</word>
   <word id="word_171">situação</word>
   <word id="word_172">?</word>
   <word id="word_173">R.</word>
   <word id="word_174">-</word>
   <word id="word_175">O</word>
   <word id="word_176">facto</word>
   <word id="word_177">que</word>
   <word id="word_178">refere</word>
   <word id="word_179">em_</word>
   <word id="word_180">os</word>
   <word id="word_181">seus</word>
   <word id="word_182">filhos</word>
   <word id="word_183">-</word>
   <word id="word_184">ENURESE</word>
   <word id="word_185">NOCTURNA</word>
   <word id="word_186">-</word>
   <word id="word_187">é</word>
   <word id="word_188">uma</word>
   <word id="word_189">situação</word>
   <word id="word_190">muito</word>
   <word id="word_191">frequente</word>
   <word id="word_192">.</word>
   <word id="word_193">Embora</word>
   <word id="word_194">a</word>
   <word id="word_195">maior</word>
   <word id="word_196">parte</word>
   <word id="word_197">de_</word>
   <word id="word_198">as</word>
   <word id="word_199">crianças</word>
   <word id="word_200">deixe</word>
   <word id="word_201">de</word>
   <word id="word_202">usar</word>
   <word id="word_203">fraldas</word>
   <word id="word_204">entre</word>
   <word id="word_205">os</word>
   <word id="word_206">18</word>
   <word id="word_207">e</word>
   <word id="word_208">os</word>
   <word id="word_209">24</word>
   <word id="word_210">meses</word>
   <word id="word_211">,</word>
   <word id="word_212">primeiro</word>
   <word id="word_213">de</word>
   <word id="word_214">dia</word>
   <word id="word_215">e</word>
   <word id="word_216">depois</word>
   <word id="word_217">de</word>
   <word id="word_218">noite</word>
   <word id="word_219">,</word>
   <word id="word_220">existem</word>
   <word id="word_221">numerosos</word>
   <word id="word_222">casos</word>
   <word id="word_223">em</word>
   <word id="word_224">que</word>
   <word id="word_225">isso</word>
   <word id="word_226">não</word>
   <word id="word_227">acontece</word>
   <word id="word_228">.</word>
   <word id="word_229">Apesar</word>
   <word id="word_230">de</word>
   <word id="word_231">quase</word>
   <word id="word_232">nunca</word>
   <word id="word_233">se</word>
   <word id="word_234">encontrar</word>
   <word id="word_235">qualquer</word>
   <word id="word_236">causa</word>
   <word id="word_237">para</word>
   <word id="word_238">o</word>
   <word id="word_239">facto</word>
   <word id="word_240">de</word>
   <word id="word_241">a</word>
   <word id="word_242">criança</word>
   <word id="word_243">fazer</word>
   <word id="word_244">chichi</word>
   <word id="word_245">em_</word>
   <word id="word_246">a</word>
   <word id="word_247">cama</word>
   <word id="word_248">,</word>
   <word id="word_249">isto</word>
   <word id="word_250">não</word>
   <word id="word_251">impede</word>
   <word id="word_252">que</word>
   <word id="word_253">se</word>
   <word id="word_254">efectuem</word>
   <word id="word_255">exames</word>
   <word id="word_256">em_</word>
   <word id="word_257">o</word>
   <word id="word_258">sentido</word>
   <word id="word_259">de</word>
   <word id="word_260">a</word>
   <word id="word_261">excluir</word>
   <word id="word_262">.</word>
   <word id="word_263">Dentro</word>
   <word id="word_264">de_</word>
   <word id="word_265">estas</word>
   <word id="word_266">causas</word>
   <word id="word_267">,</word>
   <word id="word_268">há</word>
   <word id="word_269">a</word>
   <word id="word_270">referir</word>
   <word id="word_271">as</word>
   <word id="word_272">infecções</word>
   <word id="word_273">de_</word>
   <word id="word_274">o</word>
   <word id="word_275">aparelho</word>
   <word id="word_276">urinário</word>
   <word id="word_277">,</word>
   <word id="word_278">que</word>
   <word id="word_279">são</word>
   <word id="word_280">fáceis</word>
   <word id="word_281">de</word>
   <word id="word_282">detectar</word>
   <word id="word_283">por_</word>
   <word id="word_284">a</word>
   <word id="word_285">análise</word>
   <word id="word_286">de_</word>
   <word id="word_287">a</word>
   <word id="word_288">urina</word>
   <word id="word_289">,</word>
   <word id="word_290">e</word>
   <word id="word_291">cujo</word>
   <word id="word_292">tratamento</word>
   <word id="word_293">irá</word>
   <word id="word_294">resolver</word>
   <word id="word_295">a</word>
   <word id="word_296">situação</word>
   <word id="word_297">.</word>
   <word id="word_298">Quando</word>
   <word id="word_299">se</word>
   <word id="word_300">trata</word>
   <word id="word_301">de</word>
   <word id="word_302">um</word>
   <word id="word_303">problema</word>
   <word id="word_304">de_</word>
   <word id="word_305">estes</word>
   <word id="word_306">,</word>
   <word id="word_307">a</word>
   <word id="word_308">maior</word>
   <word id="word_309">parte</word>
   <word id="word_310">de_</word>
   <word id="word_311">as</word>
   <word id="word_312">vezes</word>
   <word id="word_313">a</word>
   <word id="word_314">criança</word>
   <word id="word_315">já</word>
   <word id="word_316">tinha</word>
   <word id="word_317">deixado</word>
   <word id="word_318">de</word>
   <word id="word_319">usar</word>
   <word id="word_320">fraldas</word>
   <word id="word_321">e</word>
   <word id="word_322">passa</word>
   <word id="word_323">novamente</word>
   <word id="word_324">a</word>
   <word id="word_325">necessitar</word>
   <word id="word_326">de_</word>
   <word id="word_327">elas</word>
   <word id="word_328">.</word>
   <word id="word_329">A</word>
   <word id="word_330">falta</word>
   <word id="word_331">de</word>
   <word id="word_332">higiene</word>
   <word id="word_333">de_</word>
   <word id="word_334">os</word>
   <word id="word_335">órgãos</word>
   <word id="word_336">genitais</word>
   <word id="word_337">também</word>
   <word id="word_338">pode</word>
   <word id="word_339">estar</word>
   <word id="word_340">em_</word>
   <word id="word_341">a</word>
   <word id="word_342">origem</word>
   <word id="word_343">de_</word>
   <word id="word_344">o</word>
   <word id="word_345">fazer</word>
   <word id="word_346">chichi</word>
   <word id="word_347">em_</word>
   <word id="word_348">a</word>
   <word id="word_349">cama</word>
   <word id="word_350">,</word>
   <word id="word_351">por_</word>
   <word id="word_352">a</word>
   <word id="word_353">irritação</word>
   <word id="word_354">que</word>
   <word id="word_355">provoca</word>
   <word id="word_356">.</word>
   <word id="word_357">Também</word>
   <word id="word_358">os</word>
   <word id="word_359">parasitas</word>
   <word id="word_360">intestinais</word>
   <word id="word_361">,</word>
   <word id="word_362">sobretudo</word>
   <word id="word_363">os</word>
   <word id="word_364">oxiuros</word>
   <word id="word_365">,</word>
   <word id="word_366">e</word>
   <word id="word_367">mais</word>
   <word id="word_368">facilmente</word>
   <word id="word_369">em_</word>
   <word id="word_370">a</word>
   <word id="word_371">rapariga</word>
   <word id="word_372">,</word>
   <word id="word_373">podem</word>
   <word id="word_374">ser</word>
   <word id="word_375">causa</word>
   <word id="word_376">de</word>
   <word id="word_377">enurese</word>
   <word id="word_378">nocturna</word>
   <word id="word_379">.</word>
   <word id="word_380">Outra</word>
   <word id="word_381">causa</word>
   <word id="word_382">,</word>
   <word id="word_383">embora</word>
   <word id="word_384">rara</word>
   <word id="word_385">,</word>
   <word id="word_386">é</word>
   <word id="word_387">a</word>
   <word id="word_388">existência</word>
   <word id="word_389">de</word>
   <word id="word_390">malformações</word>
   <word id="word_391">a_</word>
   <word id="word_392">o</word>
   <word id="word_393">nível</word>
   <word id="word_394">de_</word>
   <word id="word_395">a</word>
   <word id="word_396">coluna</word>
   <word id="word_397">vertebral</word>
   <word id="word_398">,</word>
   <word id="word_399">detectáveis</word>
   <word id="word_400">por</word>
   <word id="word_401">radiografia</word>
   <word id="word_402">.</word>
   <word id="word_403">Existem</word>
   <word id="word_404">também</word>
   <word id="word_405">factores</word>
   <word id="word_406">psicológicos</word>
   <word id="word_407">que</word>
   <word id="word_408">têm</word>
   <word id="word_409">sido</word>
   <word id="word_410">apontados</word>
   <word id="word_411">como</word>
   <word id="word_412">causa</word>
   <word id="word_413">.</word>
   <word id="word_414">É</word>
   <word id="word_415">o</word>
   <word id="word_416">caso</word>
   <word id="word_417">de_</word>
   <word id="word_418">o</word>
   <word id="word_419">nascimento</word>
   <word id="word_420">de</word>
   <word id="word_421">um</word>
   <word id="word_422">irmão</word>
   <word id="word_423">mais</word>
   <word id="word_424">novo</word>
   <word id="word_425">,</word>
   <word id="word_426">que</word>
   <word id="word_427">vai</word>
   <word id="word_428">fazer</word>
   <word id="word_429">com</word>
   <word id="word_430">que</word>
   <word id="word_431">a</word>
   <word id="word_432">criança</word>
   <word id="word_433">que</word>
   <word id="word_434">já</word>
   <word id="word_435">controlava</word>
   <word id="word_436">a</word>
   <word id="word_437">bexiga</word>
   <word id="word_438">durante</word>
   <word id="word_439">a</word>
   <word id="word_440">noite</word>
   <word id="word_441">volte</word>
   <word id="word_442">a</word>
   <word id="word_443">fazer</word>
   <word id="word_444">chichi</word>
   <word id="word_445">em_</word>
   <word id="word_446">a</word>
   <word id="word_447">cama</word>
   <word id="word_448">.</word>
   <word id="word_449">Também</word>
   <word id="word_450">outras</word>
   <word id="word_451">situações</word>
   <word id="word_452">de</word>
   <word id="word_453">«stress»</word>
   <word id="word_454">podem</word>
   <word id="word_455">desencadear</word>
   <word id="word_456">uma</word>
   <word id="word_457">enurese</word>
   <word id="word_458">,</word>
   <word id="word_459">como</word>
   <word id="word_460">por</word>
   <word id="word_461">exemplo</word>
   <word id="word_462">:</word>
   <word id="word_463">a</word>
   <word id="word_464">entrada</word>
   <word id="word_465">para</word>
   <word id="word_466">o</word>
   <word id="word_467">infantário</word>
   <word id="word_468">,</word>
   <word id="word_469">o</word>
   <word id="word_470">início</word>
   <word id="word_471">de_</word>
   <word id="word_472">a</word>
   <word id="word_473">escola</word>
   <word id="word_474">,</word>
   <word id="word_475">com</word>
   <word id="word_476">as</word>
   <word id="word_477">responsabilidades</word>
   <word id="word_478">que</word>
   <word id="word_479">acarreta</word>
   <word id="word_480">,</word>
   <word id="word_481">modificações</word>
   <word id="word_482">em_</word>
   <word id="word_483">a</word>
   <word id="word_484">vida</word>
   <word id="word_485">familiar</word>
   <word id="word_486">,</word>
   <word id="word_487">como</word>
   <word id="word_488">a</word>
   <word id="word_489">separação</word>
   <word id="word_490">de_</word>
   <word id="word_491">os</word>
   <word id="word_492">pais</word>
   <word id="word_493">ou</word>
   <word id="word_494">a</word>
   <word id="word_495">morte</word>
   <word id="word_496">de</word>
   <word id="word_497">um</word>
   <word id="word_498">de_</word>
   <word id="word_499">eles</word>
   <word id="word_500">,</word>
   <word id="word_501">mudança</word>
   <word id="word_502">de</word>
   <word id="word_503">residência</word>
   <word id="word_504">,</word>
   <word id="word_505">etc</word>
   <word id="word_506">.</word>
   <word id="word_507">É</word>
   <word id="word_508">bom</word>
   <word id="word_509">lembrar</word>
   <word id="word_510">que</word>
   <word id="word_511">a</word>
   <word id="word_512">enurese</word>
   <word id="word_513">nocturna</word>
   <word id="word_514">é</word>
   <word id="word_515">muitas</word>
   <word id="word_516">vezes</word>
   <word id="word_517">uma</word>
   <word id="word_518">situação</word>
   <word id="word_519">familiar</word>
   <word id="word_520">e</word>
   <word id="word_521">que</word>
   <word id="word_522">o</word>
   <word id="word_523">pai</word>
   <word id="word_524">,</word>
   <word id="word_525">a</word>
   <word id="word_526">mãe</word>
   <word id="word_527">ou</word>
   <word id="word_528">ambos</word>
   <word id="word_529">também</word>
   <word id="word_530">fizeram</word>
   <word id="word_531">chichi</word>
   <word id="word_532">em_</word>
   <word id="word_533">a</word>
   <word id="word_534">cama</word>
   <word id="word_535">até</word>
   <word id="word_536">tarde</word>
   <word id="word_537">.</word>
   <word id="word_538">Interessa</word>
   <word id="word_539">ainda</word>
   <word id="word_540">referir</word>
   <word id="word_541">que</word>
   <word id="word_542">esta</word>
   <word id="word_543">situação</word>
   <word id="word_544">muito</word>
   <word id="word_545">raramente</word>
   <word id="word_546">se</word>
   <word id="word_547">mantém</word>
   <word id="word_548">em_</word>
   <word id="word_549">a</word>
   <word id="word_550">idade</word>
   <word id="word_551">adulta</word>
   <word id="word_552">e</word>
   <word id="word_553">que</word>
   <word id="word_554">,</word>
   <word id="word_555">em_</word>
   <word id="word_556">a</word>
   <word id="word_557">maior</word>
   <word id="word_558">parte</word>
   <word id="word_559">de_</word>
   <word id="word_560">os</word>
   <word id="word_561">casos</word>
   <word id="word_562">,</word>
   <word id="word_563">desaparece</word>
   <word id="word_564">espontaneamente</word>
   <word id="word_565">em_</word>
   <word id="word_566">a</word>
   <word id="word_567">puberdade</word>
   <word id="word_568">.</word>
   <word id="word_569">Quanto</word>
   <word id="word_570">a_</word>
   <word id="word_571">o</word>
   <word id="word_572">tratamento</word>
   <word id="word_573">,</word>
   <word id="word_574">depende</word>
   <word id="word_575">de</word>
   <word id="word_576">se</word>
   <word id="word_577">ter</word>
   <word id="word_578">ou</word>
   <word id="word_579">não</word>
   <word id="word_580">encontrado</word>
   <word id="word_581">uma</word>
   <word id="word_582">causa</word>
   <word id="word_583">,</word>
   <word id="word_584">pois</word>
   <word id="word_585">se</word>
   <word id="word_586">ela</word>
   <word id="word_587">existe</word>
   <word id="word_588">(</word>
   <word id="word_589">infecção</word>
   <word id="word_590">urinária</word>
   <word id="word_591">,</word>
   <word id="word_592">parasitose</word>
   <word id="word_593">intestinal</word>
   <word id="word_594">)</word>
   <word id="word_595">,</word>
   <word id="word_596">deverá</word>
   <word id="word_597">ser</word>
   <word id="word_598">tratada</word>
   <word id="word_599">.</word>
   <word id="word_600">O</word>
   <word id="word_601">uso</word>
   <word id="word_602">de</word>
   <word id="word_603">medicamentos</word>
   <word id="word_604">dirigidos</word>
   <word id="word_605">especificamente</word>
   <word id="word_606">a_</word>
   <word id="word_607">a</word>
   <word id="word_608">enurese</word>
   <word id="word_609">têm</word>
   <word id="word_610">indicações</word>
   <word id="word_611">restritas</word>
   <word id="word_612">,</word>
   <word id="word_613">e</word>
   <word id="word_614">será</word>
   <word id="word_615">o</word>
   <word id="word_616">médico</word>
   <word id="word_617">que</word>
   <word id="word_618">segue</word>
   <word id="word_619">a</word>
   <word id="word_620">criança</word>
   <word id="word_621">quem</word>
   <word id="word_622">deve</word>
   <word id="word_623">decidir</word>
   <word id="word_624">de_</word>
   <word id="word_625">a</word>
   <word id="word_626">oportunidade</word>
   <word id="word_627">de</word>
   <word id="word_628">os</word>
   <word id="word_629">usar</word>
   <word id="word_630">,</word>
   <word id="word_631">visto</word>
   <word id="word_632">terem</word>
   <word id="word_633">efeitos</word>
   <word id="word_634">acessórios</word>
   <word id="word_635">e</word>
   <word id="word_636">nem</word>
   <word id="word_637">sempre</word>
   <word id="word_638">eficazes</word>
   <word id="word_639">.</word>
   <word id="word_640">As</word>
   <word id="word_641">causas</word>
   <word id="word_642">psicológicas</word>
   <word id="word_643">são</word>
   <word id="word_644">geralmente</word>
   <word id="word_645">transitórias</word>
   <word id="word_646">,</word>
   <word id="word_647">não</word>
   <word id="word_648">exigindo</word>
   <word id="word_649">qualquer</word>
   <word id="word_650">actuação</word>
   <word id="word_651">.</word>
   <word id="word_652">É</word>
   <word id="word_653">importante</word>
   <word id="word_654">em_</word>
   <word id="word_655">estes</word>
   <word id="word_656">casos</word>
   <word id="word_657">tentar</word>
   <word id="word_658">compreender</word>
   <word id="word_659">a</word>
   <word id="word_660">criança</word>
   <word id="word_661">e</word>
   <word id="word_662">apoiá#</word>
   <word id="word_663">-la</word>
   <word id="word_664">,</word>
   <word id="word_665">para</word>
   <word id="word_666">que</word>
   <word id="word_667">ultrapasse</word>
   <word id="word_668">essa</word>
   <word id="word_669">fase</word>
   <word id="word_670">difícil</word>
   <word id="word_671">.</word>
   <word id="word_672">Quando</word>
   <word id="word_673">a</word>
   <word id="word_674">atitude</word>
   <word id="word_675">de_</word>
   <word id="word_676">a</word>
   <word id="word_677">mãe</word>
   <word id="word_678">perante</word>
   <word id="word_679">a</word>
   <word id="word_680">cama</word>
   <word id="word_681">molhada</word>
   <word id="word_682">é</word>
   <word id="word_683">ralhar</word>
   <word id="word_684">com</word>
   <word id="word_685">a</word>
   <word id="word_686">criança</word>
   <word id="word_687">,</word>
   <word id="word_688">bater</word>
   <word id="word_689">-lhe</word>
   <word id="word_690">ou</word>
   <word id="word_691">castigá#</word>
   <word id="word_692">-la</word>
   <word id="word_693">,</word>
   <word id="word_694">muito</word>
   <word id="word_695">dificilmente</word>
   <word id="word_696">se</word>
   <word id="word_697">resolverá</word>
   <word id="word_698">o</word>
   <word id="word_699">problema</word>
   <word id="word_700">,</word>
   <word id="word_701">tornando</word>
   <word id="word_702">-se</word>
   <word id="word_703">esta</word>
   <word id="word_704">cada</word>
   <word id="word_705">vez</word>
   <word id="word_706">mais</word>
   <word id="word_707">ansiosa</word>
   <word id="word_708">.</word>
   <word id="word_709">A</word>
   <word id="word_710">consulta</word>
   <word id="word_711">de_</word>
   <word id="word_712">o</word>
   <word id="word_713">psicólogo</word>
   <word id="word_714">só</word>
   <word id="word_715">se</word>
   <word id="word_716">justifica</word>
   <word id="word_717">em</word>
   <word id="word_718">casos</word>
   <word id="word_719">excepcionais</word>
   <word id="word_720">,</word>
   <word id="word_721">em</word>
   <word id="word_722">que</word>
   <word id="word_723">a</word>
   <word id="word_724">enurese</word>
   <word id="word_725">traduz</word>
   <word id="word_726">já</word>
   <word id="word_727">uma</word>
   <word id="word_728">modificação</word>
   <word id="word_729">de_</word>
   <word id="word_730">o</word>
   <word id="word_731">comportamento</word>
   <word id="word_732">,</word>
   <word id="word_733">tratando</word>
   <word id="word_734">-se</word>
   <word id="word_735">geralmente</word>
   <word id="word_736">de</word>
   <word id="word_737">crianças</word>
   <word id="word_738">com</word>
   <word id="word_739">outras</word>
   <word id="word_740">perturbações</word>
   <word id="word_741">.</word>
   <word id="word_742">Em_</word>
   <word id="word_743">o</word>
   <word id="word_744">caso</word>
   <word id="word_745">de_</word>
   <word id="word_746">o</word>
   <word id="word_747">seu</word>
   <word id="word_748">filho</word>
   <word id="word_749">,</word>
   <word id="word_750">se</word>
   <word id="word_751">não</word>
   <word id="word_752">se</word>
   <word id="word_753">encontrar</word>
   <word id="word_754">nenhuma</word>
   <word id="word_755">causa</word>
   <word id="word_756">para</word>
   <word id="word_757">a</word>
   <word id="word_758">enurese</word>
   <word id="word_759">,</word>
   <word id="word_760">deve</word>
   <word id="word_761">seguir</word>
   <word id="word_762">a</word>
   <word id="word_763">orientação</word>
   <word id="word_764">de_</word>
   <word id="word_765">o</word>
   <word id="word_766">pediatra</word>
   <word id="word_767">e</word>
   <word id="word_768">aguardar</word>
   <word id="word_769">calmamente</word>
   <word id="word_770">que</word>
   <word id="word_771">esta</word>
   <word id="word_772">fase</word>
   <word id="word_773">passe</word>
   <word id="word_774">,</word>
   <word id="word_775">tratando</word>
   <word id="word_776">-o</word>
   <word id="word_777">com</word>
   <word id="word_778">carinho</word>
   <word id="word_779">e</word>
   <word id="word_780">compreensão</word>
   <word id="word_781">.</word>
</words>
