<?xml version="1.0" encoding="UTF-8"?>
<!DOCTYPE words SYSTEM "words.dtd">
<words>
   <word id="word_1">UM</word>
   <word id="word_2">CONJUNTO</word>
   <word id="word_3">de</word>
   <word id="word_4">cerimónias</word>
   <word id="word_5">,</word>
   <word id="word_6">de</word>
   <word id="word_7">que</word>
   <word id="word_8">se</word>
   <word id="word_9">destaca</word>
   <word id="word_10">um</word>
   <word id="word_11">concerto</word>
   <word id="word_12">de</word>
   <word id="word_13">gala</word>
   <word id="word_14">,</word>
   <word id="word_15">vai</word>
   <word id="word_16">assinalar</word>
   <word id="word_17">os</word>
   <word id="word_18">75</word>
   <word id="word_19">anos</word>
   <word id="word_20">de_</word>
   <word id="word_21">a</word>
   <word id="word_22">Guarda</word>
   <word id="word_23">Nacional</word>
   <word id="word_24">Republicana</word>
   <word id="word_25">,</word>
   <word id="word_26">cujas</word>
   <word id="word_27">celebrações</word>
   <word id="word_28">se</word>
   <word id="word_29">iniciam</word>
   <word id="word_30">amanhã</word>
   <word id="word_31">,</word>
   <word id="word_32">prolongando</word>
   <word id="word_33">-se</word>
   <word id="word_34">até</word>
   <word id="word_35">a_</word>
   <word id="word_36">o</word>
   <word id="word_37">dia</word>
   <word id="word_38">4</word>
   <word id="word_39">.</word>
   <word id="word_40">Em_</word>
   <word id="word_41">a</word>
   <word id="word_42">quinta-feira</word>
   <word id="word_43">,</word>
   <word id="word_44">o</word>
   <word id="word_45">comandante-geral</word>
   <word id="word_46">de_</word>
   <word id="word_47">aquele</word>
   <word id="word_48">corpo</word>
   <word id="word_49">militar</word>
   <word id="word_50">,</word>
   <word id="word_51">general</word>
   <word id="word_52">Tomé</word>
   <word id="word_53">Pinto</word>
   <word id="word_54">,</word>
   <word id="word_55">recebe</word>
   <word id="word_56">os</word>
   <word id="word_57">representantes</word>
   <word id="word_58">de_</word>
   <word id="word_59">os</word>
   <word id="word_60">órgãos</word>
   <word id="word_61">de</word>
   <word id="word_62">Comunicação</word>
   <word id="word_63">Social</word>
   <word id="word_64">,</word>
   <word id="word_65">que</word>
   <word id="word_66">poderão</word>
   <word id="word_67">apreciar</word>
   <word id="word_68">os</word>
   <word id="word_69">equipamentos</word>
   <word id="word_70">,</word>
   <word id="word_71">fardamentos</word>
   <word id="word_72">e</word>
   <word id="word_73">armamento</word>
   <word id="word_74">em</word>
   <word id="word_75">uso</word>
   <word id="word_76">em_</word>
   <word id="word_77">a</word>
   <word id="word_78">GNR</word>
   <word id="word_79">e</word>
   <word id="word_80">uma</word>
   <word id="word_81">exposição</word>
   <word id="word_82">sobre</word>
   <word id="word_83">a</word>
   <word id="word_84">Guarda</word>
   <word id="word_85">Nacional</word>
   <word id="word_86">Republicana</word>
   <word id="word_87">,</word>
   <word id="word_88">seguindo</word>
   <word id="word_89">-se</word>
   <word id="word_90">um</word>
   <word id="word_91">debate</word>
   <word id="word_92">.</word>
   <word id="word_93">À</word>
   <word id="word_94">noite</word>
   <word id="word_95">,</word>
   <word id="word_96">a_</word>
   <word id="word_97">as</word>
   <word id="word_98">21</word>
   <word id="word_99">e</word>
   <word id="word_100">30</word>
   <word id="word_101">,</word>
   <word id="word_102">em_</word>
   <word id="word_103">o</word>
   <word id="word_104">Teatro</word>
   <word id="word_105">Nacional</word>
   <word id="word_106">de</word>
   <word id="word_107">S.</word>
   <word id="word_108">Carlos</word>
   <word id="word_109">,</word>
   <word id="word_110">a</word>
   <word id="word_111">Banda</word>
   <word id="word_112">de</word>
   <word id="word_113">Música</word>
   <word id="word_114">de_</word>
   <word id="word_115">a</word>
   <word id="word_116">Guarda</word>
   <word id="word_117">Nacional</word>
   <word id="word_118">Republicana</word>
   <word id="word_119">realiza</word>
   <word id="word_120">um</word>
   <word id="word_121">concerto</word>
   <word id="word_122">de</word>
   <word id="word_123">gala</word>
   <word id="word_124">,</word>
   <word id="word_125">que</word>
   <word id="word_126">terá</word>
   <word id="word_127">como</word>
   <word id="word_128">auditores</word>
   <word id="word_129">o</word>
   <word id="word_130">Presidente</word>
   <word id="word_131">de_</word>
   <word id="word_132">a</word>
   <word id="word_133">República</word>
   <word id="word_134">,</word>
   <word id="word_135">os</word>
   <word id="word_136">ministros</word>
   <word id="word_137">de</word>
   <word id="word_138">Estado</word>
   <word id="word_139">,</word>
   <word id="word_140">Administração</word>
   <word id="word_141">Interna</word>
   <word id="word_142">,</word>
   <word id="word_143">Finanças</word>
   <word id="word_144">e</word>
   <word id="word_145">Justiça</word>
   <word id="word_146">,</word>
   <word id="word_147">além</word>
   <word id="word_148">de</word>
   <word id="word_149">outros</word>
   <word id="word_150">membros</word>
   <word id="word_151">de_</word>
   <word id="word_152">o</word>
   <word id="word_153">Governo</word>
   <word id="word_154">,</word>
   <word id="word_155">chefe</word>
   <word id="word_156">de_</word>
   <word id="word_157">o</word>
   <word id="word_158">Estado-Maior-General</word>
   <word id="word_159">de_</word>
   <word id="word_160">as</word>
   <word id="word_161">Forças</word>
   <word id="word_162">Armadas</word>
   <word id="word_163">e</word>
   <word id="word_164">chefes</word>
   <word id="word_165">de</word>
   <word id="word_166">Estado-Maior</word>
   <word id="word_167">de_</word>
   <word id="word_168">os</word>
   <word id="word_169">ramos</word>
   <word id="word_170">de_</word>
   <word id="word_171">as</word>
   <word id="word_172">Forças</word>
   <word id="word_173">Armadas</word>
   <word id="word_174">,</word>
   <word id="word_175">embaixadores</word>
   <word id="word_176">acreditados</word>
   <word id="word_177">em</word>
   <word id="word_178">Lisboa</word>
   <word id="word_179">e</word>
   <word id="word_180">outra</word>
   <word id="word_181">entidades</word>
   <word id="word_182">civis</word>
   <word id="word_183">e</word>
   <word id="word_184">militares</word>
   <word id="word_185">.</word>
   <word id="word_186">Em_</word>
   <word id="word_187">o</word>
   <word id="word_188">sábado</word>
   <word id="word_189">,</word>
   <word id="word_190">por_</word>
   <word id="word_191">as</word>
   <word id="word_192">8</word>
   <word id="word_193">horas</word>
   <word id="word_194">,</word>
   <word id="word_195">realizam</word>
   <word id="word_196">-se</word>
   <word id="word_197">cerimónias</word>
   <word id="word_198">em</word>
   <word id="word_199">todos</word>
   <word id="word_200">os</word>
   <word id="word_201">quartéis</word>
   <word id="word_202">de_</word>
   <word id="word_203">a</word>
   <word id="word_204">Guarda</word>
   <word id="word_205">Nacional</word>
   <word id="word_206">Republicana</word>
   <word id="word_207">espalhados</word>
   <word id="word_208">por_</word>
   <word id="word_209">o</word>
   <word id="word_210">País</word>
   <word id="word_211">,</word>
   <word id="word_212">onde</word>
   <word id="word_213">será</word>
   <word id="word_214">lida</word>
   <word id="word_215">a</word>
   <word id="word_216">mensagem</word>
   <word id="word_217">de_</word>
   <word id="word_218">o</word>
   <word id="word_219">comandate-geral</word>
   <word id="word_220">e</word>
   <word id="word_221">feita</word>
   <word id="word_222">a</word>
   <word id="word_223">imposição</word>
   <word id="word_224">de</word>
   <word id="word_225">condecorações</word>
   <word id="word_226">.</word>
   <word id="word_227">Entretanto</word>
   <word id="word_228">,</word>
   <word id="word_229">a_</word>
   <word id="word_230">as</word>
   <word id="word_231">10</word>
   <word id="word_232">horas</word>
   <word id="word_233">,</word>
   <word id="word_234">em_</word>
   <word id="word_235">a</word>
   <word id="word_236">Praça</word>
   <word id="word_237">de_</word>
   <word id="word_238">o</word>
   <word id="word_239">Império</word>
   <word id="word_240">,</word>
   <word id="word_241">em</word>
   <word id="word_242">Lisboa</word>
   <word id="word_243">,</word>
   <word id="word_244">haverá</word>
   <word id="word_245">uma</word>
   <word id="word_246">parada</word>
   <word id="word_247">e</word>
   <word id="word_248">desfile</word>
   <word id="word_249">,</word>
   <word id="word_250">a</word>
   <word id="word_251">que</word>
   <word id="word_252">presidirá</word>
   <word id="word_253">o</word>
   <word id="word_254">primeiro-ministro</word>
   <word id="word_255">.</word>
   <word id="word_256">Às</word>
   <word id="word_257">15</word>
   <word id="word_258">e</word>
   <word id="word_259">30</word>
   <word id="word_260">,</word>
   <word id="word_261">em_</word>
   <word id="word_262">o</word>
   <word id="word_263">Hipódromo</word>
   <word id="word_264">Municipal</word>
   <word id="word_265">de</word>
   <word id="word_266">Cascais</word>
   <word id="word_267">,</word>
   <word id="word_268">realiza</word>
   <word id="word_269">-se</word>
   <word id="word_270">um</word>
   <word id="word_271">festival</word>
   <word id="word_272">militar</word>
   <word id="word_273">.</word>
   <word id="word_274">Por</word>
   <word id="word_275">último</word>
   <word id="word_276">,</word>
   <word id="word_277">em_</word>
   <word id="word_278">o</word>
   <word id="word_279">domingo</word>
   <word id="word_280">,</word>
   <word id="word_281">a_</word>
   <word id="word_282">as</word>
   <word id="word_283">8</word>
   <word id="word_284">e</word>
   <word id="word_285">45</word>
   <word id="word_286">,</word>
   <word id="word_287">reza</word>
   <word id="word_288">-se</word>
   <word id="word_289">a</word>
   <word id="word_290">missa</word>
   <word id="word_291">em_</word>
   <word id="word_292">o</word>
   <word id="word_293">Mosteiro</word>
   <word id="word_294">de_</word>
   <word id="word_295">os</word>
   <word id="word_296">Jerónimos</word>
   <word id="word_297">e</word>
   <word id="word_298">a_</word>
   <word id="word_299">as</word>
   <word id="word_300">11</word>
   <word id="word_301">horas</word>
   <word id="word_302">será</word>
   <word id="word_303">o</word>
   <word id="word_304">solene</word>
   <word id="word_305">render</word>
   <word id="word_306">de_</word>
   <word id="word_307">a</word>
   <word id="word_308">guarda</word>
   <word id="word_309">,</word>
   <word id="word_310">em_</word>
   <word id="word_311">o</word>
   <word id="word_312">Palácio</word>
   <word id="word_313">de</word>
   <word id="word_314">Belém</word>
   <word id="word_315">.</word>
</words>
