<?xml version="1.0" encoding="UTF-8"?>
<!DOCTYPE words SYSTEM "words.dtd">
<words>
   <word id="word_1">O</word>
   <word id="word_2">SECTOR</word>
   <word id="word_3">empresarial</word>
   <word id="word_4">de_</word>
   <word id="word_5">o</word>
   <word id="word_6">Estado</word>
   <word id="word_7">,</word>
   <word id="word_8">será</word>
   <word id="word_9">um</word>
   <word id="word_10">de_</word>
   <word id="word_11">os</word>
   <word id="word_12">visados</word>
   <word id="word_13">em_</word>
   <word id="word_14">a</word>
   <word id="word_15">acção</word>
   <word id="word_16">a</word>
   <word id="word_17">desencadear</word>
   <word id="word_18">durante</word>
   <word id="word_19">a</word>
   <word id="word_20">discussão</word>
   <word id="word_21">de_</word>
   <word id="word_22">o</word>
   <word id="word_23">Orçamento</word>
   <word id="word_24">,</word>
   <word id="word_25">em_</word>
   <word id="word_26">a</word>
   <word id="word_27">Assembleia</word>
   <word id="word_28">,</word>
   <word id="word_29">o</word>
   <word id="word_30">qual</word>
   <word id="word_31">é</word>
   <word id="word_32">considerado</word>
   <word id="word_33">«gravoso»</word>
   <word id="word_34">para</word>
   <word id="word_35">os</word>
   <word id="word_36">trabalhadores</word>
   <word id="word_37">.</word>
   <word id="word_38">Durante</word>
   <word id="word_39">a</word>
   <word id="word_40">conferência</word>
   <word id="word_41">de</word>
   <word id="word_42">Imprensa</word>
   <word id="word_43">,</word>
   <word id="word_44">em_</word>
   <word id="word_45">o</word>
   <word id="word_46">final</word>
   <word id="word_47">de_</word>
   <word id="word_48">a</word>
   <word id="word_49">reunião</word>
   <word id="word_50">,</word>
   <word id="word_51">Carvalho</word>
   <word id="word_52">de_</word>
   <word id="word_53">a</word>
   <word id="word_54">Silva</word>
   <word id="word_55">anunciou</word>
   <word id="word_56">que</word>
   <word id="word_57">estava</word>
   <word id="word_58">já</word>
   <word id="word_59">marcado</word>
   <word id="word_60">um</word>
   <word id="word_61">plenário</word>
   <word id="word_62">nacional</word>
   <word id="word_63">de</word>
   <word id="word_64">sindicatos</word>
   <word id="word_65">para</word>
   <word id="word_66">o</word>
   <word id="word_67">dia</word>
   <word id="word_68">14</word>
   <word id="word_69">de_</word>
   <word id="word_70">o</word>
   <word id="word_71">corrente</word>
   <word id="word_72">,</word>
   <word id="word_73">bem</word>
   <word id="word_74">como</word>
   <word id="word_75">uma</word>
   <word id="word_76">reunião</word>
   <word id="word_77">de_</word>
   <word id="word_78">a</word>
   <word id="word_79">Comissão</word>
   <word id="word_80">Executiva</word>
   <word id="word_81">,</word>
   <word id="word_82">em</word>
   <word id="word_83">Évora</word>
   <word id="word_84">em_</word>
   <word id="word_85">o</word>
   <word id="word_86">dia</word>
   <word id="word_87">21</word>
   <word id="word_88">,</word>
   <word id="word_89">dia</word>
   <word id="word_90">em</word>
   <word id="word_91">que</word>
   <word id="word_92">ocorrerão</word>
   <word id="word_93">vigílias</word>
   <word id="word_94">em</word>
   <word id="word_95">Setúbal</word>
   <word id="word_96">e</word>
   <word id="word_97">Vila</word>
   <word id="word_98">Real</word>
   <word id="word_99">e</word>
   <word id="word_100">em_</word>
   <word id="word_101">os</word>
   <word id="word_102">distritos</word>
   <word id="word_103">de_</word>
   <word id="word_104">a</word>
   <word id="word_105">Reforma</word>
   <word id="word_106">Agrária</word>
   <word id="word_107">.</word>
   <word id="word_108">O</word>
   <word id="word_109">calendário</word>
   <word id="word_110">de_</word>
   <word id="word_111">as</word>
   <word id="word_112">«jornadas</word>
   <word id="word_113">de</word>
   <word id="word_114">luta»</word>
   <word id="word_115">está</word>
   <word id="word_116">distribuído</word>
   <word id="word_117">de_</word>
   <word id="word_118">esta</word>
   <word id="word_119">forma</word>
   <word id="word_120">:</word>
   <word id="word_121">em</word>
   <word id="word_122">Lisboa</word>
   <word id="word_123">e</word>
   <word id="word_124">Braga</word>
   <word id="word_125">de</word>
   <word id="word_126">3</word>
   <word id="word_127">a</word>
   <word id="word_128">8</word>
   <word id="word_129">,</word>
   <word id="word_130">em</word>
   <word id="word_131">Aveiro</word>
   <word id="word_132">de</word>
   <word id="word_133">10</word>
   <word id="word_134">a</word>
   <word id="word_135">15</word>
   <word id="word_136">;</word>
   <word id="word_137">Portalegre</word>
   <word id="word_138">de</word>
   <word id="word_139">15</word>
   <word id="word_140">a</word>
   <word id="word_141">22</word>
   <word id="word_142">;</word>
   <word id="word_143">Faro</word>
   <word id="word_144">e</word>
   <word id="word_145">Porto</word>
   <word id="word_146">de</word>
   <word id="word_147">23</word>
   <word id="word_148">a</word>
   <word id="word_149">30</word>
   <word id="word_150">,</word>
   <word id="word_151">com</word>
   <word id="word_152">manifestação</word>
   <word id="word_153">em_</word>
   <word id="word_154">esta</word>
   <word id="word_155">última</word>
   <word id="word_156">cidade</word>
   <word id="word_157">prevista</word>
   <word id="word_158">para</word>
   <word id="word_159">o</word>
   <word id="word_160">dia</word>
   <word id="word_161">29</word>
   <word id="word_162">.</word>
   <word id="word_163">Deste</word>
   <word id="word_164">Conselho</word>
   <word id="word_165">Nacional</word>
   <word id="word_166">de_</word>
   <word id="word_167">a</word>
   <word id="word_168">Intersindical</word>
   <word id="word_169">saiu</word>
   <word id="word_170">eleito</word>
   <word id="word_171">o</word>
   <word id="word_172">novo</word>
   <word id="word_173">Secretariado</word>
   <word id="word_174">que</word>
   <word id="word_175">integra</word>
   <word id="word_176">os</word>
   <word id="word_177">seguintes</word>
   <word id="word_178">membros</word>
   <word id="word_179">:</word>
   <word id="word_180">Manuel</word>
   <word id="word_181">Carvalho</word>
   <word id="word_182">de_</word>
   <word id="word_183">a</word>
   <word id="word_184">Silva</word>
   <word id="word_185">,</word>
   <word id="word_186">Manuel</word>
   <word id="word_187">Correia</word>
   <word id="word_188">Lopes</word>
   <word id="word_189">,</word>
   <word id="word_190">José</word>
   <word id="word_191">Luís</word>
   <word id="word_192">Judas</word>
   <word id="word_193">,</word>
   <word id="word_194">Jerónimo</word>
   <word id="word_195">Rodrigues</word>
   <word id="word_196">e</word>
   <word id="word_197">Rosa</word>
   <word id="word_198">Maria</word>
   <word id="word_199">Marques</word>
   <word id="word_200">.</word>
   <word id="word_201">Em_</word>
   <word id="word_202">o</word>
   <word id="word_203">comunicado</word>
   <word id="word_204">,</word>
   <word id="word_205">divulgado</word>
   <word id="word_206">a_</word>
   <word id="word_207">a</word>
   <word id="word_208">Imprensa</word>
   <word id="word_209">,</word>
   <word id="word_210">regista</word>
   <word id="word_211">-se</word>
   <word id="word_212">o</word>
   <word id="word_213">pedido</word>
   <word id="word_214">de</word>
   <word id="word_215">filiação</word>
   <word id="word_216">de</word>
   <word id="word_217">cinco</word>
   <word id="word_218">sindicatos</word>
   <word id="word_219">,</word>
   <word id="word_220">Agrícolas</word>
   <word id="word_221">de_</word>
   <word id="word_222">o</word>
   <word id="word_223">Porto</word>
   <word id="word_224">,</word>
   <word id="word_225">Bordados</word>
   <word id="word_226">de_</word>
   <word id="word_227">a</word>
   <word id="word_228">Madeira</word>
   <word id="word_229">,</word>
   <word id="word_230">Indústria</word>
   <word id="word_231">Alimentar</word>
   <word id="word_232">de_</word>
   <word id="word_233">a</word>
   <word id="word_234">Madeira</word>
   <word id="word_235">,</word>
   <word id="word_236">Rodoviários</word>
   <word id="word_237">de_</word>
   <word id="word_238">o</word>
   <word id="word_239">Norte</word>
   <word id="word_240">e</word>
   <word id="word_241">Rodoviários</word>
   <word id="word_242">de_</word>
   <word id="word_243">a</word>
   <word id="word_244">Madeira</word>
   <word id="word_245">.</word>
   <word id="word_246">Em_</word>
   <word id="word_247">o</word>
   <word id="word_248">contacto</word>
   <word id="word_249">com</word>
   <word id="word_250">a</word>
   <word id="word_251">Imprensa</word>
   <word id="word_252">,</word>
   <word id="word_253">Carvalho</word>
   <word id="word_254">de_</word>
   <word id="word_255">a</word>
   <word id="word_256">Silva</word>
   <word id="word_257">reiterou</word>
   <word id="word_258">,</word>
   <word id="word_259">mais</word>
   <word id="word_260">uma</word>
   <word id="word_261">vez</word>
   <word id="word_262">,</word>
   <word id="word_263">que</word>
   <word id="word_264">se</word>
   <word id="word_265">assiste</word>
   <word id="word_266">a</word>
   <word id="word_267">«um</word>
   <word id="word_268">intenso</word>
   <word id="word_269">agravamento</word>
   <word id="word_270">de_</word>
   <word id="word_271">os</word>
   <word id="word_272">problemas</word>
   <word id="word_273">de_</word>
   <word id="word_274">os</word>
   <word id="word_275">trabalhadores</word>
   <word id="word_276">e</word>
   <word id="word_277">outros</word>
   <word id="word_278">sectores</word>
   <word id="word_279">desfavorecidos</word>
   <word id="word_280">de_</word>
   <word id="word_281">a</word>
   <word id="word_282">população»</word>
   <word id="word_283">resultante</word>
   <word id="word_284">,</word>
   <word id="word_285">como</word>
   <word id="word_286">referiu</word>
   <word id="word_287">«da</word>
   <word id="word_288">actuação</word>
   <word id="word_289">de_</word>
   <word id="word_290">o</word>
   <word id="word_291">patronato</word>
   <word id="word_292">e</word>
   <word id="word_293">de_</word>
   <word id="word_294">a</word>
   <word id="word_295">política</word>
   <word id="word_296">de_</word>
   <word id="word_297">o</word>
   <word id="word_298">Governo</word>
   <word id="word_299">apesar</word>
   <word id="word_300">de</word>
   <word id="word_301">a</word>
   <word id="word_302">conjuntura</word>
   <word id="word_303">financeira</word>
   <word id="word_304">permanecer</word>
   <word id="word_305">altamente</word>
   <word id="word_306">favorável»</word>
   <word id="word_307">.</word>
   <word id="word_308">Ainda</word>
   <word id="word_309">segundo</word>
   <word id="word_310">o</word>
   <word id="word_311">presidente</word>
   <word id="word_312">de_</word>
   <word id="word_313">a</word>
   <word id="word_314">Comissão</word>
   <word id="word_315">Executiva</word>
   <word id="word_316">de_</word>
   <word id="word_317">a</word>
   <word id="word_318">CGTP</word>
   <word id="word_319">,</word>
   <word id="word_320">foram</word>
   <word id="word_321">particularmente</word>
   <word id="word_322">salientados</word>
   <word id="word_323">em_</word>
   <word id="word_324">a</word>
   <word id="word_325">reunião</word>
   <word id="word_326">«o</word>
   <word id="word_327">alarmante</word>
   <word id="word_328">crescimento</word>
   <word id="word_329">de_</word>
   <word id="word_330">o</word>
   <word id="word_331">desemprego</word>
   <word id="word_332">e</word>
   <word id="word_333">de_</word>
   <word id="word_334">as</word>
   <word id="word_335">formas</word>
   <word id="word_336">de</word>
   <word id="word_337">trabalho</word>
   <word id="word_338">precário</word>
   <word id="word_339">,</word>
   <word id="word_340">a</word>
   <word id="word_341">intensificação</word>
   <word id="word_342">de_</word>
   <word id="word_343">a</word>
   <word id="word_344">exploração</word>
   <word id="word_345">de_</word>
   <word id="word_346">os</word>
   <word id="word_347">trabalhadores</word>
   <word id="word_348">assim</word>
   <word id="word_349">como</word>
   <word id="word_350">a</word>
   <word id="word_351">impunidade</word>
   <word id="word_352">de_</word>
   <word id="word_353">a</word>
   <word id="word_354">actuação</word>
   <word id="word_355">de_</word>
   <word id="word_356">o</word>
   <word id="word_357">patronato</word>
   <word id="word_358">com</word>
   <word id="word_359">ilegalidades</word>
   <word id="word_360">marcantes</word>
   <word id="word_361">em_</word>
   <word id="word_362">os</word>
   <word id="word_363">domínios</word>
   <word id="word_364">de_</word>
   <word id="word_365">os</word>
   <word id="word_366">salários</word>
   <word id="word_367">em</word>
   <word id="word_368">atraso</word>
   <word id="word_369">,</word>
   <word id="word_370">recrutamento</word>
   <word id="word_371">e</word>
   <word id="word_372">superexploração</word>
   <word id="word_373">de_</word>
   <word id="word_374">a</word>
   <word id="word_375">mão-de-obra</word>
   <word id="word_376">infantil</word>
   <word id="word_377">,</word>
   <word id="word_378">desrespeito</word>
   <word id="word_379">por_</word>
   <word id="word_380">as</word>
   <word id="word_381">convenções</word>
   <word id="word_382">e</word>
   <word id="word_383">direito</word>
   <word id="word_384">de</word>
   <word id="word_385">negociação</word>
   <word id="word_386">colectiva»</word>
   <word id="word_387">.</word>
   <word id="word_388">Para</word>
   <word id="word_389">Carvalho</word>
   <word id="word_390">de_</word>
   <word id="word_391">a</word>
   <word id="word_392">Silva</word>
   <word id="word_393">,</word>
   <word id="word_394">«o</word>
   <word id="word_395">objectivo</word>
   <word id="word_396">de</word>
   <word id="word_397">dinamização</word>
   <word id="word_398">e</word>
   <word id="word_399">modernização</word>
   <word id="word_400">de_</word>
   <word id="word_401">o</word>
   <word id="word_402">aparelho</word>
   <word id="word_403">produtivo</word>
   <word id="word_404">nacional</word>
   <word id="word_405">redundou</word>
   <word id="word_406">em_</word>
   <word id="word_407">um</word>
   <word id="word_408">fracasso</word>
   <word id="word_409">e</word>
   <word id="word_410">isto</word>
   <word id="word_411">associado</word>
   <word id="word_412">a</word>
   <word id="word_413">uma</word>
   <word id="word_414">pertinaz</word>
   <word id="word_415">ofensiva</word>
   <word id="word_416">contra</word>
   <word id="word_417">o</word>
   <word id="word_418">sector</word>
   <word id="word_419">empresarial</word>
   <word id="word_420">de_</word>
   <word id="word_421">o</word>
   <word id="word_422">Estado</word>
   <word id="word_423">e</word>
   <word id="word_424">reforma</word>
   <word id="word_425">agrária»</word>
   <word id="word_426">.</word>
   <word id="word_427">Para</word>
   <word id="word_428">obviar</word>
   <word id="word_429">a</word>
   <word id="word_430">estes</word>
   <word id="word_431">problemas</word>
   <word id="word_432">a</word>
   <word id="word_433">CGTP</word>
   <word id="word_434">considerou</word>
   <word id="word_435">essencial</word>
   <word id="word_436">a</word>
   <word id="word_437">concretização</word>
   <word id="word_438">de_</word>
   <word id="word_439">os</word>
   <word id="word_440">enunciados</word>
   <word id="word_441">em_</word>
   <word id="word_442">a</word>
   <word id="word_443">«Plataforma</word>
   <word id="word_444">Reivindicativa</word>
   <word id="word_445">para</word>
   <word id="word_446">uma</word>
   <word id="word_447">Política</word>
   <word id="word_448">de</word>
   <word id="word_449">Rendimentos»</word>
   <word id="word_450">recentemente</word>
   <word id="word_451">apresentada</word>
   <word id="word_452">por_</word>
   <word id="word_453">a</word>
   <word id="word_454">central</word>
   <word id="word_455">sindical</word>
   <word id="word_456">,</word>
   <word id="word_457">designadamente</word>
   <word id="word_458">para</word>
   <word id="word_459">1987</word>
   <word id="word_460">,</word>
   <word id="word_461">onde</word>
   <word id="word_462">se</word>
   <word id="word_463">previa</word>
   <word id="word_464">a</word>
   <word id="word_465">criação</word>
   <word id="word_466">de</word>
   <word id="word_467">100</word>
   <word id="word_468">mil</word>
   <word id="word_469">postos</word>
   <word id="word_470">de</word>
   <word id="word_471">trabalho</word>
   <word id="word_472">,</word>
   <word id="word_473">aumento</word>
   <word id="word_474">médio</word>
   <word id="word_475">de</word>
   <word id="word_476">21</word>
   <word id="word_477">,</word>
   <word id="word_478">5</word>
   <word id="word_479">por</word>
   <word id="word_480">cento</word>
   <word id="word_481">em_</word>
   <word id="word_482">os</word>
   <word id="word_483">salários</word>
   <word id="word_484">mínimos</word>
   <word id="word_485">,</word>
   <word id="word_486">e</word>
   <word id="word_487">entre</word>
   <word id="word_488">os</word>
   <word id="word_489">19</word>
   <word id="word_490">e</word>
   <word id="word_491">20</word>
   <word id="word_492">por</word>
   <word id="word_493">cento</word>
   <word id="word_494">em_</word>
   <word id="word_495">os</word>
   <word id="word_496">restantes</word>
   <word id="word_497">,</word>
   <word id="word_498">bem</word>
   <word id="word_499">como</word>
   <word id="word_500">o</word>
   <word id="word_501">combate</word>
   <word id="word_502">a_</word>
   <word id="word_503">o</word>
   <word id="word_504">trabalho</word>
   <word id="word_505">clandestino</word>
   <word id="word_506">e</word>
   <word id="word_507">precário</word>
   <word id="word_508">e</word>
   <word id="word_509">eliminação</word>
   <word id="word_510">de_</word>
   <word id="word_511">os</word>
   <word id="word_512">salários</word>
   <word id="word_513">em</word>
   <word id="word_514">atraso</word>
   <word id="word_515">.</word>
</words>
