<?xml version="1.0" encoding="UTF-8"?>
<!DOCTYPE words SYSTEM "words.dtd">
<words>
   <word id="word_1">La</word>
   <word id="word_2">Revista</word>
   <word id="word_3">,</word>
   <word id="word_4">publicação</word>
   <word id="word_5">semanal</word>
   <word id="word_6">espanhola</word>
   <word id="word_7">,</word>
   <word id="word_8">publicou</word>
   <word id="word_9">uma</word>
   <word id="word_10">entrevista</word>
   <word id="word_11">de</word>
   <word id="word_12">quatro</word>
   <word id="word_13">páginas</word>
   <word id="word_14">com</word>
   <word id="word_15">a</word>
   <word id="word_16">mulher</word>
   <word id="word_17">de_</word>
   <word id="word_18">o</word>
   <word id="word_19">Presidente</word>
   <word id="word_20">de_</word>
   <word id="word_21">a</word>
   <word id="word_22">República</word>
   <word id="word_23">,</word>
   <word id="word_24">Mário</word>
   <word id="word_25">Soares</word>
   <word id="word_26">,</word>
   <word id="word_27">onde</word>
   <word id="word_28">se</word>
   <word id="word_29">define</word>
   <word id="word_30">como</word>
   <word id="word_31">«essencialmente</word>
   <word id="word_32">moderada»</word>
   <word id="word_33">.</word>
   <word id="word_34">A</word>
   <word id="word_35">entrevista</word>
   <word id="word_36">é</word>
   <word id="word_37">ilustrada</word>
   <word id="word_38">com</word>
   <word id="word_39">fotografias</word>
   <word id="word_40">de</word>
   <word id="word_41">Maria</word>
   <word id="word_42">Barroso</word>
   <word id="word_43">,</word>
   <word id="word_44">Mário</word>
   <word id="word_45">Soares</word>
   <word id="word_46">,</word>
   <word id="word_47">seus</word>
   <word id="word_48">filhos</word>
   <word id="word_49">e</word>
   <word id="word_50">netos</word>
   <word id="word_51">,</word>
   <word id="word_52">e</word>
   <word id="word_53">classifica</word>
   <word id="word_54">a</word>
   <word id="word_55">mulher</word>
   <word id="word_56">de_</word>
   <word id="word_57">o</word>
   <word id="word_58">Presidente</word>
   <word id="word_59">de_</word>
   <word id="word_60">a</word>
   <word id="word_61">República</word>
   <word id="word_62">como</word>
   <word id="word_63">«uma</word>
   <word id="word_64">apaixonada</word>
   <word id="word_65">de_</word>
   <word id="word_66">a</word>
   <word id="word_67">cultura»</word>
   <word id="word_68">,</word>
   <word id="word_69">que</word>
   <word id="word_70">facilmente</word>
   <word id="word_71">se</word>
   <word id="word_72">encanta</word>
   <word id="word_73">com</word>
   <word id="word_74">as</word>
   <word id="word_75">canções</word>
   <word id="word_76">românticas</word>
   <word id="word_77">.</word>
   <word id="word_78">As</word>
   <word id="word_79">eleições</word>
   <word id="word_80">realizadas</word>
   <word id="word_81">para</word>
   <word id="word_82">os</word>
   <word id="word_83">órgãos</word>
   <word id="word_84">distritais</word>
   <word id="word_85">de_</word>
   <word id="word_86">o</word>
   <word id="word_87">PSD</word>
   <word id="word_88">,</word>
   <word id="word_89">em</word>
   <word id="word_90">Aveiro</word>
   <word id="word_91">,</word>
   <word id="word_92">reconduziram</word>
   <word id="word_93">Silva</word>
   <word id="word_94">Marques</word>
   <word id="word_95">em_</word>
   <word id="word_96">o</word>
   <word id="word_97">cargo</word>
   <word id="word_98">de</word>
   <word id="word_99">presidente</word>
   <word id="word_100">de_</word>
   <word id="word_101">a</word>
   <word id="word_102">Comissão</word>
   <word id="word_103">Política</word>
   <word id="word_104">Distrital</word>
   <word id="word_105">.</word>
   <word id="word_106">Silva</word>
   <word id="word_107">Marques</word>
   <word id="word_108">foi</word>
   <word id="word_109">eleito</word>
   <word id="word_110">com</word>
   <word id="word_111">68</word>
   <word id="word_112">votos</word>
   <word id="word_113">a</word>
   <word id="word_114">favor</word>
   <word id="word_115">,</word>
   <word id="word_116">seis</word>
   <word id="word_117">contra</word>
   <word id="word_118">,</word>
   <word id="word_119">três</word>
   <word id="word_120">brancos</word>
   <word id="word_121">e</word>
   <word id="word_122">um</word>
   <word id="word_123">nulo</word>
   <word id="word_124">.</word>
   <word id="word_125">Para</word>
   <word id="word_126">presidente</word>
   <word id="word_127">de_</word>
   <word id="word_128">a</word>
   <word id="word_129">Mesa</word>
   <word id="word_130">de_</word>
   <word id="word_131">a</word>
   <word id="word_132">Assembleia</word>
   <word id="word_133">Distrital</word>
   <word id="word_134">foi</word>
   <word id="word_135">eleito</word>
   <word id="word_136">Fernando</word>
   <word id="word_137">Mouga</word>
   <word id="word_138">,</word>
   <word id="word_139">com</word>
   <word id="word_140">71</word>
   <word id="word_141">votos</word>
   <word id="word_142">a</word>
   <word id="word_143">favor</word>
   <word id="word_144">,</word>
   <word id="word_145">três</word>
   <word id="word_146">contra</word>
   <word id="word_147">e</word>
   <word id="word_148">quatro</word>
   <word id="word_149">brancos</word>
   <word id="word_150">.</word>
   <word id="word_151">Apenas</word>
   <word id="word_152">uma</word>
   <word id="word_153">lista</word>
   <word id="word_154">se</word>
   <word id="word_155">apresentou</word>
   <word id="word_156">a</word>
   <word id="word_157">estas</word>
   <word id="word_158">eleições</word>
   <word id="word_159">.</word>
   <word id="word_160">A</word>
   <word id="word_161">Comissão</word>
   <word id="word_162">de_</word>
   <word id="word_163">as</word>
   <word id="word_164">comemorações</word>
   <word id="word_165">de_</word>
   <word id="word_166">o</word>
   <word id="word_167">Dia</word>
   <word id="word_168">de</word>
   <word id="word_169">Portugal</word>
   <word id="word_170">em</word>
   <word id="word_171">Joanesburgo</word>
   <word id="word_172">convidou</word>
   <word id="word_173">o</word>
   <word id="word_174">presidente</word>
   <word id="word_175">de_</word>
   <word id="word_176">a</word>
   <word id="word_177">Câmara</word>
   <word id="word_178">Municipal</word>
   <word id="word_179">de</word>
   <word id="word_180">Lisboa</word>
   <word id="word_181">para</word>
   <word id="word_182">presidir</word>
   <word id="word_183">a_</word>
   <word id="word_184">as</word>
   <word id="word_185">cerimónias</word>
   <word id="word_186">de_</word>
   <word id="word_187">o</word>
   <word id="word_188">10</word>
   <word id="word_189">de</word>
   <word id="word_190">Junho</word>
   <word id="word_191">.</word>
   <word id="word_192">Está</word>
   <word id="word_193">igualmente</word>
   <word id="word_194">previsto</word>
   <word id="word_195">que</word>
   <word id="word_196">Nuno</word>
   <word id="word_197">Abecasis</word>
   <word id="word_198">proceda</word>
   <word id="word_199">a_</word>
   <word id="word_200">a</word>
   <word id="word_201">abertura</word>
   <word id="word_202">oficial</word>
   <word id="word_203">de_</word>
   <word id="word_204">a</word>
   <word id="word_205">Rua</word>
   <word id="word_206">de</word>
   <word id="word_207">Lisboa</word>
   <word id="word_208">,</word>
   <word id="word_209">em_</word>
   <word id="word_210">o</word>
   <word id="word_211">Bairro</word>
   <word id="word_212">de</word>
   <word id="word_213">La</word>
   <word id="word_214">Rochelle</word>
   <word id="word_215">,</word>
   <word id="word_216">em</word>
   <word id="word_217">Joanesburgo</word>
   <word id="word_218">,</word>
   <word id="word_219">onde</word>
   <word id="word_220">vivem</word>
   <word id="word_221">milhares</word>
   <word id="word_222">de</word>
   <word id="word_223">portugueses</word>
   <word id="word_224">.</word>
   <word id="word_225">Os</word>
   <word id="word_226">comunistas</word>
   <word id="word_227">açorianos</word>
   <word id="word_228">considerara</word>
   <word id="word_229">que</word>
   <word id="word_230">comemorações</word>
   <word id="word_231">unitárias</word>
   <word id="word_232">de_</word>
   <word id="word_233">o</word>
   <word id="word_234">25</word>
   <word id="word_235">de</word>
   <word id="word_236">Abril</word>
   <word id="word_237">serão</word>
   <word id="word_238">«uma</word>
   <word id="word_239">importante</word>
   <word id="word_240">forma</word>
   <word id="word_241">de</word>
   <word id="word_242">consolidar</word>
   <word id="word_243">a</word>
   <word id="word_244">derrota</word>
   <word id="word_245">de_</word>
   <word id="word_246">a</word>
   <word id="word_247">direita</word>
   <word id="word_248">conseguida</word>
   <word id="word_249">com</word>
   <word id="word_250">a</word>
   <word id="word_251">não</word>
   <word id="word_252">eleição</word>
   <word id="word_253">de</word>
   <word id="word_254">Freitas</word>
   <word id="word_255">de_</word>
   <word id="word_256">o</word>
   <word id="word_257">Amaral</word>
   <word id="word_258">para</word>
   <word id="word_259">Presidente</word>
   <word id="word_260">de_</word>
   <word id="word_261">a</word>
   <word id="word_262">República</word>
   <word id="word_263">.</word>
   <word id="word_264">em_</word>
   <word id="word_265">uma</word>
   <word id="word_266">conferência</word>
   <word id="word_267">de</word>
   <word id="word_268">Imprensa</word>
   <word id="word_269">,</word>
   <word id="word_270">em</word>
   <word id="word_271">Ponta</word>
   <word id="word_272">Delgada</word>
   <word id="word_273">,</word>
   <word id="word_274">a</word>
   <word id="word_275">direcção</word>
   <word id="word_276">de_</word>
   <word id="word_277">o</word>
   <word id="word_278">PCP</word>
   <word id="word_279">de_</word>
   <word id="word_280">os</word>
   <word id="word_281">Açores</word>
   <word id="word_282">contestou</word>
   <word id="word_283">,</word>
   <word id="word_284">também</word>
   <word id="word_285">,</word>
   <word id="word_286">a</word>
   <word id="word_287">posição</word>
   <word id="word_288">assumida</word>
   <word id="word_289">por_</word>
   <word id="word_290">o</word>
   <word id="word_291">PSD</word>
   <word id="word_292">em_</word>
   <word id="word_293">o</word>
   <word id="word_294">Parlamento</word>
   <word id="word_295">regional</word>
   <word id="word_296">,</word>
   <word id="word_297">de</word>
   <word id="word_298">recusa</word>
   <word id="word_299">de</word>
   <word id="word_300">um</word>
   <word id="word_301">voto</word>
   <word id="word_302">de</word>
   <word id="word_303">congratulação</word>
   <word id="word_304">proposto</word>
   <word id="word_305">por_</word>
   <word id="word_306">o</word>
   <word id="word_307">comunistas</word>
   <word id="word_308">sobre</word>
   <word id="word_309">a</word>
   <word id="word_310">passagem</word>
   <word id="word_311">de_</word>
   <word id="word_312">o</word>
   <word id="word_313">próximo</word>
   <word id="word_314">aniversário</word>
   <word id="word_315">de_</word>
   <word id="word_316">a</word>
   <word id="word_317">Revolução</word>
   <word id="word_318">de_</word>
   <word id="word_319">os</word>
   <word id="word_320">Cravos</word>
   <word id="word_321">.</word>
   <word id="word_322">O</word>
   <word id="word_323">Banco</word>
   <word id="word_324">Europeu</word>
   <word id="word_325">de</word>
   <word id="word_326">Investimentos</word>
   <word id="word_327">vai</word>
   <word id="word_328">analisar</word>
   <word id="word_329">a</word>
   <word id="word_330">possibilidade</word>
   <word id="word_331">de</word>
   <word id="word_332">financiar</word>
   <word id="word_333">alguns</word>
   <word id="word_334">de_</word>
   <word id="word_335">os</word>
   <word id="word_336">projectos</word>
   <word id="word_337">apresentados</word>
   <word id="word_338">por_</word>
   <word id="word_339">o</word>
   <word id="word_340">Governo</word>
   <word id="word_341">Regional</word>
   <word id="word_342">de_</word>
   <word id="word_343">a</word>
   <word id="word_344">Madeira</word>
   <word id="word_345">.</word>
   <word id="word_346">Fontes</word>
   <word id="word_347">oficiais</word>
   <word id="word_348">acrescentaram</word>
   <word id="word_349">que</word>
   <word id="word_350">a</word>
   <word id="word_351">visita</word>
   <word id="word_352">oficial</word>
   <word id="word_353">a_</word>
   <word id="word_354">a</word>
   <word id="word_355">Madeira</word>
   <word id="word_356">de</word>
   <word id="word_357">Rex</word>
   <word id="word_358">Speller</word>
   <word id="word_359">,</word>
   <word id="word_360">director</word>
   <word id="word_361">de_</word>
   <word id="word_362">o</word>
   <word id="word_363">BEI</word>
   <word id="word_364">e</word>
   <word id="word_365">responsável</word>
   <word id="word_366">por_</word>
   <word id="word_367">a</word>
   <word id="word_368">cooperação</word>
   <word id="word_369">com</word>
   <word id="word_370">Portugal</word>
   <word id="word_371">,</word>
   <word id="word_372">não</word>
   <word id="word_373">teve</word>
   <word id="word_374">um</word>
   <word id="word_375">carácter</word>
   <word id="word_376">conclusivo</word>
   <word id="word_377">,</word>
   <word id="word_378">destinando</word>
   <word id="word_379">-se</word>
   <word id="word_380">antes</word>
   <word id="word_381">a</word>
   <word id="word_382">permitir</word>
   <word id="word_383">uma</word>
   <word id="word_384">identificação</word>
   <word id="word_385">com</word>
   <word id="word_386">a</word>
   <word id="word_387">realidade</word>
   <word id="word_388">regional</word>
   <word id="word_389">e</word>
   <word id="word_390">um</word>
   <word id="word_391">conhecimento</word>
   <word id="word_392">de_</word>
   <word id="word_393">o</word>
   <word id="word_394">projecto</word>
   <word id="word_395">de_</word>
   <word id="word_396">o</word>
   <word id="word_397">Executivo</word>
   <word id="word_398">local</word>
   <word id="word_399">para</word>
   <word id="word_400">vários</word>
   <word id="word_401">sectores</word>
   <word id="word_402">.</word>
   <word id="word_403">A</word>
   <word id="word_404">Fundação</word>
   <word id="word_405">Portugal</word>
   <word id="word_406">Século</word>
   <word id="word_407">XXI</word>
   <word id="word_408">,</word>
   <word id="word_409">promovida</word>
   <word id="word_410">por</word>
   <word id="word_411">Freitas</word>
   <word id="word_412">de_</word>
   <word id="word_413">o</word>
   <word id="word_414">Amaral</word>
   <word id="word_415">,</word>
   <word id="word_416">arranca</word>
   <word id="word_417">«o</word>
   <word id="word_418">mais</word>
   <word id="word_419">tardar»</word>
   <word id="word_420">em_</word>
   <word id="word_421">o</word>
   <word id="word_422">princípio</word>
   <word id="word_423">de</word>
   <word id="word_424">Abril</word>
   <word id="word_425">,</word>
   <word id="word_426">e</word>
   <word id="word_427">poderá</word>
   <word id="word_428">ter</word>
   <word id="word_429">de</word>
   <word id="word_430">imediato</word>
   <word id="word_431">a</word>
   <word id="word_432">sua</word>
   <word id="word_433">comissão</word>
   <word id="word_434">instaladora</word>
   <word id="word_435">,</word>
   <word id="word_436">disse</word>
   <word id="word_437">José</word>
   <word id="word_438">Ribeiro</word>
   <word id="word_439">e</word>
   <word id="word_440">Castro</word>
   <word id="word_441">.</word>
   <word id="word_442">O</word>
   <word id="word_443">director</word>
   <word id="word_444">executivo</word>
   <word id="word_445">de_</word>
   <word id="word_446">o</word>
   <word id="word_447">extinto</word>
   <word id="word_448">Conselho</word>
   <word id="word_449">Político</word>
   <word id="word_450">de_</word>
   <word id="word_451">a</word>
   <word id="word_452">Candidatura</word>
   <word id="word_453">de</word>
   <word id="word_454">Freitas</word>
   <word id="word_455">de_</word>
   <word id="word_456">o</word>
   <word id="word_457">Amaral</word>
   <word id="word_458">a_</word>
   <word id="word_459">a</word>
   <word id="word_460">Presidência</word>
   <word id="word_461">disse</word>
   <word id="word_462">que</word>
   <word id="word_463">em_</word>
   <word id="word_464">a</word>
   <word id="word_465">antiga</word>
   <word id="word_466">sede</word>
   <word id="word_467">de_</word>
   <word id="word_468">a</word>
   <word id="word_469">candidatura</word>
   <word id="word_470">começaram</word>
   <word id="word_471">já</word>
   <word id="word_472">a</word>
   <word id="word_473">surgir</word>
   <word id="word_474">«contribuições</word>
   <word id="word_475">espontâneas»</word>
   <word id="word_476">para</word>
   <word id="word_477">a</word>
   <word id="word_478">Fundação</word>
   <word id="word_479">.</word>
   <word id="word_480">A</word>
   <word id="word_481">Associação</word>
   <word id="word_482">de</word>
   <word id="word_483">Amizade</word>
   <word id="word_484">Portugal-Portugal</word>
   <word id="word_485">,</word>
   <word id="word_486">cujo</word>
   <word id="word_487">objectivo</word>
   <word id="word_488">é</word>
   <word id="word_489">«estabelecer</word>
   <word id="word_490">e</word>
   <word id="word_491">incentivar</word>
   <word id="word_492">a</word>
   <word id="word_493">amizade</word>
   <word id="word_494">entre</word>
   <word id="word_495">todos</word>
   <word id="word_496">os</word>
   <word id="word_497">portugueses</word>
   <word id="word_498">e</word>
   <word id="word_499">fomentar</word>
   <word id="word_500">a</word>
   <word id="word_501">suas</word>
   <word id="word_502">actividades</word>
   <word id="word_503">culturais»</word>
   <word id="word_504">,</word>
   <word id="word_505">tem</word>
   <word id="word_506">já</word>
   <word id="word_507">existência</word>
   <word id="word_508">legal</word>
   <word id="word_509">.</word>
   <word id="word_510">Com</word>
   <word id="word_511">efeito</word>
   <word id="word_512">,</word>
   <word id="word_513">o</word>
   <word id="word_514">Diário</word>
   <word id="word_515">de_</word>
   <word id="word_516">a</word>
   <word id="word_517">República</word>
   <word id="word_518">acaba</word>
   <word id="word_519">de</word>
   <word id="word_520">publicar</word>
   <word id="word_521">os</word>
   <word id="word_522">respectivos</word>
   <word id="word_523">estatutos</word>
   <word id="word_524">.</word>
</words>
