<?xml version="1.0" encoding="UTF-8"?>
<!DOCTYPE words SYSTEM "words.dtd">
<words>
   <word id="word_1">O</word>
   <word id="word_2">ACIDENTE</word>
   <word id="word_3">em_</word>
   <word id="word_4">a</word>
   <word id="word_5">central</word>
   <word id="word_6">nuclear</word>
   <word id="word_7">soviética</word>
   <word id="word_8">de</word>
   <word id="word_9">Chernobyl</word>
   <word id="word_10">teve</word>
   <word id="word_11">um</word>
   <word id="word_12">impacte</word>
   <word id="word_13">imediato</word>
   <word id="word_14">em_</word>
   <word id="word_15">os</word>
   <word id="word_16">Estados</word>
   <word id="word_17">Unidos</word>
   <word id="word_18">.</word>
   <word id="word_19">a_</word>
   <word id="word_20">o</word>
   <word id="word_21">nível</word>
   <word id="word_22">oficial</word>
   <word id="word_23">,</word>
   <word id="word_24">a</word>
   <word id="word_25">reacção</word>
   <word id="word_26">foi</word>
   <word id="word_27">de</word>
   <word id="word_28">pesar</word>
   <word id="word_29">e</word>
   <word id="word_30">compreensão</word>
   <word id="word_31">,</word>
   <word id="word_32">mas</word>
   <word id="word_33">também</word>
   <word id="word_34">de</word>
   <word id="word_35">indignação</word>
   <word id="word_36">,</word>
   <word id="word_37">por_</word>
   <word id="word_38">o</word>
   <word id="word_39">atraso</word>
   <word id="word_40">de_</word>
   <word id="word_41">a</word>
   <word id="word_42">notificação</word>
   <word id="word_43">de_</word>
   <word id="word_44">o</word>
   <word id="word_45">desastre</word>
   <word id="word_46">por</word>
   <word id="word_47">parte</word>
   <word id="word_48">de_</word>
   <word id="word_49">as</word>
   <word id="word_50">autoridades</word>
   <word id="word_51">soviéticas</word>
   <word id="word_52">.</word>
   <word id="word_53">A</word>
   <word id="word_54">opinião</word>
   <word id="word_55">pública</word>
   <word id="word_56">americana</word>
   <word id="word_57">,</word>
   <word id="word_58">por</word>
   <word id="word_59">seu</word>
   <word id="word_60">lado</word>
   <word id="word_61">,</word>
   <word id="word_62">viu</word>
   <word id="word_63">agravados</word>
   <word id="word_64">os</word>
   <word id="word_65">seus</word>
   <word id="word_66">receios</word>
   <word id="word_67">relativamente</word>
   <word id="word_68">a_</word>
   <word id="word_69">o</word>
   <word id="word_70">nuclear</word>
   <word id="word_71">,</word>
   <word id="word_72">enquanto</word>
   <word id="word_73">que</word>
   <word id="word_74">18</word>
   <word id="word_75">organizações</word>
   <word id="word_76">de</word>
   <word id="word_77">consumidores</word>
   <word id="word_78">,</word>
   <word id="word_79">de</word>
   <word id="word_80">ecologistas</word>
   <word id="word_81">e</word>
   <word id="word_82">de</word>
   <word id="word_83">cientistas</word>
   <word id="word_84">renovaram</word>
   <word id="word_85">um</word>
   <word id="word_86">apelo</word>
   <word id="word_87">para</word>
   <word id="word_88">o</word>
   <word id="word_89">encerramento</word>
   <word id="word_90">gradual</word>
   <word id="word_91">de_</word>
   <word id="word_92">as</word>
   <word id="word_93">101</word>
   <word id="word_94">centrais</word>
   <word id="word_95">em</word>
   <word id="word_96">funcionamento</word>
   <word id="word_97">em</word>
   <word id="word_98">território</word>
   <word id="word_99">norte-americano</word>
   <word id="word_100">.</word>
   <word id="word_101">Aquelas</word>
   <word id="word_102">centrais</word>
   <word id="word_103">atómicas</word>
   <word id="word_104">produzem</word>
   <word id="word_105">,</word>
   <word id="word_106">hoje</word>
   <word id="word_107">em</word>
   <word id="word_108">dia</word>
   <word id="word_109">,</word>
   <word id="word_110">15</word>
   <word id="word_111">por</word>
   <word id="word_112">cento</word>
   <word id="word_113">de_</word>
   <word id="word_114">a</word>
   <word id="word_115">energia</word>
   <word id="word_116">eléctrica</word>
   <word id="word_117">consumida</word>
   <word id="word_118">em_</word>
   <word id="word_119">os</word>
   <word id="word_120">Estados</word>
   <word id="word_121">Unidos</word>
   <word id="word_122">,</word>
   <word id="word_123">estando</word>
   <word id="word_124">em</word>
   <word id="word_125">fase</word>
   <word id="word_126">de</word>
   <word id="word_127">construção</word>
   <word id="word_128">27</word>
   <word id="word_129">outras</word>
   <word id="word_130">.</word>
   <word id="word_131">A</word>
   <word id="word_132">opção</word>
   <word id="word_133">nuclear</word>
   <word id="word_134">,</word>
   <word id="word_135">parece</word>
   <word id="word_136">,</word>
   <word id="word_137">em_</word>
   <word id="word_138">o</word>
   <word id="word_139">entanto</word>
   <word id="word_140">,</word>
   <word id="word_141">estar</word>
   <word id="word_142">a</word>
   <word id="word_143">ser</word>
   <word id="word_144">desacelerada</word>
   <word id="word_145">,</word>
   <word id="word_146">por</word>
   <word id="word_147">razões</word>
   <word id="word_148">que</word>
   <word id="word_149">se</word>
   <word id="word_150">prendem</word>
   <word id="word_151">também</word>
   <word id="word_152">com</word>
   <word id="word_153">factores</word>
   <word id="word_154">de</word>
   <word id="word_155">ordem</word>
   <word id="word_156">económica</word>
   <word id="word_157">.</word>
   <word id="word_158">Vale</word>
   <word id="word_159">a</word>
   <word id="word_160">pena</word>
   <word id="word_161">citar</word>
   <word id="word_162">o</word>
   <word id="word_163">exemplo</word>
   <word id="word_164">de</word>
   <word id="word_165">uma</word>
   <word id="word_166">central</word>
   <word id="word_167">que</word>
   <word id="word_168">tinha</word>
   <word id="word_169">um</word>
   <word id="word_170">custo</word>
   <word id="word_171">inicial</word>
   <word id="word_172">de</word>
   <word id="word_173">600</word>
   <word id="word_174">milhões</word>
   <word id="word_175">de</word>
   <word id="word_176">dólares</word>
   <word id="word_177">e</word>
   <word id="word_178">que</word>
   <word id="word_179">acabará</word>
   <word id="word_180">por</word>
   <word id="word_181">ficar</word>
   <word id="word_182">orçada</word>
   <word id="word_183">em</word>
   <word id="word_184">3000</word>
   <word id="word_185">milhões</word>
   <word id="word_186">.</word>
   <word id="word_187">Segundo</word>
   <word id="word_188">os</word>
   <word id="word_189">peritos</word>
   <word id="word_190">em_</word>
   <word id="word_191">a</word>
   <word id="word_192">matéria</word>
   <word id="word_193">,</word>
   <word id="word_194">o</word>
   <word id="word_195">investimento</word>
   <word id="word_196">em_</word>
   <word id="word_197">esta</word>
   <word id="word_198">fonte</word>
   <word id="word_199">de</word>
   <word id="word_200">energia</word>
   <word id="word_201">é</word>
   <word id="word_202">cada</word>
   <word id="word_203">vez</word>
   <word id="word_204">menos</word>
   <word id="word_205">compensdor</word>
   <word id="word_206">.</word>
   <word id="word_207">Este</word>
   <word id="word_208">panorama</word>
   <word id="word_209">é</word>
   <word id="word_210">agravado</word>
   <word id="word_211">por_</word>
   <word id="word_212">a</word>
   <word id="word_213">recente</word>
   <word id="word_214">baixa</word>
   <word id="word_215">de_</word>
   <word id="word_216">o</word>
   <word id="word_217">preço</word>
   <word id="word_218">de_</word>
   <word id="word_219">o</word>
   <word id="word_220">petróleo</word>
   <word id="word_221">e</word>
   <word id="word_222">por_</word>
   <word id="word_223">a</word>
   <word id="word_224">relativa</word>
   <word id="word_225">popularização</word>
   <word id="word_226">de_</word>
   <word id="word_227">as</word>
   <word id="word_228">energias</word>
   <word id="word_229">alternativas</word>
   <word id="word_230">,</word>
   <word id="word_231">éolica</word>
   <word id="word_232">e</word>
   <word id="word_233">solar</word>
   <word id="word_234">nomeadamente</word>
   <word id="word_235">.</word>
   <word id="word_236">Um</word>
   <word id="word_237">de_</word>
   <word id="word_238">os</word>
   <word id="word_239">efeitos</word>
   <word id="word_240">directos</word>
   <word id="word_241">de_</word>
   <word id="word_242">o</word>
   <word id="word_243">desastre</word>
   <word id="word_244">de</word>
   <word id="word_245">Chernobyl</word>
   <word id="word_246">sentiu</word>
   <word id="word_247">-se</word>
   <word id="word_248">a_</word>
   <word id="word_249">o</word>
   <word id="word_250">nível</word>
   <word id="word_251">de_</word>
   <word id="word_252">a</word>
   <word id="word_253">Bolsa</word>
   <word id="word_254">de</word>
   <word id="word_255">Nova</word>
   <word id="word_256">Iorque</word>
   <word id="word_257">,</word>
   <word id="word_258">onde</word>
   <word id="word_259">as</word>
   <word id="word_260">empresas</word>
   <word id="word_261">de</word>
   <word id="word_262">produção</word>
   <word id="word_263">de</word>
   <word id="word_264">energia</word>
   <word id="word_265">eléctrica</word>
   <word id="word_266">,</word>
   <word id="word_267">com</word>
   <word id="word_268">investimentos</word>
   <word id="word_269">em_</word>
   <word id="word_270">o</word>
   <word id="word_271">sector</word>
   <word id="word_272">nuclear</word>
   <word id="word_273">,</word>
   <word id="word_274">viram</word>
   <word id="word_275">baixar</word>
   <word id="word_276">as</word>
   <word id="word_277">suas</word>
   <word id="word_278">cotações</word>
   <word id="word_279">.</word>
   <word id="word_280">Foi</word>
   <word id="word_281">o</word>
   <word id="word_282">caso</word>
   <word id="word_283">de_</word>
   <word id="word_284">a</word>
   <word id="word_285">Long</word>
   <word id="word_286">Island</word>
   <word id="word_287">Lighting</word>
   <word id="word_288">Company</word>
   <word id="word_289">,</word>
   <word id="word_290">que</word>
   <word id="word_291">perdeu</word>
   <word id="word_292">50</word>
   <word id="word_293">cêntimos</word>
   <word id="word_294">em</word>
   <word id="word_295">cada</word>
   <word id="word_296">acção</word>
   <word id="word_297">.</word>
   <word id="word_298">Também</word>
   <word id="word_299">a</word>
   <word id="word_300">General</word>
   <word id="word_301">Public</word>
   <word id="word_302">Utilities</word>
   <word id="word_303">Corporation</word>
   <word id="word_304">,</word>
   <word id="word_305">cuja</word>
   <word id="word_306">central</word>
   <word id="word_307">nuclear</word>
   <word id="word_308">de</word>
   <word id="word_309">Three</word>
   <word id="word_310">Mile</word>
   <word id="word_311">Island</word>
   <word id="word_312">foi</word>
   <word id="word_313">palco</word>
   <word id="word_314">de</word>
   <word id="word_315">um</word>
   <word id="word_316">acidente</word>
   <word id="word_317">nuclear</word>
   <word id="word_318">,</word>
   <word id="word_319">em</word>
   <word id="word_320">Março</word>
   <word id="word_321">de</word>
   <word id="word_322">1979</word>
   <word id="word_323">,</word>
   <word id="word_324">perdeu</word>
   <word id="word_325">um</word>
   <word id="word_326">dólar</word>
   <word id="word_327">por</word>
   <word id="word_328">cada</word>
   <word id="word_329">acção</word>
   <word id="word_330">em_</word>
   <word id="word_331">a</word>
   <word id="word_332">Bolsa</word>
   <word id="word_333">.</word>
   <word id="word_334">Segundo</word>
   <word id="word_335">um</word>
   <word id="word_336">especialista</word>
   <word id="word_337">de_</word>
   <word id="word_338">a</word>
   <word id="word_339">Bolsa</word>
   <word id="word_340">de</word>
   <word id="word_341">Nova</word>
   <word id="word_342">Iorque</word>
   <word id="word_343">,</word>
   <word id="word_344">o</word>
   <word id="word_345">fenómeno</word>
   <word id="word_346">irá</word>
   <word id="word_347">manter</word>
   <word id="word_348">-se</word>
   <word id="word_349">em_</word>
   <word id="word_350">os</word>
   <word id="word_351">próximos</word>
   <word id="word_352">dias</word>
   <word id="word_353">,</word>
   <word id="word_354">mas</word>
   <word id="word_355">é</word>
   <word id="word_356">sua</word>
   <word id="word_357">convicção</word>
   <word id="word_358">que</word>
   <word id="word_359">as</word>
   <word id="word_360">empresas</word>
   <word id="word_361">em</word>
   <word id="word_362">causa</word>
   <word id="word_363">não</word>
   <word id="word_364">serão</word>
   <word id="word_365">afectadas</word>
   <word id="word_366">,</word>
   <word id="word_367">sob</word>
   <word id="word_368">o</word>
   <word id="word_369">ponto</word>
   <word id="word_370">de</word>
   <word id="word_371">vista</word>
   <word id="word_372">financeiro</word>
   <word id="word_373">.</word>
   <word id="word_374">Fenómeno</word>
   <word id="word_375">inverso</word>
   <word id="word_376">a_</word>
   <word id="word_377">o</word>
   <word id="word_378">de_</word>
   <word id="word_379">a</word>
   <word id="word_380">Bolsa</word>
   <word id="word_381">de</word>
   <word id="word_382">Nova</word>
   <word id="word_383">Iorque</word>
   <word id="word_384">foi</word>
   <word id="word_385">registado</word>
   <word id="word_386">por_</word>
   <word id="word_387">a</word>
   <word id="word_388">Bolsa</word>
   <word id="word_389">de</word>
   <word id="word_390">Chicago</word>
   <word id="word_391">,</word>
   <word id="word_392">onde</word>
   <word id="word_393">os</word>
   <word id="word_394">cereais</word>
   <word id="word_395">subiram</word>
   <word id="word_396">de</word>
   <word id="word_397">cotação</word>
   <word id="word_398">,</word>
   <word id="word_399">prevendo</word>
   <word id="word_400">uma</word>
   <word id="word_401">maior</word>
   <word id="word_402">procura</word>
   <word id="word_403">por</word>
   <word id="word_404">parte</word>
   <word id="word_405">de_</word>
   <word id="word_406">a</word>
   <word id="word_407">URSS</word>
   <word id="word_408">,</word>
   <word id="word_409">em_</word>
   <word id="word_410">a</word>
   <word id="word_411">eventualidade</word>
   <word id="word_412">de_</word>
   <word id="word_413">as</word>
   <word id="word_414">culturas</word>
   <word id="word_415">soviéticas</word>
   <word id="word_416">ficarem</word>
   <word id="word_417">contaminadas</word>
   <word id="word_418">com</word>
   <word id="word_419">radiações</word>
   <word id="word_420">de_</word>
   <word id="word_421">a</word>
   <word id="word_422">central</word>
   <word id="word_423">de</word>
   <word id="word_424">Chernobyl</word>
   <word id="word_425">.</word>
   <word id="word_426">O</word>
   <word id="word_427">caso</word>
   <word id="word_428">Chernobyl</word>
   <word id="word_429">,</word>
   <word id="word_430">cuja</word>
   <word id="word_431">verdadeira</word>
   <word id="word_432">extensão</word>
   <word id="word_433">se</word>
   <word id="word_434">ignora</word>
   <word id="word_435">ainda</word>
   <word id="word_436">,</word>
   <word id="word_437">serviu</word>
   <word id="word_438">também</word>
   <word id="word_439">para</word>
   <word id="word_440">reforçar</word>
   <word id="word_441">as</word>
   <word id="word_442">posições</word>
   <word id="word_443">que</word>
   <word id="word_444">a_</word>
   <word id="word_445">o</word>
   <word id="word_446">longo</word>
   <word id="word_447">de_</word>
   <word id="word_448">os</word>
   <word id="word_449">anos</word>
   <word id="word_450">têm</word>
   <word id="word_451">vindo</word>
   <word id="word_452">a</word>
   <word id="word_453">ser</word>
   <word id="word_454">assumidas</word>
   <word id="word_455">por_</word>
   <word id="word_456">os</word>
   <word id="word_457">movimentos</word>
   <word id="word_458">antinucleares</word>
   <word id="word_459">,</word>
   <word id="word_460">que</word>
   <word id="word_461">são</word>
   <word id="word_462">extremamente</word>
   <word id="word_463">activos</word>
   <word id="word_464">e</word>
   <word id="word_465">influentes</word>
   <word id="word_466">em_</word>
   <word id="word_467">os</word>
   <word id="word_468">Estados</word>
   <word id="word_469">Unidos</word>
   <word id="word_470">.</word>
   <word id="word_471">Muito</word>
   <word id="word_472">embora</word>
   <word id="word_473">os</word>
   <word id="word_474">reactores</word>
   <word id="word_475">utilizados</word>
   <word id="word_476">em_</word>
   <word id="word_477">os</word>
   <word id="word_478">Estados</word>
   <word id="word_479">Unidos</word>
   <word id="word_480">sejam</word>
   <word id="word_481">de</word>
   <word id="word_482">uma</word>
   <word id="word_483">concepção</word>
   <word id="word_484">técnica</word>
   <word id="word_485">diferente</word>
   <word id="word_486">dados</word>
   <word id="word_487">utilizados</word>
   <word id="word_488">em_</word>
   <word id="word_489">a</word>
   <word id="word_490">União</word>
   <word id="word_491">Soviética</word>
   <word id="word_492">,</word>
   <word id="word_493">e</word>
   <word id="word_494">alegadamente</word>
   <word id="word_495">mais</word>
   <word id="word_496">seguros</word>
   <word id="word_497">,</word>
   <word id="word_498">existem</word>
   <word id="word_499">cinco</word>
   <word id="word_500">centros</word>
   <word id="word_501">de</word>
   <word id="word_502">processamento</word>
   <word id="word_503">de</word>
   <word id="word_504">plutónio</word>
   <word id="word_505">,</word>
   <word id="word_506">todos</word>
   <word id="word_507">propriedade</word>
   <word id="word_508">de_</word>
   <word id="word_509">o</word>
   <word id="word_510">Estado</word>
   <word id="word_511">,</word>
   <word id="word_512">que</word>
   <word id="word_513">não</word>
   <word id="word_514">dispõem</word>
   <word id="word_515">de</word>
   <word id="word_516">revestimento</word>
   <word id="word_517">suplementar</word>
   <word id="word_518">de</word>
   <word id="word_519">segurança</word>
   <word id="word_520">,</word>
   <word id="word_521">a_</word>
   <word id="word_522">a</word>
   <word id="word_523">semelhança</word>
   <word id="word_524">de_</word>
   <word id="word_525">o</word>
   <word id="word_526">que</word>
   <word id="word_527">acontecia</word>
   <word id="word_528">em_</word>
   <word id="word_529">a</word>
   <word id="word_530">central</word>
   <word id="word_531">de</word>
   <word id="word_532">Chernobyl</word>
   <word id="word_533">.</word>
   <word id="word_534">Serão</word>
   <word id="word_535">,</word>
   <word id="word_536">sobretudo</word>
   <word id="word_537">,</word>
   <word id="word_538">estas</word>
   <word id="word_539">instalações</word>
   <word id="word_540">que</word>
   <word id="word_541">estarão</word>
   <word id="word_542">em_</word>
   <word id="word_543">a</word>
   <word id="word_544">mira</word>
   <word id="word_545">de_</word>
   <word id="word_546">os</word>
   <word id="word_547">que</word>
   <word id="word_548">contestam</word>
   <word id="word_549">o</word>
   <word id="word_550">nuclear</word>
   <word id="word_551">,</word>
   <word id="word_552">muito</word>
   <word id="word_553">embora</word>
   <word id="word_554">haja</word>
   <word id="word_555">quem</word>
   <word id="word_556">afirme</word>
   <word id="word_557">que</word>
   <word id="word_558">ainda</word>
   <word id="word_559">estamos</word>
   <word id="word_560">hoje</word>
   <word id="word_561">em_</word>
   <word id="word_562">os</word>
   <word id="word_563">primórdios</word>
   <word id="word_564">de_</word>
   <word id="word_565">a</word>
   <word id="word_566">era</word>
   <word id="word_567">atómica</word>
   <word id="word_568">,</word>
   <word id="word_569">havendo</word>
   <word id="word_570">que</word>
   <word id="word_571">vencer</word>
   <word id="word_572">os</word>
   <word id="word_573">mesmos</word>
   <word id="word_574">receios</word>
   <word id="word_575">que</word>
   <word id="word_576">quase</word>
   <word id="word_577">fizeram</word>
   <word id="word_578">apagar</word>
   <word id="word_579">a</word>
   <word id="word_580">lâmpada</word>
   <word id="word_581">de</word>
   <word id="word_582">Edison</word>
   <word id="word_583">,</word>
   <word id="word_584">após</word>
   <word id="word_585">a</word>
   <word id="word_586">sua</word>
   <word id="word_587">invenção</word>
   <word id="word_588">,</word>
   <word id="word_589">em</word>
   <word id="word_590">1879</word>
   <word id="word_591">.</word>
</words>
