<?xml version="1.0" encoding="UTF-8"?>
<!DOCTYPE words SYSTEM "words.dtd">
<words>
   <word id="word_1">OS</word>
   <word id="word_2">RESULTADOS</word>
   <word id="word_3">provisórios</word>
   <word id="word_4">de_</word>
   <word id="word_5">as</word>
   <word id="word_6">eleições</word>
   <word id="word_7">de_</word>
   <word id="word_8">o</word>
   <word id="word_9">Sindicato</word>
   <word id="word_10">de_</word>
   <word id="word_11">os</word>
   <word id="word_12">Trabalhadores</word>
   <word id="word_13">de</word>
   <word id="word_14">Escritório</word>
   <word id="word_15">,</word>
   <word id="word_16">Comércio</word>
   <word id="word_17">e</word>
   <word id="word_18">Serviços</word>
   <word id="word_19">(</word>
   <word id="word_20">Sitese-UGT</word>
   <word id="word_21">)</word>
   <word id="word_22">,</word>
   <word id="word_23">que</word>
   <word id="word_24">decorreram</word>
   <word id="word_25">em_</word>
   <word id="word_26">a</word>
   <word id="word_27">quinta-feira</word>
   <word id="word_28">,</word>
   <word id="word_29">conferiram</word>
   <word id="word_30">a_</word>
   <word id="word_31">a</word>
   <word id="word_32">única</word>
   <word id="word_33">lista</word>
   <word id="word_34">concorrente</word>
   <word id="word_35">uma</word>
   <word id="word_36">percentagem</word>
   <word id="word_37">de</word>
   <word id="word_38">88</word>
   <word id="word_39">por</word>
   <word id="word_40">cento</word>
   <word id="word_41">de_</word>
   <word id="word_42">os</word>
   <word id="word_43">votos</word>
   <word id="word_44">.</word>
   <word id="word_45">Embora</word>
   <word id="word_46">os</word>
   <word id="word_47">resultados</word>
   <word id="word_48">definitivos</word>
   <word id="word_49">só</word>
   <word id="word_50">estejam</word>
   <word id="word_51">apurados</word>
   <word id="word_52">em_</word>
   <word id="word_53">o</word>
   <word id="word_54">final</word>
   <word id="word_55">de_</word>
   <word id="word_56">a</word>
   <word id="word_57">próxima</word>
   <word id="word_58">semana</word>
   <word id="word_59">,</word>
   <word id="word_60">uma</word>
   <word id="word_61">fonte</word>
   <word id="word_62">sindical</word>
   <word id="word_63">indicou</word>
   <word id="word_64">que</word>
   <word id="word_65">de_</word>
   <word id="word_66">os</word>
   <word id="word_67">6577</word>
   <word id="word_68">votantes</word>
   <word id="word_69">apurados</word>
   <word id="word_70">até</word>
   <word id="word_71">a_</word>
   <word id="word_72">o</word>
   <word id="word_73">momento</word>
   <word id="word_74">,</word>
   <word id="word_75">5850</word>
   <word id="word_76">expressaram</word>
   <word id="word_77">-se</word>
   <word id="word_78">a</word>
   <word id="word_79">favor</word>
   <word id="word_80">de_</word>
   <word id="word_81">a</word>
   <word id="word_82">lista</word>
   <word id="word_83">A</word>
   <word id="word_84">,</word>
   <word id="word_85">tendo</word>
   <word id="word_86">-se</word>
   <word id="word_87">ainda</word>
   <word id="word_88">registado</word>
   <word id="word_89">954</word>
   <word id="word_90">votos</word>
   <word id="word_91">brancos</word>
   <word id="word_92">e</word>
   <word id="word_93">233</word>
   <word id="word_94">nulos</word>
   <word id="word_95">.</word>
   <word id="word_96">Para</word>
   <word id="word_97">alguns</word>
   <word id="word_98">sectores</word>
   <word id="word_99">de_</word>
   <word id="word_100">o</word>
   <word id="word_101">Sitese</word>
   <word id="word_102">,</word>
   <word id="word_103">os</word>
   <word id="word_104">números</word>
   <word id="word_105">agora</word>
   <word id="word_106">apurados</word>
   <word id="word_107">permitem</word>
   <word id="word_108">afirmar</word>
   <word id="word_109">que</word>
   <word id="word_110">os</word>
   <word id="word_111">corpos</word>
   <word id="word_112">gerentes</word>
   <word id="word_113">que</word>
   <word id="word_114">emanam</word>
   <word id="word_115">de_</word>
   <word id="word_116">estas</word>
   <word id="word_117">eleições</word>
   <word id="word_118">registam</word>
   <word id="word_119">o</word>
   <word id="word_120">maior</word>
   <word id="word_121">apoio</word>
   <word id="word_122">conferido</word>
   <word id="word_123">por_</word>
   <word id="word_124">os</word>
   <word id="word_125">sócios</word>
   <word id="word_126">a</word>
   <word id="word_127">uma</word>
   <word id="word_128">direcção</word>
   <word id="word_129">de_</word>
   <word id="word_130">o</word>
   <word id="word_131">Sindicato</word>
   <word id="word_132">desde</word>
   <word id="word_133">1976</word>
   <word id="word_134">.</word>
   <word id="word_135">Em_</word>
   <word id="word_136">o</word>
   <word id="word_137">entanto</word>
   <word id="word_138">,</word>
   <word id="word_139">para</word>
   <word id="word_140">o</word>
   <word id="word_141">presidente</word>
   <word id="word_142">de_</word>
   <word id="word_143">a</word>
   <word id="word_144">mesa</word>
   <word id="word_145">de_</word>
   <word id="word_146">a</word>
   <word id="word_147">Assembleia</word>
   <word id="word_148">,</word>
   <word id="word_149">contactado</word>
   <word id="word_150">por_</word>
   <word id="word_151">o</word>
   <word id="word_152">DN</word>
   <word id="word_153">,</word>
   <word id="word_154">a</word>
   <word id="word_155">adesão</word>
   <word id="word_156">a_</word>
   <word id="word_157">o</word>
   <word id="word_158">acto</word>
   <word id="word_159">eleitoral</word>
   <word id="word_160">situa</word>
   <word id="word_161">-se</word>
   <word id="word_162">em</word>
   <word id="word_163">níveis</word>
   <word id="word_164">«próximos</word>
   <word id="word_165">de_</word>
   <word id="word_166">a</word>
   <word id="word_167">última</word>
   <word id="word_168">eleição</word>
   <word id="word_169">de</word>
   <word id="word_170">1983»</word>
   <word id="word_171">.</word>
   <word id="word_172">Às</word>
   <word id="word_173">eleições</word>
   <word id="word_174">de_</word>
   <word id="word_175">o</word>
   <word id="word_176">Sindicato</word>
   <word id="word_177">de_</word>
   <word id="word_178">os</word>
   <word id="word_179">Trabalhadores</word>
   <word id="word_180">de</word>
   <word id="word_181">Escritório</word>
   <word id="word_182">,</word>
   <word id="word_183">Comércio</word>
   <word id="word_184">e</word>
   <word id="word_185">Serviços</word>
   <word id="word_186">,</word>
   <word id="word_187">que</word>
   <word id="word_188">detém</word>
   <word id="word_189">40</word>
   <word id="word_190">mil</word>
   <word id="word_191">filiados</word>
   <word id="word_192">,</word>
   <word id="word_193">distribuídos</word>
   <word id="word_194">por</word>
   <word id="word_195">207</word>
   <word id="word_196">mesas</word>
   <word id="word_197">de</word>
   <word id="word_198">voto</word>
   <word id="word_199">em</word>
   <word id="word_200">todo</word>
   <word id="word_201">o</word>
   <word id="word_202">País</word>
   <word id="word_203">,</word>
   <word id="word_204">concorreu</word>
   <word id="word_205">apenas</word>
   <word id="word_206">uma</word>
   <word id="word_207">lista</word>
   <word id="word_208">,</word>
   <word id="word_209">encabeçada</word>
   <word id="word_210">por_</word>
   <word id="word_211">o</word>
   <word id="word_212">presidente</word>
   <word id="word_213">em</word>
   <word id="word_214">exercício</word>
   <word id="word_215">,</word>
   <word id="word_216">Luís</word>
   <word id="word_217">Covas</word>
   <word id="word_218">.</word>
   <word id="word_219">O</word>
   <word id="word_220">aspecto</word>
   <word id="word_221">dominante</word>
   <word id="word_222">de_</word>
   <word id="word_223">estas</word>
   <word id="word_224">eleições</word>
   <word id="word_225">foi</word>
   <word id="word_226">,</word>
   <word id="word_227">em_</word>
   <word id="word_228">o</word>
   <word id="word_229">entanto</word>
   <word id="word_230">,</word>
   <word id="word_231">o</word>
   <word id="word_232">aviso</word>
   <word id="word_233">prévio</word>
   <word id="word_234">por</word>
   <word id="word_235">parte</word>
   <word id="word_236">de_</word>
   <word id="word_237">os</word>
   <word id="word_238">trabalhadores</word>
   <word id="word_239">sociais-democratas</word>
   <word id="word_240">(</word>
   <word id="word_241">TSD</word>
   <word id="word_242">)</word>
   <word id="word_243">de_</word>
   <word id="word_244">aquele</word>
   <word id="word_245">Sindicato</word>
   <word id="word_246">,</word>
   <word id="word_247">que</word>
   <word id="word_248">apelaram</word>
   <word id="word_249">a_</word>
   <word id="word_250">a</word>
   <word id="word_251">não</word>
   <word id="word_252">participação</word>
   <word id="word_253">de_</word>
   <word id="word_254">os</word>
   <word id="word_255">seus</word>
   <word id="word_256">filiados</word>
   <word id="word_257">em_</word>
   <word id="word_258">o</word>
   <word id="word_259">acto</word>
   <word id="word_260">eleitoral</word>
   <word id="word_261">,</word>
   <word id="word_262">e</word>
   <word id="word_263">a_</word>
   <word id="word_264">a</word>
   <word id="word_265">cessação</word>
   <word id="word_266">de_</word>
   <word id="word_267">o</word>
   <word id="word_268">pagamento</word>
   <word id="word_269">de_</word>
   <word id="word_270">as</word>
   <word id="word_271">quotas</word>
   <word id="word_272">a_</word>
   <word id="word_273">o</word>
   <word id="word_274">Sindicato</word>
   <word id="word_275">.</word>
   <word id="word_276">Em</word>
   <word id="word_277">conferência</word>
   <word id="word_278">de</word>
   <word id="word_279">Imprensa</word>
   <word id="word_280">,</word>
   <word id="word_281">alguns</word>
   <word id="word_282">membros</word>
   <word id="word_283">de_</word>
   <word id="word_284">os</word>
   <word id="word_285">TSD</word>
   <word id="word_286">manifestaram</word>
   <word id="word_287">ainda</word>
   <word id="word_288">a</word>
   <word id="word_289">intenção</word>
   <word id="word_290">de</word>
   <word id="word_291">mobilizar</word>
   <word id="word_292">os</word>
   <word id="word_293">trabalhadores</word>
   <word id="word_294">em_</word>
   <word id="word_295">a</word>
   <word id="word_296">procura</word>
   <word id="word_297">de</word>
   <word id="word_298">uma</word>
   <word id="word_299">solução</word>
   <word id="word_300">alternativa</word>
   <word id="word_301">a_</word>
   <word id="word_302">o</word>
   <word id="word_303">Sitese</word>
   <word id="word_304">,</word>
   <word id="word_305">que</word>
   <word id="word_306">,</word>
   <word id="word_307">em_</word>
   <word id="word_308">a</word>
   <word id="word_309">sua</word>
   <word id="word_310">opinião</word>
   <word id="word_311">se</word>
   <word id="word_312">tem</word>
   <word id="word_313">transformado</word>
   <word id="word_314">«num</word>
   <word id="word_315">centro</word>
   <word id="word_316">de</word>
   <word id="word_317">trabalho</word>
   <word id="word_318">de_</word>
   <word id="word_319">o</word>
   <word id="word_320">Partido</word>
   <word id="word_321">Socialista»</word>
   <word id="word_322">.</word>
   <word id="word_323">Depois</word>
   <word id="word_324">de</word>
   <word id="word_325">alguns</word>
   <word id="word_326">desmentidos</word>
   <word id="word_327">por</word>
   <word id="word_328">parte</word>
   <word id="word_329">de_</word>
   <word id="word_330">os</word>
   <word id="word_331">órgãos</word>
   <word id="word_332">dirigentes</word>
   <word id="word_333">de_</word>
   <word id="word_334">o</word>
   <word id="word_335">Sitese</word>
   <word id="word_336">e</word>
   <word id="word_337">mesmo</word>
   <word id="word_338">de</word>
   <word id="word_339">trabalhadores</word>
   <word id="word_340">de</word>
   <word id="word_341">tendência</word>
   <word id="word_342">social-democrata</word>
   <word id="word_343">,</word>
   <word id="word_344">as</word>
   <word id="word_345">eleições</word>
   <word id="word_346">de</word>
   <word id="word_347">quinta-feira</word>
   <word id="word_348">decorreram</word>
   <word id="word_349">,</word>
   <word id="word_350">segundo</word>
   <word id="word_351">fonte</word>
   <word id="word_352">sindical</word>
   <word id="word_353">,</word>
   <word id="word_354">sem</word>
   <word id="word_355">que</word>
   <word id="word_356">se</word>
   <word id="word_357">tivessem</word>
   <word id="word_358">feito</word>
   <word id="word_359">sentir</word>
   <word id="word_360">os</word>
   <word id="word_361">efeitos</word>
   <word id="word_362">de_</word>
   <word id="word_363">o</word>
   <word id="word_364">apelo</word>
   <word id="word_365">de_</word>
   <word id="word_366">os</word>
   <word id="word_367">TSD</word>
   <word id="word_368">.</word>
   <word id="word_369">«Nem</word>
   <word id="word_370">todos</word>
   <word id="word_371">os</word>
   <word id="word_372">TSD</word>
   <word id="word_373">aceitaram</word>
   <word id="word_374">a</word>
   <word id="word_375">posição</word>
   <word id="word_376">de</word>
   <word id="word_377">desmobilização»</word>
   <word id="word_378">,</word>
   <word id="word_379">acrescentou</word>
   <word id="word_380">o</word>
   <word id="word_381">dirigente</word>
   <word id="word_382">de_</word>
   <word id="word_383">o</word>
   <word id="word_384">Sitese</word>
   <word id="word_385">,</word>
   <word id="word_386">adiantando</word>
   <word id="word_387">que</word>
   <word id="word_388">,</word>
   <word id="word_389">em</word>
   <word id="word_390">algumas</word>
   <word id="word_391">empresas</word>
   <word id="word_392">,</word>
   <word id="word_393">«pessoas</word>
   <word id="word_394">de</word>
   <word id="word_395">tendência</word>
   <word id="word_396">comunista</word>
   <word id="word_397">votaram</word>
   <word id="word_398">em_</word>
   <word id="word_399">a</word>
   <word id="word_400">lista</word>
   <word id="word_401">A»</word>
   <word id="word_402">.</word>
   <word id="word_403">Em</word>
   <word id="word_404">comunicado</word>
   <word id="word_405">ontem</word>
   <word id="word_406">distribuído</word>
   <word id="word_407">,</word>
   <word id="word_408">o</word>
   <word id="word_409">presidente</word>
   <word id="word_410">de_</word>
   <word id="word_411">o</word>
   <word id="word_412">Sitese</word>
   <word id="word_413">,</word>
   <word id="word_414">Luís</word>
   <word id="word_415">Covas</word>
   <word id="word_416">,</word>
   <word id="word_417">considera</word>
   <word id="word_418">que</word>
   <word id="word_419">«os</word>
   <word id="word_420">números</word>
   <word id="word_421">provisórios</word>
   <word id="word_422">de_</word>
   <word id="word_423">o</word>
   <word id="word_424">acto</word>
   <word id="word_425">eleitoral»</word>
   <word id="word_426">permitem</word>
   <word id="word_427">concluir</word>
   <word id="word_428">que</word>
   <word id="word_429">a</word>
   <word id="word_430">lista</word>
   <word id="word_431">A</word>
   <word id="word_432">é</word>
   <word id="word_433">aquela</word>
   <word id="word_434">que</word>
   <word id="word_435">«no</word>
   <word id="word_436">sindicalismo</word>
   <word id="word_437">português</word>
   <word id="word_438">conta</word>
   <word id="word_439">com</word>
   <word id="word_440">maior</word>
   <word id="word_441">número</word>
   <word id="word_442">de</word>
   <word id="word_443">apoiantes»</word>
   <word id="word_444">.</word>
   <word id="word_445">«Ficou</word>
   <word id="word_446">demonstrado</word>
   <word id="word_447">:</word>
   <word id="word_448">os</word>
   <word id="word_449">dirigentes</word>
   <word id="word_450">TSD</word>
   <word id="word_451">foram</word>
   <word id="word_452">derrotados</word>
   <word id="word_453">em_</word>
   <word id="word_454">a</word>
   <word id="word_455">sua</word>
   <word id="word_456">tentativa</word>
   <word id="word_457">de</word>
   <word id="word_458">destruir</word>
   <word id="word_459">o</word>
   <word id="word_460">Sitese»</word>
   <word id="word_461">,</word>
   <word id="word_462">prossegue</word>
   <word id="word_463">Luís</word>
   <word id="word_464">Covas</word>
   <word id="word_465">,</word>
   <word id="word_466">para</word>
   <word id="word_467">quem</word>
   <word id="word_468">os</word>
   <word id="word_469">sócios</word>
   <word id="word_470">de_</word>
   <word id="word_471">o</word>
   <word id="word_472">Sindicato</word>
   <word id="word_473">«defenderam</word>
   <word id="word_474">com</word>
   <word id="word_475">o</word>
   <word id="word_476">seu</word>
   <word id="word_477">voto</word>
   <word id="word_478">o</word>
   <word id="word_479">organismo</word>
   <word id="word_480">sindical</word>
   <word id="word_481">a</word>
   <word id="word_482">que</word>
   <word id="word_483">pertencem»</word>
   <word id="word_484">,</word>
   <word id="word_485">repudiando</word>
   <word id="word_486">«todas</word>
   <word id="word_487">as</word>
   <word id="word_488">manobras</word>
   <word id="word_489">tendentes</word>
   <word id="word_490">a</word>
   <word id="word_491">enfraquecê#</word>
   <word id="word_492">-lo</word>
   <word id="word_493">e</word>
   <word id="word_494">a</word>
   <word id="word_495">retirar</word>
   <word id="word_496">o</word>
   <word id="word_497">poder</word>
   <word id="word_498">de</word>
   <word id="word_499">luta</word>
   <word id="word_500">a_</word>
   <word id="word_501">os</word>
   <word id="word_502">trabalhadores</word>
   <word id="word_503">portugueses»</word>
   <word id="word_504">.</word>
   <word id="word_505">Recorde</word>
   <word id="word_506">-se</word>
   <word id="word_507">que</word>
   <word id="word_508">o</word>
   <word id="word_509">Sitese</word>
   <word id="word_510">,</word>
   <word id="word_511">que</word>
   <word id="word_512">constitui</word>
   <word id="word_513">o</word>
   <word id="word_514">maior</word>
   <word id="word_515">sindicato</word>
   <word id="word_516">afecto</word>
   <word id="word_517">a_</word>
   <word id="word_518">a</word>
   <word id="word_519">UGT</word>
   <word id="word_520">,</word>
   <word id="word_521">foi</word>
   <word id="word_522">dirigido</word>
   <word id="word_523">em_</word>
   <word id="word_524">os</word>
   <word id="word_525">últimos</word>
   <word id="word_526">anos</word>
   <word id="word_527">por</word>
   <word id="word_528">um</word>
   <word id="word_529">de_</word>
   <word id="word_530">os</word>
   <word id="word_531">mais</word>
   <word id="word_532">prestigiados</word>
   <word id="word_533">sindicalistas</word>
   <word id="word_534">de_</word>
   <word id="word_535">aquela</word>
   <word id="word_536">central</word>
   <word id="word_537">,</word>
   <word id="word_538">António</word>
   <word id="word_539">Janeiro</word>
   <word id="word_540">,</word>
   <word id="word_541">falecido</word>
   <word id="word_542">este</word>
   <word id="word_543">ano</word>
   <word id="word_544">.</word>
</words>
