<?xml version="1.0" encoding="UTF-8"?>
<!DOCTYPE words SYSTEM "words.dtd">
<words>
   <word id="word_1">EM</word>
   <word id="word_2">SESSÃO</word>
   <word id="word_3">SECRETA</word>
   <word id="word_4">realizada</word>
   <word id="word_5">em_</word>
   <word id="word_6">a</word>
   <word id="word_7">Auditoria</word>
   <word id="word_8">Militar</word>
   <word id="word_9">Federal</word>
   <word id="word_10">,</word>
   <word id="word_11">em</word>
   <word id="word_12">São</word>
   <word id="word_13">Paulo</word>
   <word id="word_14">,</word>
   <word id="word_15">foi</word>
   <word id="word_16">declarado</word>
   <word id="word_17">nulo</word>
   <word id="word_18">o</word>
   <word id="word_19">processo</word>
   <word id="word_20">contra</word>
   <word id="word_21">os</word>
   <word id="word_22">66</word>
   <word id="word_23">membros</word>
   <word id="word_24">de_</word>
   <word id="word_25">o</word>
   <word id="word_26">Partido</word>
   <word id="word_27">Comunista</word>
   <word id="word_28">Brasileiro</word>
   <word id="word_29">(</word>
   <word id="word_30">PCB</word>
   <word id="word_31">)</word>
   <word id="word_32">que</word>
   <word id="word_33">,</word>
   <word id="word_34">em</word>
   <word id="word_35">1982</word>
   <word id="word_36">,</word>
   <word id="word_37">tentaram</word>
   <word id="word_38">realizar</word>
   <word id="word_39">o</word>
   <word id="word_40">VII</word>
   <word id="word_41">Congresso</word>
   <word id="word_42">Nacional</word>
   <word id="word_43">de_</word>
   <word id="word_44">a</word>
   <word id="word_45">organização</word>
   <word id="word_46">.</word>
   <word id="word_47">A</word>
   <word id="word_48">sessão</word>
   <word id="word_49">foi</word>
   <word id="word_50">realizada</word>
   <word id="word_51">sem</word>
   <word id="word_52">a</word>
   <word id="word_53">participação</word>
   <word id="word_54">de_</word>
   <word id="word_55">os</word>
   <word id="word_56">acusados</word>
   <word id="word_57">ou</word>
   <word id="word_58">de</word>
   <word id="word_59">seus</word>
   <word id="word_60">advogados</word>
   <word id="word_61">.</word>
   <word id="word_62">A</word>
   <word id="word_63">decisão</word>
   <word id="word_64">baseou</word>
   <word id="word_65">-se</word>
   <word id="word_66">em_</word>
   <word id="word_67">a</word>
   <word id="word_68">emenda</word>
   <word id="word_69">constitucional</word>
   <word id="word_70">número</word>
   <word id="word_71">25</word>
   <word id="word_72">,</word>
   <word id="word_73">de</word>
   <word id="word_74">1985</word>
   <word id="word_75">,</word>
   <word id="word_76">que</word>
   <word id="word_77">assegura</word>
   <word id="word_78">o</word>
   <word id="word_79">direito</word>
   <word id="word_80">de_</word>
   <word id="word_81">os</word>
   <word id="word_82">comunistas</word>
   <word id="word_83">se</word>
   <word id="word_84">organizarem</word>
   <word id="word_85">em</word>
   <word id="word_86">partidos</word>
   <word id="word_87">.</word>
   <word id="word_88">O</word>
   <word id="word_89">vereador</word>
   <word id="word_90">brasileiro</word>
   <word id="word_91">Luís</word>
   <word id="word_92">Tenório</word>
   <word id="word_93">de</word>
   <word id="word_94">Lima</word>
   <word id="word_95">,</word>
   <word id="word_96">líder</word>
   <word id="word_97">de_</word>
   <word id="word_98">a</word>
   <word id="word_99">bancada</word>
   <word id="word_100">de_</word>
   <word id="word_101">o</word>
   <word id="word_102">PCB</word>
   <word id="word_103">em_</word>
   <word id="word_104">a</word>
   <word id="word_105">Câmara</word>
   <word id="word_106">e</word>
   <word id="word_107">um</word>
   <word id="word_108">de_</word>
   <word id="word_109">os</word>
   <word id="word_110">envolvidos</word>
   <word id="word_111">em_</word>
   <word id="word_112">o</word>
   <word id="word_113">processo</word>
   <word id="word_114">,</word>
   <word id="word_115">disse</word>
   <word id="word_116">que</word>
   <word id="word_117">o</word>
   <word id="word_118">resultado</word>
   <word id="word_119">de_</word>
   <word id="word_120">o</word>
   <word id="word_121">julgamento</word>
   <word id="word_122">é</word>
   <word id="word_123">compatível</word>
   <word id="word_124">com</word>
   <word id="word_125">o</word>
   <word id="word_126">momento</word>
   <word id="word_127">democrático</word>
   <word id="word_128">que</word>
   <word id="word_129">vive</word>
   <word id="word_130">o</word>
   <word id="word_131">país</word>
   <word id="word_132">.</word>
   <word id="word_133">«Considero»</word>
   <word id="word_134">,</word>
   <word id="word_135">acrescentou</word>
   <word id="word_136">,</word>
   <word id="word_137">«que</word>
   <word id="word_138">o</word>
   <word id="word_139">conselho</word>
   <word id="word_140">agiu</word>
   <word id="word_141">de</word>
   <word id="word_142">acordo</word>
   <word id="word_143">com</word>
   <word id="word_144">a</word>
   <word id="word_145">lei</word>
   <word id="word_146">e</word>
   <word id="word_147">não</word>
   <word id="word_148">poderia</word>
   <word id="word_149">prosseguir</word>
   <word id="word_150">um</word>
   <word id="word_151">processo</word>
   <word id="word_152">inaceitável</word>
   <word id="word_153">,</word>
   <word id="word_154">já</word>
   <word id="word_155">que</word>
   <word id="word_156">hoje</word>
   <word id="word_157">não</word>
   <word id="word_158">existe</word>
   <word id="word_159">em_</word>
   <word id="word_160">o</word>
   <word id="word_161">país</word>
   <word id="word_162">um</word>
   <word id="word_163">clima</word>
   <word id="word_164">justificativo</word>
   <word id="word_165">desse</word>
   <word id="word_166">tipo</word>
   <word id="word_167">de</word>
   <word id="word_168">discriminação</word>
   <word id="word_169">e</word>
   <word id="word_170">a</word>
   <word id="word_171">própria</word>
   <word id="word_172">Constituição</word>
   <word id="word_173">já</word>
   <word id="word_174">resolveu</word>
   <word id="word_175">esse</word>
   <word id="word_176">problema</word>
   <word id="word_177">.</word>
   <word id="word_178">»</word>
</words>
