<?xml version="1.0" encoding="UTF-8"?>
<!DOCTYPE words SYSTEM "words.dtd">
<words>
   <word id="word_1">É</word>
   <word id="word_2">trágico</word>
   <word id="word_3">escrever</word>
   <word id="word_4">.</word>
   <word id="word_5">O</word>
   <word id="word_6">homem</word>
   <word id="word_7">resiste</word>
   <word id="word_8">,</word>
   <word id="word_9">resiste</word>
   <word id="word_10">sempre</word>
   <word id="word_11">a_</word>
   <word id="word_12">o</word>
   <word id="word_13">sofrimento</word>
   <word id="word_14">,</word>
   <word id="word_15">e</word>
   <word id="word_16">não</word>
   <word id="word_17">raras</word>
   <word id="word_18">vezes</word>
   <word id="word_19">este</word>
   <word id="word_20">acto</word>
   <word id="word_21">intuído</word>
   <word id="word_22">de</word>
   <word id="word_23">resistência</word>
   <word id="word_24">o</word>
   <word id="word_25">leva</word>
   <word id="word_26">a</word>
   <word id="word_27">comungar</word>
   <word id="word_28">virtualmente</word>
   <word id="word_29">desse</word>
   <word id="word_30">sofrimento</word>
   <word id="word_31">.</word>
   <word id="word_32">O</word>
   <word id="word_33">homem</word>
   <word id="word_34">trágico</word>
   <word id="word_35">é</word>
   <word id="word_36">essencialmente</word>
   <word id="word_37">um</word>
   <word id="word_38">homem</word>
   <word id="word_39">que</word>
   <word id="word_40">resiste</word>
   <word id="word_41">,</word>
   <word id="word_42">um</word>
   <word id="word_43">homem</word>
   <word id="word_44">ético</word>
   <word id="word_45">,</word>
   <word id="word_46">um</word>
   <word id="word_47">homem</word>
   <word id="word_48">que</word>
   <word id="word_49">não</word>
   <word id="word_50">se</word>
   <word id="word_51">recusa</word>
   <word id="word_52">,</word>
   <word id="word_53">e</word>
   <word id="word_54">uma</word>
   <word id="word_55">vez</word>
   <word id="word_56">confrontado</word>
   <word id="word_57">com</word>
   <word id="word_58">o</word>
   <word id="word_59">real</word>
   <word id="word_60">assume</word>
   <word id="word_61">a</word>
   <word id="word_62">sua</word>
   <word id="word_63">idealidade</word>
   <word id="word_64">até</word>
   <word id="word_65">a_</word>
   <word id="word_66">as</word>
   <word id="word_67">mais</word>
   <word id="word_68">azedas</word>
   <word id="word_69">consequências</word>
   <word id="word_70">.</word>
   <word id="word_71">Não</word>
   <word id="word_72">é</word>
   <word id="word_73">,</word>
   <word id="word_74">como</word>
   <word id="word_75">se</word>
   <word id="word_76">poderia</word>
   <word id="word_77">supor</word>
   <word id="word_78">,</word>
   <word id="word_79">um</word>
   <word id="word_80">sonhador</word>
   <word id="word_81">,</word>
   <word id="word_82">pois</word>
   <word id="word_83">este</word>
   <word id="word_84">não</word>
   <word id="word_85">tem</word>
   <word id="word_86">percepção</word>
   <word id="word_87">de_</word>
   <word id="word_88">a</word>
   <word id="word_89">realidade</word>
   <word id="word_90">enquanto</word>
   <word id="word_91">aquele</word>
   <word id="word_92">outro</word>
   <word id="word_93">se</word>
   <word id="word_94">apercebe</word>
   <word id="word_95">de_</word>
   <word id="word_96">o</word>
   <word id="word_97">dualismo</word>
   <word id="word_98">existente</word>
   <word id="word_99">entre</word>
   <word id="word_100">a</word>
   <word id="word_101">sua</word>
   <word id="word_102">subjectividade</word>
   <word id="word_103">e</word>
   <word id="word_104">o</word>
   <word id="word_105">mundo</word>
   <word id="word_106">objectivo</word>
   <word id="word_107">em_</word>
   <word id="word_108">o</word>
   <word id="word_109">qual</word>
   <word id="word_110">participa</word>
   <word id="word_111">,</word>
   <word id="word_112">a</word>
   <word id="word_113">sua</word>
   <word id="word_114">acção</word>
   <word id="word_115">pauta</word>
   <word id="word_116">-se</word>
   <word id="word_117">por_</word>
   <word id="word_118">a</word>
   <word id="word_119">não</word>
   <word id="word_120">cedência</word>
   <word id="word_121">,</word>
   <word id="word_122">por_</word>
   <word id="word_123">a</word>
   <word id="word_124">resistência</word>
   <word id="word_125">contínua</word>
   <word id="word_126">a_</word>
   <word id="word_127">o</word>
   <word id="word_128">objecto</word>
   <word id="word_129">que</word>
   <word id="word_130">o</word>
   <word id="word_131">estigmatiza</word>
   <word id="word_132">.</word>
   <word id="word_133">Distingo</word>
   <word id="word_134">em_</word>
   <word id="word_135">este</word>
   <word id="word_136">plano</word>
   <word id="word_137">dois</word>
   <word id="word_138">diferentes</word>
   <word id="word_139">tipos</word>
   <word id="word_140">de</word>
   <word id="word_141">resistência</word>
   <word id="word_142">:</word>
   <word id="word_143">seja</word>
   <word id="word_144">a</word>
   <word id="word_145">resistência</word>
   <word id="word_146">parcial</word>
   <word id="word_147">,</word>
   <word id="word_148">que</word>
   <word id="word_149">entendo</word>
   <word id="word_150">ser</word>
   <word id="word_151">aquela</word>
   <word id="word_152">onde</word>
   <word id="word_153">o</word>
   <word id="word_154">indivíduo</word>
   <word id="word_155">enfrenta</word>
   <word id="word_156">a</word>
   <word id="word_157">natureza</word>
   <word id="word_158">maléfica</word>
   <word id="word_159">opondo</word>
   <word id="word_160">-lhe</word>
   <word id="word_161">realizações</word>
   <word id="word_162">éticas</word>
   <word id="word_163">que</word>
   <word id="word_164">lhe</word>
   <word id="word_165">são</word>
   <word id="word_166">dissonantes</word>
   <word id="word_167">;</word>
   <word id="word_168">seja</word>
   <word id="word_169">a</word>
   <word id="word_170">resistência</word>
   <word id="word_171">imparcial</word>
   <word id="word_172">onde</word>
   <word id="word_173">o</word>
   <word id="word_174">indivíduo</word>
   <word id="word_175">comunga</word>
   <word id="word_176">com</word>
   <word id="word_177">a</word>
   <word id="word_178">natureza</word>
   <word id="word_179">maléfica</word>
   <word id="word_180">em_</word>
   <word id="word_181">uma</word>
   <word id="word_182">atitude</word>
   <word id="word_183">uníssona</word>
   <word id="word_184">que</word>
   <word id="word_185">o</word>
   <word id="word_186">leva</word>
   <word id="word_187">a</word>
   <word id="word_188">participar</word>
   <word id="word_189">intensamente</word>
   <word id="word_190">com</word>
   <word id="word_191">o</word>
   <word id="word_192">móbil</word>
   <word id="word_193">de_</word>
   <word id="word_194">o</word>
   <word id="word_195">seu</word>
   <word id="word_196">sofrimento</word>
   <word id="word_197">,</word>
   <word id="word_198">em_</word>
   <word id="word_199">o</word>
   <word id="word_200">entanto</word>
   <word id="word_201">a</word>
   <word id="word_202">amplitude</word>
   <word id="word_203">de_</word>
   <word id="word_204">essa</word>
   <word id="word_205">convivência</word>
   <word id="word_206">vai</word>
   <word id="word_207">determinar</word>
   <word id="word_208">o</word>
   <word id="word_209">grau</word>
   <word id="word_210">de</word>
   <word id="word_211">afectação</word>
   <word id="word_212">em</word>
   <word id="word_213">que</word>
   <word id="word_214">se</word>
   <word id="word_215">encerra</word>
   <word id="word_216">a</word>
   <word id="word_217">relação</word>
   <word id="word_218">entre</word>
   <word id="word_219">aquele</word>
   <word id="word_220">que</word>
   <word id="word_221">sofre</word>
   <word id="word_222">e</word>
   <word id="word_223">o</word>
   <word id="word_224">que</word>
   <word id="word_225">o</word>
   <word id="word_226">faz</word>
   <word id="word_227">sofrer</word>
   <word id="word_228">.</word>
   <word id="word_229">Este</word>
   <word id="word_230">grau</word>
   <word id="word_231">tende</word>
   <word id="word_232">,</word>
   <word id="word_233">em_</word>
   <word id="word_234">esta</word>
   <word id="word_235">forma</word>
   <word id="word_236">de</word>
   <word id="word_237">resistência</word>
   <word id="word_238">,</word>
   <word id="word_239">a</word>
   <word id="word_240">ser</word>
   <word id="word_241">consonante</word>
   <word id="word_242">,</word>
   <word id="word_243">como</word>
   <word id="word_244">duas</word>
   <word id="word_245">cordas</word>
   <word id="word_246">que</word>
   <word id="word_247">vibrem</word>
   <word id="word_248">em</word>
   <word id="word_249">uníssono</word>
   <word id="word_250">.</word>
   <word id="word_251">O</word>
   <word id="word_252">som</word>
   <word id="word_253">que</word>
   <word id="word_254">de_</word>
   <word id="word_255">elas</word>
   <word id="word_256">se</word>
   <word id="word_257">obtém</word>
   <word id="word_258">é</word>
   <word id="word_259">uno</word>
   <word id="word_260">:</word>
   <word id="word_261">as</word>
   <word id="word_262">duas</word>
   <word id="word_263">cordas</word>
   <word id="word_264">em_</word>
   <word id="word_265">a</word>
   <word id="word_266">resistência</word>
   <word id="word_267">recíproca</word>
   <word id="word_268">anulam</word>
   <word id="word_269">-se</word>
   <word id="word_270">mutuamente</word>
   <word id="word_271">de</word>
   <word id="word_272">som</word>
   <word id="word_273">,</word>
   <word id="word_274">tornam</word>
   <word id="word_275">-se</word>
   <word id="word_276">imparciais</word>
   <word id="word_277">,</word>
   <word id="word_278">trágicas</word>
   <word id="word_279">.</word>
   <word id="word_280">em_</word>
   <word id="word_281">este</word>
   <word id="word_282">ponto</word>
   <word id="word_283">(</word>
   <word id="word_284">a</word>
   <word id="word_285">resistência</word>
   <word id="word_286">imparcial</word>
   <word id="word_287">)</word>
   <word id="word_288">acho</word>
   <word id="word_289">por</word>
   <word id="word_290">bem</word>
   <word id="word_291">referir</word>
   <word id="word_292">o</word>
   <word id="word_293">suicídio</word>
   <word id="word_294">como</word>
   <word id="word_295">realização</word>
   <word id="word_296">ética</word>
   <word id="word_297">máxima</word>
   <word id="word_298">de_</word>
   <word id="word_299">esta</word>
   <word id="word_300">forma</word>
   <word id="word_301">de</word>
   <word id="word_302">resistência</word>
   <word id="word_303">.</word>
   <word id="word_304">A</word>
   <word id="word_305">amplitude</word>
   <word id="word_306">com</word>
   <word id="word_307">que</word>
   <word id="word_308">se</word>
   <word id="word_309">comunga</word>
   <word id="word_310">de_</word>
   <word id="word_311">o</word>
   <word id="word_312">sofrimento</word>
   <word id="word_313">pode</word>
   <word id="word_314">levar</word>
   <word id="word_315">,</word>
   <word id="word_316">quando</word>
   <word id="word_317">exacerbado</word>
   <word id="word_318">,</word>
   <word id="word_319">a</word>
   <word id="word_320">uma</word>
   <word id="word_321">tensão</word>
   <word id="word_322">que</word>
   <word id="word_323">tende</word>
   <word id="word_324">a</word>
   <word id="word_325">ser</word>
   <word id="word_326">(</word>
   <word id="word_327">apenas</word>
   <word id="word_328">)</word>
   <word id="word_329">supurada</word>
   <word id="word_330">por</word>
   <word id="word_331">catarse</word>
   <word id="word_332">libertadora</word>
   <word id="word_333">:</word>
   <word id="word_334">o</word>
   <word id="word_335">suicídio</word>
   <word id="word_336">.</word>
   <word id="word_337">em_</word>
   <word id="word_338">este</word>
   <word id="word_339">caso</word>
   <word id="word_340">o</word>
   <word id="word_341">indivíduo</word>
   <word id="word_342">acaba</word>
   <word id="word_343">por</word>
   <word id="word_344">eliminar</word>
   <word id="word_345">a</word>
   <word id="word_346">natureza</word>
   <word id="word_347">maléfica</word>
   <word id="word_348">ampliando</word>
   <word id="word_349">-a</word>
   <word id="word_350">a_</word>
   <word id="word_351">os</word>
   <word id="word_352">píncaros</word>
   <word id="word_353">de_</word>
   <word id="word_354">o</word>
   <word id="word_355">insuportável</word>
   <word id="word_356">.</word>
   <word id="word_357">O</word>
   <word id="word_358">suicídio</word>
   <word id="word_359">é</word>
   <word id="word_360">uma</word>
   <word id="word_361">de_</word>
   <word id="word_362">as</word>
   <word id="word_363">pontes</word>
   <word id="word_364">que</word>
   <word id="word_365">de</word>
   <word id="word_366">uma</word>
   <word id="word_367">resistência</word>
   <word id="word_368">imparcial</word>
   <word id="word_369">permite</word>
   <word id="word_370">passar</word>
   <word id="word_371">a</word>
   <word id="word_372">uma</word>
   <word id="word_373">atitude</word>
   <word id="word_374">de</word>
   <word id="word_375">resistência</word>
   <word id="word_376">parcial</word>
   <word id="word_377">.</word>
   <word id="word_378">A</word>
   <word id="word_379">tragédia</word>
   <word id="word_380">é</word>
   <word id="word_381">antes</word>
   <word id="word_382">de</word>
   <word id="word_383">mais</word>
   <word id="word_384">,</word>
   <word id="word_385">tensão</word>
   <word id="word_386">,</word>
   <word id="word_387">uma</word>
   <word id="word_388">tensão</word>
   <word id="word_389">constante</word>
   <word id="word_390">que</word>
   <word id="word_391">advém</word>
   <word id="word_392">de_</word>
   <word id="word_393">a</word>
   <word id="word_394">resistência</word>
   <word id="word_395">,</word>
   <word id="word_396">permanente</word>
   <word id="word_397">,</word>
   <word id="word_398">e</word>
   <word id="word_399">onde</word>
   <word id="word_400">culmina</word>
   <word id="word_401">esta</word>
   <word id="word_402">relação</word>
   <word id="word_403">tensão-resistência</word>
   <word id="word_404">.</word>
   <word id="word_405">Sendo</word>
   <word id="word_406">proporcional</word>
   <word id="word_407">,</word>
   <word id="word_408">logo</word>
   <word id="word_409">,</word>
   <word id="word_410">quanto</word>
   <word id="word_411">maior</word>
   <word id="word_412">for</word>
   <word id="word_413">a</word>
   <word id="word_414">resistência</word>
   <word id="word_415">maior</word>
   <word id="word_416">é</word>
   <word id="word_417">a</word>
   <word id="word_418">tensão</word>
   <word id="word_419">,</word>
   <word id="word_420">e</word>
   <word id="word_421">vice-versa</word>
   <word id="word_422">.</word>
   <word id="word_423">A</word>
   <word id="word_424">tragédia</word>
   <word id="word_425">conduz</word>
   <word id="word_426">-se</word>
   <word id="word_427">assim</word>
   <word id="word_428">para</word>
   <word id="word_429">um</word>
   <word id="word_430">ponto</word>
   <word id="word_431">de</word>
   <word id="word_432">ruptura</word>
   <word id="word_433">,</word>
   <word id="word_434">muitas</word>
   <word id="word_435">vezes</word>
   <word id="word_436">a</word>
   <word id="word_437">morte</word>
   <word id="word_438">,</word>
   <word id="word_439">que</word>
   <word id="word_440">longe</word>
   <word id="word_441">de</word>
   <word id="word_442">lhe</word>
   <word id="word_443">ser</word>
   <word id="word_444">estranha</word>
   <word id="word_445">,</word>
   <word id="word_446">lhe</word>
   <word id="word_447">dá</word>
   <word id="word_448">todo</word>
   <word id="word_449">o</word>
   <word id="word_450">sentido</word>
   <word id="word_451">,</word>
   <word id="word_452">a</word>
   <word id="word_453">dimensiona</word>
   <word id="word_454">.</word>
   <word id="word_455">Efectivamente</word>
   <word id="word_456">,</word>
   <word id="word_457">em_</word>
   <word id="word_458">uma</word>
   <word id="word_459">de_</word>
   <word id="word_460">as</word>
   <word id="word_461">mais</word>
   <word id="word_462">famosas</word>
   <word id="word_463">tragédia</word>
   <word id="word_464">gregas</word>
   <word id="word_465">,</word>
   <word id="word_466">a</word>
   <word id="word_467">Antígona</word>
   <word id="word_468">,</word>
   <word id="word_469">a</word>
   <word id="word_470">heroína</word>
   <word id="word_471">,</word>
   <word id="word_472">que</word>
   <word id="word_473">dá</word>
   <word id="word_474">o</word>
   <word id="word_475">nome</word>
   <word id="word_476">a_</word>
   <word id="word_477">a</word>
   <word id="word_478">peça</word>
   <word id="word_479">,</word>
   <word id="word_480">opõe</word>
   <word id="word_481">-se</word>
   <word id="word_482">a</word>
   <word id="word_483">Creonte</word>
   <word id="word_484">defendendo</word>
   <word id="word_485">as</word>
   <word id="word_486">leis</word>
   <word id="word_487">não</word>
   <word id="word_488">escritas</word>
   <word id="word_489">de_</word>
   <word id="word_490">o</word>
   <word id="word_491">dever</word>
   <word id="word_492">,</word>
   <word id="word_493">não</word>
   <word id="word_494">cedendo</word>
   <word id="word_495">em_</word>
   <word id="word_496">os</word>
   <word id="word_497">seus</word>
   <word id="word_498">princípios</word>
   <word id="word_499">éticos</word>
   <word id="word_500">por_</word>
   <word id="word_501">os</word>
   <word id="word_502">quais</word>
   <word id="word_503">lealmente</word>
   <word id="word_504">se</word>
   <word id="word_505">guia</word>
   <word id="word_506">contra</word>
   <word id="word_507">a</word>
   <word id="word_508">falsa</word>
   <word id="word_509">justiça</word>
   <word id="word_510">de_</word>
   <word id="word_511">as</word>
   <word id="word_512">decisões</word>
   <word id="word_513">humanas</word>
   <word id="word_514">.</word>
   <word id="word_515">Em_</word>
   <word id="word_516">o</word>
   <word id="word_517">entanto</word>
   <word id="word_518">também</word>
   <word id="word_519">Creonte</word>
   <word id="word_520">é</word>
   <word id="word_521">leal</word>
   <word id="word_522">a_</word>
   <word id="word_523">os</word>
   <word id="word_524">princípios</word>
   <word id="word_525">éticos</word>
   <word id="word_526">que</word>
   <word id="word_527">sustenta</word>
   <word id="word_528">,</word>
   <word id="word_529">facto</word>
   <word id="word_530">que</word>
   <word id="word_531">nos</word>
   <word id="word_532">leva</word>
   <word id="word_533">a</word>
   <word id="word_534">conluir</word>
   <word id="word_535">que</word>
   <word id="word_536">a</word>
   <word id="word_537">base</word>
   <word id="word_538">de</word>
   <word id="word_539">toda</word>
   <word id="word_540">a</word>
   <word id="word_541">tensão-resistência</word>
   <word id="word_542">que</word>
   <word id="word_543">emana</word>
   <word id="word_544">de_</word>
   <word id="word_545">a</word>
   <word id="word_546">tragédia</word>
   <word id="word_547">é</word>
   <word id="word_548">o</word>
   <word id="word_549">carácter</word>
   <word id="word_550">de_</word>
   <word id="word_551">a</word>
   <word id="word_552">não</word>
   <word id="word_553">reconciliação</word>
   <word id="word_554">.</word>
   <word id="word_555">Este</word>
   <word id="word_556">factor</word>
   <word id="word_557">determina</word>
   <word id="word_558">sempre</word>
   <word id="word_559">o</word>
   <word id="word_560">confronto</word>
   <word id="word_561">,</word>
   <word id="word_562">o</word>
   <word id="word_563">antagonismo</word>
   <word id="word_564">,</word>
   <word id="word_565">cuja</word>
   <word id="word_566">problemática</word>
   <word id="word_567">é</word>
   <word id="word_568">resolúvel</word>
   <word id="word_569">em_</word>
   <word id="word_570">um</word>
   <word id="word_571">ponto</word>
   <word id="word_572">de</word>
   <word id="word_573">ruptura</word>
   <word id="word_574">.</word>
   <word id="word_575">O</word>
   <word id="word_576">personagem</word>
   <word id="word_577">,</word>
   <word id="word_578">aquele</word>
   <word id="word_579">que</word>
   <word id="word_580">tragicamente</word>
   <word id="word_581">resiste</word>
   <word id="word_582">,</word>
   <word id="word_583">é</word>
   <word id="word_584">quem</word>
   <word id="word_585">,</word>
   <word id="word_586">quando</word>
   <word id="word_587">por</word>
   <word id="word_588">imperativo</word>
   <word id="word_589">moral</word>
   <word id="word_590">,</word>
   <word id="word_591">apressa</word>
   <word id="word_592">o</word>
   <word id="word_593">ponto</word>
   <word id="word_594">de</word>
   <word id="word_595">ruptura</word>
   <word id="word_596">.</word>
   <word id="word_597">Fá#</word>
   <word id="word_598">-lo</word>
   <word id="word_599">,</word>
   <word id="word_600">em_</word>
   <word id="word_601">o</word>
   <word id="word_602">entanto</word>
   <word id="word_603">,</word>
   <word id="word_604">de</word>
   <word id="word_605">modo</word>
   <word id="word_606">consciente</word>
   <word id="word_607">,</word>
   <word id="word_608">de</word>
   <word id="word_609">acordo</word>
   <word id="word_610">com</word>
   <word id="word_611">os</word>
   <word id="word_612">seus</word>
   <word id="word_613">ideais</word>
   <word id="word_614">.</word>
   <word id="word_615">É</word>
   <word id="word_616">ele</word>
   <word id="word_617">que</word>
   <word id="word_618">,</word>
   <word id="word_619">em</word>
   <word id="word_620">último</word>
   <word id="word_621">caso</word>
   <word id="word_622">,</word>
   <word id="word_623">se</word>
   <word id="word_624">resolve</word>
   <word id="word_625">,</word>
   <word id="word_626">em_</word>
   <word id="word_627">uma</word>
   <word id="word_628">atitude</word>
   <word id="word_629">que</word>
   <word id="word_630">quase</word>
   <word id="word_631">sempre</word>
   <word id="word_632">lhe</word>
   <word id="word_633">é</word>
   <word id="word_634">adversa</word>
   <word id="word_635">,</word>
   <word id="word_636">a</word>
   <word id="word_637">que</word>
   <word id="word_638">se</word>
   <word id="word_639">lhe</word>
   <word id="word_640">acabe</word>
   <word id="word_641">a</word>
   <word id="word_642">existência</word>
   <word id="word_643">.</word>
   <word id="word_644">Pode</word>
   <word id="word_645">optar</word>
   <word id="word_646">também</word>
   <word id="word_647">,</word>
   <word id="word_648">em_</word>
   <word id="word_649">o</word>
   <word id="word_650">entanto</word>
   <word id="word_651">,</word>
   <word id="word_652">por</word>
   <word id="word_653">uma</word>
   <word id="word_654">atitude</word>
   <word id="word_655">que</word>
   <word id="word_656">o</word>
   <word id="word_657">conduza</word>
   <word id="word_658">a</word>
   <word id="word_659">um</word>
   <word id="word_660">estado</word>
   <word id="word_661">de</word>
   <word id="word_662">penitência</word>
   <word id="word_663">espiritual</word>
   <word id="word_664">.</word>
   <word id="word_665">O</word>
   <word id="word_666">homem</word>
   <word id="word_667">trágico</word>
   <word id="word_668">é</word>
   <word id="word_669">um</word>
   <word id="word_670">homem</word>
   <word id="word_671">que</word>
   <word id="word_672">se</word>
   <word id="word_673">exila</word>
   <word id="word_674">.</word>
   <word id="word_675">Assim</word>
   <word id="word_676">considero</word>
   <word id="word_677">-</word>
   <word id="word_678">e</word>
   <word id="word_679">tomando</word>
   <word id="word_680">como</word>
   <word id="word_681">exemplo</word>
   <word id="word_682">uma</word>
   <word id="word_683">peça</word>
   <word id="word_684">de_</word>
   <word id="word_685">o</word>
   <word id="word_686">teatro</word>
   <word id="word_687">trágico</word>
   <word id="word_688">português</word>
   <word id="word_689">,</word>
   <word id="word_690">Frei</word>
   <word id="word_691">Luís</word>
   <word id="word_692">de</word>
   <word id="word_693">Sousa</word>
   <word id="word_694">,</word>
   <word id="word_695">de</word>
   <word id="word_696">Almeida</word>
   <word id="word_697">Garrett</word>
   <word id="word_698">-</word>
   <word id="word_699">haver</word>
   <word id="word_700">em_</word>
   <word id="word_701">esta</word>
   <word id="word_702">obra</word>
   <word id="word_703">todos</word>
   <word id="word_704">os</word>
   <word id="word_705">condimentos</word>
   <word id="word_706">para</word>
   <word id="word_707">que</word>
   <word id="word_708">mui</word>
   <word id="word_709">propositadamente</word>
   <word id="word_710">a</word>
   <word id="word_711">possamos</word>
   <word id="word_712">integrar</word>
   <word id="word_713">em_</word>
   <word id="word_714">o</word>
   <word id="word_715">espaço</word>
   <word id="word_716">trágico</word>
   <word id="word_717">.</word>
   <word id="word_718">Veja</word>
   <word id="word_719">-se</word>
   <word id="word_720">,</word>
   <word id="word_721">para</word>
   <word id="word_722">o</word>
   <word id="word_723">efeito</word>
   <word id="word_724">,</word>
   <word id="word_725">a</word>
   <word id="word_726">imposição</word>
   <word id="word_727">moral</word>
   <word id="word_728">que</word>
   <word id="word_729">conduz</word>
   <word id="word_730">Manuel</word>
   <word id="word_731">de</word>
   <word id="word_732">Sousa</word>
   <word id="word_733">e</word>
   <word id="word_734">a</word>
   <word id="word_735">mulher</word>
   <word id="word_736">,</word>
   <word id="word_737">Madalena</word>
   <word id="word_738">,</word>
   <word id="word_739">a</word>
   <word id="word_740">professarem</word>
   <word id="word_741">.</word>
   <word id="word_742">Esta</word>
   <word id="word_743">atitude</word>
   <word id="word_744">assumida</word>
   <word id="word_745">conscientemente</word>
   <word id="word_746">comporta</word>
   <word id="word_747">todo</word>
   <word id="word_748">um</word>
   <word id="word_749">sentido</word>
   <word id="word_750">trágico</word>
   <word id="word_751">.</word>
   <word id="word_752">Esta</word>
   <word id="word_753">opção</word>
   <word id="word_754">de_</word>
   <word id="word_755">as</word>
   <word id="word_756">personagens</word>
   <word id="word_757">identifica</word>
   <word id="word_758">-se</word>
   <word id="word_759">com</word>
   <word id="word_760">a</word>
   <word id="word_761">resistência</word>
   <word id="word_762">parcial</word>
   <word id="word_763">pois</word>
   <word id="word_764">o</word>
   <word id="word_765">(</word>
   <word id="word_766">s</word>
   <word id="word_767">)</word>
   <word id="word_768">indivíduo</word>
   <word id="word_769">(</word>
   <word id="word_770">s</word>
   <word id="word_771">)</word>
   <word id="word_772">tende</word>
   <word id="word_773">(</word>
   <word id="word_774">m</word>
   <word id="word_775">)</word>
   <word id="word_776">a</word>
   <word id="word_777">libertar</word>
   <word id="word_778">-se</word>
   <word id="word_779">por</word>
   <word id="word_780">realizações</word>
   <word id="word_781">éticas</word>
   <word id="word_782">dissonantes</word>
   <word id="word_783">a_</word>
   <word id="word_784">a</word>
   <word id="word_785">natureza</word>
   <word id="word_786">de_</word>
   <word id="word_787">o</word>
   <word id="word_788">seu</word>
   <word id="word_789">sofrimento</word>
   <word id="word_790">,</word>
   <word id="word_791">que</word>
   <word id="word_792">resulta</word>
   <word id="word_793">de_</word>
   <word id="word_794">o</word>
   <word id="word_795">facto</word>
   <word id="word_796">de</word>
   <word id="word_797">estarem</word>
   <word id="word_798">casados</word>
   <word id="word_799">ilegalmente</word>
   <word id="word_800">,</word>
   <word id="word_801">já</word>
   <word id="word_802">que</word>
   <word id="word_803">o</word>
   <word id="word_804">primeiro</word>
   <word id="word_805">marido</word>
   <word id="word_806">de</word>
   <word id="word_807">Madalena</word>
   <word id="word_808">,</word>
   <word id="word_809">que</word>
   <word id="word_810">fora</word>
   <word id="word_811">dado</word>
   <word id="word_812">como</word>
   <word id="word_813">morto</word>
   <word id="word_814">em_</word>
   <word id="word_815">a</word>
   <word id="word_816">batalha</word>
   <word id="word_817">de</word>
   <word id="word_818">Alcácer</word>
   <word id="word_819">Quibir</word>
   <word id="word_820">,</word>
   <word id="word_821">regressa</word>
   <word id="word_822">após</word>
   <word id="word_823">20</word>
   <word id="word_824">anos</word>
   <word id="word_825">de</word>
   <word id="word_826">cativeiro</word>
   <word id="word_827">.</word>
   <word id="word_828">Esta</word>
   <word id="word_829">situação</word>
   <word id="word_830">imoral</word>
   <word id="word_831">consome</word>
   <word id="word_832">as</word>
   <word id="word_833">personagens</word>
   <word id="word_834">,</word>
   <word id="word_835">leva</word>
   <word id="word_836">Maria</word>
   <word id="word_837">,</word>
   <word id="word_838">a</word>
   <word id="word_839">filha</word>
   <word id="word_840">de_</word>
   <word id="word_841">o</word>
   <word id="word_842">casal</word>
   <word id="word_843">,</word>
   <word id="word_844">a</word>
   <word id="word_845">morrer</word>
   <word id="word_846">de</word>
   <word id="word_847">vergonha</word>
   <word id="word_848">,</word>
   <word id="word_849">e</word>
   <word id="word_850">torna</word>
   <word id="word_851">insustentável</word>
   <word id="word_852">todo</word>
   <word id="word_853">e</word>
   <word id="word_854">qualquer</word>
   <word id="word_855">status</word>
   <word id="word_856">quo</word>
   <word id="word_857">.</word>
   <word id="word_858">Tomando</word>
   <word id="word_859">também</word>
   <word id="word_860">aqui</word>
   <word id="word_861">por</word>
   <word id="word_862">exemplo</word>
   <word id="word_863">uma</word>
   <word id="word_864">outra</word>
   <word id="word_865">peça</word>
   <word id="word_866">,</word>
   <word id="word_867">A</word>
   <word id="word_868">Castro</word>
   <word id="word_869">,</word>
   <word id="word_870">de</word>
   <word id="word_871">António</word>
   <word id="word_872">Ferreira</word>
   <word id="word_873">não</word>
   <word id="word_874">me</word>
   <word id="word_875">parece</word>
   <word id="word_876">(</word>
   <word id="word_877">e</word>
   <word id="word_878">que</word>
   <word id="word_879">me</word>
   <word id="word_880">desculpem</word>
   <word id="word_881">os</word>
   <word id="word_882">consumados</word>
   <word id="word_883">críticos</word>
   <word id="word_884">se</word>
   <word id="word_885">calo</word>
   <word id="word_886">em</word>
   <word id="word_887">heresia</word>
   <word id="word_888">)</word>
   <word id="word_889">,</word>
   <word id="word_890">haver</word>
   <word id="word_891">em_</word>
   <word id="word_892">esta</word>
   <word id="word_893">obra</word>
   <word id="word_894">um</word>
   <word id="word_895">rastro</word>
   <word id="word_896">trágico</word>
   <word id="word_897">.</word>
   <word id="word_898">D.</word>
   <word id="word_899">Inês</word>
   <word id="word_900">é</word>
   <word id="word_901">condenada</word>
   <word id="word_902">e</word>
   <word id="word_903">executada</word>
   <word id="word_904">sem</word>
   <word id="word_905">que</word>
   <word id="word_906">possa</word>
   <word id="word_907">intervir</word>
   <word id="word_908">(</word>
   <word id="word_909">por</word>
   <word id="word_910">opção</word>
   <word id="word_911">)</word>
   <word id="word_912">em_</word>
   <word id="word_913">o</word>
   <word id="word_914">processo</word>
   <word id="word_915">,</word>
   <word id="word_916">sendo</word>
   <word id="word_917">mais</word>
   <word id="word_918">um</word>
   <word id="word_919">bode</word>
   <word id="word_920">expiatório</word>
   <word id="word_921">que</word>
   <word id="word_922">particularmente</word>
   <word id="word_923">uma</word>
   <word id="word_924">personagem</word>
   <word id="word_925">activa</word>
   <word id="word_926">.</word>
   <word id="word_927">A</word>
   <word id="word_928">companheira</word>
   <word id="word_929">de</word>
   <word id="word_930">D.</word>
   <word id="word_931">Pedro</word>
   <word id="word_932">encontra</word>
   <word id="word_933">-se</word>
   <word id="word_934">completamente</word>
   <word id="word_935">dependente</word>
   <word id="word_936">de_</word>
   <word id="word_937">a</word>
   <word id="word_938">vontade</word>
   <word id="word_939">de_</word>
   <word id="word_940">o</word>
   <word id="word_941">soberano</word>
   <word id="word_942">.</word>
   <word id="word_943">Situação</word>
   <word id="word_944">dramática</word>
   <word id="word_945">,</word>
   <word id="word_946">sem</word>
   <word id="word_947">dúvida</word>
   <word id="word_948">,</word>
   <word id="word_949">a</word>
   <word id="word_950">cena</word>
   <word id="word_951">final</word>
   <word id="word_952">de</word>
   <word id="word_953">D.</word>
   <word id="word_954">Inês</word>
   <word id="word_955">e</word>
   <word id="word_956">os</word>
   <word id="word_957">filhos</word>
   <word id="word_958">rogando</word>
   <word id="word_959">perdão</word>
   <word id="word_960">a</word>
   <word id="word_961">Afonso</word>
   <word id="word_962">IV</word>
   <word id="word_963">atesta</word>
   <word id="word_964">o</word>
   <word id="word_965">drama</word>
   <word id="word_966">que</word>
   <word id="word_967">caracteriza</word>
   <word id="word_968">a</word>
   <word id="word_969">peça</word>
   <word id="word_970">(</word>
   <word id="word_971">dramática</word>
   <word id="word_972">,</word>
   <word id="word_973">sim</word>
   <word id="word_974">trágica</word>
   <word id="word_975">,</word>
   <word id="word_976">não</word>
   <word id="word_977">)</word>
   <word id="word_978">(...)</word>
   <word id="word_979">Não</word>
   <word id="word_980">foi</word>
   <word id="word_981">nosso</word>
   <word id="word_982">intuito</word>
   <word id="word_983">abordar</word>
   <word id="word_984">aqui</word>
   <word id="word_985">a</word>
   <word id="word_986">tragédia</word>
   <word id="word_987">de</word>
   <word id="word_988">um</word>
   <word id="word_989">modo</word>
   <word id="word_990">particular</word>
   <word id="word_991">,</word>
   <word id="word_992">mas</word>
   <word id="word_993">sim</word>
   <word id="word_994">em_</word>
   <word id="word_995">uma</word>
   <word id="word_996">linha</word>
   <word id="word_997">geral</word>
   <word id="word_998">.</word>
   <word id="word_999">Fizemo#</word>
   <word id="word_1000">-lo</word>
   <word id="word_1001">também</word>
   <word id="word_1002">porque</word>
   <word id="word_1003">o</word>
   <word id="word_1004">homem</word>
   <word id="word_1005">trágico</word>
   <word id="word_1006">é</word>
   <word id="word_1007">um</word>
   <word id="word_1008">homem</word>
   <word id="word_1009">universal</word>
   <word id="word_1010">,</word>
   <word id="word_1011">cuja</word>
   <word id="word_1012">característica</word>
   <word id="word_1013">é</word>
   <word id="word_1014">julgar</word>
   <word id="word_1015">-se</word>
   <word id="word_1016">e</word>
   <word id="word_1017">conduzir</word>
   <word id="word_1018">-se</word>
   <word id="word_1019">segundo</word>
   <word id="word_1020">as</word>
   <word id="word_1021">particularidades</word>
   <word id="word_1022">que</word>
   <word id="word_1023">lhe</word>
   <word id="word_1024">são</word>
   <word id="word_1025">próprias</word>
   <word id="word_1026">e</word>
   <word id="word_1027">que</word>
   <word id="word_1028">lhe</word>
   <word id="word_1029">determinam</word>
   <word id="word_1030">a</word>
   <word id="word_1031">sua</word>
   <word id="word_1032">condição</word>
   <word id="word_1033">de</word>
   <word id="word_1034">ser</word>
   <word id="word_1035">humano</word>
   <word id="word_1036">.</word>
   <word id="word_1037">Hoje</word>
   <word id="word_1038">em</word>
   <word id="word_1039">dia</word>
   <word id="word_1040">este</word>
   <word id="word_1041">tipo</word>
   <word id="word_1042">de</word>
   <word id="word_1043">ser</word>
   <word id="word_1044">,</word>
   <word id="word_1045">que</word>
   <word id="word_1046">passa</word>
   <word id="word_1047">por</word>
   <word id="word_1048">traduzir</word>
   <word id="word_1049">um</word>
   <word id="word_1050">modo</word>
   <word id="word_1051">de</word>
   <word id="word_1052">vida</word>
   <word id="word_1053">,</word>
   <word id="word_1054">parece</word>
   <word id="word_1055">de</word>
   <word id="word_1056">certo</word>
   <word id="word_1057">modo</word>
   <word id="word_1058">ameaçado</word>
   <word id="word_1059">,</word>
   <word id="word_1060">afogado</word>
   <word id="word_1061">em_</word>
   <word id="word_1062">as</word>
   <word id="word_1063">chusmas</word>
   <word id="word_1064">de_</word>
   <word id="word_1065">o</word>
   <word id="word_1066">proletariado</word>
   <word id="word_1067">.</word>
   <word id="word_1068">Que</word>
   <word id="word_1069">é</word>
   <word id="word_1070">feito</word>
   <word id="word_1071">de_</word>
   <word id="word_1072">o</word>
   <word id="word_1073">dandy</word>
   <word id="word_1074">baudelairiano</word>
   <word id="word_1075">,</word>
   <word id="word_1076">de_</word>
   <word id="word_1077">o</word>
   <word id="word_1078">Croniamantal</word>
   <word id="word_1079">de</word>
   <word id="word_1080">Appollinaire</word>
   <word id="word_1081">,</word>
   <word id="word_1082">que</word>
   <word id="word_1083">é</word>
   <word id="word_1084">feito</word>
   <word id="word_1085">?</word>
   <word id="word_1086">...</word>
   <word id="word_1087">Curioso</word>
   <word id="word_1088">será</word>
   <word id="word_1089">lembrarmos</word>
   <word id="word_1090">aqui</word>
   <word id="word_1091">de</word>
   <word id="word_1092">Bonamy</word>
   <word id="word_1093">Dobrée</word>
   <word id="word_1094">,</word>
   <word id="word_1095">que</word>
   <word id="word_1096">diz</word>
   <word id="word_1097">:</word>
   <word id="word_1098">«A</word>
   <word id="word_1099">tragédia</word>
   <word id="word_1100">é</word>
   <word id="word_1101">o</word>
   <word id="word_1102">julgamento</word>
   <word id="word_1103">por_</word>
   <word id="word_1104">o</word>
   <word id="word_1105">homem</word>
   <word id="word_1106">de_</word>
   <word id="word_1107">a</word>
   <word id="word_1108">sua</word>
   <word id="word_1109">força</word>
   <word id="word_1110">individual</word>
   <word id="word_1111">,</word>
   <word id="word_1112">um</word>
   <word id="word_1113">julgamento</word>
   <word id="word_1114">que</word>
   <word id="word_1115">se</word>
   <word id="word_1116">torna</word>
   <word id="word_1117">cada</word>
   <word id="word_1118">vez</word>
   <word id="word_1119">mais</word>
   <word id="word_1120">impopular</word>
   <word id="word_1121">,</word>
   <word id="word_1122">até</word>
   <word id="word_1123">imcompreensível</word>
   <word id="word_1124">,</word>
   <word id="word_1125">com</word>
   <word id="word_1126">o</word>
   <word id="word_1127">avanço</word>
   <word id="word_1128">de_</word>
   <word id="word_1129">a</word>
   <word id="word_1130">democracia</word>
   <word id="word_1131">.</word>
   <word id="word_1132">»</word>
   <word id="word_1133">Sem</word>
   <word id="word_1134">querer</word>
   <word id="word_1135">ser</word>
   <word id="word_1136">trágico</word>
   <word id="word_1137">ou</word>
   <word id="word_1138">atemorizar</word>
   <word id="word_1139">os</word>
   <word id="word_1140">presentes</word>
   <word id="word_1141">,</word>
   <word id="word_1142">invoco</word>
   <word id="word_1143">o</word>
   <word id="word_1144">retorno</word>
   <word id="word_1145">a_</word>
   <word id="word_1146">a</word>
   <word id="word_1147">tragédia</word>
   <word id="word_1148">,</word>
   <word id="word_1149">é</word>
   <word id="word_1150">urgente</word>
   <word id="word_1151">ser</word>
   <word id="word_1152">-se</word>
   <word id="word_1153">trágico</word>
   <word id="word_1154">,</word>
   <word id="word_1155">é</word>
   <word id="word_1156">urgente</word>
   <word id="word_1157">resistir</word>
   <word id="word_1158">,</word>
   <word id="word_1159">é</word>
   <word id="word_1160">urgente</word>
   <word id="word_1161">saber</word>
   <word id="word_1162">morrer</word>
   <word id="word_1163">.</word>
   <word id="word_1164">Bem</word>
   <word id="word_1165">haja</word>
   <word id="word_1166">os</word>
   <word id="word_1167">que</word>
   <word id="word_1168">assim</word>
   <word id="word_1169">vivem</word>
   <word id="word_1170">...</word>
   <word id="word_1171">escrevendo</word>
   <word id="word_1172">!</word>
   <word id="word_1173">.</word>
</words>
