<?xml version="1.0" encoding="UTF-8"?>
<!DOCTYPE words SYSTEM "words.dtd">
<words>
   <word id="word_1">UM</word>
   <word id="word_2">alto</word>
   <word id="word_3">funcionário</word>
   <word id="word_4">civil</word>
   <word id="word_5">de_</word>
   <word id="word_6">o</word>
   <word id="word_7">Ministério</word>
   <word id="word_8">de_</word>
   <word id="word_9">a</word>
   <word id="word_10">Defesa</word>
   <word id="word_11">Alemão</word>
   <word id="word_12">federal</word>
   <word id="word_13">,</word>
   <word id="word_14">identificada</word>
   <word id="word_15">apenas</word>
   <word id="word_16">como</word>
   <word id="word_17">Juergen</word>
   <word id="word_18">W</word>
   <word id="word_19">.</word>
   <word id="word_20">,</word>
   <word id="word_21">foi</word>
   <word id="word_22">detido</word>
   <word id="word_23">sob</word>
   <word id="word_24">suspeita</word>
   <word id="word_25">de</word>
   <word id="word_26">espionagem</word>
   <word id="word_27">a</word>
   <word id="word_28">favor</word>
   <word id="word_29">de_</word>
   <word id="word_30">a</word>
   <word id="word_31">Alemanha</word>
   <word id="word_32">Democrática</word>
   <word id="word_33">,</word>
   <word id="word_34">revelou</word>
   <word id="word_35">ontem</word>
   <word id="word_36">uma</word>
   <word id="word_37">fonte</word>
   <word id="word_38">governamental</word>
   <word id="word_39">em</word>
   <word id="word_40">Bona</word>
   <word id="word_41">.</word>
   <word id="word_42">O</word>
   <word id="word_43">alegado</word>
   <word id="word_44">espião</word>
   <word id="word_45">,</word>
   <word id="word_46">de</word>
   <word id="word_47">48</word>
   <word id="word_48">anos</word>
   <word id="word_49">,</word>
   <word id="word_50">foi</word>
   <word id="word_51">detido</word>
   <word id="word_52">em_</word>
   <word id="word_53">a</word>
   <word id="word_54">terça-feira</word>
   <word id="word_55">e</word>
   <word id="word_56">o</word>
   <word id="word_57">gabinete</word>
   <word id="word_58">de_</word>
   <word id="word_59">o</word>
   <word id="word_60">procurador</word>
   <word id="word_61">federal</word>
   <word id="word_62">iniciou</word>
   <word id="word_63">uma</word>
   <word id="word_64">investigação</word>
   <word id="word_65">para</word>
   <word id="word_66">decidir</word>
   <word id="word_67">se</word>
   <word id="word_68">ele</word>
   <word id="word_69">será</word>
   <word id="word_70">julgado</word>
   <word id="word_71">por</word>
   <word id="word_72">acusações</word>
   <word id="word_73">de</word>
   <word id="word_74">espionagem</word>
   <word id="word_75">,</word>
   <word id="word_76">acrescentou</word>
   <word id="word_77">o</word>
   <word id="word_78">mesmo</word>
   <word id="word_79">informador</word>
   <word id="word_80">.</word>
   <word id="word_81">A</word>
   <word id="word_82">investigação</word>
   <word id="word_83">foi</word>
   <word id="word_84">ordenada</word>
   <word id="word_85">depois</word>
   <word id="word_86">de_</word>
   <word id="word_87">os</word>
   <word id="word_88">serviços</word>
   <word id="word_89">militares</word>
   <word id="word_90">de</word>
   <word id="word_91">contra-espionagem</word>
   <word id="word_92">terem</word>
   <word id="word_93">descoberto</word>
   <word id="word_94">que</word>
   <word id="word_95">agentes</word>
   <word id="word_96">de_</word>
   <word id="word_97">o</word>
   <word id="word_98">Ministério</word>
   <word id="word_99">de_</word>
   <word id="word_100">a</word>
   <word id="word_101">Segurança</word>
   <word id="word_102">de</word>
   <word id="word_103">Estado</word>
   <word id="word_104">de_</word>
   <word id="word_105">a</word>
   <word id="word_106">RDA</word>
   <word id="word_107">,</word>
   <word id="word_108">ou</word>
   <word id="word_109">seja</word>
   <word id="word_110">,</word>
   <word id="word_111">a</word>
   <word id="word_112">polícia</word>
   <word id="word_113">secreta</word>
   <word id="word_114">,</word>
   <word id="word_115">tinham</word>
   <word id="word_116">contactado</word>
   <word id="word_117">,</word>
   <word id="word_118">em_</word>
   <word id="word_119">o</word>
   <word id="word_120">Verão</word>
   <word id="word_121">passado</word>
   <word id="word_122">,</word>
   <word id="word_123">o</word>
   <word id="word_124">alto</word>
   <word id="word_125">funcionário</word>
   <word id="word_126">agora</word>
   <word id="word_127">detido</word>
   <word id="word_128">.</word>
   <word id="word_129">A</word>
   <word id="word_130">fonte</word>
   <word id="word_131">governamental</word>
   <word id="word_132">em</word>
   <word id="word_133">Bona</word>
   <word id="word_134">referiu</word>
   <word id="word_135">que</word>
   <word id="word_136">o</word>
   <word id="word_137">alto</word>
   <word id="word_138">funcionário</word>
   <word id="word_139">tinha</word>
   <word id="word_140">concordado</word>
   <word id="word_141">em</word>
   <word id="word_142">fazer</word>
   <word id="word_143">espionagem</word>
   <word id="word_144">a</word>
   <word id="word_145">favor</word>
   <word id="word_146">de_</word>
   <word id="word_147">a</word>
   <word id="word_148">RDA</word>
   <word id="word_149">,</word>
   <word id="word_150">mas</word>
   <word id="word_151">,</word>
   <word id="word_152">aparentemente</word>
   <word id="word_153">,</word>
   <word id="word_154">não</word>
   <word id="word_155">fornecera</word>
   <word id="word_156">ainda</word>
   <word id="word_157">informações</word>
   <word id="word_158">.</word>
   <word id="word_159">O</word>
   <word id="word_160">suspeito</word>
   <word id="word_161">desmentiu</word>
   <word id="word_162">qualquer</word>
   <word id="word_163">envolvimento</word>
   <word id="word_164">com</word>
   <word id="word_165">o</word>
   <word id="word_166">Ministério</word>
   <word id="word_167">de_</word>
   <word id="word_168">a</word>
   <word id="word_169">Alemanha</word>
   <word id="word_170">Democrática</word>
   <word id="word_171">.</word>
   <word id="word_172">O</word>
   <word id="word_173">alegado</word>
   <word id="word_174">espião</word>
   <word id="word_175">trabalhava</word>
   <word id="word_176">para</word>
   <word id="word_177">o</word>
   <word id="word_178">Ministério</word>
   <word id="word_179">de_</word>
   <word id="word_180">a</word>
   <word id="word_181">Defesa</word>
   <word id="word_182">alemão</word>
   <word id="word_183">federal</word>
   <word id="word_184">desde</word>
   <word id="word_185">1980</word>
   <word id="word_186">em</word>
   <word id="word_187">questões</word>
   <word id="word_188">relacionadas</word>
   <word id="word_189">com</word>
   <word id="word_190">equipamento</word>
   <word id="word_191">militar</word>
   <word id="word_192">.</word>
   <word id="word_193">Não</word>
   <word id="word_194">foram</word>
   <word id="word_195">revelados</word>
   <word id="word_196">os</word>
   <word id="word_197">motivos</word>
   <word id="word_198">para</word>
   <word id="word_199">que</word>
   <word id="word_200">ele</word>
   <word id="word_201">aceitasse</word>
   <word id="word_202">fazer</word>
   <word id="word_203">espionagem</word>
   <word id="word_204">,</word>
   <word id="word_205">mas</word>
   <word id="word_206">a</word>
   <word id="word_207">fonte</word>
   <word id="word_208">até</word>
   <word id="word_209">agora</word>
   <word id="word_210">citada</word>
   <word id="word_211">referiu</word>
   <word id="word_212">-se</word>
   <word id="word_213">a</word>
   <word id="word_214">problemas</word>
   <word id="word_215">pessoais</word>
   <word id="word_216">e</word>
   <word id="word_217">de</word>
   <word id="word_218">alcoolismo</word>
   <word id="word_219">.</word>
   <word id="word_220">Esta</word>
   <word id="word_221">foi</word>
   <word id="word_222">a</word>
   <word id="word_223">mais</word>
   <word id="word_224">importante</word>
   <word id="word_225">detenção</word>
   <word id="word_226">por</word>
   <word id="word_227">espionagem</word>
   <word id="word_228">em_</word>
   <word id="word_229">a</word>
   <word id="word_230">Alemanha</word>
   <word id="word_231">Federal</word>
   <word id="word_232">desde</word>
   <word id="word_233">o</word>
   <word id="word_234">Verão</word>
   <word id="word_235">de</word>
   <word id="word_236">1985</word>
   <word id="word_237">,</word>
   <word id="word_238">quando</word>
   <word id="word_239">dez</word>
   <word id="word_240">presumíveis</word>
   <word id="word_241">agentes</word>
   <word id="word_242">de_</word>
   <word id="word_243">a</word>
   <word id="word_244">RDA</word>
   <word id="word_245">desapareceram</word>
   <word id="word_246">,</word>
   <word id="word_247">partiram</word>
   <word id="word_248">para</word>
   <word id="word_249">o</word>
   <word id="word_250">Leste</word>
   <word id="word_251">ou</word>
   <word id="word_252">foram</word>
   <word id="word_253">detidos</word>
   <word id="word_254">.</word>
   <word id="word_255">O</word>
   <word id="word_256">caso</word>
   <word id="word_257">mais</word>
   <word id="word_258">embaraçoso</word>
   <word id="word_259">foi</word>
   <word id="word_260">a</word>
   <word id="word_261">deserção</word>
   <word id="word_262">para</word>
   <word id="word_263">Berlim</word>
   <word id="word_264">de</word>
   <word id="word_265">Hans-Joachim</word>
   <word id="word_266">Tiedge</word>
   <word id="word_267">,</word>
   <word id="word_268">de</word>
   <word id="word_269">49</word>
   <word id="word_270">anos</word>
   <word id="word_271">,</word>
   <word id="word_272">o</word>
   <word id="word_273">responsável</word>
   <word id="word_274">por_</word>
   <word id="word_275">a</word>
   <word id="word_276">agência</word>
   <word id="word_277">de</word>
   <word id="word_278">contra-espionagem</word>
   <word id="word_279">de_</word>
   <word id="word_280">a</word>
   <word id="word_281">Alemanha</word>
   <word id="word_282">Federal</word>
   <word id="word_283">.</word>
   <word id="word_284">Dois</word>
   <word id="word_285">outros</word>
   <word id="word_286">suspeitos</word>
   <word id="word_287">também</word>
   <word id="word_288">fugiram</word>
   <word id="word_289">para</word>
   <word id="word_290">o</word>
   <word id="word_291">Leste</word>
   <word id="word_292">em_</word>
   <word id="word_293">aquela</word>
   <word id="word_294">altura</word>
   <word id="word_295">:</word>
   <word id="word_296">Herta-Astrid</word>
   <word id="word_297">Willner</word>
   <word id="word_298">,</word>
   <word id="word_299">de</word>
   <word id="word_300">46</word>
   <word id="word_301">anos</word>
   <word id="word_302">,</word>
   <word id="word_303">secretária</word>
   <word id="word_304">de_</word>
   <word id="word_305">o</word>
   <word id="word_306">gabinete</word>
   <word id="word_307">de_</word>
   <word id="word_308">o</word>
   <word id="word_309">chanceler</word>
   <word id="word_310">Helmut</word>
   <word id="word_311">Kohl</word>
   <word id="word_312">,</word>
   <word id="word_313">e</word>
   <word id="word_314">o</word>
   <word id="word_315">,</word>
   <word id="word_316">seu</word>
   <word id="word_317">marido</word>
   <word id="word_318">,</word>
   <word id="word_319">Herbert</word>
   <word id="word_320">,</word>
   <word id="word_321">de</word>
   <word id="word_322">60</word>
   <word id="word_323">anos</word>
   <word id="word_324">.</word>
   <word id="word_325">Uma</word>
   <word id="word_326">outra</word>
   <word id="word_327">secretária</word>
   <word id="word_328">,</word>
   <word id="word_329">Sonja</word>
   <word id="word_330">Lueneburg</word>
   <word id="word_331">,</word>
   <word id="word_332">de</word>
   <word id="word_333">61</word>
   <word id="word_334">anos</word>
   <word id="word_335">,</word>
   <word id="word_336">também</word>
   <word id="word_337">desapareceu</word>
   <word id="word_338">,</word>
   <word id="word_339">tendo</word>
   <word id="word_340">ido</word>
   <word id="word_341">presumivelmente</word>
   <word id="word_342">para</word>
   <word id="word_343">o</word>
   <word id="word_344">Leste</word>
   <word id="word_345">.</word>
   <word id="word_346">Ela</word>
   <word id="word_347">era</word>
   <word id="word_348">a</word>
   <word id="word_349">secretária</word>
   <word id="word_350">particular</word>
   <word id="word_351">de_</word>
   <word id="word_352">o</word>
   <word id="word_353">ministro</word>
   <word id="word_354">de</word>
   <word id="word_355">Economia</word>
   <word id="word_356">,</word>
   <word id="word_357">Martin</word>
   <word id="word_358">Bangemann</word>
   <word id="word_359">.</word>
   <word id="word_360">Mais</word>
   <word id="word_361">uma</word>
   <word id="word_362">secretária</word>
   <word id="word_363">suspeita</word>
   <word id="word_364">,</word>
   <word id="word_365">Margarete</word>
   <word id="word_366">Hoeke</word>
   <word id="word_367">,</word>
   <word id="word_368">de</word>
   <word id="word_369">52</word>
   <word id="word_370">anos</word>
   <word id="word_371">,</word>
   <word id="word_372">considerada</word>
   <word id="word_373">uma</word>
   <word id="word_374">«toupeira»</word>
   <word id="word_375">em_</word>
   <word id="word_376">o</word>
   <word id="word_377">gabinete</word>
   <word id="word_378">de_</word>
   <word id="word_379">o</word>
   <word id="word_380">presidente</word>
   <word id="word_381">Richard</word>
   <word id="word_382">Von</word>
   <word id="word_383">Weizsaecker</word>
   <word id="word_384">,</word>
   <word id="word_385">foi</word>
   <word id="word_386">detida</word>
   <word id="word_387">quando</word>
   <word id="word_388">,</word>
   <word id="word_389">aparentemente</word>
   <word id="word_390">,</word>
   <word id="word_391">se</word>
   <word id="word_392">preparava</word>
   <word id="word_393">para</word>
   <word id="word_394">fugir</word>
   <word id="word_395">.</word>
   <word id="word_396">Entretanto</word>
   <word id="word_397">,</word>
   <word id="word_398">um</word>
   <word id="word_399">cidadão</word>
   <word id="word_400">de_</word>
   <word id="word_401">a</word>
   <word id="word_402">República</word>
   <word id="word_403">Democrática</word>
   <word id="word_404">Alemã</word>
   <word id="word_405">,</word>
   <word id="word_406">de</word>
   <word id="word_407">22</word>
   <word id="word_408">anos</word>
   <word id="word_409">,</word>
   <word id="word_410">fugiu</word>
   <word id="word_411">ileso</word>
   <word id="word_412">para</word>
   <word id="word_413">Berlim</word>
   <word id="word_414">Ocidental</word>
   <word id="word_415">em_</word>
   <word id="word_416">a</word>
   <word id="word_417">noite</word>
   <word id="word_418">de</word>
   <word id="word_419">quarta-feira</word>
   <word id="word_420">,</word>
   <word id="word_421">revelou</word>
   <word id="word_422">ontem</word>
   <word id="word_423">a</word>
   <word id="word_424">Polícia</word>
   <word id="word_425">.</word>
   <word id="word_426">Não</word>
   <word id="word_427">foram</word>
   <word id="word_428">acrescentados</word>
   <word id="word_429">mais</word>
   <word id="word_430">pormenores</word>
   <word id="word_431">.</word>
   <word id="word_432">Os</word>
   <word id="word_433">guardas</word>
   <word id="word_434">de_</word>
   <word id="word_435">a</word>
   <word id="word_436">fronteira</word>
   <word id="word_437">têm</word>
   <word id="word_438">ordens</word>
   <word id="word_439">para</word>
   <word id="word_440">disparar</word>
   <word id="word_441">contra</word>
   <word id="word_442">qualquer</word>
   <word id="word_443">pessoa</word>
   <word id="word_444">que</word>
   <word id="word_445">tente</word>
   <word id="word_446">fugir</word>
   <word id="word_447">para</word>
   <word id="word_448">o</word>
   <word id="word_449">Ocidente</word>
   <word id="word_450">.</word>
</words>
