<?xml version="1.0" encoding="UTF-8"?>
<!DOCTYPE words SYSTEM "words.dtd">
<words>
   <word id="word_1">O</word>
   <word id="word_2">PLENÁRIO</word>
   <word id="word_3">apenas</word>
   <word id="word_4">iniciou</word>
   <word id="word_5">o</word>
   <word id="word_6">debate</word>
   <word id="word_7">de_</word>
   <word id="word_8">a</word>
   <word id="word_9">proposta</word>
   <word id="word_10">em</word>
   <word id="word_11">causa</word>
   <word id="word_12">,</word>
   <word id="word_13">tendo</word>
   <word id="word_14">dedicado</word>
   <word id="word_15">a</word>
   <word id="word_16">parte</word>
   <word id="word_17">final</word>
   <word id="word_18">de_</word>
   <word id="word_19">a</word>
   <word id="word_20">sessão</word>
   <word id="word_21">a_</word>
   <word id="word_22">a</word>
   <word id="word_23">aprovação</word>
   <word id="word_24">de_</word>
   <word id="word_25">a</word>
   <word id="word_26">lei</word>
   <word id="word_27">sobre</word>
   <word id="word_28">salários</word>
   <word id="word_29">em</word>
   <word id="word_30">atraso</word>
   <word id="word_31">,</word>
   <word id="word_32">a</word>
   <word id="word_33">que</word>
   <word id="word_34">nos</word>
   <word id="word_35">referimos</word>
   <word id="word_36">em_</word>
   <word id="word_37">a</word>
   <word id="word_38">edição</word>
   <word id="word_39">de</word>
   <word id="word_40">ontem</word>
   <word id="word_41">.</word>
   <word id="word_42">Votaram</word>
   <word id="word_43">a</word>
   <word id="word_44">favor</word>
   <word id="word_45">o</word>
   <word id="word_46">PS</word>
   <word id="word_47">,</word>
   <word id="word_48">o</word>
   <word id="word_49">PRD</word>
   <word id="word_50">,</word>
   <word id="word_51">o</word>
   <word id="word_52">PCP</word>
   <word id="word_53">,</word>
   <word id="word_54">o</word>
   <word id="word_55">MDP</word>
   <word id="word_56">e</word>
   <word id="word_57">os</word>
   <word id="word_58">deputados</word>
   <word id="word_59">independentes</word>
   <word id="word_60">.</word>
   <word id="word_61">O</word>
   <word id="word_62">CDS</word>
   <word id="word_63">absteve</word>
   <word id="word_64">-se</word>
   <word id="word_65">e</word>
   <word id="word_66">o</word>
   <word id="word_67">PSD</word>
   <word id="word_68">votou</word>
   <word id="word_69">contra</word>
   <word id="word_70">.</word>
   <word id="word_71">Narana</word>
   <word id="word_72">Coissoró</word>
   <word id="word_73">,</word>
   <word id="word_74">de_</word>
   <word id="word_75">o</word>
   <word id="word_76">CDS</word>
   <word id="word_77">,</word>
   <word id="word_78">disse</word>
   <word id="word_79">que</word>
   <word id="word_80">o</word>
   <word id="word_81">seu</word>
   <word id="word_82">partido</word>
   <word id="word_83">se</word>
   <word id="word_84">absteve</word>
   <word id="word_85">porque</word>
   <word id="word_86">o</word>
   <word id="word_87">fenómeno</word>
   <word id="word_88">de_</word>
   <word id="word_89">os</word>
   <word id="word_90">salários</word>
   <word id="word_91">em</word>
   <word id="word_92">atraso</word>
   <word id="word_93">,</word>
   <word id="word_94">que</word>
   <word id="word_95">classificou</word>
   <word id="word_96">de</word>
   <word id="word_97">«injustiça</word>
   <word id="word_98">gritante»</word>
   <word id="word_99">,</word>
   <word id="word_100">é</word>
   <word id="word_101">inseparável</word>
   <word id="word_102">«da</word>
   <word id="word_103">política</word>
   <word id="word_104">desastrosa</word>
   <word id="word_105">conduzida</word>
   <word id="word_106">por_</word>
   <word id="word_107">o</word>
   <word id="word_108">Governo</word>
   <word id="word_109">PS</word>
   <word id="word_110">/</word>
   <word id="word_111">PSD»</word>
   <word id="word_112">.</word>
   <word id="word_113">Para</word>
   <word id="word_114">Raul</word>
   <word id="word_115">de</word>
   <word id="word_116">Castro</word>
   <word id="word_117">,</word>
   <word id="word_118">de_</word>
   <word id="word_119">o</word>
   <word id="word_120">MDP</word>
   <word id="word_121">,</word>
   <word id="word_122">o</word>
   <word id="word_123">diploma</word>
   <word id="word_124">apresenta</word>
   <word id="word_125">-se</word>
   <word id="word_126">«como</word>
   <word id="word_127">instrumento</word>
   <word id="word_128">indispensável</word>
   <word id="word_129">a_</word>
   <word id="word_130">a</word>
   <word id="word_131">luta</word>
   <word id="word_132">contra</word>
   <word id="word_133">a</word>
   <word id="word_134">indignidade</word>
   <word id="word_135">nacional</word>
   <word id="word_136">que</word>
   <word id="word_137">são</word>
   <word id="word_138">os</word>
   <word id="word_139">salários</word>
   <word id="word_140">em</word>
   <word id="word_141">atraso»</word>
   <word id="word_142">.</word>
   <word id="word_143">Por</word>
   <word id="word_144">seu</word>
   <word id="word_145">turno</word>
   <word id="word_146">,</word>
   <word id="word_147">o</word>
   <word id="word_148">PRD</word>
   <word id="word_149">votou</word>
   <word id="word_150">favoravelmente</word>
   <word id="word_151">esta</word>
   <word id="word_152">lei</word>
   <word id="word_153">porque</word>
   <word id="word_154">,</word>
   <word id="word_155">não</word>
   <word id="word_156">sendo</word>
   <word id="word_157">um</word>
   <word id="word_158">«texto</word>
   <word id="word_159">perfeito»</word>
   <word id="word_160">,</word>
   <word id="word_161">o</word>
   <word id="word_162">problema</word>
   <word id="word_163">de_</word>
   <word id="word_164">os</word>
   <word id="word_165">salários</word>
   <word id="word_166">em</word>
   <word id="word_167">atraso</word>
   <word id="word_168">é</word>
   <word id="word_169">«suficientemente</word>
   <word id="word_170">grave</word>
   <word id="word_171">para</word>
   <word id="word_172">que</word>
   <word id="word_173">mereça</word>
   <word id="word_174">,</word>
   <word id="word_175">por_</word>
   <word id="word_176">o</word>
   <word id="word_177">menos</word>
   <word id="word_178">,</word>
   <word id="word_179">uma</word>
   <word id="word_180">tentativa</word>
   <word id="word_181">de</word>
   <word id="word_182">resolução»</word>
   <word id="word_183">.</word>
   <word id="word_184">O</word>
   <word id="word_185">PS</word>
   <word id="word_186">,</word>
   <word id="word_187">através</word>
   <word id="word_188">de_</word>
   <word id="word_189">o</word>
   <word id="word_190">deputado</word>
   <word id="word_191">Vítor</word>
   <word id="word_192">Hugo</word>
   <word id="word_193">Sequeira</word>
   <word id="word_194">,</word>
   <word id="word_195">pretendeu</word>
   <word id="word_196">,</word>
   <word id="word_197">a_</word>
   <word id="word_198">o</word>
   <word id="word_199">votar</word>
   <word id="word_200">favoravelmente</word>
   <word id="word_201">este</word>
   <word id="word_202">diploma</word>
   <word id="word_203">,</word>
   <word id="word_204">«colocar</word>
   <word id="word_205">em_</word>
   <word id="word_206">as</word>
   <word id="word_207">mãos</word>
   <word id="word_208">de_</word>
   <word id="word_209">o</word>
   <word id="word_210">actual</word>
   <word id="word_211">Governo</word>
   <word id="word_212">um</word>
   <word id="word_213">instrumento</word>
   <word id="word_214">que</word>
   <word id="word_215">lhe</word>
   <word id="word_216">permite</word>
   <word id="word_217">,</word>
   <word id="word_218">a</word>
   <word id="word_219">par</word>
   <word id="word_220">de</word>
   <word id="word_221">outras</word>
   <word id="word_222">medidas</word>
   <word id="word_223">de</word>
   <word id="word_224">política</word>
   <word id="word_225">económica</word>
   <word id="word_226">a</word>
   <word id="word_227">serem</word>
   <word id="word_228">implementadas»</word>
   <word id="word_229">,</word>
   <word id="word_230">debelar</word>
   <word id="word_231">«em</word>
   <word id="word_232">definitivo»</word>
   <word id="word_233">o</word>
   <word id="word_234">problema</word>
   <word id="word_235">de_</word>
   <word id="word_236">os</word>
   <word id="word_237">salários</word>
   <word id="word_238">em</word>
   <word id="word_239">atraso</word>
   <word id="word_240">.</word>
   <word id="word_241">Os</word>
   <word id="word_242">comunistas</word>
   <word id="word_243">,</word>
   <word id="word_244">em_</word>
   <word id="word_245">a</word>
   <word id="word_246">sua</word>
   <word id="word_247">declaração</word>
   <word id="word_248">de</word>
   <word id="word_249">voto</word>
   <word id="word_250">,</word>
   <word id="word_251">concluíram</word>
   <word id="word_252">que</word>
   <word id="word_253">a</word>
   <word id="word_254">lei</word>
   <word id="word_255">em</word>
   <word id="word_256">causa</word>
   <word id="word_257">«traduz</word>
   <word id="word_258">,</word>
   <word id="word_259">em_</word>
   <word id="word_260">os</word>
   <word id="word_261">seus</word>
   <word id="word_262">aspectos</word>
   <word id="word_263">positivos</word>
   <word id="word_264">e</word>
   <word id="word_265">negativos</word>
   <word id="word_266">,</word>
   <word id="word_267">o</word>
   <word id="word_268">resultado</word>
   <word id="word_269">de</word>
   <word id="word_270">uma</word>
   <word id="word_271">ampla</word>
   <word id="word_272">e</word>
   <word id="word_273">nem</word>
   <word id="word_274">sempre</word>
   <word id="word_275">fácil</word>
   <word id="word_276">convergência</word>
   <word id="word_277">existente</word>
   <word id="word_278">entre</word>
   <word id="word_279">os</word>
   <word id="word_280">projectos</word>
   <word id="word_281">de</word>
   <word id="word_282">lei</word>
   <word id="word_283">de_</word>
   <word id="word_284">o</word>
   <word id="word_285">PCP</word>
   <word id="word_286">,</word>
   <word id="word_287">de_</word>
   <word id="word_288">o</word>
   <word id="word_289">PS</word>
   <word id="word_290">e</word>
   <word id="word_291">de_</word>
   <word id="word_292">o</word>
   <word id="word_293">PRD»</word>
   <word id="word_294">.</word>
   <word id="word_295">Amândio</word>
   <word id="word_296">de</word>
   <word id="word_297">Azevedo</word>
   <word id="word_298">disse</word>
   <word id="word_299">que</word>
   <word id="word_300">o</word>
   <word id="word_301">seu</word>
   <word id="word_302">partido</word>
   <word id="word_303">votou</word>
   <word id="word_304">em_</word>
   <word id="word_305">a</word>
   <word id="word_306">globalidade</word>
   <word id="word_307">contra</word>
   <word id="word_308">a</word>
   <word id="word_309">lei</word>
   <word id="word_310">sobre</word>
   <word id="word_311">salários</word>
   <word id="word_312">em</word>
   <word id="word_313">atraso</word>
   <word id="word_314">,</word>
   <word id="word_315">«porque</word>
   <word id="word_316">votou</word>
   <word id="word_317">em_</word>
   <word id="word_318">a</word>
   <word id="word_319">especialidade</word>
   <word id="word_320">contra</word>
   <word id="word_321">a</word>
   <word id="word_322">generalidade</word>
   <word id="word_323">de_</word>
   <word id="word_324">os</word>
   <word id="word_325">artigos</word>
   <word id="word_326">de_</word>
   <word id="word_327">esta</word>
   <word id="word_328">lei»</word>
   <word id="word_329">.</word>
   <word id="word_330">a_</word>
   <word id="word_331">o</word>
   <word id="word_332">apresentar</word>
   <word id="word_333">a</word>
   <word id="word_334">proposta</word>
   <word id="word_335">de</word>
   <word id="word_336">lei</word>
   <word id="word_337">que</word>
   <word id="word_338">agrava</word>
   <word id="word_339">as</word>
   <word id="word_340">sanções</word>
   <word id="word_341">contra</word>
   <word id="word_342">incendiários</word>
   <word id="word_343">,</word>
   <word id="word_344">o</word>
   <word id="word_345">Governo</word>
   <word id="word_346">observa</word>
   <word id="word_347">que</word>
   <word id="word_348">,</word>
   <word id="word_349">em_</word>
   <word id="word_350">os</word>
   <word id="word_351">últimos</word>
   <word id="word_352">anos</word>
   <word id="word_353">,</word>
   <word id="word_354">a</word>
   <word id="word_355">intensificação</word>
   <word id="word_356">de_</word>
   <word id="word_357">os</word>
   <word id="word_358">fogos</word>
   <word id="word_359">determina</word>
   <word id="word_360">«um</word>
   <word id="word_361">justificado</word>
   <word id="word_362">alarme</word>
   <word id="word_363">social»</word>
   <word id="word_364">.</word>
   <word id="word_365">O</word>
   <word id="word_366">ministro</word>
   <word id="word_367">de_</word>
   <word id="word_368">a</word>
   <word id="word_369">Justiça</word>
   <word id="word_370">,</word>
   <word id="word_371">Mário</word>
   <word id="word_372">Raposo</word>
   <word id="word_373">,</word>
   <word id="word_374">realçou</word>
   <word id="word_375">os</word>
   <word id="word_376">graves</word>
   <word id="word_377">prejuízos</word>
   <word id="word_378">causados</word>
   <word id="word_379">a_</word>
   <word id="word_380">o</word>
   <word id="word_381">País</word>
   <word id="word_382">por_</word>
   <word id="word_383">os</word>
   <word id="word_384">incêndios</word>
   <word id="word_385">:</word>
   <word id="word_386">«Recorde</word>
   <word id="word_387">-se</word>
   <word id="word_388">que</word>
   <word id="word_389">um</word>
   <word id="word_390">incêndio</word>
   <word id="word_391">opera</word>
   <word id="word_392">por_</word>
   <word id="word_393">a</word>
   <word id="word_394">destruição</word>
   <word id="word_395">de_</word>
   <word id="word_396">os</word>
   <word id="word_397">solos</word>
   <word id="word_398">e</word>
   <word id="word_399">de_</word>
   <word id="word_400">as</word>
   <word id="word_401">árvores</word>
   <word id="word_402">,</word>
   <word id="word_403">alterações</word>
   <word id="word_404">drásticas</word>
   <word id="word_405">em_</word>
   <word id="word_406">as</word>
   <word id="word_407">funções</word>
   <word id="word_408">de</word>
   <word id="word_409">conservação</word>
   <word id="word_410">que</word>
   <word id="word_411">a</word>
   <word id="word_412">floresta</word>
   <word id="word_413">desempenha</word>
   <word id="word_414">.</word>
   <word id="word_415">»</word>
   <word id="word_416">É</word>
   <word id="word_417">,</word>
   <word id="word_418">pois</word>
   <word id="word_419">,</word>
   <word id="word_420">dentro</word>
   <word id="word_421">deste</word>
   <word id="word_422">espírito</word>
   <word id="word_423">que</word>
   <word id="word_424">o</word>
   <word id="word_425">Governo</word>
   <word id="word_426">propõe</word>
   <word id="word_427">a_</word>
   <word id="word_428">a</word>
   <word id="word_429">Assembleia</word>
   <word id="word_430">de_</word>
   <word id="word_431">a</word>
   <word id="word_432">República</word>
   <word id="word_433">cinco</word>
   <word id="word_434">a</word>
   <word id="word_435">15</word>
   <word id="word_436">anos</word>
   <word id="word_437">de</word>
   <word id="word_438">prisão</word>
   <word id="word_439">a</word>
   <word id="word_440">«quem</word>
   <word id="word_441">incendiar</word>
   <word id="word_442">florestas</word>
   <word id="word_443">,</word>
   <word id="word_444">matas</word>
   <word id="word_445">ou</word>
   <word id="word_446">arvoredos</word>
   <word id="word_447">que</word>
   <word id="word_448">sejam</word>
   <word id="word_449">propriedade</word>
   <word id="word_450">de</word>
   <word id="word_451">outrem</word>
   <word id="word_452">ou</word>
   <word id="word_453">que</word>
   <word id="word_454">,</word>
   <word id="word_455">sendo</word>
   <word id="word_456">propriedade</word>
   <word id="word_457">de_</word>
   <word id="word_458">o</word>
   <word id="word_459">agente</word>
   <word id="word_460">,</word>
   <word id="word_461">tenham</word>
   <word id="word_462">valor</word>
   <word id="word_463">patrimonial</word>
   <word id="word_464">considerável</word>
   <word id="word_465">,</word>
   <word id="word_466">ou</word>
   <word id="word_467">possam</word>
   <word id="word_468">,</word>
   <word id="word_469">por_</word>
   <word id="word_470">a</word>
   <word id="word_471">sua</word>
   <word id="word_472">natureza</word>
   <word id="word_473">e</word>
   <word id="word_474">localização</word>
   <word id="word_475">,</word>
   <word id="word_476">comunicar</word>
   <word id="word_477">o</word>
   <word id="word_478">incêndio</word>
   <word id="word_479">a</word>
   <word id="word_480">florestas</word>
   <word id="word_481">,</word>
   <word id="word_482">matas</word>
   <word id="word_483">ou</word>
   <word id="word_484">arvoredos</word>
   <word id="word_485">de</word>
   <word id="word_486">outrem»</word>
   <word id="word_487">.</word>
   <word id="word_488">Esta</word>
   <word id="word_489">pena</word>
   <word id="word_490">será</word>
   <word id="word_491">agravada</word>
   <word id="word_492">de</word>
   <word id="word_493">cinco</word>
   <word id="word_494">anos</word>
   <word id="word_495">de</word>
   <word id="word_496">prisão</word>
   <word id="word_497">se</word>
   <word id="word_498">em_</word>
   <word id="word_499">o</word>
   <word id="word_500">incêndio</word>
   <word id="word_501">houver</word>
   <word id="word_502">morte</word>
   <word id="word_503">ou</word>
   <word id="word_504">lesão</word>
   <word id="word_505">corporal</word>
   <word id="word_506">grave</word>
   <word id="word_507">de</word>
   <word id="word_508">alguém</word>
   <word id="word_509">.</word>
   <word id="word_510">Por</word>
   <word id="word_511">outro</word>
   <word id="word_512">lado</word>
   <word id="word_513">,</word>
   <word id="word_514">será</word>
   <word id="word_515">punido</word>
   <word id="word_516">com</word>
   <word id="word_517">dez</word>
   <word id="word_518">a</word>
   <word id="word_519">vinte</word>
   <word id="word_520">anos</word>
   <word id="word_521">de</word>
   <word id="word_522">prisão</word>
   <word id="word_523">quem</word>
   <word id="word_524">«destruir</word>
   <word id="word_525">,</word>
   <word id="word_526">danificar</word>
   <word id="word_527">ou</word>
   <word id="word_528">tornar</word>
   <word id="word_529">inutilizável</word>
   <word id="word_530">o</word>
   <word id="word_531">material</word>
   <word id="word_532">destinado</word>
   <word id="word_533">a</word>
   <word id="word_534">combater</word>
   <word id="word_535">um</word>
   <word id="word_536">incêndio</word>
   <word id="word_537">,</word>
   <word id="word_538">o</word>
   <word id="word_539">que</word>
   <word id="word_540">levou</word>
   <word id="word_541">o</word>
   <word id="word_542">deputado</word>
   <word id="word_543">de_</word>
   <word id="word_544">o</word>
   <word id="word_545">PRD</word>
   <word id="word_546">,</word>
   <word id="word_547">Magalhães</word>
   <word id="word_548">Mota</word>
   <word id="word_549">,</word>
   <word id="word_550">a</word>
   <word id="word_551">observar</word>
   <word id="word_552">que</word>
   <word id="word_553">este</word>
   <word id="word_554">artigo</word>
   <word id="word_555">deveria</word>
   <word id="word_556">ser</word>
   <word id="word_557">especificado</word>
   <word id="word_558">.</word>
</words>
