<?xml version="1.0" encoding="UTF-8"?>
<!DOCTYPE words SYSTEM "words.dtd">
<words>
   <word id="word_1">O</word>
   <word id="word_2">mundo</word>
   <word id="word_3">civilizado</word>
   <word id="word_4">vestiu</word>
   <word id="word_5">luto</word>
   <word id="word_6">esta</word>
   <word id="word_7">semana</word>
   <word id="word_8">.</word>
   <word id="word_9">Por</word>
   <word id="word_10">terem</word>
   <word id="word_11">morrido</word>
   <word id="word_12">seis</word>
   <word id="word_13">pessoas</word>
   <word id="word_14">?</word>
   <word id="word_15">Com</word>
   <word id="word_16">certeza</word>
   <word id="word_17">.</word>
   <word id="word_18">Mas</word>
   <word id="word_19">morreram</word>
   <word id="word_20">mais</word>
   <word id="word_21">de</word>
   <word id="word_22">seis</word>
   <word id="word_23">pessoas</word>
   <word id="word_24">em_</word>
   <word id="word_25">a</word>
   <word id="word_26">semana</word>
   <word id="word_27">anterior</word>
   <word id="word_28">.</word>
   <word id="word_29">Morreram</word>
   <word id="word_30">mais</word>
   <word id="word_31">de</word>
   <word id="word_32">seis</word>
   <word id="word_33">pessoas</word>
   <word id="word_34">em</word>
   <word id="word_35">acidentes</word>
   <word id="word_36">de</word>
   <word id="word_37">viação</word>
   <word id="word_38">,</word>
   <word id="word_39">de</word>
   <word id="word_40">frio</word>
   <word id="word_41">,</word>
   <word id="word_42">de</word>
   <word id="word_43">fome</word>
   <word id="word_44">,</word>
   <word id="word_45">de</word>
   <word id="word_46">doenças</word>
   <word id="word_47">curáveis</word>
   <word id="word_48">,</word>
   <word id="word_49">de</word>
   <word id="word_50">velhice</word>
   <word id="word_51">precoce</word>
   <word id="word_52">.</word>
   <word id="word_53">Morreram</word>
   <word id="word_54">esta</word>
   <word id="word_55">semana</word>
   <word id="word_56">sete</word>
   <word id="word_57">pessoas</word>
   <word id="word_58">que</word>
   <word id="word_59">iam</word>
   <word id="word_60">embarcadas</word>
   <word id="word_61">em_</word>
   <word id="word_62">um</word>
   <word id="word_63">sonho</word>
   <word id="word_64">.</word>
   <word id="word_65">A</word>
   <word id="word_66">professora</word>
   <word id="word_67">que</word>
   <word id="word_68">não</word>
   <word id="word_69">chegou</word>
   <word id="word_70">a</word>
   <word id="word_71">dar</word>
   <word id="word_72">a</word>
   <word id="word_73">sua</word>
   <word id="word_74">aula</word>
   <word id="word_75">em_</word>
   <word id="word_76">a</word>
   <word id="word_77">escola</word>
   <word id="word_78">espacial</word>
   <word id="word_79">foi</word>
   <word id="word_80">,</word>
   <word id="word_81">de</word>
   <word id="word_82">todos</word>
   <word id="word_83">os</word>
   <word id="word_84">falecidos</word>
   <word id="word_85">,</word>
   <word id="word_86">o</word>
   <word id="word_87">mais</word>
   <word id="word_88">chorado</word>
   <word id="word_89">.</word>
   <word id="word_90">Tinha</word>
   <word id="word_91">algumas</word>
   <word id="word_92">dúzias</word>
   <word id="word_93">de</word>
   <word id="word_94">crianças</word>
   <word id="word_95">a_</word>
   <word id="word_96">a</word>
   <word id="word_97">espera</word>
   <word id="word_98">de_</word>
   <word id="word_99">essa</word>
   <word id="word_100">amostragem</word>
   <word id="word_101">de</word>
   <word id="word_102">futuro</word>
   <word id="word_103">tantas</word>
   <word id="word_104">vezes</word>
   <word id="word_105">adiantada</word>
   <word id="word_106">em_</word>
   <word id="word_107">os</word>
   <word id="word_108">filmes</word>
   <word id="word_109">e</word>
   <word id="word_110">em_</word>
   <word id="word_111">as</word>
   <word id="word_112">séries</word>
   <word id="word_113">de</word>
   <word id="word_114">ficção</word>
   <word id="word_115">.</word>
   <word id="word_116">Estávamos</word>
   <word id="word_117">em_</word>
   <word id="word_118">a</word>
   <word id="word_119">viagem</word>
   <word id="word_120">que</word>
   <word id="word_121">iria</word>
   <word id="word_122">desfazer</word>
   <word id="word_123">o</word>
   <word id="word_124">mito</word>
   <word id="word_125">,</word>
   <word id="word_126">espécie</word>
   <word id="word_127">de</word>
   <word id="word_128">cabo</word>
   <word id="word_129">Bojador</word>
   <word id="word_130">a</word>
   <word id="word_131">derreter</word>
   <word id="word_132">fantasmas</word>
   <word id="word_133">e</word>
   <word id="word_134">a</word>
   <word id="word_135">dizer</word>
   <word id="word_136">:</word>
   <word id="word_137">o</word>
   <word id="word_138">impossível</word>
   <word id="word_139">está</word>
   <word id="word_140">aqui</word>
   <word id="word_141">,</word>
   <word id="word_142">a_</word>
   <word id="word_143">a</word>
   <word id="word_144">nossa</word>
   <word id="word_145">mão</word>
   <word id="word_146">.</word>
   <word id="word_147">O</word>
   <word id="word_148">espaço</word>
   <word id="word_149">mais</word>
   <word id="word_150">que</word>
   <word id="word_151">uma</word>
   <word id="word_152">propriedade</word>
   <word id="word_153">física</word>
   <word id="word_154">,</word>
   <word id="word_155">é</word>
   <word id="word_156">uma</word>
   <word id="word_157">aquisição</word>
   <word id="word_158">espiritual</word>
   <word id="word_159">,</word>
   <word id="word_160">um</word>
   <word id="word_161">domínio</word>
   <word id="word_162">de_</word>
   <word id="word_163">o</word>
   <word id="word_164">campo</word>
   <word id="word_165">de_</word>
   <word id="word_166">os</word>
   <word id="word_167">sonhos</word>
   <word id="word_168">,</word>
   <word id="word_169">um</word>
   <word id="word_170">ET</word>
   <word id="word_171">surpreendido</word>
   <word id="word_172">em_</word>
   <word id="word_173">as</word>
   <word id="word_174">reais</word>
   <word id="word_175">dimensões</word>
   <word id="word_176">.</word>
   <word id="word_177">Estivemos</word>
   <word id="word_178">de</word>
   <word id="word_179">luto</word>
   <word id="word_180">por</word>
   <word id="word_181">um</word>
   <word id="word_182">sonho</word>
   <word id="word_183">que</word>
   <word id="word_184">se</word>
   <word id="word_185">perdeu</word>
   <word id="word_186">ou</word>
   <word id="word_187">por_</word>
   <word id="word_188">o</word>
   <word id="word_189">menos</word>
   <word id="word_190">que</word>
   <word id="word_191">sofreu</word>
   <word id="word_192">um</word>
   <word id="word_193">dramático</word>
   <word id="word_194">golpe</word>
   <word id="word_195">.</word>
   <word id="word_196">Para</word>
   <word id="word_197">humilhação</word>
   <word id="word_198">,</word>
   <word id="word_199">foi</word>
   <word id="word_200">visto</word>
   <word id="word_201">em</word>
   <word id="word_202">directo</word>
   <word id="word_203">,</word>
   <word id="word_204">em_</word>
   <word id="word_205">o</word>
   <word id="word_206">segundo</word>
   <word id="word_207">exacto</word>
   <word id="word_208">em</word>
   <word id="word_209">que</word>
   <word id="word_210">ocorreu</word>
   <word id="word_211">.</word>
   <word id="word_212">E</word>
   <word id="word_213">diante</word>
   <word id="word_214">desse</word>
   <word id="word_215">espectáculo</word>
   <word id="word_216">de</word>
   <word id="word_217">fogo</word>
   <word id="word_218">surgiram</word>
   <word id="word_219">as</word>
   <word id="word_220">mesmas</word>
   <word id="word_221">perguntas</word>
   <word id="word_222">a_</word>
   <word id="word_223">o</word>
   <word id="word_224">técnico</word>
   <word id="word_225">ancião</word>
   <word id="word_226">de_</word>
   <word id="word_227">a</word>
   <word id="word_228">NASA</word>
   <word id="word_229">e</word>
   <word id="word_230">a_</word>
   <word id="word_231">o</word>
   <word id="word_232">homem</word>
   <word id="word_233">mais</word>
   <word id="word_234">ignorante</word>
   <word id="word_235">sobre</word>
   <word id="word_236">assuntos</word>
   <word id="word_237">espaciais</word>
   <word id="word_238">.</word>
   <word id="word_239">É</word>
   <word id="word_240">a</word>
   <word id="word_241">questão</word>
   <word id="word_242">de_</word>
   <word id="word_243">a</word>
   <word id="word_244">vida</word>
   <word id="word_245">e</word>
   <word id="word_246">de_</word>
   <word id="word_247">o</word>
   <word id="word_248">homem</word>
   <word id="word_249">que</word>
   <word id="word_250">não</word>
   <word id="word_251">nos</word>
   <word id="word_252">deixa</word>
   <word id="word_253">sossegados</word>
   <word id="word_254">e</word>
   <word id="word_255">nos</word>
   <word id="word_256">fere</word>
   <word id="word_257">o</word>
   <word id="word_258">anseio</word>
   <word id="word_259">de</word>
   <word id="word_260">ir</word>
   <word id="word_261">mais</word>
   <word id="word_262">longe</word>
   <word id="word_263">com</word>
   <word id="word_264">os</word>
   <word id="word_265">nossos</word>
   <word id="word_266">próprios</word>
   <word id="word_267">meios</word>
   <word id="word_268">.</word>
   <word id="word_269">Estou</word>
   <word id="word_270">para</word>
   <word id="word_271">aqui</word>
   <word id="word_272">a</word>
   <word id="word_273">fazer</word>
   <word id="word_274">poesia</word>
   <word id="word_275">mas</word>
   <word id="word_276">quero</word>
   <word id="word_277">declarar</word>
   <word id="word_278">que</word>
   <word id="word_279">não</word>
   <word id="word_280">acredito</word>
   <word id="word_281">nada</word>
   <word id="word_282">em_</word>
   <word id="word_283">a</word>
   <word id="word_284">inocência</word>
   <word id="word_285">de_</word>
   <word id="word_286">aqueles</word>
   <word id="word_287">bichos</word>
   <word id="word_288">enormes</word>
   <word id="word_289">que</word>
   <word id="word_290">demandam</word>
   <word id="word_291">o</word>
   <word id="word_292">espaço</word>
   <word id="word_293">.</word>
   <word id="word_294">Em_</word>
   <word id="word_295">o</word>
   <word id="word_296">seu</word>
   <word id="word_297">vaivém</word>
   <word id="word_298">,</word>
   <word id="word_299">transportam</word>
   <word id="word_300">bagagens</word>
   <word id="word_301">secretas</word>
   <word id="word_302">e</word>
   <word id="word_303">ambíguas</word>
   <word id="word_304">que</word>
   <word id="word_305">só</word>
   <word id="word_306">os</word>
   <word id="word_307">chefes</word>
   <word id="word_308">de</word>
   <word id="word_309">alfândega</word>
   <word id="word_310">de_</word>
   <word id="word_311">a</word>
   <word id="word_312">guerra</word>
   <word id="word_313">conhecem</word>
   <word id="word_314">.</word>
   <word id="word_315">Mas</word>
   <word id="word_316">nem</word>
   <word id="word_317">por</word>
   <word id="word_318">isso</word>
   <word id="word_319">deixam</word>
   <word id="word_320">de</word>
   <word id="word_321">significar</word>
   <word id="word_322">uma</word>
   <word id="word_323">área</word>
   <word id="word_324">de</word>
   <word id="word_325">mistério</word>
   <word id="word_326">de_</word>
   <word id="word_327">o</word>
   <word id="word_328">nosso</word>
   <word id="word_329">tempo</word>
   <word id="word_330">.</word>
   <word id="word_331">(</word>
   <word id="word_332">Curioso</word>
   <word id="word_333">:</word>
   <word id="word_334">esta</word>
   <word id="word_335">semana</word>
   <word id="word_336">,</word>
   <word id="word_337">a_</word>
   <word id="word_338">o</word>
   <word id="word_339">passar</word>
   <word id="word_340">por</word>
   <word id="word_341">três</word>
   <word id="word_342">ou</word>
   <word id="word_343">quatro</word>
   <word id="word_344">livrarias</word>
   <word id="word_345">,</word>
   <word id="word_346">encontrei</word>
   <word id="word_347">muito</word>
   <word id="word_348">próximos</word>
   <word id="word_349">,</word>
   <word id="word_350">em_</word>
   <word id="word_351">a</word>
   <word id="word_352">exposição</word>
   <word id="word_353">a_</word>
   <word id="word_354">os</word>
   <word id="word_355">leitores</word>
   <word id="word_356">comuns</word>
   <word id="word_357">,</word>
   <word id="word_358">livros</word>
   <word id="word_359">de</word>
   <word id="word_360">religião</word>
   <word id="word_361">,</word>
   <word id="word_362">astrologia</word>
   <word id="word_363">,</word>
   <word id="word_364">ficacção</word>
   <word id="word_365">científica</word>
   <word id="word_366">e</word>
   <word id="word_367">outros</word>
   <word id="word_368">temas</word>
   <word id="word_369">de</word>
   <word id="word_370">mistério</word>
   <word id="word_371">.</word>
   <word id="word_372">Curioso</word>
   <word id="word_373">,</word>
   <word id="word_374">pensei</word>
   <word id="word_375">.</word>
   <word id="word_376">)</word>
   <word id="word_377">A</word>
   <word id="word_378">fronteira</word>
   <word id="word_379">será</word>
   <word id="word_380">sempre</word>
   <word id="word_381">para</word>
   <word id="word_382">nós</word>
   <word id="word_383">um</word>
   <word id="word_384">espinho</word>
   <word id="word_385">.</word>
   <word id="word_386">Nunca</word>
   <word id="word_387">nos</word>
   <word id="word_388">deixará</word>
   <word id="word_389">tranquilo</word>
   <word id="word_390">o</word>
   <word id="word_391">fascínio</word>
   <word id="word_392">de_</word>
   <word id="word_393">o</word>
   <word id="word_394">intransponível</word>
   <word id="word_395">,</word>
   <word id="word_396">essa</word>
   <word id="word_397">espécie</word>
   <word id="word_398">de</word>
   <word id="word_399">proibido</word>
   <word id="word_400">,</word>
   <word id="word_401">montanha</word>
   <word id="word_402">mágica</word>
   <word id="word_403">que</word>
   <word id="word_404">nos</word>
   <word id="word_405">apetece</word>
   <word id="word_406">subir</word>
   <word id="word_407">,</word>
   <word id="word_408">que</word>
   <word id="word_409">nos</word>
   <word id="word_410">atrai</word>
   <word id="word_411">sem</word>
   <word id="word_412">explanar</word>
   <word id="word_413">razões</word>
   <word id="word_414">,</word>
   <word id="word_415">que</word>
   <word id="word_416">nos</word>
   <word id="word_417">seduz</word>
   <word id="word_418">para</word>
   <word id="word_419">além</word>
   <word id="word_420">de</word>
   <word id="word_421">todo</word>
   <word id="word_422">o</word>
   <word id="word_423">conhecimento</word>
   <word id="word_424">.</word>
   <word id="word_425">Jesus</word>
   <word id="word_426">,</word>
   <word id="word_427">em_</word>
   <word id="word_428">a</word>
   <word id="word_429">sinagoga</word>
   <word id="word_430">de</word>
   <word id="word_431">Nazaré</word>
   <word id="word_432">,</word>
   <word id="word_433">revela</word>
   <word id="word_434">-se</word>
   <word id="word_435">em_</word>
   <word id="word_436">este</word>
   <word id="word_437">misto</word>
   <word id="word_438">de</word>
   <word id="word_439">real</word>
   <word id="word_440">e</word>
   <word id="word_441">mistério</word>
   <word id="word_442">.</word>
   <word id="word_443">É</word>
   <word id="word_444">o</word>
   <word id="word_445">filho</word>
   <word id="word_446">de_</word>
   <word id="word_447">o</word>
   <word id="word_448">Carpinteiro</word>
   <word id="word_449">que</word>
   <word id="word_450">todos</word>
   <word id="word_451">conhecem</word>
   <word id="word_452">.</word>
   <word id="word_453">Mas</word>
   <word id="word_454">quando</word>
   <word id="word_455">transporta</word>
   <word id="word_456">o</word>
   <word id="word_457">para-além-do-imediato</word>
   <word id="word_458">,</word>
   <word id="word_459">os</word>
   <word id="word_460">seus</word>
   <word id="word_461">ouvintes</word>
   <word id="word_462">vibram</word>
   <word id="word_463">de</word>
   <word id="word_464">fúria</word>
   <word id="word_465">face</word>
   <word id="word_466">a_</word>
   <word id="word_467">o</word>
   <word id="word_468">conflito</word>
   <word id="word_469">entre</word>
   <word id="word_470">o</word>
   <word id="word_471">visível</word>
   <word id="word_472">e</word>
   <word id="word_473">o</word>
   <word id="word_474">invisível</word>
   <word id="word_475">.</word>
   <word id="word_476">E</word>
   <word id="word_477">a</word>
   <word id="word_478">reacção</word>
   <word id="word_479">primeira</word>
   <word id="word_480">é</word>
   <word id="word_481">rejeitá-l</word>
   <word id="word_482">'</word>
   <word id="word_483">O</word>
   <word id="word_484">como</word>
   <word id="word_485">impostor</word>
   <word id="word_486">.</word>
   <word id="word_487">Como</word>
   <word id="word_488">se</word>
   <word id="word_489">não</word>
   <word id="word_490">fosse</word>
   <word id="word_491">possível</word>
   <word id="word_492">ter</word>
   <word id="word_493">a</word>
   <word id="word_494">dimensão</word>
   <word id="word_495">real</word>
   <word id="word_496">e</word>
   <word id="word_497">a</word>
   <word id="word_498">transcendência</word>
   <word id="word_499">ÿ</word>
</words>
