<?xml version="1.0" encoding="UTF-8"?>
<!DOCTYPE words SYSTEM "words.dtd">
<words>
   <word id="word_1">O</word>
   <word id="word_2">DIRIGENTE</word>
   <word id="word_3">sindical</word>
   <word id="word_4">que</word>
   <word id="word_5">falava</word>
   <word id="word_6">a_</word>
   <word id="word_7">os</word>
   <word id="word_8">jornalistas</word>
   <word id="word_9">a</word>
   <word id="word_10">propósito</word>
   <word id="word_11">de_</word>
   <word id="word_12">o</word>
   <word id="word_13">programa</word>
   <word id="word_14">de</word>
   <word id="word_15">trabalhos</word>
   <word id="word_16">de_</word>
   <word id="word_17">o</word>
   <word id="word_18">II</word>
   <word id="word_19">Congresso</word>
   <word id="word_20">Nacional</word>
   <word id="word_21">de_</word>
   <word id="word_22">os</word>
   <word id="word_23">Professores</word>
   <word id="word_24">,</word>
   <word id="word_25">marcado</word>
   <word id="word_26">para</word>
   <word id="word_27">a</word>
   <word id="word_28">Estufa</word>
   <word id="word_29">Fria</word>
   <word id="word_30">,</word>
   <word id="word_31">em</word>
   <word id="word_32">Lisboa</word>
   <word id="word_33">,</word>
   <word id="word_34">de</word>
   <word id="word_35">7</word>
   <word id="word_36">a</word>
   <word id="word_37">10</word>
   <word id="word_38">de_</word>
   <word id="word_39">o</word>
   <word id="word_40">corrente</word>
   <word id="word_41">,</word>
   <word id="word_42">adiantou</word>
   <word id="word_43">que</word>
   <word id="word_44">a</word>
   <word id="word_45">Fenprof</word>
   <word id="word_46">se</word>
   <word id="word_47">vai</word>
   <word id="word_48">empenhar</word>
   <word id="word_49">«profundamente</word>
   <word id="word_50">,</word>
   <word id="word_51">para</word>
   <word id="word_52">que</word>
   <word id="word_53">sejam</word>
   <word id="word_54">alcançadas</word>
   <word id="word_55">as</word>
   <word id="word_56">convergências</word>
   <word id="word_57">possíveis</word>
   <word id="word_58">entre</word>
   <word id="word_59">os</word>
   <word id="word_60">cinco</word>
   <word id="word_61">projectos</word>
   <word id="word_62">de</word>
   <word id="word_63">lei</word>
   <word id="word_64">de</word>
   <word id="word_65">bases</word>
   <word id="word_66">de_</word>
   <word id="word_67">o</word>
   <word id="word_68">sistema</word>
   <word id="word_69">educativo</word>
   <word id="word_70">,</word>
   <word id="word_71">que</word>
   <word id="word_72">vão</word>
   <word id="word_73">começar</word>
   <word id="word_74">a</word>
   <word id="word_75">ser</word>
   <word id="word_76">discutidos</word>
   <word id="word_77">em_</word>
   <word id="word_78">a</word>
   <word id="word_79">generalidade</word>
   <word id="word_80">por_</word>
   <word id="word_81">a</word>
   <word id="word_82">Assembleia</word>
   <word id="word_83">de_</word>
   <word id="word_84">a</word>
   <word id="word_85">República»</word>
   <word id="word_86">.</word>
   <word id="word_87">Aquele</word>
   <word id="word_88">professor</word>
   <word id="word_89">referia</word>
   <word id="word_90">-se</word>
   <word id="word_91">a_</word>
   <word id="word_92">as</word>
   <word id="word_93">propostas</word>
   <word id="word_94">legislativas</word>
   <word id="word_95">de</word>
   <word id="word_96">fundo</word>
   <word id="word_97">para</word>
   <word id="word_98">o</word>
   <word id="word_99">sistema</word>
   <word id="word_100">educacional</word>
   <word id="word_101">,</word>
   <word id="word_102">apresentadas</word>
   <word id="word_103">a</word>
   <word id="word_104">nível</word>
   <word id="word_105">parlamentar</word>
   <word id="word_106">por_</word>
   <word id="word_107">o</word>
   <word id="word_108">PSD</word>
   <word id="word_109">,</word>
   <word id="word_110">PS</word>
   <word id="word_111">,</word>
   <word id="word_112">PRD</word>
   <word id="word_113">,</word>
   <word id="word_114">PCP</word>
   <word id="word_115">e</word>
   <word id="word_116">MDP</word>
   <word id="word_117">.</word>
   <word id="word_118">A</word>
   <word id="word_119">Fenprof</word>
   <word id="word_120">,</word>
   <word id="word_121">por</word>
   <word id="word_122">sua</word>
   <word id="word_123">vez</word>
   <word id="word_124">,</word>
   <word id="word_125">não</word>
   <word id="word_126">tenciona</word>
   <word id="word_127">avançar</word>
   <word id="word_128">com</word>
   <word id="word_129">qualquer</word>
   <word id="word_130">projecto</word>
   <word id="word_131">próprio</word>
   <word id="word_132">de</word>
   <word id="word_133">lei</word>
   <word id="word_134">de</word>
   <word id="word_135">bases</word>
   <word id="word_136">,</word>
   <word id="word_137">mas</word>
   <word id="word_138">o</word>
   <word id="word_139">congresso</word>
   <word id="word_140">,</word>
   <word id="word_141">que</word>
   <word id="word_142">se</word>
   <word id="word_143">realizará</word>
   <word id="word_144">dentro</word>
   <word id="word_145">de</word>
   <word id="word_146">uma</word>
   <word id="word_147">semana</word>
   <word id="word_148">,</word>
   <word id="word_149">irá</word>
   <word id="word_150">discutir</word>
   <word id="word_151">aprofundadamente</word>
   <word id="word_152">qual</word>
   <word id="word_153">a</word>
   <word id="word_154">posição</word>
   <word id="word_155">de_</word>
   <word id="word_156">os</word>
   <word id="word_157">docentes</word>
   <word id="word_158">quanto</word>
   <word id="word_159">a_</word>
   <word id="word_160">o</word>
   <word id="word_161">citado</word>
   <word id="word_162">diploma</word>
   <word id="word_163">,</word>
   <word id="word_164">fundamental</word>
   <word id="word_165">para</word>
   <word id="word_166">o</word>
   <word id="word_167">sector</word>
   <word id="word_168">.</word>
   <word id="word_169">Um</word>
   <word id="word_170">elaborado</word>
   <word id="word_171">documento</word>
   <word id="word_172">de</word>
   <word id="word_173">trabalho</word>
   <word id="word_174">,</word>
   <word id="word_175">de_</word>
   <word id="word_176">a</word>
   <word id="word_177">autoria</word>
   <word id="word_178">de_</word>
   <word id="word_179">o</word>
   <word id="word_180">secretariado</word>
   <word id="word_181">nacional</word>
   <word id="word_182">de_</word>
   <word id="word_183">a</word>
   <word id="word_184">organização</word>
   <word id="word_185">sindical</word>
   <word id="word_186">de_</word>
   <word id="word_187">os</word>
   <word id="word_188">professores</word>
   <word id="word_189">,</word>
   <word id="word_190">debruça</word>
   <word id="word_191">-se</word>
   <word id="word_192">sobre</word>
   <word id="word_193">a</word>
   <word id="word_194">importância</word>
   <word id="word_195">de</word>
   <word id="word_196">uma</word>
   <word id="word_197">lei</word>
   <word id="word_198">de</word>
   <word id="word_199">bases</word>
   <word id="word_200">,</word>
   <word id="word_201">o</word>
   <word id="word_202">respectivo</word>
   <word id="word_203">conteúdo</word>
   <word id="word_204">,</word>
   <word id="word_205">as</word>
   <word id="word_206">suas</word>
   <word id="word_207">finalidades</word>
   <word id="word_208">,</word>
   <word id="word_209">objectivos</word>
   <word id="word_210">e</word>
   <word id="word_211">princípios</word>
   <word id="word_212">,</word>
   <word id="word_213">a</word>
   <word id="word_214">estrutura</word>
   <word id="word_215">e</word>
   <word id="word_216">organização</word>
   <word id="word_217">interna</word>
   <word id="word_218">a</word>
   <word id="word_219">englobar</word>
   <word id="word_220">em_</word>
   <word id="word_221">o</word>
   <word id="word_222">sistema</word>
   <word id="word_223">educativo</word>
   <word id="word_224">,</word>
   <word id="word_225">os</word>
   <word id="word_226">conteúdos</word>
   <word id="word_227">de</word>
   <word id="word_228">ensino</word>
   <word id="word_229">,</word>
   <word id="word_230">currículos</word>
   <word id="word_231">e</word>
   <word id="word_232">programas</word>
   <word id="word_233">escolares</word>
   <word id="word_234">,</word>
   <word id="word_235">os</word>
   <word id="word_236">apoios</word>
   <word id="word_237">a_</word>
   <word id="word_238">a</word>
   <word id="word_239">acção</word>
   <word id="word_240">educativa</word>
   <word id="word_241">,</word>
   <word id="word_242">os</word>
   <word id="word_243">meios</word>
   <word id="word_244">de</word>
   <word id="word_245">educação</word>
   <word id="word_246">não</word>
   <word id="word_247">escolar</word>
   <word id="word_248">,</word>
   <word id="word_249">formação</word>
   <word id="word_250">de</word>
   <word id="word_251">professores</word>
   <word id="word_252">e</word>
   <word id="word_253">carreiras</word>
   <word id="word_254">docentes</word>
   <word id="word_255">,</word>
   <word id="word_256">a</word>
   <word id="word_257">gestão</word>
   <word id="word_258">e</word>
   <word id="word_259">administração</word>
   <word id="word_260">de_</word>
   <word id="word_261">o</word>
   <word id="word_262">sistema</word>
   <word id="word_263">de</word>
   <word id="word_264">ensino</word>
   <word id="word_265">e</word>
   <word id="word_266">as</word>
   <word id="word_267">bases</word>
   <word id="word_268">para</word>
   <word id="word_269">um</word>
   <word id="word_270">plano</word>
   <word id="word_271">de</word>
   <word id="word_272">desenvolvimento</word>
   <word id="word_273">de</word>
   <word id="word_274">médio</word>
   <word id="word_275">prazo</word>
   <word id="word_276">para</word>
   <word id="word_277">o</word>
   <word id="word_278">sector</word>
   <word id="word_279">.</word>
   <word id="word_280">António</word>
   <word id="word_281">Teodoro</word>
   <word id="word_282">adiantou</word>
   <word id="word_283">que</word>
   <word id="word_284">a</word>
   <word id="word_285">ordem</word>
   <word id="word_286">de</word>
   <word id="word_287">trabalhos</word>
   <word id="word_288">de_</word>
   <word id="word_289">o</word>
   <word id="word_290">congresso</word>
   <word id="word_291">,</word>
   <word id="word_292">em</word>
   <word id="word_293">cuja</word>
   <word id="word_294">sessão</word>
   <word id="word_295">de</word>
   <word id="word_296">encerramento</word>
   <word id="word_297">estará</word>
   <word id="word_298">o</word>
   <word id="word_299">Presidente</word>
   <word id="word_300">de</word>
   <word id="word_301">República</word>
   <word id="word_302">,</word>
   <word id="word_303">e</word>
   <word id="word_304">que</word>
   <word id="word_305">reunirá</word>
   <word id="word_306">entre</word>
   <word id="word_307">mil</word>
   <word id="word_308">e</word>
   <word id="word_309">1400</word>
   <word id="word_310">professores</word>
   <word id="word_311">,</word>
   <word id="word_312">inclui</word>
   <word id="word_313">também</word>
   <word id="word_314">a</word>
   <word id="word_315">aprovação</word>
   <word id="word_316">de_</word>
   <word id="word_317">o</word>
   <word id="word_318">relatório</word>
   <word id="word_319">de</word>
   <word id="word_320">actividades</word>
   <word id="word_321">de_</word>
   <word id="word_322">a</word>
   <word id="word_323">Fenprof</word>
   <word id="word_324">,</word>
   <word id="word_325">de</word>
   <word id="word_326">Abril</word>
   <word id="word_327">de</word>
   <word id="word_328">1983</word>
   <word id="word_329">até</word>
   <word id="word_330">Maio</word>
   <word id="word_331">corrente</word>
   <word id="word_332">,</word>
   <word id="word_333">e</word>
   <word id="word_334">o</word>
   <word id="word_335">programa</word>
   <word id="word_336">de</word>
   <word id="word_337">acção</word>
   <word id="word_338">para</word>
   <word id="word_339">o</word>
   <word id="word_340">triénio</word>
   <word id="word_341">agora</word>
   <word id="word_342">iniciado</word>
   <word id="word_343">e</word>
   <word id="word_344">que</word>
   <word id="word_345">termina</word>
   <word id="word_346">em</word>
   <word id="word_347">1989</word>
   <word id="word_348">,</word>
   <word id="word_349">bem</word>
   <word id="word_350">como</word>
   <word id="word_351">o</word>
   <word id="word_352">tema</word>
   <word id="word_353">de</word>
   <word id="word_354">estudo</word>
   <word id="word_355">de_</word>
   <word id="word_356">os</word>
   <word id="word_357">participantes</word>
   <word id="word_358">,</word>
   <word id="word_359">sintetizado</word>
   <word id="word_360">em_</word>
   <word id="word_361">o</word>
   <word id="word_362">epíteto</word>
   <word id="word_363">«Democratizar</word>
   <word id="word_364">e</word>
   <word id="word_365">renovar</word>
   <word id="word_366">o</word>
   <word id="word_367">sistema</word>
   <word id="word_368">educativo</word>
   <word id="word_369">português»</word>
   <word id="word_370">.</word>
   <word id="word_371">Os</word>
   <word id="word_372">próximos</word>
   <word id="word_373">três</word>
   <word id="word_374">anos</word>
   <word id="word_375">«vão</word>
   <word id="word_376">ser</word>
   <word id="word_377">profundamente</word>
   <word id="word_378">marcados</word>
   <word id="word_379">por_</word>
   <word id="word_380">o</word>
   <word id="word_381">impacte</word>
   <word id="word_382">e</word>
   <word id="word_383">respectivas</word>
   <word id="word_384">consequências</word>
   <word id="word_385">,</word>
   <word id="word_386">positivas</word>
   <word id="word_387">e</word>
   <word id="word_388">negativas</word>
   <word id="word_389">,</word>
   <word id="word_390">de_</word>
   <word id="word_391">a</word>
   <word id="word_392">adesão</word>
   <word id="word_393">de</word>
   <word id="word_394">Portugal</word>
   <word id="word_395">a_</word>
   <word id="word_396">a</word>
   <word id="word_397">CEE»</word>
   <word id="word_398">,</word>
   <word id="word_399">igualmente</word>
   <word id="word_400">em_</word>
   <word id="word_401">o</word>
   <word id="word_402">plano</word>
   <word id="word_403">educacional</word>
   <word id="word_404">,</word>
   <word id="word_405">alertou</word>
   <word id="word_406">o</word>
   <word id="word_407">secretário-geral</word>
   <word id="word_408">de_</word>
   <word id="word_409">a</word>
   <word id="word_410">federação</word>
   <word id="word_411">,</word>
   <word id="word_412">que</word>
   <word id="word_413">,</word>
   <word id="word_414">comentando</word>
   <word id="word_415">a</word>
   <word id="word_416">situação</word>
   <word id="word_417">actual</word>
   <word id="word_418">,</word>
   <word id="word_419">considerou</word>
   <word id="word_420">que</word>
   <word id="word_421">,</word>
   <word id="word_422">embora</word>
   <word id="word_423">não</word>
   <word id="word_424">havendo</word>
   <word id="word_425">«razões</word>
   <word id="word_426">para</word>
   <word id="word_427">embandeirar</word>
   <word id="word_428">em</word>
   <word id="word_429">arco»</word>
   <word id="word_430">,</word>
   <word id="word_431">se</word>
   <word id="word_432">vivem</word>
   <word id="word_433">perspectivas</word>
   <word id="word_434">«moderadamente</word>
   <word id="word_435">mais</word>
   <word id="word_436">optimistas</word>
   <word id="word_437">de_</word>
   <word id="word_438">o</word>
   <word id="word_439">que</word>
   <word id="word_440">há</word>
   <word id="word_441">três</word>
   <word id="word_442">anos»</word>
   <word id="word_443">.</word>
   <word id="word_444">Alertou</word>
   <word id="word_445">,</word>
   <word id="word_446">porém</word>
   <word id="word_447">,</word>
   <word id="word_448">que</word>
   <word id="word_449">,</word>
   <word id="word_450">caso</word>
   <word id="word_451">não</word>
   <word id="word_452">haja</word>
   <word id="word_453">«um</word>
   <word id="word_454">grande</word>
   <word id="word_455">investimento</word>
   <word id="word_456">em_</word>
   <word id="word_457">o</word>
   <word id="word_458">sector</word>
   <word id="word_459">de_</word>
   <word id="word_460">a</word>
   <word id="word_461">educação</word>
   <word id="word_462">,</word>
   <word id="word_463">o</word>
   <word id="word_464">País</word>
   <word id="word_465">pode</word>
   <word id="word_466">correr</word>
   <word id="word_467">o</word>
   <word id="word_468">risco</word>
   <word id="word_469">de</word>
   <word id="word_470">se</word>
   <word id="word_471">tornar</word>
   <word id="word_472">em_</word>
   <word id="word_473">uma</word>
   <word id="word_474">Tailândia</word>
   <word id="word_475">de_</word>
   <word id="word_476">a</word>
   <word id="word_477">Europa»</word>
   <word id="word_478">.</word>
</words>
