<?xml version="1.0" encoding="UTF-8"?>
<!DOCTYPE words SYSTEM "words.dtd">
<words>
   <word id="word_1">SER</word>
   <word id="word_2">O</word>
   <word id="word_3">MELHOR</word>
   <word id="word_4">,</word>
   <word id="word_5">eis</word>
   <word id="word_6">a</word>
   <word id="word_7">euforia</word>
   <word id="word_8">que</word>
   <word id="word_9">está</word>
   <word id="word_10">a</word>
   <word id="word_11">dominar</word>
   <word id="word_12">as</word>
   <word id="word_13">atenções</word>
   <word id="word_14">de</word>
   <word id="word_15">alguns</word>
   <word id="word_16">portugueses</word>
   <word id="word_17">.</word>
   <word id="word_18">Várias</word>
   <word id="word_19">tentativas</word>
   <word id="word_20">para</word>
   <word id="word_21">figurar</word>
   <word id="word_22">em_</word>
   <word id="word_23">o</word>
   <word id="word_24">«Guinness»</word>
   <word id="word_25">têm</word>
   <word id="word_26">tido</word>
   <word id="word_27">êxito</word>
   <word id="word_28">.</word>
   <word id="word_29">Outras</word>
   <word id="word_30">,</word>
   <word id="word_31">porém</word>
   <word id="word_32">,</word>
   <word id="word_33">dissipam</word>
   <word id="word_34">-se</word>
   <word id="word_35">em_</word>
   <word id="word_36">o</word>
   <word id="word_37">caminho</word>
   <word id="word_38">,</word>
   <word id="word_39">obrigando</word>
   <word id="word_40">os</word>
   <word id="word_41">pretendentes</word>
   <word id="word_42">a</word>
   <word id="word_43">repetirem</word>
   <word id="word_44">o</word>
   <word id="word_45">esforço</word>
   <word id="word_46">e</word>
   <word id="word_47">a</word>
   <word id="word_48">obterem</word>
   <word id="word_49">novos</word>
   <word id="word_50">fracassos</word>
   <word id="word_51">.</word>
   <word id="word_52">Em_</word>
   <word id="word_53">o</word>
   <word id="word_54">entanto</word>
   <word id="word_55">,</word>
   <word id="word_56">parece</word>
   <word id="word_57">que</word>
   <word id="word_58">ninguém</word>
   <word id="word_59">pensa</word>
   <word id="word_60">em</word>
   <word id="word_61">desistir</word>
   <word id="word_62">,</word>
   <word id="word_63">bem</word>
   <word id="word_64">por_</word>
   <word id="word_65">o</word>
   <word id="word_66">contrário</word>
   <word id="word_67">.</word>
   <word id="word_68">Cada</word>
   <word id="word_69">semana</word>
   <word id="word_70">,</word>
   <word id="word_71">cada</word>
   <word id="word_72">mês</word>
   <word id="word_73">,</word>
   <word id="word_74">novos</word>
   <word id="word_75">motivos</word>
   <word id="word_76">surgem</word>
   <word id="word_77">para</word>
   <word id="word_78">atrair</word>
   <word id="word_79">as</word>
   <word id="word_80">atenções</word>
   <word id="word_81">e</word>
   <word id="word_82">abrir</word>
   <word id="word_83">as</word>
   <word id="word_84">páginas</word>
   <word id="word_85">de_</word>
   <word id="word_86">o</word>
   <word id="word_87">livro</word>
   <word id="word_88">de_</word>
   <word id="word_89">os</word>
   <word id="word_90">recordes</word>
   <word id="word_91">,</word>
   <word id="word_92">que</word>
   <word id="word_93">teve</word>
   <word id="word_94">um</word>
   <word id="word_95">princípio</word>
   <word id="word_96">,</word>
   <word id="word_97">mas</word>
   <word id="word_98">,</word>
   <word id="word_99">contrariando</word>
   <word id="word_100">as</word>
   <word id="word_101">teorias</word>
   <word id="word_102">,</word>
   <word id="word_103">parece</word>
   <word id="word_104">não</word>
   <word id="word_105">ter</word>
   <word id="word_106">fim</word>
   <word id="word_107">.</word>
   <word id="word_108">Em</word>
   <word id="word_109">Leiria</word>
   <word id="word_110">,</word>
   <word id="word_111">cinco</word>
   <word id="word_112">concorrentes</word>
   <word id="word_113">a</word>
   <word id="word_114">verem</word>
   <word id="word_115">o</word>
   <word id="word_116">nome</word>
   <word id="word_117">inscrito</word>
   <word id="word_118">em_</word>
   <word id="word_119">o</word>
   <word id="word_120">«Guinness</word>
   <word id="word_121">Book»</word>
   <word id="word_122">vão</word>
   <word id="word_123">tentar</word>
   <word id="word_124">bater</word>
   <word id="word_125">o</word>
   <word id="word_126">recorde</word>
   <word id="word_127">de</word>
   <word id="word_128">72</word>
   <word id="word_129">horas</word>
   <word id="word_130">consecutivas</word>
   <word id="word_131">a</word>
   <word id="word_132">dançar</word>
   <word id="word_133">,</word>
   <word id="word_134">e</word>
   <word id="word_135">fizeram</word>
   <word id="word_136">-se</word>
   <word id="word_137">a_</word>
   <word id="word_138">a</word>
   <word id="word_139">pista</word>
   <word id="word_140">de</word>
   <word id="word_141">uma</word>
   <word id="word_142">discoteca</word>
   <word id="word_143">a_</word>
   <word id="word_144">as</word>
   <word id="word_145">zero</word>
   <word id="word_146">horas</word>
   <word id="word_147">de</word>
   <word id="word_148">ontem</word>
   <word id="word_149">.</word>
   <word id="word_150">Segundo</word>
   <word id="word_151">Fernando</word>
   <word id="word_152">Barbosa</word>
   <word id="word_153">,</word>
   <word id="word_154">de_</word>
   <word id="word_155">a</word>
   <word id="word_156">comissão</word>
   <word id="word_157">de</word>
   <word id="word_158">apoio</word>
   <word id="word_159">a_</word>
   <word id="word_160">a</word>
   <word id="word_161">iniciativa</word>
   <word id="word_162">,</word>
   <word id="word_163">esta</word>
   <word id="word_164">maratona</word>
   <word id="word_165">de</word>
   <word id="word_166">resistência</word>
   <word id="word_167">consta</word>
   <word id="word_168">de</word>
   <word id="word_169">um</word>
   <word id="word_170">jogo</word>
   <word id="word_171">de</word>
   <word id="word_172">tabuleiro</word>
   <word id="word_173">denominado</word>
   <word id="word_174">«Resta</word>
   <word id="word_175">Um»</word>
   <word id="word_176">,</word>
   <word id="word_177">e</word>
   <word id="word_178">está</word>
   <word id="word_179">a</word>
   <word id="word_180">decorrer</word>
   <word id="word_181">com</word>
   <word id="word_182">muita</word>
   <word id="word_183">animação</word>
   <word id="word_184">.</word>
   <word id="word_185">Entretanto</word>
   <word id="word_186">,</word>
   <word id="word_187">o</word>
   <word id="word_188">andarilho</word>
   <word id="word_189">José</word>
   <word id="word_190">Vilela</word>
   <word id="word_191">,</word>
   <word id="word_192">de</word>
   <word id="word_193">30</word>
   <word id="word_194">anos</word>
   <word id="word_195">,</word>
   <word id="word_196">já</word>
   <word id="word_197">conhecido</word>
   <word id="word_198">como</word>
   <word id="word_199">o</word>
   <word id="word_200">«Papa-Léguas»</word>
   <word id="word_201">,</word>
   <word id="word_202">vai</word>
   <word id="word_203">tentar</word>
   <word id="word_204">estabelecer</word>
   <word id="word_205">,</word>
   <word id="word_206">não</word>
   <word id="word_207">um</word>
   <word id="word_208">recorde</word>
   <word id="word_209">internacional</word>
   <word id="word_210">mas</word>
   <word id="word_211">a</word>
   <word id="word_212">primeira</word>
   <word id="word_213">marca</word>
   <word id="word_214">portuguesa</word>
   <word id="word_215">de_</word>
   <word id="word_216">as</word>
   <word id="word_217">24</word>
   <word id="word_218">Horas</word>
   <word id="word_219">Pedestres</word>
   <word id="word_220">,</word>
   <word id="word_221">em_</word>
   <word id="word_222">o</word>
   <word id="word_223">percurso</word>
   <word id="word_224">entre</word>
   <word id="word_225">Lisboa</word>
   <word id="word_226">e</word>
   <word id="word_227">Coimbra</word>
   <word id="word_228">.</word>
   <word id="word_229">Conhecido</word>
   <word id="word_230">por_</word>
   <word id="word_231">as</word>
   <word id="word_232">suas</word>
   <word id="word_233">tentativas</word>
   <word id="word_234">em</word>
   <word id="word_235">corridas</word>
   <word id="word_236">a</word>
   <word id="word_237">pé</word>
   <word id="word_238">,</word>
   <word id="word_239">José</word>
   <word id="word_240">Vilela</word>
   <word id="word_241">diz</word>
   <word id="word_242">pretender</word>
   <word id="word_243">ultrapassar</word>
   <word id="word_244">os</word>
   <word id="word_245">150</word>
   <word id="word_246">quilómetros</word>
   <word id="word_247">em_</word>
   <word id="word_248">as</word>
   <word id="word_249">24</word>
   <word id="word_250">horas</word>
   <word id="word_251">.</word>
   <word id="word_252">A</word>
   <word id="word_253">partida</word>
   <word id="word_254">está</word>
   <word id="word_255">marcada</word>
   <word id="word_256">para</word>
   <word id="word_257">o</word>
   <word id="word_258">dia</word>
   <word id="word_259">8</word>
   <word id="word_260">,</word>
   <word id="word_261">de_</word>
   <word id="word_262">a</word>
   <word id="word_263">porta</word>
   <word id="word_264">de_</word>
   <word id="word_265">o</word>
   <word id="word_266">Estádio</word>
   <word id="word_267">de</word>
   <word id="word_268">Alvalade</word>
   <word id="word_269">,</word>
   <word id="word_270">a_</word>
   <word id="word_271">as</word>
   <word id="word_272">10</word>
   <word id="word_273">horas</word>
   <word id="word_274">.</word>
   <word id="word_275">O</word>
   <word id="word_276">andarilho</word>
   <word id="word_277">vai</word>
   <word id="word_278">envergar</word>
   <word id="word_279">a</word>
   <word id="word_280">camisola</word>
   <word id="word_281">de_</word>
   <word id="word_282">o</word>
   <word id="word_283">Sporting</word>
   <word id="word_284">em</word>
   <word id="word_285">todo</word>
   <word id="word_286">o</word>
   <word id="word_287">trajecto</word>
   <word id="word_288">até</word>
   <word id="word_289">Coimbra</word>
   <word id="word_290">,</word>
   <word id="word_291">onde</word>
   <word id="word_292">pretende</word>
   <word id="word_293">chegar</word>
   <word id="word_294">30</word>
   <word id="word_295">horas</word>
   <word id="word_296">depois</word>
   <word id="word_297">.</word>
   <word id="word_298">em_</word>
   <word id="word_299">esta</word>
   <word id="word_300">prova</word>
   <word id="word_301">,</word>
   <word id="word_302">conta</word>
   <word id="word_303">com</word>
   <word id="word_304">o</word>
   <word id="word_305">apoio</word>
   <word id="word_306">de_</word>
   <word id="word_307">o</word>
   <word id="word_308">Serviço</word>
   <word id="word_309">Nacional</word>
   <word id="word_310">de</word>
   <word id="word_311">Bombeiros</word>
   <word id="word_312">,</word>
   <word id="word_313">através</word>
   <word id="word_314">de</word>
   <word id="word_315">todas</word>
   <word id="word_316">as</word>
   <word id="word_317">corporações</word>
   <word id="word_318">de</word>
   <word id="word_319">voluntários</word>
   <word id="word_320">incluídas</word>
   <word id="word_321">em_</word>
   <word id="word_322">o</word>
   <word id="word_323">trajecto</word>
   <word id="word_324">.</word>
   <word id="word_325">Para</word>
   <word id="word_326">concluir</word>
   <word id="word_327">a</word>
   <word id="word_328">caminhada</word>
   <word id="word_329">até</word>
   <word id="word_330">Coimbra</word>
   <word id="word_331">,</word>
   <word id="word_332">José</word>
   <word id="word_333">Vilela</word>
   <word id="word_334">pretende</word>
   <word id="word_335">entrar</word>
   <word id="word_336">em_</word>
   <word id="word_337">o</word>
   <word id="word_338">Estádio</word>
   <word id="word_339">Municipal</word>
   <word id="word_340">durante</word>
   <word id="word_341">o</word>
   <word id="word_342">intervalo</word>
   <word id="word_343">de_</word>
   <word id="word_344">o</word>
   <word id="word_345">jogo</word>
   <word id="word_346">de</word>
   <word id="word_347">futebol</word>
   <word id="word_348">entre</word>
   <word id="word_349">a</word>
   <word id="word_350">Académica</word>
   <word id="word_351">e</word>
   <word id="word_352">o</word>
   <word id="word_353">Sporting</word>
   <word id="word_354">.</word>
   <word id="word_355">O</word>
   <word id="word_356">andarilho</word>
   <word id="word_357">ainda</word>
   <word id="word_358">não</word>
   <word id="word_359">fez</word>
   <word id="word_360">esta</word>
   <word id="word_361">prova</word>
   <word id="word_362">e</word>
   <word id="word_363">já</word>
   <word id="word_364">pensa</word>
   <word id="word_365">em_</word>
   <word id="word_366">outra</word>
   <word id="word_367">,</word>
   <word id="word_368">que</word>
   <word id="word_369">conta</word>
   <word id="word_370">realizar</word>
   <word id="word_371">em</word>
   <word id="word_372">Maio</word>
   <word id="word_373">:</word>
   <word id="word_374">viajar</word>
   <word id="word_375">de</word>
   <word id="word_376">Lisboa</word>
   <word id="word_377">a</word>
   <word id="word_378">Roma</word>
   <word id="word_379">,</word>
   <word id="word_380">a</word>
   <word id="word_381">andar</word>
   <word id="word_382">e</word>
   <word id="word_383">a</word>
   <word id="word_384">correr</word>
   <word id="word_385">.</word>
</words>
