<?xml version="1.0" encoding="UTF-8"?>
<!DOCTYPE words SYSTEM "words.dtd">
<words>
   <word id="word_1">JACQUES</word>
   <word id="word_2">BREL</word>
   <word id="word_3">esteve</word>
   <word id="word_4">em</word>
   <word id="word_5">alma</word>
   <word id="word_6">e</word>
   <word id="word_7">fogo</word>
   <word id="word_8">,</word>
   <word id="word_9">e</word>
   <word id="word_10">com</word>
   <word id="word_11">uma</word>
   <word id="word_12">sombra</word>
   <word id="word_13">de</word>
   <word id="word_14">nostalgia</word>
   <word id="word_15">,</word>
   <word id="word_16">em_</word>
   <word id="word_17">a</word>
   <word id="word_18">sexta-feira</word>
   <word id="word_19">a_</word>
   <word id="word_20">a</word>
   <word id="word_21">noite</word>
   <word id="word_22">,</word>
   <word id="word_23">em_</word>
   <word id="word_24">a</word>
   <word id="word_25">Aula</word>
   <word id="word_26">Magna</word>
   <word id="word_27">.</word>
   <word id="word_28">E</word>
   <word id="word_29">se</word>
   <word id="word_30">pudéssemos</word>
   <word id="word_31">falar</word>
   <word id="word_32">em</word>
   <word id="word_33">mais</word>
   <word id="word_34">uma</word>
   <word id="word_35">noite</word>
   <word id="word_36">de</word>
   <word id="word_37">glória</word>
   <word id="word_38">para</word>
   <word id="word_39">Brel</word>
   <word id="word_40">,</word>
   <word id="word_41">alguns</word>
   <word id="word_42">anos</word>
   <word id="word_43">após</word>
   <word id="word_44">a</word>
   <word id="word_45">sua</word>
   <word id="word_46">morte</word>
   <word id="word_47">,</word>
   <word id="word_48">esta</word>
   <word id="word_49">seria</word>
   <word id="word_50">por</word>
   <word id="word_51">certo</word>
   <word id="word_52">uma</word>
   <word id="word_53">de_</word>
   <word id="word_54">essas</word>
   <word id="word_55">para</word>
   <word id="word_56">não</word>
   <word id="word_57">esquecer</word>
   <word id="word_58">.</word>
   <word id="word_59">Imaginem</word>
   <word id="word_60">:</word>
   <word id="word_61">cantava</word>
   <word id="word_62">-se</word>
   <word id="word_63">Brel</word>
   <word id="word_64">em_</word>
   <word id="word_65">a</word>
   <word id="word_66">Reitoria</word>
   <word id="word_67">de_</word>
   <word id="word_68">a</word>
   <word id="word_69">Universidade</word>
   <word id="word_70">Clássica</word>
   <word id="word_71">,</word>
   <word id="word_72">sob</word>
   <word id="word_73">a</word>
   <word id="word_74">«soleníssima»</word>
   <word id="word_75">cúpula</word>
   <word id="word_76">de</word>
   <word id="word_77">um</word>
   <word id="word_78">enredo</word>
   <word id="word_79">ideológico</word>
   <word id="word_80">que</word>
   <word id="word_81">teve</word>
   <word id="word_82">os</word>
   <word id="word_83">seus</word>
   <word id="word_84">grandes</word>
   <word id="word_85">tempos</word>
   <word id="word_86">precisamente</word>
   <word id="word_87">em_</word>
   <word id="word_88">a</word>
   <word id="word_89">época</word>
   <word id="word_90">em</word>
   <word id="word_91">que</word>
   <word id="word_92">Brel</word>
   <word id="word_93">cruzava</word>
   <word id="word_94">o</word>
   <word id="word_95">seu</word>
   <word id="word_96">grito</word>
   <word id="word_97">de</word>
   <word id="word_98">raiva</word>
   <word id="word_99">contra</word>
   <word id="word_100">tais</word>
   <word id="word_101">enredos</word>
   <word id="word_102">e</word>
   <word id="word_103">tramas</word>
   <word id="word_104">,</word>
   <word id="word_105">contra</word>
   <word id="word_106">obscuras</word>
   <word id="word_107">conspirações</word>
   <word id="word_108">de</word>
   <word id="word_109">espíritos</word>
   <word id="word_110">oblíquos</word>
   <word id="word_111">,</word>
   <word id="word_112">conservadores</word>
   <word id="word_113">,</word>
   <word id="word_114">mortos</word>
   <word id="word_115">!</word>
   <word id="word_116">E</word>
   <word id="word_117">foi</word>
   <word id="word_118">o</word>
   <word id="word_119">cúmulo</word>
   <word id="word_120">,</word>
   <word id="word_121">o</word>
   <word id="word_122">clímax</word>
   <word id="word_123">,</word>
   <word id="word_124">para</word>
   <word id="word_125">uma</word>
   <word id="word_126">certa</word>
   <word id="word_127">geração</word>
   <word id="word_128">(</word>
   <word id="word_129">já</word>
   <word id="word_130">com</word>
   <word id="word_131">alguns</word>
   <word id="word_132">cabelos</word>
   <word id="word_133">grisalhos</word>
   <word id="word_134">)</word>
   <word id="word_135">que</word>
   <word id="word_136">encheu</word>
   <word id="word_137">a</word>
   <word id="word_138">digníssima</word>
   <word id="word_139">sala</word>
   <word id="word_140">,</word>
   <word id="word_141">ouvir</word>
   <word id="word_142">sob</word>
   <word id="word_143">tal</word>
   <word id="word_144">cúpula</word>
   <word id="word_145">onde</word>
   <word id="word_146">peroravam</word>
   <word id="word_147">,</word>
   <word id="word_148">em_</word>
   <word id="word_149">os</word>
   <word id="word_150">idos</word>
   <word id="word_151">de</word>
   <word id="word_152">60</word>
   <word id="word_153">,</word>
   <word id="word_154">Marcelo</word>
   <word id="word_155">Caetano</word>
   <word id="word_156">,</word>
   <word id="word_157">Tomás</word>
   <word id="word_158">,</word>
   <word id="word_159">Lopes</word>
   <word id="word_160">de</word>
   <word id="word_161">Almeida</word>
   <word id="word_162">e</word>
   <word id="word_163">alguns</word>
   <word id="word_164">(</word>
   <word id="word_165">muitos</word>
   <word id="word_166">)</word>
   <word id="word_167">outros</word>
   <word id="word_168">,</word>
   <word id="word_169">de</word>
   <word id="word_170">triste</word>
   <word id="word_171">nomeada</word>
   <word id="word_172">...</word>
   <word id="word_173">ouvir</word>
   <word id="word_174">,</word>
   <word id="word_175">dizíamos</word>
   <word id="word_176">,</word>
   <word id="word_177">a</word>
   <word id="word_178">palavra</word>
   <word id="word_179">crua</word>
   <word id="word_180">de</word>
   <word id="word_181">Brel</word>
   <word id="word_182">.</word>
   <word id="word_183">A</word>
   <word id="word_184">que</word>
   <word id="word_185">propósito</word>
   <word id="word_186">poderá</word>
   <word id="word_187">vir</word>
   <word id="word_188">tudo</word>
   <word id="word_189">isto</word>
   <word id="word_190">,</word>
   <word id="word_191">se</word>
   <word id="word_192">se</word>
   <word id="word_193">trata</word>
   <word id="word_194">de</word>
   <word id="word_195">escrever</word>
   <word id="word_196">sobre</word>
   <word id="word_197">uma</word>
   <word id="word_198">noite</word>
   <word id="word_199">de</word>
   <word id="word_200">música</word>
   <word id="word_201">?</word>
   <word id="word_202">Porque</word>
   <word id="word_203">,</word>
   <word id="word_204">simplesmente</word>
   <word id="word_205">,</word>
   <word id="word_206">agora</word>
   <word id="word_207">que</word>
   <word id="word_208">parecem</word>
   <word id="word_209">estar</word>
   <word id="word_210">resolvidos</word>
   <word id="word_211">definitivamente</word>
   <word id="word_212">os</word>
   <word id="word_213">problemas</word>
   <word id="word_214">de_</word>
   <word id="word_215">as</word>
   <word id="word_216">ideologias</word>
   <word id="word_217">(</word>
   <word id="word_218">por_</word>
   <word id="word_219">o</word>
   <word id="word_220">menos</word>
   <word id="word_221">em</word>
   <word id="word_222">Portugal</word>
   <word id="word_223">)</word>
   <word id="word_224">,</word>
   <word id="word_225">quando</word>
   <word id="word_226">o</word>
   <word id="word_227">candidato</word>
   <word id="word_228">de</word>
   <word id="word_229">direita</word>
   <word id="word_230">em_</word>
   <word id="word_231">os</word>
   <word id="word_232">quer</word>
   <word id="word_233">fazer</word>
   <word id="word_234">querer</word>
   <word id="word_235">que</word>
   <word id="word_236">não</word>
   <word id="word_237">é</word>
   <word id="word_238">de_</word>
   <word id="word_239">essas</word>
   <word id="word_240">bandas</word>
   <word id="word_241">,</word>
   <word id="word_242">e</word>
   <word id="word_243">que</word>
   <word id="word_244">só</word>
   <word id="word_245">por</word>
   <word id="word_246">acaso</word>
   <word id="word_247">topográfico</word>
   <word id="word_248">lá</word>
   <word id="word_249">passou</word>
   <word id="word_250">(</word>
   <word id="word_251">em_</word>
   <word id="word_252">este</word>
   <word id="word_253">jogo</word>
   <word id="word_254">de</word>
   <word id="word_255">acasos</word>
   <word id="word_256">que</word>
   <word id="word_257">é</word>
   <word id="word_258">a</word>
   <word id="word_259">política</word>
   <word id="word_260">)</word>
   <word id="word_261">,</word>
   <word id="word_262">e</word>
   <word id="word_263">que</word>
   <word id="word_264">o</word>
   <word id="word_265">candidato</word>
   <word id="word_266">de</word>
   <word id="word_267">esquerda</word>
   <word id="word_268">é</word>
   <word id="word_269">tido</word>
   <word id="word_270">igualmente</word>
   <word id="word_271">por</word>
   <word id="word_272">direita</word>
   <word id="word_273">,</word>
   <word id="word_274">cantar</word>
   <word id="word_275">debaixo</word>
   <word id="word_276">de_</word>
   <word id="word_277">aquela</word>
   <word id="word_278">«soleníssima»</word>
   <word id="word_279">cúpula</word>
   <word id="word_280">que</word>
   <word id="word_281">@</word>
   <word id="word_282">ios</word>
   <word id="word_283">burgueses</word>
   <word id="word_284">são</word>
   <word id="word_285">como</word>
   <word id="word_286">os</word>
   <word id="word_287">porcos</word>
   <word id="word_288">e</word>
   <word id="word_289">quanto</word>
   <word id="word_290">mais</word>
   <word id="word_291">velhos</word>
   <word id="word_292">mais</word>
   <word id="word_293">estúpidos</word>
   <word id="word_294">são</word>
   <word id="word_295">@</word>
   <word id="word_296">i</word>
   <word id="word_297">cheira</word>
   <word id="word_298">ainda</word>
   <word id="word_299">a</word>
   <word id="word_300">sacrilégio</word>
   <word id="word_301">!</word>
   <word id="word_302">Sacrilégio</word>
   <word id="word_303">terá</word>
   <word id="word_304">sido</word>
   <word id="word_305">de</word>
   <word id="word_306">facto</word>
   <word id="word_307">para</word>
   <word id="word_308">alguns</word>
   <word id="word_309">ainda</word>
   <word id="word_310">,</word>
   <word id="word_311">porque</word>
   <word id="word_312">rondam</word>
   <word id="word_313">,</word>
   <word id="word_314">por</word>
   <word id="word_315">aí</word>
   <word id="word_316">,</word>
   <word id="word_317">escondidas</word>
   <word id="word_318">mas</word>
   <word id="word_319">próximas</word>
   <word id="word_320">,</word>
   <word id="word_321">mal</word>
   <word id="word_322">disfarçadas</word>
   <word id="word_323">ideologias</word>
   <word id="word_324">de</word>
   <word id="word_325">outros</word>
   <word id="word_326">tempos</word>
   <word id="word_327">,</word>
   <word id="word_328">outras</word>
   <word id="word_329">vontades</word>
   <word id="word_330">.</word>
   <word id="word_331">de_</word>
   <word id="word_332">aqui</word>
   <word id="word_333">o</word>
   <word id="word_334">bravo</word>
   <word id="word_335">a</word>
   <word id="word_336">esse</word>
   <word id="word_337">espectáculo</word>
   <word id="word_338">de</word>
   <word id="word_339">exaltação</word>
   <word id="word_340">,</word>
   <word id="word_341">a</word>
   <word id="word_342">esse</word>
   <word id="word_343">grande-grave</word>
   <word id="word_344">grito</word>
   <word id="word_345">de</word>
   <word id="word_346">José</word>
   <word id="word_347">Mário</word>
   <word id="word_348">Branco</word>
   <word id="word_349">@</word>
   <word id="word_350">iLes</word>
   <word id="word_351">bourgeois</word>
   <word id="word_352">c</word>
   <word id="word_353">'</word>
   <word id="word_354">est</word>
   <word id="word_355">comme</word>
   <word id="word_356">les</word>
   <word id="word_357">cochons</word>
   <word id="word_358">,</word>
   <word id="word_359">disent</word>
   <word id="word_360">'</word>
   <word id="word_361">ils</word>
   <word id="word_362">monsieur</word>
   <word id="word_363">le</word>
   <word id="word_364">commissaire</word>
   <word id="word_365">!</word>
   <word id="word_366">@</word>
   <word id="word_367">i</word>
   <word id="word_368">.</word>
   <word id="word_369">Só</word>
   <word id="word_370">por</word>
   <word id="word_371">isto</word>
   <word id="word_372">teria</word>
   <word id="word_373">chegado</word>
   <word id="word_374">esta</word>
   <word id="word_375">terna</word>
   <word id="word_376">,</word>
   <word id="word_377">calorosa</word>
   <word id="word_378">,</word>
   <word id="word_379">brilhante</word>
   <word id="word_380">e</word>
   <word id="word_381">abnegada</word>
   <word id="word_382">festa</word>
   <word id="word_383">a</word>
   <word id="word_384">Brel</word>
   <word id="word_385">.</word>
   <word id="word_386">Com</word>
   <word id="word_387">uma</word>
   <word id="word_388">Juliette</word>
   <word id="word_389">Greco</word>
   <word id="word_390">um</word>
   <word id="word_391">tanto</word>
   <word id="word_392">rotineira</word>
   <word id="word_393">,</word>
   <word id="word_394">um</word>
   <word id="word_395">tanto</word>
   <word id="word_396">fatigada</word>
   <word id="word_397">,</word>
   <word id="word_398">reservada</word>
   <word id="word_399">para</word>
   <word id="word_400">a</word>
   <word id="word_401">segunda</word>
   <word id="word_402">parte</word>
   <word id="word_403">de_</word>
   <word id="word_404">a</word>
   <word id="word_405">noite</word>
   <word id="word_406">,</word>
   <word id="word_407">a</word>
   <word id="word_408">sessão</word>
   <word id="word_409">ofereceu</word>
   <word id="word_410">-nos</word>
   <word id="word_411">uma</word>
   <word id="word_412">primeira</word>
   <word id="word_413">parte</word>
   <word id="word_414">surpreendente</word>
   <word id="word_415">,</word>
   <word id="word_416">que</word>
   <word id="word_417">deu</word>
   <word id="word_418">bem</word>
   <word id="word_419">a</word>
   <word id="word_420">medida</word>
   <word id="word_421">de_</word>
   <word id="word_422">o</word>
   <word id="word_423">desafio</word>
   <word id="word_424">de</word>
   <word id="word_425">Brel</word>
   <word id="word_426">,</word>
   <word id="word_427">de_</word>
   <word id="word_428">a</word>
   <word id="word_429">sua</word>
   <word id="word_430">irreverência</word>
   <word id="word_431">,</word>
   <word id="word_432">de_</word>
   <word id="word_433">a</word>
   <word id="word_434">sua</word>
   <word id="word_435">astúcia</word>
   <word id="word_436">,</word>
   <word id="word_437">de_</word>
   <word id="word_438">o</word>
   <word id="word_439">seu</word>
   <word id="word_440">notável</word>
   <word id="word_441">poder</word>
   <word id="word_442">de</word>
   <word id="word_443">comunicar</word>
   <word id="word_444">com</word>
   <word id="word_445">a</word>
   <word id="word_446">gente</word>
   <word id="word_447">.</word>
   <word id="word_448">Se</word>
   <word id="word_449">Sérgio</word>
   <word id="word_450">Godinho</word>
   <word id="word_451">foi</word>
   <word id="word_452">sensível</word>
   <word id="word_453">,</word>
   <word id="word_454">precioso</word>
   <word id="word_455">,</word>
   <word id="word_456">Teresa</word>
   <word id="word_457">Silva</word>
   <word id="word_458">Carvalho</word>
   <word id="word_459">criou</word>
   <word id="word_460">uma</word>
   <word id="word_461">interpretação</word>
   <word id="word_462">severa</word>
   <word id="word_463">de</word>
   <word id="word_464">que</word>
   <word id="word_465">se</word>
   <word id="word_466">deslocava</word>
   <word id="word_467">um</word>
   <word id="word_468">grito</word>
   <word id="word_469">de</word>
   <word id="word_470">fado</word>
   <word id="word_471">em_</word>
   <word id="word_472">um</word>
   <word id="word_473">@</word>
   <word id="word_474">iNe</word>
   <word id="word_475">me</word>
   <word id="word_476">Quitte</word>
   <word id="word_477">Pas</word>
   <word id="word_478">@</word>
   <word id="word_479">i</word>
   <word id="word_480">magnífico</word>
   <word id="word_481">.</word>
   <word id="word_482">Janita</word>
   <word id="word_483">Salomé</word>
   <word id="word_484">,</word>
   <word id="word_485">de</word>
   <word id="word_486">letra</word>
   <word id="word_487">a_</word>
   <word id="word_488">a</word>
   <word id="word_489">frente</word>
   <word id="word_490">,</word>
   <word id="word_491">foi</word>
   <word id="word_492">explosivo</word>
   <word id="word_493">,</word>
   <word id="word_494">mediterrânico</word>
   <word id="word_495">a_</word>
   <word id="word_496">a</word>
   <word id="word_497">sua</word>
   <word id="word_498">maneira</word>
   <word id="word_499">em</word>
   <word id="word_500">«Amesterdam»</word>
   <word id="word_501">.</word>
   <word id="word_502">Vitorino</word>
   <word id="word_503">roçou</word>
   <word id="word_504">o</word>
   <word id="word_505">amor</word>
   <word id="word_506">em</word>
   <word id="word_507">Brel</word>
   <word id="word_508">e</word>
   <word id="word_509">deu</word>
   <word id="word_510">o</word>
   <word id="word_511">seu</word>
   <word id="word_512">pezinho</word>
   <word id="word_513">de</word>
   <word id="word_514">dança</word>
   <word id="word_515">:</word>
   <word id="word_516">il</word>
   <word id="word_517">faut</word>
   <word id="word_518">bien</word>
   <word id="word_519">que</word>
   <word id="word_520">le</word>
   <word id="word_521">corps</word>
   <word id="word_522">exulte</word>
   <word id="word_523">!</word>
   <word id="word_524">,</word>
   <word id="word_525">enquanto</word>
   <word id="word_526">Carlos</word>
   <word id="word_527">de_</word>
   <word id="word_528">o</word>
   <word id="word_529">Carmo</word>
   <word id="word_530">,</word>
   <word id="word_531">inultrapassável</word>
   <word id="word_532">,</word>
   <word id="word_533">se</word>
   <word id="word_534">deu</word>
   <word id="word_535">a_</word>
   <word id="word_536">as</word>
   <word id="word_537">palavras</word>
   <word id="word_538">de</word>
   <word id="word_539">Brel</word>
   <word id="word_540">com</word>
   <word id="word_541">uma</word>
   <word id="word_542">tal</word>
   <word id="word_543">força</word>
   <word id="word_544">que</word>
   <word id="word_545">seria</word>
   <word id="word_546">impossível</word>
   <word id="word_547">a</word>
   <word id="word_548">Juliette</word>
   <word id="word_549">Greco</word>
   <word id="word_550">(</word>
   <word id="word_551">mesmo</word>
   <word id="word_552">sendo</word>
   <word id="word_553">ela</word>
   <word id="word_554">)</word>
   <word id="word_555">reconquistar</word>
   <word id="word_556">em_</word>
   <word id="word_557">a</word>
   <word id="word_558">mesma</word>
   <word id="word_559">noite</word>
   <word id="word_560">esse</word>
   <word id="word_561">calor</word>
   <word id="word_562">que</word>
   <word id="word_563">a</word>
   <word id="word_564">plateia</word>
   <word id="word_565">ofereceu</word>
   <word id="word_566">a_</word>
   <word id="word_567">a</word>
   <word id="word_568">intervenção</word>
   <word id="word_569">de_</word>
   <word id="word_570">o</word>
   <word id="word_571">intérprete</word>
   <word id="word_572">espantoso</word>
   <word id="word_573">de_</word>
   <word id="word_574">a</word>
   <word id="word_575">Valse</word>
   <word id="word_576">a</word>
   <word id="word_577">Mille</word>
   <word id="word_578">Temps</word>
   <word id="word_579">.</word>
   <word id="word_580">Em_</word>
   <word id="word_581">o</word>
   <word id="word_582">final</word>
   <word id="word_583">de_</word>
   <word id="word_584">a</word>
   <word id="word_585">primeira</word>
   <word id="word_586">parte</word>
   <word id="word_587">,</word>
   <word id="word_588">os</word>
   <word id="word_589">artistas</word>
   <word id="word_590">portugueses</word>
   <word id="word_591">apresentaram</word>
   <word id="word_592">em</word>
   <word id="word_593">fim</word>
   <word id="word_594">de</word>
   <word id="word_595">festa</word>
   <word id="word_596">um</word>
   <word id="word_597">jogo</word>
   <word id="word_598">de</word>
   <word id="word_599">pares</word>
   <word id="word_600">:</word>
   <word id="word_601">Janita</word>
   <word id="word_602">/</word>
   <word id="word_603">Vitorino</word>
   <word id="word_604">;</word>
   <word id="word_605">Carlos</word>
   <word id="word_606">de_</word>
   <word id="word_607">o</word>
   <word id="word_608">Carmo</word>
   <word id="word_609">/</word>
   <word id="word_610">José</word>
   <word id="word_611">Mário</word>
   <word id="word_612">Branco</word>
   <word id="word_613">;</word>
   <word id="word_614">Teresa</word>
   <word id="word_615">Silva</word>
   <word id="word_616">Carvalho</word>
   <word id="word_617">/</word>
   <word id="word_618">Sérgio</word>
   <word id="word_619">Godinho</word>
   <word id="word_620">.</word>
   <word id="word_621">E</word>
   <word id="word_622">foi</word>
   <word id="word_623">com</word>
   <word id="word_624">Quand</word>
   <word id="word_625">on</word>
   <word id="word_626">n</word>
   <word id="word_627">'</word>
   <word id="word_628">a</word>
   <word id="word_629">que</word>
   <word id="word_630">l</word>
   <word id="word_631">'</word>
   <word id="word_632">amour</word>
   <word id="word_633">cantada</word>
   <word id="word_634">em</word>
   <word id="word_635">coro</word>
   <word id="word_636">por_</word>
   <word id="word_637">os</word>
   <word id="word_638">portugueses</word>
   <word id="word_639">que</word>
   <word id="word_640">se</word>
   <word id="word_641">encerrou</word>
   <word id="word_642">a</word>
   <word id="word_643">parte</word>
   <word id="word_644">mais</word>
   <word id="word_645">vibrante</word>
   <word id="word_646">de_</word>
   <word id="word_647">esta</word>
   <word id="word_648">festa</word>
   <word id="word_649">que</word>
   <word id="word_650">Brel</word>
   <word id="word_651">merecia</word>
   <word id="word_652">e</word>
   <word id="word_653">que</word>
   <word id="word_654">o</word>
   <word id="word_655">Instituto</word>
   <word id="word_656">Franco-Português</word>
   <word id="word_657">e</word>
   <word id="word_658">os</word>
   <word id="word_659">estudantes</word>
   <word id="word_660">de_</word>
   <word id="word_661">a</word>
   <word id="word_662">Faculdade</word>
   <word id="word_663">de</word>
   <word id="word_664">Letras</word>
   <word id="word_665">organizaram</word>
   <word id="word_666">em</word>
   <word id="word_667">hora</word>
   <word id="word_668">feliz</word>
   <word id="word_669">.</word>
   <word id="word_670">Juliette</word>
   <word id="word_671">Greco</word>
   <word id="word_672">veio</word>
   <word id="word_673">depois</word>
   <word id="word_674">,</word>
   <word id="word_675">acompanhada</word>
   <word id="word_676">por</word>
   <word id="word_677">um</word>
   <word id="word_678">conjunto</word>
   <word id="word_679">,</word>
   <word id="word_680">a_</word>
   <word id="word_681">a</word>
   <word id="word_682">frente</word>
   <word id="word_683">de_</word>
   <word id="word_684">o</word>
   <word id="word_685">qual</word>
   <word id="word_686">se</word>
   <word id="word_687">encontrava</word>
   <word id="word_688">um</word>
   <word id="word_689">grande</word>
   <word id="word_690">amigo</word>
   <word id="word_691">e</word>
   <word id="word_692">inspirador</word>
   <word id="word_693">de</word>
   <word id="word_694">Brel</word>
   <word id="word_695">,</word>
   <word id="word_696">Gerard</word>
   <word id="word_697">Jouannest</word>
   <word id="word_698">.</word>
   <word id="word_699">Greco</word>
   <word id="word_700">foi</word>
   <word id="word_701">sobretudo</word>
   <word id="word_702">a</word>
   <word id="word_703">nostalgia</word>
   <word id="word_704">.</word>
   <word id="word_705">Enquanto</word>
   <word id="word_706">os</word>
   <word id="word_707">portugueses</word>
   <word id="word_708">tornaram</word>
   <word id="word_709">viva</word>
   <word id="word_710">a</word>
   <word id="word_711">mensagem</word>
   <word id="word_712">de</word>
   <word id="word_713">Brel</word>
   <word id="word_714">,</word>
   <word id="word_715">a</word>
   <word id="word_716">sua</word>
   <word id="word_717">força</word>
   <word id="word_718">,</word>
   <word id="word_719">a</word>
   <word id="word_720">sua</word>
   <word id="word_721">dramática</word>
   <word id="word_722">paixão</word>
   <word id="word_723">por_</word>
   <word id="word_724">as</word>
   <word id="word_725">coisas</word>
   <word id="word_726">vividas</word>
   <word id="word_727">,</word>
   <word id="word_728">Juliette</word>
   <word id="word_729">colocou</word>
   <word id="word_730">-o</word>
   <word id="word_731">em_</word>
   <word id="word_732">o</word>
   <word id="word_733">seu</word>
   <word id="word_734">sítio</word>
   <word id="word_735">,</word>
   <word id="word_736">um</word>
   <word id="word_737">tanto</word>
   <word id="word_738">arrumado</word>
   <word id="word_739">em_</word>
   <word id="word_740">a</word>
   <word id="word_741">história</word>
   <word id="word_742">de_</word>
   <word id="word_743">a</word>
   <word id="word_744">canção</word>
   <word id="word_745">francesa</word>
   <word id="word_746">entre</word>
   <word id="word_747">Trenet</word>
   <word id="word_748">,</word>
   <word id="word_749">Ferré</word>
   <word id="word_750">e</word>
   <word id="word_751">«o</word>
   <word id="word_752">peixinho</word>
   <word id="word_753">e</word>
   <word id="word_754">o</word>
   <word id="word_755">passarinho»</word>
   <word id="word_756">.</word>
   <word id="word_757">Mas</word>
   <word id="word_758">foi</word>
   <word id="word_759">ela</word>
   <word id="word_760">!</word>
   <word id="word_761">Parabéns</word>
   <word id="word_762">a</word>
   <word id="word_763">todos</word>
   <word id="word_764">;</word>
   <word id="word_765">esteve</word>
   <word id="word_766">cá</word>
   <word id="word_767">.</word>
</words>
