<?xml version="1.0" encoding="UTF-8"?>
<!DOCTYPE words SYSTEM "words.dtd">
<words>
   <word id="word_1">O</word>
   <word id="word_2">LÍDER</word>
   <word id="word_3">líbio</word>
   <word id="word_4">Muammar</word>
   <word id="word_5">Kadhafi</word>
   <word id="word_6">desenhou</word>
   <word id="word_7">em</word>
   <word id="word_8">Janeiro</word>
   <word id="word_9">uma</word>
   <word id="word_10">«linha</word>
   <word id="word_11">(</word>
   <word id="word_12">imaginária</word>
   <word id="word_13">)</word>
   <word id="word_14">de</word>
   <word id="word_15">morte»</word>
   <word id="word_16">através</word>
   <word id="word_17">de_</word>
   <word id="word_18">a</word>
   <word id="word_19">entrada</word>
   <word id="word_20">em_</word>
   <word id="word_21">o</word>
   <word id="word_22">Golfo</word>
   <word id="word_23">.</word>
   <word id="word_24">Fontes</word>
   <word id="word_25">de_</word>
   <word id="word_26">o</word>
   <word id="word_27">Pentágono</word>
   <word id="word_28">afirmaram</word>
   <word id="word_29">que</word>
   <word id="word_30">as</word>
   <word id="word_31">operações</word>
   <word id="word_32">começaram</word>
   <word id="word_33">a_</word>
   <word id="word_34">a</word>
   <word id="word_35">meia-noite</word>
   <word id="word_36">,</word>
   <word id="word_37">e</word>
   <word id="word_38">terminam</word>
   <word id="word_39">a</word>
   <word id="word_40">1</word>
   <word id="word_41">de</word>
   <word id="word_42">Abril</word>
   <word id="word_43">.</word>
   <word id="word_44">O</word>
   <word id="word_45">porta-voz</word>
   <word id="word_46">de_</word>
   <word id="word_47">o</word>
   <word id="word_48">Pentágono</word>
   <word id="word_49">,</word>
   <word id="word_50">tenente-coronel</word>
   <word id="word_51">Gene</word>
   <word id="word_52">Sands</word>
   <word id="word_53">,</word>
   <word id="word_54">afirmou</word>
   <word id="word_55">que</word>
   <word id="word_56">os</word>
   <word id="word_57">porta-aviões</word>
   <word id="word_58">«Coral</word>
   <word id="word_59">Sea»</word>
   <word id="word_60">,</word>
   <word id="word_61">«America»</word>
   <word id="word_62">e</word>
   <word id="word_63">«Saratoga»</word>
   <word id="word_64">tomarão</word>
   <word id="word_65">parte</word>
   <word id="word_66">em_</word>
   <word id="word_67">as</word>
   <word id="word_68">manobras</word>
   <word id="word_69">,</word>
   <word id="word_70">assim</word>
   <word id="word_71">como</word>
   <word id="word_72">um</word>
   <word id="word_73">número</word>
   <word id="word_74">não</word>
   <word id="word_75">revelado</word>
   <word id="word_76">de</word>
   <word id="word_77">navios</word>
   <word id="word_78">pertencentes</word>
   <word id="word_79">a_</word>
   <word id="word_80">a</word>
   <word id="word_81">Sexta</word>
   <word id="word_82">Esquadra</word>
   <word id="word_83">.</word>
   <word id="word_84">Estes</word>
   <word id="word_85">exercícios</word>
   <word id="word_86">surgem</word>
   <word id="word_87">apenas</word>
   <word id="word_88">três</word>
   <word id="word_89">dias</word>
   <word id="word_90">depois</word>
   <word id="word_91">de</word>
   <word id="word_92">a</word>
   <word id="word_93">Sexta</word>
   <word id="word_94">Esquadra</word>
   <word id="word_95">norte-americana</word>
   <word id="word_96">ter</word>
   <word id="word_97">terminado</word>
   <word id="word_98">36</word>
   <word id="word_99">horas</word>
   <word id="word_100">de</word>
   <word id="word_101">manobras</word>
   <word id="word_102">,</word>
   <word id="word_103">quinta-feira</word>
   <word id="word_104">,</word>
   <word id="word_105">a_</word>
   <word id="word_106">o</word>
   <word id="word_107">largo</word>
   <word id="word_108">de_</word>
   <word id="word_109">a</word>
   <word id="word_110">Líbia</word>
   <word id="word_111">.</word>
   <word id="word_112">Funcionários</word>
   <word id="word_113">governamentais</word>
   <word id="word_114">norte-americanos</word>
   <word id="word_115">negaram</word>
   <word id="word_116">qualquer</word>
   <word id="word_117">tentativa</word>
   <word id="word_118">para</word>
   <word id="word_119">provocar</word>
   <word id="word_120">um</word>
   <word id="word_121">ataque</word>
   <word id="word_122">de</word>
   <word id="word_123">Kadhafi</word>
   <word id="word_124">a</word>
   <word id="word_125">fim</word>
   <word id="word_126">de</word>
   <word id="word_127">justificar</word>
   <word id="word_128">uma</word>
   <word id="word_129">retaliação</word>
   <word id="word_130">de_</word>
   <word id="word_131">os</word>
   <word id="word_132">Estados</word>
   <word id="word_133">Unidos</word>
   <word id="word_134">.</word>
   <word id="word_135">O</word>
   <word id="word_136">Presidente</word>
   <word id="word_137">Ronald</word>
   <word id="word_138">Reagan</word>
   <word id="word_139">acusou</word>
   <word id="word_140">a</word>
   <word id="word_141">Líbia</word>
   <word id="word_142">de</word>
   <word id="word_143">patrocinar</word>
   <word id="word_144">o</word>
   <word id="word_145">terrorismo</word>
   <word id="word_146">e</word>
   <word id="word_147">culpou</word>
   <word id="word_148">Kadhafi</word>
   <word id="word_149">por_</word>
   <word id="word_150">os</word>
   <word id="word_151">atentados</word>
   <word id="word_152">em_</word>
   <word id="word_153">os</word>
   <word id="word_154">aeroportos</word>
   <word id="word_155">de</word>
   <word id="word_156">Roma</word>
   <word id="word_157">e</word>
   <word id="word_158">Viena</word>
   <word id="word_159">,</word>
   <word id="word_160">que</word>
   <word id="word_161">provocaram</word>
   <word id="word_162">a</word>
   <word id="word_163">morte</word>
   <word id="word_164">a</word>
   <word id="word_165">20</word>
   <word id="word_166">pessoas</word>
   <word id="word_167">.</word>
   <word id="word_168">Kadhafi</word>
   <word id="word_169">negou</word>
   <word id="word_170">qualquer</word>
   <word id="word_171">envolvimento</word>
   <word id="word_172">.</word>
   <word id="word_173">Washington</word>
   <word id="word_174">considera</word>
   <word id="word_175">a</word>
   <word id="word_176">maior</word>
   <word id="word_177">parte</word>
   <word id="word_178">de_</word>
   <word id="word_179">o</word>
   <word id="word_180">Golfo</word>
   <word id="word_181">como</word>
   <word id="word_182">território</word>
   <word id="word_183">internacional</word>
   <word id="word_184">,</word>
   <word id="word_185">mas</word>
   <word id="word_186">o</word>
   <word id="word_187">líder</word>
   <word id="word_188">líbio</word>
   <word id="word_189">afirma</word>
   <word id="word_190">que</word>
   <word id="word_191">o</word>
   <word id="word_192">mesmo</word>
   <word id="word_193">faz</word>
   <word id="word_194">parte</word>
   <word id="word_195">de_</word>
   <word id="word_196">a</word>
   <word id="word_197">Líbia</word>
   <word id="word_198">e</word>
   <word id="word_199">estabeleceu</word>
   <word id="word_200">já</word>
   <word id="word_201">a</word>
   <word id="word_202">sua</word>
   <word id="word_203">«linha</word>
   <word id="word_204">de</word>
   <word id="word_205">morte»</word>
   <word id="word_206">,</word>
   <word id="word_207">onde</word>
   <word id="word_208">a</word>
   <word id="word_209">entrada</word>
   <word id="word_210">de_</word>
   <word id="word_211">o</word>
   <word id="word_212">Golfo</word>
   <word id="word_213">se</word>
   <word id="word_214">junta</word>
   <word id="word_215">com</word>
   <word id="word_216">o</word>
   <word id="word_217">Mediterrâneo</word>
   <word id="word_218">.</word>
   <word id="word_219">Em</word>
   <word id="word_220">1981</word>
   <word id="word_221">dois</word>
   <word id="word_222">caças</word>
   <word id="word_223">«F-14»</word>
   <word id="word_224">norte-americanos</word>
   <word id="word_225">abateram</word>
   <word id="word_226">dois</word>
   <word id="word_227">aviões</word>
   <word id="word_228">líbios</word>
   <word id="word_229">que</word>
   <word id="word_230">os</word>
   <word id="word_231">desafiaram</word>
   <word id="word_232">quando</word>
   <word id="word_233">navios</word>
   <word id="word_234">norte-americanos</word>
   <word id="word_235">entraram</word>
   <word id="word_236">em_</word>
   <word id="word_237">a</word>
   <word id="word_238">disputada</word>
   <word id="word_239">área</word>
   <word id="word_240">.</word>
   <word id="word_241">Desde</word>
   <word id="word_242">então</word>
   <word id="word_243">realizaram</word>
   <word id="word_244">-se</word>
   <word id="word_245">18</word>
   <word id="word_246">exercícios</word>
   <word id="word_247">.</word>
   <word id="word_248">Sands</word>
   <word id="word_249">recusou</word>
   <word id="word_250">-se</word>
   <word id="word_251">também</word>
   <word id="word_252">a</word>
   <word id="word_253">dizer</word>
   <word id="word_254">se</word>
   <word id="word_255">algum</word>
   <word id="word_256">navio</word>
   <word id="word_257">ou</word>
   <word id="word_258">avião</word>
   <word id="word_259">tinha</word>
   <word id="word_260">entrado</word>
   <word id="word_261">em_</word>
   <word id="word_262">o</word>
   <word id="word_263">disputado</word>
   <word id="word_264">Golfo</word>
   <word id="word_265">durante</word>
   <word id="word_266">o</word>
   <word id="word_267">exercício</word>
   <word id="word_268">que</word>
   <word id="word_269">terminou</word>
   <word id="word_270">quinta-feira</word>
   <word id="word_271">ou</word>
   <word id="word_272">se</word>
   <word id="word_273">o</word>
   <word id="word_274">fará</word>
   <word id="word_275">agora</word>
   <word id="word_276">.</word>
   <word id="word_277">Entretanto</word>
   <word id="word_278">,</word>
   <word id="word_279">o</word>
   <word id="word_280">New</word>
   <word id="word_281">York</word>
   <word id="word_282">Times</word>
   <word id="word_283">revelou</word>
   <word id="word_284">ontem</word>
   <word id="word_285">que</word>
   <word id="word_286">o</word>
   <word id="word_287">embaixador</word>
   <word id="word_288">norte-americano</word>
   <word id="word_289">William</word>
   <word id="word_290">Wilson</word>
   <word id="word_291">se</word>
   <word id="word_292">deslocou</word>
   <word id="word_293">a</word>
   <word id="word_294">Tripoli</word>
   <word id="word_295">para</word>
   <word id="word_296">um</word>
   <word id="word_297">encontro</word>
   <word id="word_298">secreto</word>
   <word id="word_299">não</word>
   <word id="word_300">autorizado</word>
   <word id="word_301">com</word>
   <word id="word_302">responsáveis</word>
   <word id="word_303">líbios</word>
   <word id="word_304">,</word>
   <word id="word_305">pouco</word>
   <word id="word_306">depois</word>
   <word id="word_307">de_</word>
   <word id="word_308">os</word>
   <word id="word_309">ataques</word>
   <word id="word_310">em_</word>
   <word id="word_311">os</word>
   <word id="word_312">aeroportos</word>
   <word id="word_313">de</word>
   <word id="word_314">Roma</word>
   <word id="word_315">e</word>
   <word id="word_316">Viena</word>
   <word id="word_317">.</word>
   <word id="word_318">Citando</word>
   <word id="word_319">funcionários</word>
   <word id="word_320">não</word>
   <word id="word_321">identificados</word>
   <word id="word_322">de_</word>
   <word id="word_323">a</word>
   <word id="word_324">Casa</word>
   <word id="word_325">Branca</word>
   <word id="word_326">e</word>
   <word id="word_327">de_</word>
   <word id="word_328">o</word>
   <word id="word_329">Departamento</word>
   <word id="word_330">de</word>
   <word id="word_331">Estado</word>
   <word id="word_332">,</word>
   <word id="word_333">o</word>
   <word id="word_334">jornal</word>
   <word id="word_335">afirma</word>
   <word id="word_336">que</word>
   <word id="word_337">o</word>
   <word id="word_338">secretário</word>
   <word id="word_339">de</word>
   <word id="word_340">Estado</word>
   <word id="word_341">,</word>
   <word id="word_342">George</word>
   <word id="word_343">Shultz</word>
   <word id="word_344">,</word>
   <word id="word_345">repreendeu</word>
   <word id="word_346">Wilson</word>
   <word id="word_347">,</word>
   <word id="word_348">embaixador</word>
   <word id="word_349">em_</word>
   <word id="word_350">o</word>
   <word id="word_351">Vaticano</word>
   <word id="word_352">e</word>
   <word id="word_353">membro</word>
   <word id="word_354">de_</word>
   <word id="word_355">a</word>
   <word id="word_356">direcção</word>
   <word id="word_357">de_</word>
   <word id="word_358">a</word>
   <word id="word_359">empresa</word>
   <word id="word_360">Pennzoil</word>
   <word id="word_361">.</word>
</words>
