<?xml version="1.0" encoding="UTF-8"?>
<!DOCTYPE words SYSTEM "words.dtd">
<words>
   <word id="word_1">Queixava</word>
   <word id="word_2">-se</word>
   <word id="word_3">John</word>
   <word id="word_4">Mortimore</word>
   <word id="word_5">,</word>
   <word id="word_6">em_</word>
   <word id="word_7">o</word>
   <word id="word_8">final</word>
   <word id="word_9">de_</word>
   <word id="word_10">o</word>
   <word id="word_11">encontro</word>
   <word id="word_12">,</word>
   <word id="word_13">de</word>
   <word id="word_14">faltar</word>
   <word id="word_15">a_</word>
   <word id="word_16">a</word>
   <word id="word_17">sua</word>
   <word id="word_18">equipa</word>
   <word id="word_19">o</word>
   <word id="word_20">controlo</word>
   <word id="word_21">necessário</word>
   <word id="word_22">para</word>
   <word id="word_23">vencer</word>
   <word id="word_24">o</word>
   <word id="word_25">jogo</word>
   <word id="word_26">.</word>
   <word id="word_27">De</word>
   <word id="word_28">facto</word>
   <word id="word_29">,</word>
   <word id="word_30">a</word>
   <word id="word_31">turma</word>
   <word id="word_32">de_</word>
   <word id="word_33">a</word>
   <word id="word_34">Luz</word>
   <word id="word_35">desde</word>
   <word id="word_36">o</word>
   <word id="word_37">início</word>
   <word id="word_38">de_</word>
   <word id="word_39">o</word>
   <word id="word_40">desafio</word>
   <word id="word_41">mostrou</word>
   <word id="word_42">pouco</word>
   <word id="word_43">à-vontade</word>
   <word id="word_44">dentro</word>
   <word id="word_45">de_</word>
   <word id="word_46">o</word>
   <word id="word_47">campo</word>
   <word id="word_48">.</word>
   <word id="word_49">Insistindo</word>
   <word id="word_50">em_</word>
   <word id="word_51">uma</word>
   <word id="word_52">toada</word>
   <word id="word_53">lenta</word>
   <word id="word_54">,</word>
   <word id="word_55">o</word>
   <word id="word_56">Benfica</word>
   <word id="word_57">não</word>
   <word id="word_58">tinha</word>
   <word id="word_59">pressa</word>
   <word id="word_60">de</word>
   <word id="word_61">mudar</word>
   <word id="word_62">o</word>
   <word id="word_63">resultado</word>
   <word id="word_64">,</word>
   <word id="word_65">denotando</word>
   <word id="word_66">mesmo</word>
   <word id="word_67">alguma</word>
   <word id="word_68">comodidade</word>
   <word id="word_69">face</word>
   <word id="word_70">a_</word>
   <word id="word_71">o</word>
   <word id="word_72">domínio</word>
   <word id="word_73">exercido</word>
   <word id="word_74">,</word>
   <word id="word_75">mais</word>
   <word id="word_76">consentido</word>
   <word id="word_77">por_</word>
   <word id="word_78">o</word>
   <word id="word_79">Sporting</word>
   <word id="word_80">de</word>
   <word id="word_81">Braga</word>
   <word id="word_82">de_</word>
   <word id="word_83">o</word>
   <word id="word_84">que</word>
   <word id="word_85">fruto</word>
   <word id="word_86">de_</word>
   <word id="word_87">a</word>
   <word id="word_88">iniciativa</word>
   <word id="word_89">de_</word>
   <word id="word_90">os</word>
   <word id="word_91">«encarnados»</word>
   <word id="word_92">.</word>
   <word id="word_93">O</word>
   <word id="word_94">Benfica</word>
   <word id="word_95">apresentava</word>
   <word id="word_96">-se</word>
   <word id="word_97">em_</word>
   <word id="word_98">o</word>
   <word id="word_99">Estádio</word>
   <word id="word_100">1º</word>
   <word id="word_101">de</word>
   <word id="word_102">Maio</word>
   <word id="word_103">com</word>
   <word id="word_104">uma</word>
   <word id="word_105">série</word>
   <word id="word_106">de</word>
   <word id="word_107">jogos</word>
   <word id="word_108">disputados</word>
   <word id="word_109">,</word>
   <word id="word_110">em_</word>
   <word id="word_111">um</word>
   <word id="word_112">ritmo</word>
   <word id="word_113">dificilmente</word>
   <word id="word_114">suportado</word>
   <word id="word_115">por</word>
   <word id="word_116">uma</word>
   <word id="word_117">equipa</word>
   <word id="word_118">mal</word>
   <word id="word_119">preparada</word>
   <word id="word_120">fisicamente</word>
   <word id="word_121">.</word>
   <word id="word_122">Não</word>
   <word id="word_123">querendo</word>
   <word id="word_124">dizer</word>
   <word id="word_125">estar</word>
   <word id="word_126">aí</word>
   <word id="word_127">o</word>
   <word id="word_128">mal</word>
   <word id="word_129">de_</word>
   <word id="word_130">a</word>
   <word id="word_131">turma</word>
   <word id="word_132">de</word>
   <word id="word_133">Mortimore</word>
   <word id="word_134">,</word>
   <word id="word_135">o</word>
   <word id="word_136">certo</word>
   <word id="word_137">é</word>
   <word id="word_138">que</word>
   <word id="word_139">os</word>
   <word id="word_140">jogadores</word>
   <word id="word_141">começaram</word>
   <word id="word_142">a</word>
   <word id="word_143">ressentir</word>
   <word id="word_144">-se</word>
   <word id="word_145">de_</word>
   <word id="word_146">esta</word>
   <word id="word_147">sobrecarga</word>
   <word id="word_148">,</word>
   <word id="word_149">como</word>
   <word id="word_150">Carlos</word>
   <word id="word_151">Manuel</word>
   <word id="word_152">o</word>
   <word id="word_153">viria</word>
   <word id="word_154">a</word>
   <word id="word_155">admitir</word>
   <word id="word_156">.</word>
   <word id="word_157">A</word>
   <word id="word_158">nível</word>
   <word id="word_159">nacional</word>
   <word id="word_160">o</word>
   <word id="word_161">Benfica</word>
   <word id="word_162">ainda</word>
   <word id="word_163">continua</word>
   <word id="word_164">em_</word>
   <word id="word_165">a</word>
   <word id="word_166">corrida</word>
   <word id="word_167">para</word>
   <word id="word_168">a</word>
   <word id="word_169">conquista</word>
   <word id="word_170">de_</word>
   <word id="word_171">o</word>
   <word id="word_172">título</word>
   <word id="word_173">de_</word>
   <word id="word_174">o</word>
   <word id="word_175">Nacional</word>
   <word id="word_176">e</word>
   <word id="word_177">de_</word>
   <word id="word_178">a</word>
   <word id="word_179">Taça</word>
   <word id="word_180">,</word>
   <word id="word_181">mas</word>
   <word id="word_182">estas</word>
   <word id="word_183">são</word>
   <word id="word_184">questões</word>
   <word id="word_185">,</word>
   <word id="word_186">por</word>
   <word id="word_187">certo</word>
   <word id="word_188">,</word>
   <word id="word_189">a</word>
   <word id="word_190">repensar</word>
   <word id="word_191">por_</word>
   <word id="word_192">os</word>
   <word id="word_193">técnicos</word>
   <word id="word_194">«encarnados»</word>
   <word id="word_195">.</word>
   <word id="word_196">E</word>
   <word id="word_197">,</word>
   <word id="word_198">em_</word>
   <word id="word_199">a</word>
   <word id="word_200">quarta-feira</word>
   <word id="word_201">tem</word>
   <word id="word_202">outra</word>
   <word id="word_203">difícil</word>
   <word id="word_204">deslocação</word>
   <word id="word_205">a_</word>
   <word id="word_206">o</word>
   <word id="word_207">Norte</word>
   <word id="word_208">,</word>
   <word id="word_209">para</word>
   <word id="word_210">defrontar</word>
   <word id="word_211">um</word>
   <word id="word_212">Salgueiros</word>
   <word id="word_213">vindo</word>
   <word id="word_214">de</word>
   <word id="word_215">uma</word>
   <word id="word_216">excelente</word>
   <word id="word_217">vitória</word>
   <word id="word_218">em</word>
   <word id="word_219">Trás-os-Montes</word>
   <word id="word_220">.</word>
   <word id="word_221">O</word>
   <word id="word_222">Sporting</word>
   <word id="word_223">de</word>
   <word id="word_224">Braga</word>
   <word id="word_225">parece</word>
   <word id="word_226">ter</word>
   <word id="word_227">entrado</word>
   <word id="word_228">em_</word>
   <word id="word_229">um</word>
   <word id="word_230">bom</word>
   <word id="word_231">momento</word>
   <word id="word_232">de</word>
   <word id="word_233">forma</word>
   <word id="word_234">,</word>
   <word id="word_235">depois</word>
   <word id="word_236">de_</word>
   <word id="word_237">a</word>
   <word id="word_238">série</word>
   <word id="word_239">de</word>
   <word id="word_240">desaires</word>
   <word id="word_241">conhecidos</word>
   <word id="word_242">.</word>
   <word id="word_243">Alguns</word>
   <word id="word_244">de_</word>
   <word id="word_245">os</word>
   <word id="word_246">quais</word>
   <word id="word_247">perante</word>
   <word id="word_248">o</word>
   <word id="word_249">seu</word>
   <word id="word_250">público</word>
   <word id="word_251">e</word>
   <word id="word_252">com</word>
   <word id="word_253">equipas</word>
   <word id="word_254">teoricamente</word>
   <word id="word_255">mais</word>
   <word id="word_256">fracas</word>
   <word id="word_257">.</word>
   <word id="word_258">Entrou</word>
   <word id="word_259">em</word>
   <word id="word_260">campo</word>
   <word id="word_261">moralizado</word>
   <word id="word_262">,</word>
   <word id="word_263">como</word>
   <word id="word_264">já</word>
   <word id="word_265">vinha</word>
   <word id="word_266">dando</word>
   <word id="word_267">nota</word>
   <word id="word_268">desde</word>
   <word id="word_269">a</word>
   <word id="word_270">vitória</word>
   <word id="word_271">em_</word>
   <word id="word_272">a</word>
   <word id="word_273">Covilhã</word>
   <word id="word_274">.</word>
   <word id="word_275">E</word>
   <word id="word_276">,</word>
   <word id="word_277">a_</word>
   <word id="word_278">o</word>
   <word id="word_279">nervosismo</word>
   <word id="word_280">patenteado</word>
   <word id="word_281">por_</word>
   <word id="word_282">a</word>
   <word id="word_283">turma</word>
   <word id="word_284">lisboeta</word>
   <word id="word_285">,</word>
   <word id="word_286">os</word>
   <word id="word_287">bracarenses</word>
   <word id="word_288">mostraram</word>
   <word id="word_289">a</word>
   <word id="word_290">serenidade</word>
   <word id="word_291">suficiente</word>
   <word id="word_292">para</word>
   <word id="word_293">mudar</word>
   <word id="word_294">o</word>
   <word id="word_295">resultado</word>
   <word id="word_296">e</word>
   <word id="word_297">estar</word>
   <word id="word_298">a</word>
   <word id="word_299">um</word>
   <word id="word_300">passo</word>
   <word id="word_301">de_</word>
   <word id="word_302">a</word>
   <word id="word_303">vitória</word>
   <word id="word_304">.</word>
   <word id="word_305">Mas</word>
   <word id="word_306">,</word>
   <word id="word_307">como</word>
   <word id="word_308">tudo</word>
   <word id="word_309">se</word>
   <word id="word_310">passou</word>
   <word id="word_311">dentro</word>
   <word id="word_312">de_</word>
   <word id="word_313">o</word>
   <word id="word_314">terreno</word>
   <word id="word_315">?</word>
   <word id="word_316">As</word>
   <word id="word_317">novidades</word>
   <word id="word_318">não</word>
   <word id="word_319">foram</word>
   <word id="word_320">muitas</word>
   <word id="word_321">a_</word>
   <word id="word_322">o</word>
   <word id="word_323">nível</word>
   <word id="word_324">de_</word>
   <word id="word_325">as</word>
   <word id="word_326">formações</word>
   <word id="word_327">apresentadas</word>
   <word id="word_328">por_</word>
   <word id="word_329">os</word>
   <word id="word_330">dois</word>
   <word id="word_331">técnicos</word>
   <word id="word_332">.</word>
   <word id="word_333">Apenas</word>
   <word id="word_334">a</word>
   <word id="word_335">disposição</word>
   <word id="word_336">de_</word>
   <word id="word_337">os</word>
   <word id="word_338">jogadores</word>
   <word id="word_339">teve</word>
   <word id="word_340">ligeiras</word>
   <word id="word_341">diferenças</word>
   <word id="word_342">.</word>
   <word id="word_343">O</word>
   <word id="word_344">Braga</word>
   <word id="word_345">encarou</word>
   <word id="word_346">esta</word>
   <word id="word_347">partida</word>
   <word id="word_348">com</word>
   <word id="word_349">maiores</word>
   <word id="word_350">cautelas</word>
   <word id="word_351">defensivas</word>
   <word id="word_352">,</word>
   <word id="word_353">com</word>
   <word id="word_354">Guedes</word>
   <word id="word_355">,</word>
   <word id="word_356">mais</word>
   <word id="word_357">recuado</word>
   <word id="word_358">,</word>
   <word id="word_359">a</word>
   <word id="word_360">fazer</word>
   <word id="word_361">o</word>
   <word id="word_362">lugar</word>
   <word id="word_363">de</word>
   <word id="word_364">um</word>
   <word id="word_365">terceiro</word>
   <word id="word_366">central</word>
   <word id="word_367">.</word>
   <word id="word_368">Em_</word>
   <word id="word_369">a</word>
   <word id="word_370">dianteira</word>
   <word id="word_371">estava</word>
   <word id="word_372">apenas</word>
   <word id="word_373">Jacques</word>
   <word id="word_374">,</word>
   <word id="word_375">auxiliado</word>
   <word id="word_376">por</word>
   <word id="word_377">Zinho</word>
   <word id="word_378">quando</word>
   <word id="word_379">a</word>
   <word id="word_380">sua</word>
   <word id="word_381">equipa</word>
   <word id="word_382">partia</word>
   <word id="word_383">para</word>
   <word id="word_384">o</word>
   <word id="word_385">ataque</word>
   <word id="word_386">.</word>
   <word id="word_387">Deu</word>
   <word id="word_388">os</word>
   <word id="word_389">seus</word>
   <word id="word_390">frutos</word>
   <word id="word_391">,</word>
   <word id="word_392">o</word>
   <word id="word_393">sistema</word>
   <word id="word_394">adoptado</word>
   <word id="word_395">por_</word>
   <word id="word_396">o</word>
   <word id="word_397">treinador</word>
   <word id="word_398">Frederico</word>
   <word id="word_399">Passos</word>
   <word id="word_400">.</word>
   <word id="word_401">As</word>
   <word id="word_402">maiores</word>
   <word id="word_403">preocupações</word>
   <word id="word_404">de_</word>
   <word id="word_405">os</word>
   <word id="word_406">bracarenses</word>
   <word id="word_407">viriam</word>
   <word id="word_408">,</word>
   <word id="word_409">em_</word>
   <word id="word_410">o</word>
   <word id="word_411">entanto</word>
   <word id="word_412">,</word>
   <word id="word_413">a</word>
   <word id="word_414">permitir</word>
   <word id="word_415">um</word>
   <word id="word_416">ascendente</word>
   <word id="word_417">territorial</word>
   <word id="word_418">de_</word>
   <word id="word_419">o</word>
   <word id="word_420">adversário</word>
   <word id="word_421">.</word>
   <word id="word_422">O</word>
   <word id="word_423">Benfica</word>
   <word id="word_424">instalou</word>
   <word id="word_425">-se</word>
   <word id="word_426">em_</word>
   <word id="word_427">o</word>
   <word id="word_428">meio</word>
   <word id="word_429">campo</word>
   <word id="word_430">contrário</word>
   <word id="word_431">,</word>
   <word id="word_432">jogando</word>
   <word id="word_433">de</word>
   <word id="word_434">forma</word>
   <word id="word_435">lenta</word>
   <word id="word_436">,</word>
   <word id="word_437">sem</word>
   <word id="word_438">exercer</word>
   <word id="word_439">pressing</word>
   <word id="word_440">,</word>
   <word id="word_441">esperando</word>
   <word id="word_442">o</word>
   <word id="word_443">aparecimento</word>
   <word id="word_444">de_</word>
   <word id="word_445">o</word>
   <word id="word_446">golo</word>
   <word id="word_447">.</word>
   <word id="word_448">Até</word>
   <word id="word_449">aí</word>
   <word id="word_450">conseguiu</word>
   <word id="word_451">uma</word>
   <word id="word_452">boa</word>
   <word id="word_453">oportunidade</word>
   <word id="word_454">de</word>
   <word id="word_455">inaugurar</word>
   <word id="word_456">o</word>
   <word id="word_457">marcador</word>
   <word id="word_458">,</word>
   <word id="word_459">com</word>
   <word id="word_460">Shéu</word>
   <word id="word_461">a</word>
   <word id="word_462">recarregar</word>
   <word id="word_463">a_</word>
   <word id="word_464">o</word>
   <word id="word_465">lado</word>
   <word id="word_466">,</word>
   <word id="word_467">após</word>
   <word id="word_468">uma</word>
   <word id="word_469">disputa</word>
   <word id="word_470">de</word>
   <word id="word_471">bola</word>
   <word id="word_472">entre</word>
   <word id="word_473">Manniche</word>
   <word id="word_474">e</word>
   <word id="word_475">o</word>
   <word id="word_476">guarda-redes</word>
   <word id="word_477">Hélder</word>
   <word id="word_478">.</word>
   <word id="word_479">Foi</word>
   <word id="word_480">em_</word>
   <word id="word_481">esta</word>
   <word id="word_482">toada</word>
   <word id="word_483">lenta</word>
   <word id="word_484">por</word>
   <word id="word_485">parte</word>
   <word id="word_486">de_</word>
   <word id="word_487">o</word>
   <word id="word_488">Benfica</word>
   <word id="word_489">,</word>
   <word id="word_490">imposta</word>
   <word id="word_491">a</word>
   <word id="word_492">um</word>
   <word id="word_493">Sporting</word>
   <word id="word_494">de</word>
   <word id="word_495">Braga</word>
   <word id="word_496">ainda</word>
   <word id="word_497">tímido</word>
   <word id="word_498">e</word>
   <word id="word_499">receoso</word>
   <word id="word_500">de_</word>
   <word id="word_501">o</word>
   <word id="word_502">nome</word>
   <word id="word_503">de_</word>
   <word id="word_504">o</word>
   <word id="word_505">adversário</word>
   <word id="word_506">,</word>
   <word id="word_507">que</word>
   <word id="word_508">surgiu</word>
   <word id="word_509">o</word>
   <word id="word_510">primeiro</word>
   <word id="word_511">tento</word>
   <word id="word_512">de_</word>
   <word id="word_513">o</word>
   <word id="word_514">encontro</word>
   <word id="word_515">.</word>
   <word id="word_516">Aliás</word>
   <word id="word_517">,</word>
   <word id="word_518">ele</word>
   <word id="word_519">nasce</word>
   <word id="word_520">em_</word>
   <word id="word_521">a</word>
   <word id="word_522">sequência</word>
   <word id="word_523">de</word>
   <word id="word_524">um</word>
   <word id="word_525">canto</word>
   <word id="word_526">muito</word>
   <word id="word_527">contestado</word>
   <word id="word_528">por_</word>
   <word id="word_529">os</word>
   <word id="word_530">jogadores</word>
   <word id="word_531">bracarenses</word>
   <word id="word_532">e</word>
   <word id="word_533">apenas</word>
   <word id="word_534">presenciado</word>
   <word id="word_535">por_</word>
   <word id="word_536">o</word>
   <word id="word_537">árbitro</word>
   <word id="word_538">.</word>
   <word id="word_539">«Dez</word>
   <word id="word_540">jogadores</word>
   <word id="word_541">de_</word>
   <word id="word_542">o</word>
   <word id="word_543">Braga</word>
   <word id="word_544">protestaram</word>
   <word id="word_545">o</word>
   <word id="word_546">canto</word>
   <word id="word_547">,</word>
   <word id="word_548">menos</word>
   <word id="word_549">o</word>
   <word id="word_550">Hélder</word>
   <word id="word_551">,</word>
   <word id="word_552">prova</word>
   <word id="word_553">suficiente</word>
   <word id="word_554">de</word>
   <word id="word_555">ter</word>
   <word id="word_556">tocado</word>
   <word id="word_557">em_</word>
   <word id="word_558">a</word>
   <word id="word_559">bola»</word>
   <word id="word_560">,</word>
   <word id="word_561">justificava</word>
   <word id="word_562">-se</word>
   <word id="word_563">Veiga</word>
   <word id="word_564">Trigo</word>
   <word id="word_565">em_</word>
   <word id="word_566">o</word>
   <word id="word_567">final</word>
   <word id="word_568">de_</word>
   <word id="word_569">o</word>
   <word id="word_570">encontro</word>
   <word id="word_571">.</word>
   <word id="word_572">Em_</word>
   <word id="word_573">o</word>
   <word id="word_574">reatamento</word>
   <word id="word_575">,</word>
   <word id="word_576">John</word>
   <word id="word_577">Mortimore</word>
   <word id="word_578">não</word>
   <word id="word_579">procedeu</word>
   <word id="word_580">a</word>
   <word id="word_581">alterações</word>
   <word id="word_582">em_</word>
   <word id="word_583">a</word>
   <word id="word_584">sua</word>
   <word id="word_585">formação</word>
   <word id="word_586">.</word>
   <word id="word_587">Manniche</word>
   <word id="word_588">e</word>
   <word id="word_589">Rui</word>
   <word id="word_590">Águas</word>
   <word id="word_591">eram</word>
   <word id="word_592">os</word>
   <word id="word_593">mais</word>
   <word id="word_594">adiantados</word>
   <word id="word_595">de_</word>
   <word id="word_596">a</word>
   <word id="word_597">equipa</word>
   <word id="word_598">,</word>
   <word id="word_599">cabendo</word>
   <word id="word_600">a</word>
   <word id="word_601">Shéu</word>
   <word id="word_602">um</word>
   <word id="word_603">lugar</word>
   <word id="word_604">destacado</word>
   <word id="word_605">em_</word>
   <word id="word_606">o</word>
   <word id="word_607">centro</word>
   <word id="word_608">de_</word>
   <word id="word_609">o</word>
   <word id="word_610">terreno</word>
   <word id="word_611">.</word>
   <word id="word_612">Este</word>
   <word id="word_613">jogador</word>
   <word id="word_614">teve</word>
   <word id="word_615">uma</word>
   <word id="word_616">exibição</word>
   <word id="word_617">discreta</word>
   <word id="word_618">,</word>
   <word id="word_619">sendo</word>
   <word id="word_620">,</word>
   <word id="word_621">mesmo</word>
   <word id="word_622">assim</word>
   <word id="word_623">,</word>
   <word id="word_624">o</word>
   <word id="word_625">mais</word>
   <word id="word_626">regular</word>
   <word id="word_627">de_</word>
   <word id="word_628">a</word>
   <word id="word_629">turma</word>
   <word id="word_630">benfiquista</word>
   <word id="word_631">.</word>
   <word id="word_632">O</word>
   <word id="word_633">Braga</word>
   <word id="word_634">,</word>
   <word id="word_635">até</word>
   <word id="word_636">então</word>
   <word id="word_637">com</word>
   <word id="word_638">um</word>
   <word id="word_639">ataque</word>
   <word id="word_640">bastante</word>
   <word id="word_641">débil</word>
   <word id="word_642">,</word>
   <word id="word_643">procurou</word>
   <word id="word_644">maior</word>
   <word id="word_645">dinâmica</word>
   <word id="word_646">com</word>
   <word id="word_647">a</word>
   <word id="word_648">entrada</word>
   <word id="word_649">de</word>
   <word id="word_650">Jorge</word>
   <word id="word_651">Gomes</word>
   <word id="word_652">,</word>
   <word id="word_653">a</word>
   <word id="word_654">render</word>
   <word id="word_655">o</word>
   <word id="word_656">defesa</word>
   <word id="word_657">Ernesto</word>
   <word id="word_658">.</word>
   <word id="word_659">O</word>
   <word id="word_660">jogador</word>
   <word id="word_661">,</word>
   <word id="word_662">com</word>
   <word id="word_663">bom</word>
   <word id="word_664">poder</word>
   <word id="word_665">atlético</word>
   <word id="word_666">,</word>
   <word id="word_667">passou</word>
   <word id="word_668">a</word>
   <word id="word_669">dar</word>
   <word id="word_670">mais</word>
   <word id="word_671">trabalho</word>
   <word id="word_672">a_</word>
   <word id="word_673">a</word>
   <word id="word_674">sossegada</word>
   <word id="word_675">defensiva</word>
   <word id="word_676">contrária</word>
   <word id="word_677">.</word>
   <word id="word_678">Com</word>
   <word id="word_679">esta</word>
   <word id="word_680">alteração</word>
   <word id="word_681">,</word>
   <word id="word_682">os</word>
   <word id="word_683">locais</word>
   <word id="word_684">avanaçaram</word>
   <word id="word_685">mais</word>
   <word id="word_686">em_</word>
   <word id="word_687">o</word>
   <word id="word_688">terreno</word>
   <word id="word_689">,</word>
   <word id="word_690">exercendo</word>
   <word id="word_691">um</word>
   <word id="word_692">domínio</word>
   <word id="word_693">consentido</word>
   <word id="word_694">por_</word>
   <word id="word_695">o</word>
   <word id="word_696">Benfica</word>
   <word id="word_697">.</word>
   <word id="word_698">Digamos</word>
   <word id="word_699">terem</word>
   <word id="word_700">-se</word>
   <word id="word_701">invertido</word>
   <word id="word_702">os</word>
   <word id="word_703">papéis</word>
   <word id="word_704">,</word>
   <word id="word_705">em_</word>
   <word id="word_706">esta</word>
   <word id="word_707">segunda</word>
   <word id="word_708">parte</word>
   <word id="word_709">.</word>
   <word id="word_710">E</word>
   <word id="word_711">tantas</word>
   <word id="word_712">vezes</word>
   <word id="word_713">foi</word>
   <word id="word_714">o</word>
   <word id="word_715">cântaro</word>
   <word id="word_716">a_</word>
   <word id="word_717">a</word>
   <word id="word_718">fonte</word>
   <word id="word_719">até</word>
   <word id="word_720">que</word>
   <word id="word_721">se</word>
   <word id="word_722">partiu</word>
   <word id="word_723">.</word>
   <word id="word_724">Foi</word>
   <word id="word_725">o</word>
   <word id="word_726">que</word>
   <word id="word_727">aconteceu</word>
   <word id="word_728">,</word>
   <word id="word_729">de_</word>
   <word id="word_730">a</word>
   <word id="word_731">insistência</word>
   <word id="word_732">de_</word>
   <word id="word_733">o</word>
   <word id="word_734">Sporting</word>
   <word id="word_735">de</word>
   <word id="word_736">Braga</word>
   <word id="word_737">,</word>
   <word id="word_738">surgiu</word>
   <word id="word_739">o</word>
   <word id="word_740">golo</word>
   <word id="word_741">de_</word>
   <word id="word_742">o</word>
   <word id="word_743">empate</word>
   <word id="word_744">.</word>
   <word id="word_745">Um</word>
   <word id="word_746">tento</word>
   <word id="word_747">esperado</word>
   <word id="word_748">dada</word>
   <word id="word_749">a</word>
   <word id="word_750">passividade</word>
   <word id="word_751">de_</word>
   <word id="word_752">a</word>
   <word id="word_753">turma</word>
   <word id="word_754">«encarnada»</word>
   <word id="word_755">,</word>
   <word id="word_756">nascido</word>
   <word id="word_757">de</word>
   <word id="word_758">um</word>
   <word id="word_759">centro</word>
   <word id="word_760">de</word>
   <word id="word_761">Fontes</word>
   <word id="word_762">defendido</word>
   <word id="word_763">por</word>
   <word id="word_764">Bento</word>
   <word id="word_765">,</word>
   <word id="word_766">com</word>
   <word id="word_767">Jorge</word>
   <word id="word_768">Gomes</word>
   <word id="word_769">a</word>
   <word id="word_770">ter</word>
   <word id="word_771">tempo</word>
   <word id="word_772">para</word>
   <word id="word_773">a</word>
   <word id="word_774">recarga</word>
   <word id="word_775">.</word>
   <word id="word_776">O</word>
   <word id="word_777">jogo</word>
   <word id="word_778">ganhou</word>
   <word id="word_779">emotividade</word>
   <word id="word_780">a</word>
   <word id="word_781">partir</word>
   <word id="word_782">de_</word>
   <word id="word_783">o</word>
   <word id="word_784">empate</word>
   <word id="word_785">.</word>
   <word id="word_786">Os</word>
   <word id="word_787">locais</word>
   <word id="word_788">animaram</word>
   <word id="word_789">e</word>
   <word id="word_790">o</word>
   <word id="word_791">Benfica</word>
   <word id="word_792">precisava</word>
   <word id="word_793">de</word>
   <word id="word_794">obter</word>
   <word id="word_795">mais</word>
   <word id="word_796">um</word>
   <word id="word_797">golo</word>
   <word id="word_798">para</word>
   <word id="word_799">a</word>
   <word id="word_800">conquista</word>
   <word id="word_801">de</word>
   <word id="word_802">dois</word>
   <word id="word_803">pontos</word>
   <word id="word_804">.</word>
   <word id="word_805">Só</word>
   <word id="word_806">que</word>
   <word id="word_807">,</word>
   <word id="word_808">os</word>
   <word id="word_809">homens</word>
   <word id="word_810">de</word>
   <word id="word_811">Mortimore</word>
   <word id="word_812">não</word>
   <word id="word_813">esboçaram</word>
   <word id="word_814">qualquer</word>
   <word id="word_815">intenção</word>
   <word id="word_816">para</word>
   <word id="word_817">chegar</word>
   <word id="word_818">a_</word>
   <word id="word_819">a</word>
   <word id="word_820">vitória</word>
   <word id="word_821">.</word>
   <word id="word_822">Por_</word>
   <word id="word_823">o</word>
   <word id="word_824">contrário</word>
   <word id="word_825">,</word>
   <word id="word_826">foi</word>
   <word id="word_827">o</word>
   <word id="word_828">Braga</word>
   <word id="word_829">a</word>
   <word id="word_830">ter</word>
   <word id="word_831">a</word>
   <word id="word_832">perdida</word>
   <word id="word_833">mais</word>
   <word id="word_834">flagrante</word>
   <word id="word_835">,</word>
   <word id="word_836">com</word>
   <word id="word_837">Jacques</word>
   <word id="word_838">isolado</word>
   <word id="word_839">permitindo</word>
   <word id="word_840">a</word>
   <word id="word_841">saída</word>
   <word id="word_842">de</word>
   <word id="word_843">Bento</word>
   <word id="word_844">.</word>
   <word id="word_845">Para</word>
   <word id="word_846">vencer</word>
   <word id="word_847">o</word>
   <word id="word_848">encontro</word>
   <word id="word_849">faltou</word>
   <word id="word_850">a_</word>
   <word id="word_851">a</word>
   <word id="word_852">turma</word>
   <word id="word_853">comandada</word>
   <word id="word_854">por</word>
   <word id="word_855">Frederico</word>
   <word id="word_856">Passos</word>
   <word id="word_857">acreditar</word>
   <word id="word_858">em_</word>
   <word id="word_859">essa</word>
   <word id="word_860">possibilidade</word>
   <word id="word_861">,</word>
   <word id="word_862">já</word>
   <word id="word_863">que</word>
   <word id="word_864">o</word>
   <word id="word_865">Benfica</word>
   <word id="word_866">foi</word>
   <word id="word_867">uma</word>
   <word id="word_868">equipa</word>
   <word id="word_869">bastante</word>
   <word id="word_870">retraída</word>
   <word id="word_871">em_</word>
   <word id="word_872">o</word>
   <word id="word_873">segundo</word>
   <word id="word_874">tempo</word>
   <word id="word_875">.</word>
   <word id="word_876">Veiga</word>
   <word id="word_877">Trigo</word>
   <word id="word_878">não</word>
   <word id="word_879">permitiu</word>
   <word id="word_880">situações</word>
   <word id="word_881">de</word>
   <word id="word_882">indisciplina</word>
   <word id="word_883">em_</word>
   <word id="word_884">o</word>
   <word id="word_885">relvado</word>
   <word id="word_886">,</word>
   <word id="word_887">realizando</word>
   <word id="word_888">um</word>
   <word id="word_889">trabalho</word>
   <word id="word_890">positivo</word>
   <word id="word_891">.</word>
</words>
