<?xml version="1.0" encoding="UTF-8"?>
<!DOCTYPE words SYSTEM "words.dtd">
<words>
   <word id="word_1">OS</word>
   <word id="word_2">EPILÉPTICOS</word>
   <word id="word_3">não</word>
   <word id="word_4">devem</word>
   <word id="word_5">obter</word>
   <word id="word_6">atestado</word>
   <word id="word_7">médico</word>
   <word id="word_8">para</word>
   <word id="word_9">a</word>
   <word id="word_10">carta</word>
   <word id="word_11">de</word>
   <word id="word_12">condução</word>
   <word id="word_13">,</word>
   <word id="word_14">por_</word>
   <word id="word_15">o</word>
   <word id="word_16">menos</word>
   <word id="word_17">sem</word>
   <word id="word_18">parecer</word>
   <word id="word_19">favorável</word>
   <word id="word_20">de</word>
   <word id="word_21">um</word>
   <word id="word_22">neurologista</word>
   <word id="word_23">ou</word>
   <word id="word_24">epileptólogo</word>
   <word id="word_25">,</word>
   <word id="word_26">pretende</word>
   <word id="word_27">a</word>
   <word id="word_28">Liga</word>
   <word id="word_29">Portuguesa</word>
   <word id="word_30">contra</word>
   <word id="word_31">a</word>
   <word id="word_32">Epilepsia</word>
   <word id="word_33">,</word>
   <word id="word_34">segundo</word>
   <word id="word_35">se</word>
   <word id="word_36">apurou</word>
   <word id="word_37">junto</word>
   <word id="word_38">de_</word>
   <word id="word_39">o</word>
   <word id="word_40">director</word>
   <word id="word_41">de</word>
   <word id="word_42">Viação</word>
   <word id="word_43">de_</word>
   <word id="word_44">o</word>
   <word id="word_45">Centro</word>
   <word id="word_46">.</word>
   <word id="word_47">Manuel</word>
   <word id="word_48">Mansilha</word>
   <word id="word_49">,</word>
   <word id="word_50">que</word>
   <word id="word_51">participou</word>
   <word id="word_52">em</word>
   <word id="word_53">recente</word>
   <word id="word_54">debate</word>
   <word id="word_55">subordinado</word>
   <word id="word_56">a_</word>
   <word id="word_57">o</word>
   <word id="word_58">tema</word>
   <word id="word_59">«A</word>
   <word id="word_60">Epilepsia</word>
   <word id="word_61">e</word>
   <word id="word_62">a</word>
   <word id="word_63">Condução»</word>
   <word id="word_64">,</word>
   <word id="word_65">recordou</word>
   <word id="word_66">em_</word>
   <word id="word_67">a</word>
   <word id="word_68">oportunidade</word>
   <word id="word_69">que</word>
   <word id="word_70">nem</word>
   <word id="word_71">toda</word>
   <word id="word_72">a</word>
   <word id="word_73">matéria</word>
   <word id="word_74">de_</word>
   <word id="word_75">o</word>
   <word id="word_76">Código</word>
   <word id="word_77">de_</word>
   <word id="word_78">a</word>
   <word id="word_79">Estrada</word>
   <word id="word_80">ou</word>
   <word id="word_81">de_</word>
   <word id="word_82">o</word>
   <word id="word_83">seu</word>
   <word id="word_84">regulamento</word>
   <word id="word_85">«é</word>
   <word id="word_86">de_</word>
   <word id="word_87">a</word>
   <word id="word_88">competência</word>
   <word id="word_89">de_</word>
   <word id="word_90">o</word>
   <word id="word_91">Ministério</word>
   <word id="word_92">de_</word>
   <word id="word_93">a</word>
   <word id="word_94">Habitação</word>
   <word id="word_95">,</word>
   <word id="word_96">Obras</word>
   <word id="word_97">Públicas</word>
   <word id="word_98">e</word>
   <word id="word_99">Transportes»</word>
   <word id="word_100">.</word>
   <word id="word_101">Em</word>
   <word id="word_102">sua</word>
   <word id="word_103">opinião</word>
   <word id="word_104">,</word>
   <word id="word_105">é</word>
   <word id="word_106">este</word>
   <word id="word_107">o</word>
   <word id="word_108">caso</word>
   <word id="word_109">relacionado</word>
   <word id="word_110">com</word>
   <word id="word_111">as</word>
   <word id="word_112">inspecções</word>
   <word id="word_113">médico-sanitárias</word>
   <word id="word_114">e</word>
   <word id="word_115">com</word>
   <word id="word_116">os</word>
   <word id="word_117">condicionalismos</word>
   <word id="word_118">de</word>
   <word id="word_119">saúde</word>
   <word id="word_120">impostos</word>
   <word id="word_121">a_</word>
   <word id="word_122">os</word>
   <word id="word_123">condutores</word>
   <word id="word_124">e</word>
   <word id="word_125">a_</word>
   <word id="word_126">os</word>
   <word id="word_127">candidatos</word>
   <word id="word_128">.</word>
   <word id="word_129">De</word>
   <word id="word_130">acordo</word>
   <word id="word_131">com</word>
   <word id="word_132">Manuel</word>
   <word id="word_133">Mansilha</word>
   <word id="word_134">,</word>
   <word id="word_135">trata</word>
   <word id="word_136">-se</word>
   <word id="word_137">de</word>
   <word id="word_138">«matéria</word>
   <word id="word_139">que</word>
   <word id="word_140">pode</word>
   <word id="word_141">e</word>
   <word id="word_142">deve</word>
   <word id="word_143">ser</word>
   <word id="word_144">alterada</word>
   <word id="word_145">por</word>
   <word id="word_146">iniciativa</word>
   <word id="word_147">de_</word>
   <word id="word_148">o</word>
   <word id="word_149">Ministério</word>
   <word id="word_150">de_</word>
   <word id="word_151">a</word>
   <word id="word_152">Saúde</word>
   <word id="word_153">,</word>
   <word id="word_154">com</word>
   <word id="word_155">o</word>
   <word id="word_156">acordo</word>
   <word id="word_157">de_</word>
   <word id="word_158">o</word>
   <word id="word_159">Ministério</word>
   <word id="word_160">de_</word>
   <word id="word_161">os</word>
   <word id="word_162">Transportes»</word>
   <word id="word_163">.</word>
   <word id="word_164">O</word>
   <word id="word_165">director</word>
   <word id="word_166">de</word>
   <word id="word_167">Viação</word>
   <word id="word_168">de_</word>
   <word id="word_169">o</word>
   <word id="word_170">Centro</word>
   <word id="word_171">aludiu</word>
   <word id="word_172">a_</word>
   <word id="word_173">as</word>
   <word id="word_174">exigências</word>
   <word id="word_175">mínimas</word>
   <word id="word_176">para</word>
   <word id="word_177">a</word>
   <word id="word_178">emissão</word>
   <word id="word_179">de</word>
   <word id="word_180">carta</word>
   <word id="word_181">de</word>
   <word id="word_182">condução</word>
   <word id="word_183">,</word>
   <word id="word_184">e</word>
   <word id="word_185">ponderou</word>
   <word id="word_186">sobre</word>
   <word id="word_187">a</word>
   <word id="word_188">análise</word>
   <word id="word_189">de_</word>
   <word id="word_190">a</word>
   <word id="word_191">directiva</word>
   <word id="word_192">de</word>
   <word id="word_193">4</word>
   <word id="word_194">-</word>
   <word id="word_195">12</word>
   <word id="word_196">-</word>
   <word id="word_197">80</word>
   <word id="word_198">,</word>
   <word id="word_199">de_</word>
   <word id="word_200">a</word>
   <word id="word_201">CEE</word>
   <word id="word_202">,</word>
   <word id="word_203">relativa</word>
   <word id="word_204">a_</word>
   <word id="word_205">o</word>
   <word id="word_206">estabelecimento</word>
   <word id="word_207">de</word>
   <word id="word_208">licença</word>
   <word id="word_209">de</word>
   <word id="word_210">condução</word>
   <word id="word_211">comunitária</word>
   <word id="word_212">.</word>
   <word id="word_213">A</word>
   <word id="word_214">referida</word>
   <word id="word_215">directiva</word>
   <word id="word_216">estabelece</word>
   <word id="word_217">,</word>
   <word id="word_218">com</word>
   <word id="word_219">efeito</word>
   <word id="word_220">,</word>
   <word id="word_221">que</word>
   <word id="word_222">«não</word>
   <word id="word_223">deve</word>
   <word id="word_224">ser</word>
   <word id="word_225">emitida</word>
   <word id="word_226">ou</word>
   <word id="word_227">revalidada</word>
   <word id="word_228">a</word>
   <word id="word_229">carta</word>
   <word id="word_230">de</word>
   <word id="word_231">condução</word>
   <word id="word_232">a</word>
   <word id="word_233">candidatos</word>
   <word id="word_234">ou</word>
   <word id="word_235">condutojes</word>
   <word id="word_236">epilépticos</word>
   <word id="word_237">de_</word>
   <word id="word_238">as</word>
   <word id="word_239">categorias</word>
   <word id="word_240">de</word>
   <word id="word_241">motociclos</word>
   <word id="word_242">e</word>
   <word id="word_243">automóveis</word>
   <word id="word_244">ligeiros»</word>
   <word id="word_245">.</word>
   <word id="word_246">Esta</word>
   <word id="word_247">determinação</word>
   <word id="word_248">está</word>
   <word id="word_249">,</word>
   <word id="word_250">afinal</word>
   <word id="word_251">,</word>
   <word id="word_252">relacionada</word>
   <word id="word_253">com</word>
   <word id="word_254">a</word>
   <word id="word_255">segurança</word>
   <word id="word_256">pessoal</word>
   <word id="word_257">de_</word>
   <word id="word_258">o</word>
   <word id="word_259">motorisra</word>
   <word id="word_260">e</word>
   <word id="word_261">a</word>
   <word id="word_262">segurança</word>
   <word id="word_263">de</word>
   <word id="word_264">terceiros</word>
   <word id="word_265">,</word>
   <word id="word_266">já</word>
   <word id="word_267">que</word>
   <word id="word_268">,</word>
   <word id="word_269">como</word>
   <word id="word_270">se</word>
   <word id="word_271">sabe</word>
   <word id="word_272">,</word>
   <word id="word_273">o</word>
   <word id="word_274">ataque</word>
   <word id="word_275">epiléptico</word>
   <word id="word_276">pode</word>
   <word id="word_277">surgir</word>
   <word id="word_278">em</word>
   <word id="word_279">qualquer</word>
   <word id="word_280">altura</word>
   <word id="word_281">,</word>
   <word id="word_282">sendo</word>
   <word id="word_283">,</word>
   <word id="word_284">quando</word>
   <word id="word_285">ocorre</word>
   <word id="word_286">,</word>
   <word id="word_287">difícil</word>
   <word id="word_288">de</word>
   <word id="word_289">controlar</word>
   <word id="word_290">.</word>
   <word id="word_291">A</word>
   <word id="word_292">propósito</word>
   <word id="word_293">,</word>
   <word id="word_294">lembre</word>
   <word id="word_295">-se</word>
   <word id="word_296">o</word>
   <word id="word_297">acidente</word>
   <word id="word_298">de</word>
   <word id="word_299">viação</word>
   <word id="word_300">registado</word>
   <word id="word_301">há</word>
   <word id="word_302">tempos</word>
   <word id="word_303">,</word>
   <word id="word_304">a</word>
   <word id="word_305">que</word>
   <word id="word_306">o</word>
   <word id="word_307">nosso</word>
   <word id="word_308">jornal</word>
   <word id="word_309">se</word>
   <word id="word_310">referiu</word>
   <word id="word_311">,</word>
   <word id="word_312">em</word>
   <word id="word_313">que</word>
   <word id="word_314">o</word>
   <word id="word_315">condutor</word>
   <word id="word_316">de_</word>
   <word id="word_317">a</word>
   <word id="word_318">viatura</word>
   <word id="word_319">foi</word>
   <word id="word_320">subitamente</word>
   <word id="word_321">acometido</word>
   <word id="word_322">de</word>
   <word id="word_323">um</word>
   <word id="word_324">ataque</word>
   <word id="word_325">cerebral</word>
   <word id="word_326">de_</word>
   <word id="word_327">o</word>
   <word id="word_328">que</word>
   <word id="word_329">resultou</word>
   <word id="word_330">a</word>
   <word id="word_331">sua</word>
   <word id="word_332">morte</word>
   <word id="word_333">e</word>
   <word id="word_334">a</word>
   <word id="word_335">de</word>
   <word id="word_336">outros</word>
   <word id="word_337">que</word>
   <word id="word_338">o</word>
   <word id="word_339">acompanhavam</word>
   <word id="word_340">.</word>
</words>
