<?xml version="1.0" encoding="UTF-8"?>
<!DOCTYPE words SYSTEM "words.dtd">
<words>
   <word id="word_1">em_</word>
   <word id="word_2">uma</word>
   <word id="word_3">ENTREVISTA</word>
   <word id="word_4">ontem</word>
   <word id="word_5">publicada</word>
   <word id="word_6">em_</word>
   <word id="word_7">o</word>
   <word id="word_8">jornal</word>
   <word id="word_9">«La</word>
   <word id="word_10">Suisse»</word>
   <word id="word_11">,</word>
   <word id="word_12">Maria</word>
   <word id="word_13">Barroso</word>
   <word id="word_14">defendeu</word>
   <word id="word_15">a</word>
   <word id="word_16">necessidade</word>
   <word id="word_17">de</word>
   <word id="word_18">dar</word>
   <word id="word_19">a</word>
   <word id="word_20">conhecer</word>
   <word id="word_21">a_</word>
   <word id="word_22">o</word>
   <word id="word_23">mundo</word>
   <word id="word_24">a</word>
   <word id="word_25">extraordinária</word>
   <word id="word_26">cultura</word>
   <word id="word_27">portuguesa</word>
   <word id="word_28">,</word>
   <word id="word_29">garantida</word>
   <word id="word_30">por</word>
   <word id="word_31">mais</word>
   <word id="word_32">de</word>
   <word id="word_33">150</word>
   <word id="word_34">mil</word>
   <word id="word_35">pessoas</word>
   <word id="word_36">que</word>
   <word id="word_37">falam</word>
   <word id="word_38">o</word>
   <word id="word_39">português</word>
   <word id="word_40">.</word>
   <word id="word_41">Para</word>
   <word id="word_42">a</word>
   <word id="word_43">mulher</word>
   <word id="word_44">de_</word>
   <word id="word_45">o</word>
   <word id="word_46">Presidente</word>
   <word id="word_47">de_</word>
   <word id="word_48">a</word>
   <word id="word_49">República</word>
   <word id="word_50">,</word>
   <word id="word_51">é</word>
   <word id="word_52">fundamental</word>
   <word id="word_53">dar</word>
   <word id="word_54">a</word>
   <word id="word_55">conhecer</word>
   <word id="word_56">,</word>
   <word id="word_57">em_</word>
   <word id="word_58">o</word>
   <word id="word_59">estrangeiro</word>
   <word id="word_60">,</word>
   <word id="word_61">a</word>
   <word id="word_62">obra</word>
   <word id="word_63">de_</word>
   <word id="word_64">os</word>
   <word id="word_65">pintores</word>
   <word id="word_66">,</word>
   <word id="word_67">escritores</word>
   <word id="word_68">,</word>
   <word id="word_69">e</word>
   <word id="word_70">realizadores</word>
   <word id="word_71">nacionais</word>
   <word id="word_72">,</word>
   <word id="word_73">que</word>
   <word id="word_74">considerou</word>
   <word id="word_75">de</word>
   <word id="word_76">«excelente</word>
   <word id="word_77">qualidade»</word>
   <word id="word_78">.</word>
   <word id="word_79">Maria</word>
   <word id="word_80">Barroso</word>
   <word id="word_81">recordou</word>
   <word id="word_82">que</word>
   <word id="word_83">tradicionalmente</word>
   <word id="word_84">compete</word>
   <word id="word_85">a_</word>
   <word id="word_86">a</word>
   <word id="word_87">esposa</word>
   <word id="word_88">de_</word>
   <word id="word_89">o</word>
   <word id="word_90">Chefe</word>
   <word id="word_91">de</word>
   <word id="word_92">Estado</word>
   <word id="word_93">ocupar</word>
   <word id="word_94">-se</word>
   <word id="word_95">com</word>
   <word id="word_96">os</word>
   <word id="word_97">problemas</word>
   <word id="word_98">de</word>
   <word id="word_99">carácter</word>
   <word id="word_100">social</word>
   <word id="word_101">,</word>
   <word id="word_102">mas</word>
   <word id="word_103">,</word>
   <word id="word_104">em_</word>
   <word id="word_105">o</word>
   <word id="word_106">seu</word>
   <word id="word_107">caso</word>
   <word id="word_108">,</word>
   <word id="word_109">as</word>
   <word id="word_110">principais</word>
   <word id="word_111">preocupações</word>
   <word id="word_112">coincidem</word>
   <word id="word_113">com</word>
   <word id="word_114">as</word>
   <word id="word_115">de_</word>
   <word id="word_116">a</word>
   <word id="word_117">cidadã</word>
   <word id="word_118">activa</word>
   <word id="word_119">que</word>
   <word id="word_120">«sofreu</word>
   <word id="word_121">e</word>
   <word id="word_122">lutou</word>
   <word id="word_123">por_</word>
   <word id="word_124">a</word>
   <word id="word_125">liberdade»</word>
   <word id="word_126">.</word>
   <word id="word_127">Em_</word>
   <word id="word_128">a</word>
   <word id="word_129">entrevista</word>
   <word id="word_130">,</word>
   <word id="word_131">sob</word>
   <word id="word_132">o</word>
   <word id="word_133">título</word>
   <word id="word_134">«O</word>
   <word id="word_135">espírito</word>
   <word id="word_136">de</word>
   <word id="word_137">Portugal»</word>
   <word id="word_138">,</word>
   <word id="word_139">Maria</word>
   <word id="word_140">Barroso</word>
   <word id="word_141">sublinha</word>
   <word id="word_142">que</word>
   <word id="word_143">o</word>
   <word id="word_144">problema</word>
   <word id="word_145">de_</word>
   <word id="word_146">os</word>
   <word id="word_147">refugiados</word>
   <word id="word_148">em_</word>
   <word id="word_149">o</word>
   <word id="word_150">mundo</word>
   <word id="word_151">não</word>
   <word id="word_152">pode</word>
   <word id="word_153">ser</word>
   <word id="word_154">ignorado</word>
   <word id="word_155">,</word>
   <word id="word_156">embora</word>
   <word id="word_157">,</word>
   <word id="word_158">em</word>
   <word id="word_159">Portugal</word>
   <word id="word_160">,</word>
   <word id="word_161">ele</word>
   <word id="word_162">se</word>
   <word id="word_163">coloque</word>
   <word id="word_164">de</word>
   <word id="word_165">uma</word>
   <word id="word_166">forma</word>
   <word id="word_167">diferente</word>
   <word id="word_168">,</word>
   <word id="word_169">dado</word>
   <word id="word_170">que</word>
   <word id="word_171">a</word>
   <word id="word_172">descolonização</word>
   <word id="word_173">implicou</word>
   <word id="word_174">«a</word>
   <word id="word_175">chegada</word>
   <word id="word_176">de</word>
   <word id="word_177">uma</word>
   <word id="word_178">enorme</word>
   <word id="word_179">população</word>
   <word id="word_180">que</word>
   <word id="word_181">está</word>
   <word id="word_182">,</word>
   <word id="word_183">agora</word>
   <word id="word_184">,</word>
   <word id="word_185">absolutamente</word>
   <word id="word_186">integrada»</word>
   <word id="word_187">.</word>
   <word id="word_188">O</word>
   <word id="word_189">emprego</word>
   <word id="word_190">de_</word>
   <word id="word_191">os</word>
   <word id="word_192">jovens</word>
   <word id="word_193">e</word>
   <word id="word_194">a</word>
   <word id="word_195">necessidade</word>
   <word id="word_196">de</word>
   <word id="word_197">melhorar</word>
   <word id="word_198">as</word>
   <word id="word_199">condições</word>
   <word id="word_200">de</word>
   <word id="word_201">habitação</word>
   <word id="word_202">foram</word>
   <word id="word_203">os</word>
   <word id="word_204">problemas</word>
   <word id="word_205">mais</word>
   <word id="word_206">urgentes</word>
   <word id="word_207">apontados</word>
   <word id="word_208">por</word>
   <word id="word_209">Maria</word>
   <word id="word_210">Barroso</word>
   <word id="word_211">,</word>
   <word id="word_212">que</word>
   <word id="word_213">se</word>
   <word id="word_214">referiu</word>
   <word id="word_215">ainda</word>
   <word id="word_216">a_</word>
   <word id="word_217">a</word>
   <word id="word_218">mulher</word>
   <word id="word_219">portuguesa</word>
   <word id="word_220">e</word>
   <word id="word_221">a_</word>
   <word id="word_222">o</word>
   <word id="word_223">seu</word>
   <word id="word_224">papel</word>
   <word id="word_225">em_</word>
   <word id="word_226">a</word>
   <word id="word_227">sociedade</word>
   <word id="word_228">.</word>
</words>
