<?xml version="1.0" encoding="UTF-8"?>
<!DOCTYPE words SYSTEM "words.dtd">
<words>
   <word id="word_1">Especialistas</word>
   <word id="word_2">fazem</word>
   <word id="word_3">hoje</word>
   <word id="word_4">uma</word>
   <word id="word_5">análise</word>
   <word id="word_6">profunda</word>
   <word id="word_7">de_</word>
   <word id="word_8">as</word>
   <word id="word_9">bases</word>
   <word id="word_10">gerais</word>
   <word id="word_11">e</word>
   <word id="word_12">de_</word>
   <word id="word_13">o</word>
   <word id="word_14">direito</word>
   <word id="word_15">de</word>
   <word id="word_16">habitação</word>
   <word id="word_17">turística</word>
   <word id="word_18">periódica</word>
   <word id="word_19">durante</word>
   <word id="word_20">um</word>
   <word id="word_21">seminário</word>
   <word id="word_22">que</word>
   <word id="word_23">lhe</word>
   <word id="word_24">dedica</word>
   <word id="word_25">a</word>
   <word id="word_26">Associação</word>
   <word id="word_27">Nacional</word>
   <word id="word_28">de_</word>
   <word id="word_29">os</word>
   <word id="word_30">Industriais</word>
   <word id="word_31">de_</word>
   <word id="word_32">o</word>
   <word id="word_33">Turismo</word>
   <word id="word_34">de</word>
   <word id="word_35">Habitação</word>
   <word id="word_36">Periódica</word>
   <word id="word_37">(</word>
   <word id="word_38">ANITHAP</word>
   <word id="word_39">)</word>
   <word id="word_40">em</word>
   <word id="word_41">Montechoro</word>
   <word id="word_42">.</word>
   <word id="word_43">O</word>
   <word id="word_44">objectivo</word>
   <word id="word_45">é</word>
   <word id="word_46">dar</word>
   <word id="word_47">a</word>
   <word id="word_48">conhecer</word>
   <word id="word_49">a_</word>
   <word id="word_50">os</word>
   <word id="word_51">participantes</word>
   <word id="word_52">a</word>
   <word id="word_53">qualidade</word>
   <word id="word_54">de_</word>
   <word id="word_55">o</word>
   <word id="word_56">turismo</word>
   <word id="word_57">de</word>
   <word id="word_58">habitação</word>
   <word id="word_59">periódica</word>
   <word id="word_60">,</word>
   <word id="word_61">um</word>
   <word id="word_62">produto</word>
   <word id="word_63">turístico</word>
   <word id="word_64">novo</word>
   <word id="word_65">-</word>
   <word id="word_66">que</word>
   <word id="word_67">muitos</word>
   <word id="word_68">designam</word>
   <word id="word_69">por_</word>
   <word id="word_70">o</word>
   <word id="word_71">nome</word>
   <word id="word_72">inglês</word>
   <word id="word_73">de</word>
   <word id="word_74">«timeshare»</word>
   <word id="word_75">-</word>
   <word id="word_76">que</word>
   <word id="word_77">está</word>
   <word id="word_78">a</word>
   <word id="word_79">crescer</word>
   <word id="word_80">de</word>
   <word id="word_81">importância</word>
   <word id="word_82">em_</word>
   <word id="word_83">o</word>
   <word id="word_84">turismo</word>
   <word id="word_85">português</word>
   <word id="word_86">em</word>
   <word id="word_87">geral</word>
   <word id="word_88">e</word>
   <word id="word_89">particularmente</word>
   <word id="word_90">em_</word>
   <word id="word_91">o</word>
   <word id="word_92">Algarve</word>
   <word id="word_93">.</word>
   <word id="word_94">Segundo</word>
   <word id="word_95">números</word>
   <word id="word_96">apontados</word>
   <word id="word_97">por_</word>
   <word id="word_98">a</word>
   <word id="word_99">direcção</word>
   <word id="word_100">de_</word>
   <word id="word_101">a</word>
   <word id="word_102">ANITHAP</word>
   <word id="word_103">,</word>
   <word id="word_104">em</word>
   <word id="word_105">todo</word>
   <word id="word_106">o</word>
   <word id="word_107">mundo</word>
   <word id="word_108">mais</word>
   <word id="word_109">de</word>
   <word id="word_110">1700</word>
   <word id="word_111">empreendimentos</word>
   <word id="word_112">são</word>
   <word id="word_113">vendidos</word>
   <word id="word_114">em</word>
   <word id="word_115">«timeshare»</word>
   <word id="word_116">e</word>
   <word id="word_117">o</word>
   <word id="word_118">número</word>
   <word id="word_119">de</word>
   <word id="word_120">proprietários</word>
   <word id="word_121">ultrapassa</word>
   <word id="word_122">já</word>
   <word id="word_123">o</word>
   <word id="word_124">milhão</word>
   <word id="word_125">e</word>
   <word id="word_126">200</word>
   <word id="word_127">mil</word>
   <word id="word_128">.</word>
   <word id="word_129">Em</word>
   <word id="word_130">Portugal</word>
   <word id="word_131">,</word>
   <word id="word_132">actualmente</word>
   <word id="word_133">,</word>
   <word id="word_134">são</word>
   <word id="word_135">comercializados</word>
   <word id="word_136">em_</word>
   <word id="word_137">este</word>
   <word id="word_138">regime</word>
   <word id="word_139">,</word>
   <word id="word_140">em_</word>
   <word id="word_141">o</word>
   <word id="word_142">Algarve</word>
   <word id="word_143">,</word>
   <word id="word_144">40</word>
   <word id="word_145">empreendimentos</word>
   <word id="word_146">,</word>
   <word id="word_147">e</word>
   <word id="word_148">em_</word>
   <word id="word_149">o</word>
   <word id="word_150">Funchal</word>
   <word id="word_151">,</word>
   <word id="word_152">quatro</word>
   <word id="word_153">.</word>
   <word id="word_154">Em_</word>
   <word id="word_155">o</word>
   <word id="word_156">Estoril</word>
   <word id="word_157">,</word>
   <word id="word_158">ainda</word>
   <word id="word_159">utilizando</word>
   <word id="word_160">informações</word>
   <word id="word_161">fornecidas</word>
   <word id="word_162">por_</word>
   <word id="word_163">a</word>
   <word id="word_164">ANITHAP</word>
   <word id="word_165">,</word>
   <word id="word_166">é</word>
   <word id="word_167">o</word>
   <word id="word_168">«timeshare»</word>
   <word id="word_169">que</word>
   <word id="word_170">está</word>
   <word id="word_171">a</word>
   <word id="word_172">dar</word>
   <word id="word_173">um</word>
   <word id="word_174">novo</word>
   <word id="word_175">«élan»</word>
   <word id="word_176">a_</word>
   <word id="word_177">a</word>
   <word id="word_178">oferta</word>
   <word id="word_179">de</word>
   <word id="word_180">alojamento</word>
   <word id="word_181">para</word>
   <word id="word_182">o</word>
   <word id="word_183">turismo</word>
   <word id="word_184">de</word>
   <word id="word_185">qualidade</word>
   <word id="word_186">.</word>
   <word id="word_187">Juristas</word>
   <word id="word_188">,</word>
   <word id="word_189">economistas</word>
   <word id="word_190">,</word>
   <word id="word_191">directores</word>
   <word id="word_192">de</word>
   <word id="word_193">hotéis</word>
   <word id="word_194">e</word>
   <word id="word_195">outros</word>
   <word id="word_196">especialistas</word>
   <word id="word_197">,</word>
   <word id="word_198">entre</word>
   <word id="word_199">os</word>
   <word id="word_200">quais</word>
   <word id="word_201">Collin</word>
   <word id="word_202">Collins</word>
   <word id="word_203">,</word>
   <word id="word_204">director</word>
   <word id="word_205">de</word>
   <word id="word_206">marketing</word>
   <word id="word_207">de_</word>
   <word id="word_208">o</word>
   <word id="word_209">escritório</word>
   <word id="word_210">europeu</word>
   <word id="word_211">de_</word>
   <word id="word_212">o</word>
   <word id="word_213">RCI</word>
   <word id="word_214">-</word>
   <word id="word_215">Resort</word>
   <word id="word_216">Condominium</word>
   <word id="word_217">International</word>
   <word id="word_218">,</word>
   <word id="word_219">analisarão</word>
   <word id="word_220">o</word>
   <word id="word_221">turismo</word>
   <word id="word_222">de</word>
   <word id="word_223">habitação</word>
   <word id="word_224">periódica</word>
   <word id="word_225">sob</word>
   <word id="word_226">os</word>
   <word id="word_227">aspectos</word>
   <word id="word_228">,</word>
   <word id="word_229">entre</word>
   <word id="word_230">outros</word>
   <word id="word_231">,</word>
   <word id="word_232">de</word>
   <word id="word_233">direito</word>
   <word id="word_234">real</word>
   <word id="word_235">e</word>
   <word id="word_236">obrigacional</word>
   <word id="word_237">,</word>
   <word id="word_238">de_</word>
   <word id="word_239">o</word>
   <word id="word_240">caso</word>
   <word id="word_241">português</word>
   <word id="word_242">e</word>
   <word id="word_243">de_</word>
   <word id="word_244">as</word>
   <word id="word_245">implicações</word>
   <word id="word_246">de_</word>
   <word id="word_247">a</word>
   <word id="word_248">CEE</word>
   <word id="word_249">,</word>
   <word id="word_250">de_</word>
   <word id="word_251">a</word>
   <word id="word_252">defesa</word>
   <word id="word_253">de_</word>
   <word id="word_254">o</word>
   <word id="word_255">consumidor</word>
   <word id="word_256">e</word>
   <word id="word_257">de_</word>
   <word id="word_258">a</word>
   <word id="word_259">gestão</word>
   <word id="word_260">de_</word>
   <word id="word_261">os</word>
   <word id="word_262">empreendimentos</word>
   <word id="word_263">.</word>
   <word id="word_264">O</word>
   <word id="word_265">director</word>
   <word id="word_266">de_</word>
   <word id="word_267">o</word>
   <word id="word_268">Centro</word>
   <word id="word_269">de</word>
   <word id="word_270">Turismo</word>
   <word id="word_271">de</word>
   <word id="word_272">Portugal</word>
   <word id="word_273">em</word>
   <word id="word_274">Londres</word>
   <word id="word_275">,</word>
   <word id="word_276">Jorge</word>
   <word id="word_277">Felner</word>
   <word id="word_278">de_</word>
   <word id="word_279">a</word>
   <word id="word_280">Costa</word>
   <word id="word_281">,</word>
   <word id="word_282">e</word>
   <word id="word_283">Collin</word>
   <word id="word_284">Collins</word>
   <word id="word_285">falarão</word>
   <word id="word_286">de_</word>
   <word id="word_287">o</word>
   <word id="word_288">«timeshare»</word>
   <word id="word_289">em_</word>
   <word id="word_290">o</word>
   <word id="word_291">mercado</word>
   <word id="word_292">de_</word>
   <word id="word_293">o</word>
   <word id="word_294">Reino</word>
   <word id="word_295">Unido</word>
   <word id="word_296">e</word>
   <word id="word_297">em_</word>
   <word id="word_298">a</word>
   <word id="word_299">Europa</word>
   <word id="word_300">e</word>
   <word id="word_301">em_</word>
   <word id="word_302">o</word>
   <word id="word_303">Mundo</word>
   <word id="word_304">,</word>
   <word id="word_305">respectivamente</word>
   <word id="word_306">.</word>
   <word id="word_307">O</word>
   <word id="word_308">governador</word>
   <word id="word_309">civil</word>
   <word id="word_310">de</word>
   <word id="word_311">Faro</word>
   <word id="word_312">preside</word>
   <word id="word_313">a_</word>
   <word id="word_314">o</word>
   <word id="word_315">painel</word>
   <word id="word_316">final</word>
   <word id="word_317">.</word>
   <word id="word_318">A</word>
   <word id="word_319">apresentação</word>
   <word id="word_320">de_</word>
   <word id="word_321">o</word>
   <word id="word_322">tema</word>
   <word id="word_323">cabe</word>
   <word id="word_324">a_</word>
   <word id="word_325">o</word>
   <word id="word_326">secretário-geral</word>
   <word id="word_327">de_</word>
   <word id="word_328">a</word>
   <word id="word_329">ANITHAP</word>
   <word id="word_330">,</word>
   <word id="word_331">Sérgio</word>
   <word id="word_332">de_</word>
   <word id="word_333">a</word>
   <word id="word_334">Palma</word>
   <word id="word_335">e</word>
   <word id="word_336">Brito</word>
   <word id="word_337">,</word>
   <word id="word_338">que</word>
   <word id="word_339">considerará</word>
   <word id="word_340">os</word>
   <word id="word_341">seguintes</word>
   <word id="word_342">aspectos</word>
   <word id="word_343">:</word>
   <word id="word_344">o</word>
   <word id="word_345">que</word>
   <word id="word_346">é</word>
   <word id="word_347">o</word>
   <word id="word_348">«timeshare»</word>
   <word id="word_349">,</word>
   <word id="word_350">o</word>
   <word id="word_351">«timeshare»</word>
   <word id="word_352">e</word>
   <word id="word_353">o</word>
   <word id="word_354">Algarve</word>
   <word id="word_355">,</word>
   <word id="word_356">os</word>
   <word id="word_357">mecanismos</word>
   <word id="word_358">de</word>
   <word id="word_359">base</word>
   <word id="word_360">,</word>
   <word id="word_361">o</word>
   <word id="word_362">ultrapassar</word>
   <word id="word_363">de_</word>
   <word id="word_364">as</word>
   <word id="word_365">críticas</word>
   <word id="word_366">,</word>
   <word id="word_367">o</word>
   <word id="word_368">papel</word>
   <word id="word_369">de_</word>
   <word id="word_370">a</word>
   <word id="word_371">ANITHAP</word>
   <word id="word_372">.</word>
   <word id="word_373">Refira</word>
   <word id="word_374">-se</word>
   <word id="word_375">que</word>
   <word id="word_376">os</word>
   <word id="word_377">protestos</word>
   <word id="word_378">que</word>
   <word id="word_379">o</word>
   <word id="word_380">trabalho</word>
   <word id="word_381">de</word>
   <word id="word_382">angariadores</word>
   <word id="word_383">efectuado</word>
   <word id="word_384">em_</word>
   <word id="word_385">a</word>
   <word id="word_386">via</word>
   <word id="word_387">pública</word>
   <word id="word_388">provocou</word>
   <word id="word_389">,</word>
   <word id="word_390">devido</word>
   <word id="word_391">a</word>
   <word id="word_392">alguns</word>
   <word id="word_393">excessos</word>
   <word id="word_394">verificados</word>
   <word id="word_395">,</word>
   <word id="word_396">foram</word>
   <word id="word_397">atendidos</word>
   <word id="word_398">,</word>
   <word id="word_399">quer</word>
   <word id="word_400">por_</word>
   <word id="word_401">o</word>
   <word id="word_402">governador</word>
   <word id="word_403">civil</word>
   <word id="word_404">de</word>
   <word id="word_405">Faro</word>
   <word id="word_406">,</word>
   <word id="word_407">quer</word>
   <word id="word_408">por_</word>
   <word id="word_409">os</word>
   <word id="word_410">empresários</word>
   <word id="word_411">de_</word>
   <word id="word_412">o</word>
   <word id="word_413">sector</word>
   <word id="word_414">.</word>
</words>
