<?xml version="1.0" encoding="UTF-8"?>
<!DOCTYPE words SYSTEM "words.dtd">
<words>
   <word id="word_1">EM_</word>
   <word id="word_2">A</word>
   <word id="word_3">UNIVERSIDADE</word>
   <word id="word_4">de</word>
   <word id="word_5">évora</word>
   <word id="word_6">,</word>
   <word id="word_7">em_</word>
   <word id="word_8">uma</word>
   <word id="word_9">de_</word>
   <word id="word_10">as</word>
   <word id="word_11">mais</word>
   <word id="word_12">bonitas</word>
   <word id="word_13">salas</word>
   <word id="word_14">abobadadas</word>
   <word id="word_15">de_</word>
   <word id="word_16">o</word>
   <word id="word_17">rés-do-chão</word>
   <word id="word_18">,</word>
   <word id="word_19">abre</word>
   <word id="word_20">hoje</word>
   <word id="word_21">,</word>
   <word id="word_22">a_</word>
   <word id="word_23">as</word>
   <word id="word_24">15</word>
   <word id="word_25">horas</word>
   <word id="word_26">,</word>
   <word id="word_27">a</word>
   <word id="word_28">exposição</word>
   <word id="word_29">«Memórias</word>
   <word id="word_30">de</word>
   <word id="word_31">Camões</word>
   <word id="word_32">em</word>
   <word id="word_33">Constância»</word>
   <word id="word_34">,</word>
   <word id="word_35">integrada</word>
   <word id="word_36">em_</word>
   <word id="word_37">o</word>
   <word id="word_38">seminário</word>
   <word id="word_39">que</word>
   <word id="word_40">decorre</word>
   <word id="word_41">em_</word>
   <word id="word_42">aquele</word>
   <word id="word_43">estabelecimento</word>
   <word id="word_44">,</word>
   <word id="word_45">sobre</word>
   <word id="word_46">Jornadas</word>
   <word id="word_47">de</word>
   <word id="word_48">Desenvolvimento</word>
   <word id="word_49">Regional</word>
   <word id="word_50">,</word>
   <word id="word_51">promovidas</word>
   <word id="word_52">por_</word>
   <word id="word_53">a</word>
   <word id="word_54">comissão</word>
   <word id="word_55">organizadora</word>
   <word id="word_56">de_</word>
   <word id="word_57">as</word>
   <word id="word_58">comemorações</word>
   <word id="word_59">de_</word>
   <word id="word_60">o</word>
   <word id="word_61">Dia</word>
   <word id="word_62">de</word>
   <word id="word_63">Portugal</word>
   <word id="word_64">,</word>
   <word id="word_65">de</word>
   <word id="word_66">Camões</word>
   <word id="word_67">e</word>
   <word id="word_68">de_</word>
   <word id="word_69">as</word>
   <word id="word_70">Comunidades</word>
   <word id="word_71">Portuguesas</word>
   <word id="word_72">.</word>
   <word id="word_73">A</word>
   <word id="word_74">Fundação</word>
   <word id="word_75">Calouste</word>
   <word id="word_76">Gulbenkian</word>
   <word id="word_77">,</word>
   <word id="word_78">como</word>
   <word id="word_79">membro</word>
   <word id="word_80">de_</word>
   <word id="word_81">a</word>
   <word id="word_82">referida</word>
   <word id="word_83">comissão</word>
   <word id="word_84">,</word>
   <word id="word_85">dá</word>
   <word id="word_86">o</word>
   <word id="word_87">seu</word>
   <word id="word_88">apoio</word>
   <word id="word_89">a_</word>
   <word id="word_90">a</word>
   <word id="word_91">deslocação</word>
   <word id="word_92">de_</word>
   <word id="word_93">aquela</word>
   <word id="word_94">exposição</word>
   <word id="word_95">,</word>
   <word id="word_96">durante</word>
   <word id="word_97">cerca</word>
   <word id="word_98">de</word>
   <word id="word_99">um</word>
   <word id="word_100">mês</word>
   <word id="word_101">patente</word>
   <word id="word_102">com</word>
   <word id="word_103">muito</word>
   <word id="word_104">êxito</word>
   <word id="word_105">em_</word>
   <word id="word_106">a</word>
   <word id="word_107">Zona</word>
   <word id="word_108">de_</word>
   <word id="word_109">os</word>
   <word id="word_110">Congressos</word>
   <word id="word_111">,</word>
   <word id="word_112">como</word>
   <word id="word_113">realização</word>
   <word id="word_114">de_</word>
   <word id="word_115">a</word>
   <word id="word_116">Associação</word>
   <word id="word_117">para</word>
   <word id="word_118">Reconstrução</word>
   <word id="word_119">e</word>
   <word id="word_120">Instalação</word>
   <word id="word_121">de_</word>
   <word id="word_122">a</word>
   <word id="word_123">Casa-Memória</word>
   <word id="word_124">de</word>
   <word id="word_125">Camões</word>
   <word id="word_126">em</word>
   <word id="word_127">Constância</word>
   <word id="word_128">.</word>
   <word id="word_129">A</word>
   <word id="word_130">sua</word>
   <word id="word_131">presença</word>
   <word id="word_132">em</word>
   <word id="word_133">Évora</word>
   <word id="word_134">,</word>
   <word id="word_135">a_</word>
   <word id="word_136">o</word>
   <word id="word_137">documentar</word>
   <word id="word_138">a</word>
   <word id="word_139">importante</word>
   <word id="word_140">obra</word>
   <word id="word_141">levada</word>
   <word id="word_142">a</word>
   <word id="word_143">cabo</word>
   <word id="word_144">por</word>
   <word id="word_145">aquela</word>
   <word id="word_146">associação</word>
   <word id="word_147">,</word>
   <word id="word_148">constitui</word>
   <word id="word_149">um</word>
   <word id="word_150">exemplo</word>
   <word id="word_151">vivo</word>
   <word id="word_152">de</word>
   <word id="word_153">um</word>
   <word id="word_154">projecto</word>
   <word id="word_155">em</word>
   <word id="word_156">realização</word>
   <word id="word_157">que</word>
   <word id="word_158">,</word>
   <word id="word_159">sendo</word>
   <word id="word_160">cultural</word>
   <word id="word_161">,</word>
   <word id="word_162">será</word>
   <word id="word_163">,</word>
   <word id="word_164">quando</word>
   <word id="word_165">completo</word>
   <word id="word_166">,</word>
   <word id="word_167">um</word>
   <word id="word_168">grande</word>
   <word id="word_169">impulso</word>
   <word id="word_170">dinamizador</word>
   <word id="word_171">de</word>
   <word id="word_172">progresso</word>
   <word id="word_173">regional</word>
   <word id="word_174">.</word>
   <word id="word_175">A</word>
   <word id="word_176">exposição</word>
   <word id="word_177">tem</word>
   <word id="word_178">um</word>
   <word id="word_179">sector</word>
   <word id="word_180">que</word>
   <word id="word_181">representa</word>
   <word id="word_182">os</word>
   <word id="word_183">testemunhos</word>
   <word id="word_184">de_</word>
   <word id="word_185">a</word>
   <word id="word_186">presença</word>
   <word id="word_187">de</word>
   <word id="word_188">amigos</word>
   <word id="word_189">de_</word>
   <word id="word_190">o</word>
   <word id="word_191">poeta</word>
   <word id="word_192">,</word>
   <word id="word_193">naturais</word>
   <word id="word_194">de</word>
   <word id="word_195">Constância</word>
   <word id="word_196">(</word>
   <word id="word_197">então</word>
   <word id="word_198">Punhete</word>
   <word id="word_199">)</word>
   <word id="word_200">,</word>
   <word id="word_201">revela</word>
   <word id="word_202">os</word>
   <word id="word_203">projectos</word>
   <word id="word_204">referentes</word>
   <word id="word_205">a_</word>
   <word id="word_206">o</word>
   <word id="word_207">Horto</word>
   <word id="word_208">de</word>
   <word id="word_209">Camões</word>
   <word id="word_210">(</word>
   <word id="word_211">em</word>
   <word id="word_212">instalação</word>
   <word id="word_213">)</word>
   <word id="word_214">subsidiado</word>
   <word id="word_215">por_</word>
   <word id="word_216">o</word>
   <word id="word_217">Governo</word>
   <word id="word_218">de</word>
   <word id="word_219">Macau</word>
   <word id="word_220">,</word>
   <word id="word_221">e</word>
   <word id="word_222">a_</word>
   <word id="word_223">a</word>
   <word id="word_224">Casa-Memória</word>
   <word id="word_225">de</word>
   <word id="word_226">Camões</word>
   <word id="word_227">em</word>
   <word id="word_228">Constância</word>
   <word id="word_229">.</word>
   <word id="word_230">Algumas</word>
   <word id="word_231">de_</word>
   <word id="word_232">as</word>
   <word id="word_233">mais</word>
   <word id="word_234">significativas</word>
   <word id="word_235">peças</word>
   <word id="word_236">de_</word>
   <word id="word_237">a</word>
   <word id="word_238">exposição</word>
   <word id="word_239">são</word>
   <word id="word_240">uma</word>
   <word id="word_241">pintura</word>
   <word id="word_242">quinhentista</word>
   <word id="word_243">atribuída</word>
   <word id="word_244">a</word>
   <word id="word_245">Fernão</word>
   <word id="word_246">Gomes</word>
   <word id="word_247">por</word>
   <word id="word_248">Dagoberto</word>
   <word id="word_249">Markl</word>
   <word id="word_250">,</word>
   <word id="word_251">uma</word>
   <word id="word_252">colecção</word>
   <word id="word_253">de</word>
   <word id="word_254">cartas</word>
   <word id="word_255">de</word>
   <word id="word_256">jogar</word>
   <word id="word_257">,</word>
   <word id="word_258">também</word>
   <word id="word_259">quinhentistas</word>
   <word id="word_260">,</word>
   <word id="word_261">identificadas</word>
   <word id="word_262">por</word>
   <word id="word_263">Manuela</word>
   <word id="word_264">de</word>
   <word id="word_265">Azevedo</word>
   <word id="word_266">,</word>
   <word id="word_267">e</word>
   <word id="word_268">que</word>
   <word id="word_269">são</word>
   <word id="word_270">as</word>
   <word id="word_271">mais</word>
   <word id="word_272">antigas</word>
   <word id="word_273">que</word>
   <word id="word_274">se</word>
   <word id="word_275">conhecem</word>
   <word id="word_276">em</word>
   <word id="word_277">Portugal</word>
   <word id="word_278">(</word>
   <word id="word_279">além</word>
   <word id="word_280">de</word>
   <word id="word_281">objectos</word>
   <word id="word_282">de</word>
   <word id="word_283">culto</word>
   <word id="word_284">oferecidos</word>
   <word id="word_285">a_</word>
   <word id="word_286">a</word>
   <word id="word_287">Mesericórdia</word>
   <word id="word_288">de_</word>
   <word id="word_289">aquela</word>
   <word id="word_290">vila</word>
   <word id="word_291">por</word>
   <word id="word_292">amigos</word>
   <word id="word_293">de_</word>
   <word id="word_294">o</word>
   <word id="word_295">poeta</word>
   <word id="word_296">)</word>
   <word id="word_297">.</word>
   <word id="word_298">Mas</word>
   <word id="word_299">um</word>
   <word id="word_300">de_</word>
   <word id="word_301">os</word>
   <word id="word_302">mais</word>
   <word id="word_303">belos</word>
   <word id="word_304">motivos</word>
   <word id="word_305">de</word>
   <word id="word_306">interesse</word>
   <word id="word_307">é</word>
   <word id="word_308">a</word>
   <word id="word_309">colecção</word>
   <word id="word_310">de</word>
   <word id="word_311">tânagres</word>
   <word id="word_312">,</word>
   <word id="word_313">parte</word>
   <word id="word_314">de_</word>
   <word id="word_315">as</word>
   <word id="word_316">quais</word>
   <word id="word_317">oferecidas</word>
   <word id="word_318">a_</word>
   <word id="word_319">a</word>
   <word id="word_320">associação</word>
   <word id="word_321">por_</word>
   <word id="word_322">o</word>
   <word id="word_323">mais</word>
   <word id="word_324">importante</word>
   <word id="word_325">coleccionador</word>
   <word id="word_326">português</word>
   <word id="word_327">,</word>
   <word id="word_328">Sam</word>
   <word id="word_329">Levy</word>
   <word id="word_330">.</word>
   <word id="word_331">A</word>
   <word id="word_332">sua</word>
   <word id="word_333">colecção</word>
   <word id="word_334">é</word>
   <word id="word_335">,</word>
   <word id="word_336">possivelmente</word>
   <word id="word_337">,</word>
   <word id="word_338">a</word>
   <word id="word_339">mais</word>
   <word id="word_340">bela</word>
   <word id="word_341">e</word>
   <word id="word_342">completa</word>
   <word id="word_343">existente</word>
   <word id="word_344">em_</word>
   <word id="word_345">o</word>
   <word id="word_346">País</word>
   <word id="word_347">.</word>
   <word id="word_348">As</word>
   <word id="word_349">encantadoras</word>
   <word id="word_350">peças</word>
   <word id="word_351">de</word>
   <word id="word_352">barro</word>
   <word id="word_353">cozido</word>
   <word id="word_354">não</word>
   <word id="word_355">são</word>
   <word id="word_356">apenas</word>
   <word id="word_357">muito</word>
   <word id="word_358">belas</word>
   <word id="word_359">,</word>
   <word id="word_360">contam</word>
   <word id="word_361">mais</word>
   <word id="word_362">de</word>
   <word id="word_363">mil</word>
   <word id="word_364">e</word>
   <word id="word_365">quinhentos</word>
   <word id="word_366">anos</word>
   <word id="word_367">e</word>
   <word id="word_368">ilustram</word>
   <word id="word_369">Os</word>
   <word id="word_370">Lusíadas</word>
   <word id="word_371">,</word>
   <word id="word_372">onde</word>
   <word id="word_373">o</word>
   <word id="word_374">poeta</word>
   <word id="word_375">cantou</word>
   <word id="word_376">os</word>
   <word id="word_377">deuses</word>
   <word id="word_378">de_</word>
   <word id="word_379">o</word>
   <word id="word_380">Olimpo</word>
   <word id="word_381">,</word>
   <word id="word_382">a_</word>
   <word id="word_383">o</word>
   <word id="word_384">mesmo</word>
   <word id="word_385">tempo</word>
   <word id="word_386">que</word>
   <word id="word_387">os</word>
   <word id="word_388">«feitos</word>
   <word id="word_389">lusitanos»</word>
   <word id="word_390">.</word>
</words>
