<?xml version="1.0" encoding="UTF-8"?>
<!DOCTYPE words SYSTEM "words.dtd">
<words>
   <word id="word_1">FOI</word>
   <word id="word_2">OFICIALMENTE</word>
   <word id="word_3">constituída</word>
   <word id="word_4">a</word>
   <word id="word_5">Plataforma</word>
   <word id="word_6">de</word>
   <word id="word_7">Esquerda</word>
   <word id="word_8">Unida</word>
   <word id="word_9">,</word>
   <word id="word_10">plataforma</word>
   <word id="word_11">eleitoral</word>
   <word id="word_12">que</word>
   <word id="word_13">em_</word>
   <word id="word_14">as</word>
   <word id="word_15">palavras</word>
   <word id="word_16">de</word>
   <word id="word_17">um</word>
   <word id="word_18">de_</word>
   <word id="word_19">os</word>
   <word id="word_20">líderes</word>
   <word id="word_21">pretende</word>
   <word id="word_22">ser</word>
   <word id="word_23">uma</word>
   <word id="word_24">alternativa</word>
   <word id="word_25">«à</word>
   <word id="word_26">tendência</word>
   <word id="word_27">direitista</word>
   <word id="word_28">de_</word>
   <word id="word_29">o</word>
   <word id="word_30">Partido</word>
   <word id="word_31">Socialista</word>
   <word id="word_32">Operário</word>
   <word id="word_33">Espanhol»</word>
   <word id="word_34">.</word>
   <word id="word_35">Esta</word>
   <word id="word_36">coligação</word>
   <word id="word_37">surge</word>
   <word id="word_38">de_</word>
   <word id="word_39">os</word>
   <word id="word_40">sete</word>
   <word id="word_41">milhões</word>
   <word id="word_42">de</word>
   <word id="word_43">«nãos»</word>
   <word id="word_44">conseguidos</word>
   <word id="word_45">por_</word>
   <word id="word_46">a</word>
   <word id="word_47">plataforma</word>
   <word id="word_48">eleitoral</word>
   <word id="word_49">em_</word>
   <word id="word_50">o</word>
   <word id="word_51">referendo</word>
   <word id="word_52">sobre</word>
   <word id="word_53">a</word>
   <word id="word_54">permanência</word>
   <word id="word_55">de_</word>
   <word id="word_56">a</word>
   <word id="word_57">Espanha</word>
   <word id="word_58">em_</word>
   <word id="word_59">a</word>
   <word id="word_60">Nato</word>
   <word id="word_61">,</word>
   <word id="word_62">o</word>
   <word id="word_63">que</word>
   <word id="word_64">parecia</word>
   <word id="word_65">demonstrar</word>
   <word id="word_66">a</word>
   <word id="word_67">existência</word>
   <word id="word_68">de</word>
   <word id="word_69">um</word>
   <word id="word_70">espaço</word>
   <word id="word_71">de</word>
   <word id="word_72">oposição</word>
   <word id="word_73">a_</word>
   <word id="word_74">o</word>
   <word id="word_75">Governo</word>
   <word id="word_76">,</word>
   <word id="word_77">mas</word>
   <word id="word_78">a_</word>
   <word id="word_79">a</word>
   <word id="word_80">esquerda</word>
   <word id="word_81">de_</word>
   <word id="word_82">o</word>
   <word id="word_83">PSOE</word>
   <word id="word_84">,</word>
   <word id="word_85">o</word>
   <word id="word_86">que</word>
   <word id="word_87">não</word>
   <word id="word_88">se</word>
   <word id="word_89">reflectia</word>
   <word id="word_90">em_</word>
   <word id="word_91">o</word>
   <word id="word_92">Parlamento</word>
   <word id="word_93">saído</word>
   <word id="word_94">de_</word>
   <word id="word_95">as</word>
   <word id="word_96">urnas</word>
   <word id="word_97">em</word>
   <word id="word_98">1982</word>
   <word id="word_99">.</word>
   <word id="word_100">de_</word>
   <word id="word_101">os</word>
   <word id="word_102">sete</word>
   <word id="word_103">milhões</word>
   <word id="word_104">de</word>
   <word id="word_105">votos</word>
   <word id="word_106">nem</word>
   <word id="word_107">todos</word>
   <word id="word_108">eram</word>
   <word id="word_109">contrários</word>
   <word id="word_110">a_</word>
   <word id="word_111">o</word>
   <word id="word_112">PSOE</word>
   <word id="word_113">.</word>
   <word id="word_114">Muitos</word>
   <word id="word_115">de_</word>
   <word id="word_116">os</word>
   <word id="word_117">eleitores</word>
   <word id="word_118">deste</word>
   <word id="word_119">partido</word>
   <word id="word_120">votaram</word>
   <word id="word_121">não</word>
   <word id="word_122">a_</word>
   <word id="word_123">a</word>
   <word id="word_124">NATO</word>
   <word id="word_125">.</word>
   <word id="word_126">Nem</word>
   <word id="word_127">todos</word>
   <word id="word_128">eram</word>
   <word id="word_129">de</word>
   <word id="word_130">esquerda</word>
   <word id="word_131">.</word>
   <word id="word_132">Uma</word>
   <word id="word_133">plataforma</word>
   <word id="word_134">de</word>
   <word id="word_135">grupúsculos</word>
   <word id="word_136">de</word>
   <word id="word_137">«ultra</word>
   <word id="word_138">direita»</word>
   <word id="word_139">apelou</word>
   <word id="word_140">igualmente</word>
   <word id="word_141">a_</word>
   <word id="word_142">o</word>
   <word id="word_143">não</word>
   <word id="word_144">.</word>
   <word id="word_145">A</word>
   <word id="word_146">antecipação</word>
   <word id="word_147">de_</word>
   <word id="word_148">as</word>
   <word id="word_149">eleições</word>
   <word id="word_150">para</word>
   <word id="word_151">22</word>
   <word id="word_152">de</word>
   <word id="word_153">Junho</word>
   <word id="word_154">levou</word>
   <word id="word_155">a</word>
   <word id="word_156">que</word>
   <word id="word_157">de</word>
   <word id="word_158">imediato</word>
   <word id="word_159">se</word>
   <word id="word_160">tentasse</word>
   <word id="word_161">formar</word>
   <word id="word_162">a</word>
   <word id="word_163">plataforma</word>
   <word id="word_164">,</word>
   <word id="word_165">sem</word>
   <word id="word_166">se</word>
   <word id="word_167">conseguir</word>
   <word id="word_168">antes</word>
   <word id="word_169">a</word>
   <word id="word_170">unificação</word>
   <word id="word_171">de_</word>
   <word id="word_172">o</word>
   <word id="word_173">Partido</word>
   <word id="word_174">Comunista</word>
   <word id="word_175">de</word>
   <word id="word_176">Espanha</word>
   <word id="word_177">,</word>
   <word id="word_178">elemento-chave</word>
   <word id="word_179">,</word>
   <word id="word_180">tanto</word>
   <word id="word_181">em</word>
   <word id="word_182">termos</word>
   <word id="word_183">de</word>
   <word id="word_184">militância</word>
   <word id="word_185">como</word>
   <word id="word_186">de</word>
   <word id="word_187">financiamento</word>
   <word id="word_188">de_</word>
   <word id="word_189">a</word>
   <word id="word_190">plataforma</word>
   <word id="word_191">.</word>
   <word id="word_192">Foi</word>
   <word id="word_193">notada</word>
   <word id="word_194">a</word>
   <word id="word_195">ausência</word>
   <word id="word_196">de_</word>
   <word id="word_197">o</word>
   <word id="word_198">partido</word>
   <word id="word_199">de</word>
   <word id="word_200">Santiago</word>
   <word id="word_201">Carrrillo</word>
   <word id="word_202">,</word>
   <word id="word_203">que</word>
   <word id="word_204">foi</word>
   <word id="word_205">durante</word>
   <word id="word_206">mais</word>
   <word id="word_207">de</word>
   <word id="word_208">20</word>
   <word id="word_209">anos</word>
   <word id="word_210">secretário-geral</word>
   <word id="word_211">de_</word>
   <word id="word_212">o</word>
   <word id="word_213">PCE</word>
   <word id="word_214">,</word>
   <word id="word_215">e</word>
   <word id="word_216">que</word>
   <word id="word_217">decidiu</word>
   <word id="word_218">concorrer</word>
   <word id="word_219">sozinho</word>
   <word id="word_220">,</word>
   <word id="word_221">com</word>
   <word id="word_222">os</word>
   <word id="word_223">seus</word>
   <word id="word_224">fiéis</word>
   <word id="word_225">,</word>
   <word id="word_226">a</word>
   <word id="word_227">estas</word>
   <word id="word_228">eleições</word>
   <word id="word_229">.</word>
   <word id="word_230">Dois</word>
   <word id="word_231">grupos</word>
   <word id="word_232">comunistas</word>
   <word id="word_233">-</word>
   <word id="word_234">o</word>
   <word id="word_235">Partido</word>
   <word id="word_236">Comunista</word>
   <word id="word_237">de</word>
   <word id="word_238">Espanha</word>
   <word id="word_239">,</word>
   <word id="word_240">de</word>
   <word id="word_241">Gerardo</word>
   <word id="word_242">Iglesias</word>
   <word id="word_243">,</word>
   <word id="word_244">e</word>
   <word id="word_245">o</word>
   <word id="word_246">dividido</word>
   <word id="word_247">Partido</word>
   <word id="word_248">Comunista</word>
   <word id="word_249">de_</word>
   <word id="word_250">os</word>
   <word id="word_251">Povos</word>
   <word id="word_252">de</word>
   <word id="word_253">Espanha</word>
   <word id="word_254">,</word>
   <word id="word_255">de_</word>
   <word id="word_256">o</word>
   <word id="word_257">veterano</word>
   <word id="word_258">pró-soviético</word>
   <word id="word_259">Ignacio</word>
   <word id="word_260">Galego</word>
   <word id="word_261">-</word>
   <word id="word_262">,</word>
   <word id="word_263">cinco</word>
   <word id="word_264">formações</word>
   <word id="word_265">diferentes</word>
   <word id="word_266">de</word>
   <word id="word_267">sinal</word>
   <word id="word_268">diferente</word>
   <word id="word_269">e</word>
   <word id="word_270">diversas</word>
   <word id="word_271">personalidades</word>
   <word id="word_272">independentes</word>
   <word id="word_273">,</word>
   <word id="word_274">assinaram</word>
   <word id="word_275">esta</word>
   <word id="word_276">Plataforma</word>
   <word id="word_277">de</word>
   <word id="word_278">Esquerda</word>
   <word id="word_279">Unida</word>
   <word id="word_280">.</word>
   <word id="word_281">O</word>
   <word id="word_282">seu</word>
   <word id="word_283">objectivo</word>
   <word id="word_284">é</word>
   <word id="word_285">constituir</word>
   <word id="word_286">a</word>
   <word id="word_287">priancipal</word>
   <word id="word_288">alternativa</word>
   <word id="word_289">a_</word>
   <word id="word_290">a</word>
   <word id="word_291">esquerda</word>
   <word id="word_292">de_</word>
   <word id="word_293">o</word>
   <word id="word_294">PSOE</word>
   <word id="word_295">.</word>
   <word id="word_296">a_</word>
   <word id="word_297">o</word>
   <word id="word_298">fazer</word>
   <word id="word_299">a</word>
   <word id="word_300">apresentação</word>
   <word id="word_301">de_</word>
   <word id="word_302">esta</word>
   <word id="word_303">plataforma</word>
   <word id="word_304">,</word>
   <word id="word_305">o</word>
   <word id="word_306">secretário-geral</word>
   <word id="word_307">de_</word>
   <word id="word_308">o</word>
   <word id="word_309">PCE</word>
   <word id="word_310">,</word>
   <word id="word_311">Gerardo</word>
   <word id="word_312">Iglesias</word>
   <word id="word_313">,</word>
   <word id="word_314">disse</word>
   <word id="word_315">:</word>
   <word id="word_316">«Desejamos</word>
   <word id="word_317">que</word>
   <word id="word_318">este</word>
   <word id="word_319">projecto</word>
   <word id="word_320">contribua</word>
   <word id="word_321">para</word>
   <word id="word_322">o</word>
   <word id="word_323">processo</word>
   <word id="word_324">de</word>
   <word id="word_325">reconstrução</word>
   <word id="word_326">de_</word>
   <word id="word_327">a</word>
   <word id="word_328">esquerda»</word>
   <word id="word_329">,</word>
   <word id="word_330">o</word>
   <word id="word_331">que</word>
   <word id="word_332">significa</word>
   <word id="word_333">que</word>
   <word id="word_334">a</word>
   <word id="word_335">plataforma</word>
   <word id="word_336">continuará</word>
   <word id="word_337">unida</word>
   <word id="word_338">para</word>
   <word id="word_339">concorrer</word>
   <word id="word_340">também</word>
   <word id="word_341">a_</word>
   <word id="word_342">as</word>
   <word id="word_343">eleições</word>
   <word id="word_344">que</word>
   <word id="word_345">se</word>
   <word id="word_346">seguirão</word>
   <word id="word_347">a_</word>
   <word id="word_348">as</word>
   <word id="word_349">legislativas</word>
   <word id="word_350">.</word>
   <word id="word_351">É</word>
   <word id="word_352">difícil</word>
   <word id="word_353">prever</word>
   <word id="word_354">a</word>
   <word id="word_355">continuidade</word>
   <word id="word_356">de</word>
   <word id="word_357">uma</word>
   <word id="word_358">coligação</word>
   <word id="word_359">que</word>
   <word id="word_360">se</word>
   <word id="word_361">forma</word>
   <word id="word_362">sem</word>
   <word id="word_363">que</word>
   <word id="word_364">exista</word>
   <word id="word_365">um</word>
   <word id="word_366">programa</word>
   <word id="word_367">.</word>
   <word id="word_368">Dado</word>
   <word id="word_369">o</word>
   <word id="word_370">carácter</word>
   <word id="word_371">heterogéneo</word>
   <word id="word_372">de_</word>
   <word id="word_373">a</word>
   <word id="word_374">plataforma</word>
   <word id="word_375">que</word>
   <word id="word_376">vai</word>
   <word id="word_377">de_</word>
   <word id="word_378">a</word>
   <word id="word_379">esquerda</word>
   <word id="word_380">republicana</word>
   <word id="word_381">a_</word>
   <word id="word_382">o</word>
   <word id="word_383">partido</word>
   <word id="word_384">de_</word>
   <word id="word_385">o</word>
   <word id="word_386">presidente</word>
   <word id="word_387">de_</word>
   <word id="word_388">a</word>
   <word id="word_389">Segunda</word>
   <word id="word_390">República</word>
   <word id="word_391">,</word>
   <word id="word_392">Manuel</word>
   <word id="word_393">Azaña</word>
   <word id="word_394">,</word>
   <word id="word_395">até</word>
   <word id="word_396">a_</word>
   <word id="word_397">o</word>
   <word id="word_398">independente</word>
   <word id="word_399">Jaime</word>
   <word id="word_400">Miralles</word>
   <word id="word_401">,</word>
   <word id="word_402">monárquico</word>
   <word id="word_403">e</word>
   <word id="word_404">anti</word>
   <word id="word_405">franquista</word>
   <word id="word_406">desde</word>
   <word id="word_407">os</word>
   <word id="word_408">primeiros</word>
   <word id="word_409">tempos</word>
   <word id="word_410">de_</word>
   <word id="word_411">a</word>
   <word id="word_412">oposição</word>
   <word id="word_413">a_</word>
   <word id="word_414">o</word>
   <word id="word_415">franquismo</word>
   <word id="word_416">,</word>
   <word id="word_417">tudo</word>
   <word id="word_418">leva</word>
   <word id="word_419">a</word>
   <word id="word_420">crer</word>
   <word id="word_421">que</word>
   <word id="word_422">será</word>
   <word id="word_423">um</word>
   <word id="word_424">programa</word>
   <word id="word_425">em_</word>
   <word id="word_426">o</word>
   <word id="word_427">mínimo</word>
   <word id="word_428">baseado</word>
   <word id="word_429">em_</word>
   <word id="word_430">o</word>
   <word id="word_431">pacifismo</word>
   <word id="word_432">,</word>
   <word id="word_433">em_</word>
   <word id="word_434">a</word>
   <word id="word_435">denúncia</word>
   <word id="word_436">de_</word>
   <word id="word_437">o</word>
   <word id="word_438">tratado</word>
   <word id="word_439">hispano-norte-americano</word>
   <word id="word_440">e</word>
   <word id="word_441">em_</word>
   <word id="word_442">a</word>
   <word id="word_443">ecologia</word>
   <word id="word_444">.</word>
   <word id="word_445">Em_</word>
   <word id="word_446">a</word>
   <word id="word_447">realidade</word>
   <word id="word_448">,</word>
   <word id="word_449">o</word>
   <word id="word_450">futuro</word>
   <word id="word_451">de_</word>
   <word id="word_452">a</word>
   <word id="word_453">coligação</word>
   <word id="word_454">depende</word>
   <word id="word_455">de</word>
   <word id="word_456">o</word>
   <word id="word_457">PCE</word>
   <word id="word_458">conseguir</word>
   <word id="word_459">unificar</word>
   <word id="word_460">-se</word>
   <word id="word_461">.</word>
   <word id="word_462">Um</word>
   <word id="word_463">veterano</word>
   <word id="word_464">,</word>
   <word id="word_465">Enrique</word>
   <word id="word_466">Lister</word>
   <word id="word_467">,</word>
   <word id="word_468">coronel</word>
   <word id="word_469">de_</word>
   <word id="word_470">o</word>
   <word id="word_471">Exército</word>
   <word id="word_472">durante</word>
   <word id="word_473">a</word>
   <word id="word_474">República</word>
   <word id="word_475">,</word>
   <word id="word_476">general</word>
   <word id="word_477">de</word>
   <word id="word_478">três</word>
   <word id="word_479">exércitos</word>
   <word id="word_480">,</word>
   <word id="word_481">o</word>
   <word id="word_482">soviético</word>
   <word id="word_483">,</word>
   <word id="word_484">o</word>
   <word id="word_485">polaco</word>
   <word id="word_486">e</word>
   <word id="word_487">o</word>
   <word id="word_488">jugoslavo</word>
   <word id="word_489">em_</word>
   <word id="word_490">a</word>
   <word id="word_491">última</word>
   <word id="word_492">Guerra</word>
   <word id="word_493">Mundial</word>
   <word id="word_494">,</word>
   <word id="word_495">também</word>
   <word id="word_496">aderiu</word>
   <word id="word_497">com</word>
   <word id="word_498">o</word>
   <word id="word_499">seu</word>
   <word id="word_500">pequeno</word>
   <word id="word_501">grupo</word>
   <word id="word_502">,</word>
   <word id="word_503">o</word>
   <word id="word_504">Partido</word>
   <word id="word_505">Comunista</word>
   <word id="word_506">Operário</word>
   <word id="word_507">de</word>
   <word id="word_508">Espanha</word>
   <word id="word_509">,</word>
   <word id="word_510">e</word>
   <word id="word_511">outro</word>
   <word id="word_512">tanto</word>
   <word id="word_513">fez</word>
   <word id="word_514">o</word>
   <word id="word_515">pró-soviético</word>
   <word id="word_516">Ignacio</word>
   <word id="word_517">Gallego</word>
   <word id="word_518">.</word>
   <word id="word_519">Parece</word>
   <word id="word_520">notar</word>
   <word id="word_521">-se</word>
   <word id="word_522">uma</word>
   <word id="word_523">nova</word>
   <word id="word_524">mudança</word>
   <word id="word_525">de</word>
   <word id="word_526">orientação</word>
   <word id="word_527">em_</word>
   <word id="word_528">o</word>
   <word id="word_529">partido</word>
   <word id="word_530">comunista</word>
   <word id="word_531">pró-soviético</word>
   <word id="word_532">.</word>
   <word id="word_533">A</word>
   <word id="word_534">plataforma</word>
   <word id="word_535">tem</word>
   <word id="word_536">os</word>
   <word id="word_537">problemas</word>
   <word id="word_538">próprios</word>
   <word id="word_539">de</word>
   <word id="word_540">todos</word>
   <word id="word_541">os</word>
   <word id="word_542">partidos</word>
   <word id="word_543">europeus</word>
   <word id="word_544">a_</word>
   <word id="word_545">a</word>
   <word id="word_546">esquerda</word>
   <word id="word_547">de_</word>
   <word id="word_548">os</word>
   <word id="word_549">socialistas</word>
   <word id="word_550">.</word>
   <word id="word_551">Só</word>
   <word id="word_552">uma</word>
   <word id="word_553">modenização</word>
   <word id="word_554">lhe</word>
   <word id="word_555">permitirá</word>
   <word id="word_556">captar</word>
   <word id="word_557">o</word>
   <word id="word_558">eleitorado</word>
   <word id="word_559">.</word>
   <word id="word_560">Em_</word>
   <word id="word_561">a</word>
   <word id="word_562">plataforma</word>
   <word id="word_563">esponhola</word>
   <word id="word_564">existem</word>
   <word id="word_565">sinais</word>
   <word id="word_566">de</word>
   <word id="word_567">oportunismo</word>
   <word id="word_568">e</word>
   <word id="word_569">um</word>
   <word id="word_570">escasso</word>
   <word id="word_571">debate</word>
   <word id="word_572">político</word>
   <word id="word_573">e</word>
   <word id="word_574">teórico</word>
   <word id="word_575">.</word>
   <word id="word_576">Não</word>
   <word id="word_577">parece</word>
   <word id="word_578">que</word>
   <word id="word_579">tenha</word>
   <word id="word_580">nada</word>
   <word id="word_581">de</word>
   <word id="word_582">novo</word>
   <word id="word_583">a</word>
   <word id="word_584">dizer</word>
   <word id="word_585">a_</word>
   <word id="word_586">a</word>
   <word id="word_587">sociedade</word>
   <word id="word_588">pós-industrial</word>
   <word id="word_589">espanhola</word>
   <word id="word_590">.</word>
   <word id="word_591">O</word>
   <word id="word_592">jornal</word>
   <word id="word_593">conservador</word>
   <word id="word_594">ABC</word>
   <word id="word_595">dá</word>
   <word id="word_596">-lhe</word>
   <word id="word_597">hoje</word>
   <word id="word_598">honras</word>
   <word id="word_599">de</word>
   <word id="word_600">primeira</word>
   <word id="word_601">página</word>
   <word id="word_602">.</word>
   <word id="word_603">«Isso</word>
   <word id="word_604">é</word>
   <word id="word_605">positivo</word>
   <word id="word_606">para</word>
   <word id="word_607">a</word>
   <word id="word_608">democracia</word>
   <word id="word_609">pluralista»</word>
   <word id="word_610">,</word>
   <word id="word_611">escreve</word>
   <word id="word_612">o</word>
   <word id="word_613">articulista</word>
   <word id="word_614">.</word>
   <word id="word_615">As</word>
   <word id="word_616">últimas</word>
   <word id="word_617">sondagens</word>
   <word id="word_618">mostram</word>
   <word id="word_619">que</word>
   <word id="word_620">o</word>
   <word id="word_621">PSOE</word>
   <word id="word_622">terá</word>
   <word id="word_623">a</word>
   <word id="word_624">maioria</word>
   <word id="word_625">absoluta</word>
   <word id="word_626">.</word>
   <word id="word_627">Hoje</word>
   <word id="word_628">nenhum</word>
   <word id="word_629">partido</word>
   <word id="word_630">faz</word>
   <word id="word_631">campanha</word>
   <word id="word_632">pensando</word>
   <word id="word_633">que</word>
   <word id="word_634">vai</word>
   <word id="word_635">ganhar</word>
   <word id="word_636">.</word>
   <word id="word_637">Desde</word>
   <word id="word_638">os</word>
   <word id="word_639">conservadores</word>
   <word id="word_640">a_</word>
   <word id="word_641">a</word>
   <word id="word_642">esquerda</word>
   <word id="word_643">unida</word>
   <word id="word_644">,</word>
   <word id="word_645">todos</word>
   <word id="word_646">dizem</word>
   <word id="word_647">:</word>
   <word id="word_648">«Para</word>
   <word id="word_649">que</word>
   <word id="word_650">o</word>
   <word id="word_651">PSOE</word>
   <word id="word_652">não</word>
   <word id="word_653">tenha</word>
   <word id="word_654">a</word>
   <word id="word_655">maioria</word>
   <word id="word_656">absoluta</word>
   <word id="word_657">.</word>
   <word id="word_658">»</word>
   <word id="word_659">É</word>
   <word id="word_660">inédito</word>
   <word id="word_661">,</word>
   <word id="word_662">a_</word>
   <word id="word_663">o</word>
   <word id="word_664">que</word>
   <word id="word_665">parece</word>
   <word id="word_666">o</word>
   <word id="word_667">maior</word>
   <word id="word_668">pecado</word>
   <word id="word_669">de_</word>
   <word id="word_670">o</word>
   <word id="word_671">Partido</word>
   <word id="word_672">Socialista</word>
   <word id="word_673">Operário</word>
   <word id="word_674">Espanhol</word>
   <word id="word_675">,</word>
   <word id="word_676">depois</word>
   <word id="word_677">de</word>
   <word id="word_678">quatro</word>
   <word id="word_679">anos</word>
   <word id="word_680">de</word>
   <word id="word_681">Governo</word>
   <word id="word_682">,</word>
   <word id="word_683">é</word>
   <word id="word_684">continuar</word>
   <word id="word_685">a</word>
   <word id="word_686">ter</word>
   <word id="word_687">a</word>
   <word id="word_688">confiança</word>
   <word id="word_689">de_</word>
   <word id="word_690">o</word>
   <word id="word_691">eleitorado</word>
   <word id="word_692">espanhol</word>
   <word id="word_693">.</word>
</words>
