<?xml version="1.0" encoding="UTF-8"?>
<!DOCTYPE words SYSTEM "words.dtd">
<words>
   <word id="word_1">O</word>
   <word id="word_2">RESPONSÁVEL</word>
   <word id="word_3">por_</word>
   <word id="word_4">o</word>
   <word id="word_5">pelouro</word>
   <word id="word_6">de_</word>
   <word id="word_7">o</word>
   <word id="word_8">Trabalho</word>
   <word id="word_9">em_</word>
   <word id="word_10">a</word>
   <word id="word_11">Comissão</word>
   <word id="word_12">Permanente</word>
   <word id="word_13">de_</word>
   <word id="word_14">o</word>
   <word id="word_15">Partido</word>
   <word id="word_16">Socialista</word>
   <word id="word_17">afirmou</word>
   <word id="word_18">,</word>
   <word id="word_19">em_</word>
   <word id="word_20">a</word>
   <word id="word_21">sessão</word>
   <word id="word_22">de</word>
   <word id="word_23">encerramento</word>
   <word id="word_24">de_</word>
   <word id="word_25">o</word>
   <word id="word_26">Encontro</word>
   <word id="word_27">Organizativo</word>
   <word id="word_28">de_</word>
   <word id="word_29">a</word>
   <word id="word_30">Tendência</word>
   <word id="word_31">Sindical</word>
   <word id="word_32">Socialista</word>
   <word id="word_33">(</word>
   <word id="word_34">TSS</word>
   <word id="word_35">)</word>
   <word id="word_36">,</word>
   <word id="word_37">que</word>
   <word id="word_38">o</word>
   <word id="word_39">«PS</word>
   <word id="word_40">deixou</word>
   <word id="word_41">morrer</word>
   <word id="word_42">um</word>
   <word id="word_43">tema</word>
   <word id="word_44">fundamental</word>
   <word id="word_45">:</word>
   <word id="word_46">a</word>
   <word id="word_47">democratização</word>
   <word id="word_48">em_</word>
   <word id="word_49">o</word>
   <word id="word_50">seio</word>
   <word id="word_51">de_</word>
   <word id="word_52">as</word>
   <word id="word_53">empresas»</word>
   <word id="word_54">.</word>
   <word id="word_55">A</word>
   <word id="word_56">Tendência</word>
   <word id="word_57">Sindical</word>
   <word id="word_58">Socialista</word>
   <word id="word_59">tem</word>
   <word id="word_60">de</word>
   <word id="word_61">ajudar</word>
   <word id="word_62">o</word>
   <word id="word_63">PS</word>
   <word id="word_64">a</word>
   <word id="word_65">assumir</word>
   <word id="word_66">uma</word>
   <word id="word_67">posição</word>
   <word id="word_68">política</word>
   <word id="word_69">clara</word>
   <word id="word_70">quanto</word>
   <word id="word_71">a_</word>
   <word id="word_72">a</word>
   <word id="word_73">revisão</word>
   <word id="word_74">de_</word>
   <word id="word_75">a</word>
   <word id="word_76">legislação</word>
   <word id="word_77">laboral</word>
   <word id="word_78">(</word>
   <word id="word_79">através</word>
   <word id="word_80">de</word>
   <word id="word_81">um</word>
   <word id="word_82">conjunto</word>
   <word id="word_83">de</word>
   <word id="word_84">iniciativas</word>
   <word id="word_85">de_</word>
   <word id="word_86">a</word>
   <word id="word_87">Assembleia</word>
   <word id="word_88">de_</word>
   <word id="word_89">a</word>
   <word id="word_90">República</word>
   <word id="word_91">)</word>
   <word id="word_92">,</word>
   <word id="word_93">quanto</word>
   <word id="word_94">a_</word>
   <word id="word_95">a</word>
   <word id="word_96">estratégia</word>
   <word id="word_97">de</word>
   <word id="word_98">desenvolvimento</word>
   <word id="word_99">económico</word>
   <word id="word_100">e</word>
   <word id="word_101">modernização</word>
   <word id="word_102">de_</word>
   <word id="word_103">o</word>
   <word id="word_104">País</word>
   <word id="word_105">,</word>
   <word id="word_106">tendo</word>
   <word id="word_107">o</word>
   <word id="word_108">emprego</word>
   <word id="word_109">como</word>
   <word id="word_110">a</word>
   <word id="word_111">grande</word>
   <word id="word_112">prioridade</word>
   <word id="word_113">de</word>
   <word id="word_114">política</word>
   <word id="word_115">económica</word>
   <word id="word_116">,</word>
   <word id="word_117">e</word>
   <word id="word_118">,</word>
   <word id="word_119">sobretudo</word>
   <word id="word_120">,</word>
   <word id="word_121">quanto</word>
   <word id="word_122">a_</word>
   <word id="word_123">a</word>
   <word id="word_124">necessidade</word>
   <word id="word_125">de</word>
   <word id="word_126">introduzir</word>
   <word id="word_127">reformas</word>
   <word id="word_128">em_</word>
   <word id="word_129">a</word>
   <word id="word_130">sociedade</word>
   <word id="word_131">,</word>
   <word id="word_132">acrescentou</word>
   <word id="word_133">.</word>
   <word id="word_134">António</word>
   <word id="word_135">Guterres</word>
   <word id="word_136">,</word>
   <word id="word_137">que</word>
   <word id="word_138">apelou</word>
   <word id="word_139">para</word>
   <word id="word_140">a</word>
   <word id="word_141">«incomodidade</word>
   <word id="word_142">e</word>
   <word id="word_143">não</word>
   <word id="word_144">instalação</word>
   <word id="word_145">de_</word>
   <word id="word_146">a</word>
   <word id="word_147">Tendência»</word>
   <word id="word_148">,</word>
   <word id="word_149">salientando</word>
   <word id="word_150">que</word>
   <word id="word_151">só</word>
   <word id="word_152">com</word>
   <word id="word_153">uma</word>
   <word id="word_154">dinâmica</word>
   <word id="word_155">de</word>
   <word id="word_156">trabalho</word>
   <word id="word_157">«o</word>
   <word id="word_158">Partido</word>
   <word id="word_159">Socialista</word>
   <word id="word_160">consegue</word>
   <word id="word_161">recuperar</word>
   <word id="word_162">de_</word>
   <word id="word_163">o</word>
   <word id="word_164">desaire</word>
   <word id="word_165">eleitoral</word>
   <word id="word_166">de</word>
   <word id="word_167">6</word>
   <word id="word_168">de</word>
   <word id="word_169">Outubro»</word>
   <word id="word_170">,</word>
   <word id="word_171">afirmou</word>
   <word id="word_172">que</word>
   <word id="word_173">«muita</word>
   <word id="word_174">de_</word>
   <word id="word_175">a</word>
   <word id="word_176">degradação</word>
   <word id="word_177">de_</word>
   <word id="word_178">as</word>
   <word id="word_179">empresas</word>
   <word id="word_180">públicas</word>
   <word id="word_181">não</word>
   <word id="word_182">teria</word>
   <word id="word_183">ocorrido</word>
   <word id="word_184">se</word>
   <word id="word_185">os</word>
   <word id="word_186">trabalhadores</word>
   <word id="word_187">estivessem</word>
   <word id="word_188">representados</word>
   <word id="word_189">em_</word>
   <word id="word_190">os</word>
   <word id="word_191">conselhos</word>
   <word id="word_192">de</word>
   <word id="word_193">gestão»</word>
   <word id="word_194">.</word>
   <word id="word_195">«Garantem</word>
   <word id="word_196">-se</word>
   <word id="word_197">condições</word>
   <word id="word_198">de</word>
   <word id="word_199">democraticidade</word>
   <word id="word_200">em_</word>
   <word id="word_201">as</word>
   <word id="word_202">eleições</word>
   <word id="word_203">e</word>
   <word id="word_204">não</word>
   <word id="word_205">haverá</word>
   <word id="word_206">perigo</word>
   <word id="word_207">em_</word>
   <word id="word_208">a</word>
   <word id="word_209">eleição</word>
   <word id="word_210">de</word>
   <word id="word_211">representantes</word>
   <word id="word_212">sejam</word>
   <word id="word_213">eles</word>
   <word id="word_214">de</word>
   <word id="word_215">que</word>
   <word id="word_216">partido</word>
   <word id="word_217">for»</word>
   <word id="word_218">,</word>
   <word id="word_219">acrescentou</word>
   <word id="word_220">.</word>
   <word id="word_221">A</word>
   <word id="word_222">Tendência</word>
   <word id="word_223">Sindical</word>
   <word id="word_224">Socialista</word>
   <word id="word_225">(</word>
   <word id="word_226">TSS</word>
   <word id="word_227">)</word>
   <word id="word_228">vai</word>
   <word id="word_229">ser</word>
   <word id="word_230">uma</word>
   <word id="word_231">«correia</word>
   <word id="word_232">de</word>
   <word id="word_233">transmissão»</word>
   <word id="word_234">de_</word>
   <word id="word_235">o</word>
   <word id="word_236">PS</word>
   <word id="word_237">,</word>
   <word id="word_238">através</word>
   <word id="word_239">de_</word>
   <word id="word_240">a</word>
   <word id="word_241">qual</word>
   <word id="word_242">serão</word>
   <word id="word_243">feitos</word>
   <word id="word_244">contactos</word>
   <word id="word_245">permanentes</word>
   <word id="word_246">com</word>
   <word id="word_247">a</word>
   <word id="word_248">direcção</word>
   <word id="word_249">de_</word>
   <word id="word_250">o</word>
   <word id="word_251">partido</word>
   <word id="word_252">e</word>
   <word id="word_253">com</word>
   <word id="word_254">os</word>
   <word id="word_255">grupos</word>
   <word id="word_256">parlamentares</word>
   <word id="word_257">,</word>
   <word id="word_258">disse</word>
   <word id="word_259">a_</word>
   <word id="word_260">a</word>
   <word id="word_261">Anop</word>
   <word id="word_262">uma</word>
   <word id="word_263">fonte</word>
   <word id="word_264">de_</word>
   <word id="word_265">a</word>
   <word id="word_266">UGT</word>
   <word id="word_267">.</word>
   <word id="word_268">A</word>
   <word id="word_269">TSS</word>
   <word id="word_270">vai</word>
   <word id="word_271">congregar</word>
   <word id="word_272">todos</word>
   <word id="word_273">os</word>
   <word id="word_274">sindicatos</word>
   <word id="word_275">de_</word>
   <word id="word_276">a</word>
   <word id="word_277">UGT</word>
   <word id="word_278">(</word>
   <word id="word_279">60</word>
   <word id="word_280">dirigentes</word>
   <word id="word_281">sindicais</word>
   <word id="word_282">,</word>
   <word id="word_283">um</word>
   <word id="word_284">por</word>
   <word id="word_285">cada</word>
   <word id="word_286">sindicato</word>
   <word id="word_287">de_</word>
   <word id="word_288">a</word>
   <word id="word_289">União</word>
   <word id="word_290">Geral</word>
   <word id="word_291">de_</word>
   <word id="word_292">os</word>
   <word id="word_293">Trabalhadores</word>
   <word id="word_294">)</word>
   <word id="word_295">,</word>
   <word id="word_296">tendo</word>
   <word id="word_297">os</word>
   <word id="word_298">sindicatos</word>
   <word id="word_299">com</word>
   <word id="word_300">mais</word>
   <word id="word_301">representatividade</word>
   <word id="word_302">a</word>
   <word id="word_303">possibilidade</word>
   <word id="word_304">de</word>
   <word id="word_305">se</word>
   <word id="word_306">fazer</word>
   <word id="word_307">representar</word>
   <word id="word_308">através</word>
   <word id="word_309">de</word>
   <word id="word_310">dois</word>
   <word id="word_311">elementos</word>
   <word id="word_312">,</word>
   <word id="word_313">acrescentou</word>
   <word id="word_314">a</word>
   <word id="word_315">mesma</word>
   <word id="word_316">fonte</word>
   <word id="word_317">.</word>
   <word id="word_318">«São</word>
   <word id="word_319">objectivos</word>
   <word id="word_320">de_</word>
   <word id="word_321">a</word>
   <word id="word_322">Tendência</word>
   <word id="word_323">Sindical</word>
   <word id="word_324">Socialista</word>
   <word id="word_325">actuar</word>
   <word id="word_326">de</word>
   <word id="word_327">forma</word>
   <word id="word_328">concertada</word>
   <word id="word_329">em_</word>
   <word id="word_330">a</word>
   <word id="word_331">linha</word>
   <word id="word_332">de_</word>
   <word id="word_333">o</word>
   <word id="word_334">sindicalismo</word>
   <word id="word_335">democrático</word>
   <word id="word_336">e</word>
   <word id="word_337">executar</word>
   <word id="word_338">a</word>
   <word id="word_339">linha</word>
   <word id="word_340">política</word>
   <word id="word_341">defendida</word>
   <word id="word_342">por_</word>
   <word id="word_343">o</word>
   <word id="word_344">Congresso</word>
   <word id="word_345">de_</word>
   <word id="word_346">o</word>
   <word id="word_347">partido»</word>
   <word id="word_348">,</word>
   <word id="word_349">disse</word>
   <word id="word_350">ainda</word>
   <word id="word_351">o</word>
   <word id="word_352">informador</word>
   <word id="word_353">,</word>
   <word id="word_354">afirmando</word>
   <word id="word_355">que</word>
   <word id="word_356">«os</word>
   <word id="word_357">sindicatos</word>
   <word id="word_358">socialistas</word>
   <word id="word_359">podem</word>
   <word id="word_360">agora</word>
   <word id="word_361">autonomizar</word>
   <word id="word_362">-se</word>
   <word id="word_363">definitivamente</word>
   <word id="word_364">de_</word>
   <word id="word_365">a</word>
   <word id="word_366">tutela</word>
   <word id="word_367">que</word>
   <word id="word_368">tem</word>
   <word id="word_369">impedido</word>
   <word id="word_370">a</word>
   <word id="word_371">sua</word>
   <word id="word_372">actuação</word>
   <word id="word_373">concertada</word>
   <word id="word_374">a</word>
   <word id="word_375">nível</word>
   <word id="word_376">sindical»</word>
   <word id="word_377">.</word>
   <word id="word_378">Referindo</word>
   <word id="word_379">-se</word>
   <word id="word_380">a_</word>
   <word id="word_381">a</word>
   <word id="word_382">não</word>
   <word id="word_383">participação</word>
   <word id="word_384">de_</word>
   <word id="word_385">o</word>
   <word id="word_386">SIMA</word>
   <word id="word_387">e</word>
   <word id="word_388">de_</word>
   <word id="word_389">o</word>
   <word id="word_390">SITESE</word>
   <word id="word_391">(</word>
   <word id="word_392">dois</word>
   <word id="word_393">de_</word>
   <word id="word_394">os</word>
   <word id="word_395">sindicatos</word>
   <word id="word_396">mais</word>
   <word id="word_397">representativos</word>
   <word id="word_398">de_</word>
   <word id="word_399">a</word>
   <word id="word_400">UGT</word>
   <word id="word_401">)</word>
   <word id="word_402">em_</word>
   <word id="word_403">o</word>
   <word id="word_404">encontro</word>
   <word id="word_405">de</word>
   <word id="word_406">constituição</word>
   <word id="word_407">de_</word>
   <word id="word_408">a</word>
   <word id="word_409">nova</word>
   <word id="word_410">tendência</word>
   <word id="word_411">sindical</word>
   <word id="word_412">,</word>
   <word id="word_413">a</word>
   <word id="word_414">mesma</word>
   <word id="word_415">fonte</word>
   <word id="word_416">admitiu</word>
   <word id="word_417">a</word>
   <word id="word_418">sua</word>
   <word id="word_419">participação</word>
   <word id="word_420">posterior</word>
   <word id="word_421">,</word>
   <word id="word_422">acrscentando</word>
   <word id="word_423">que</word>
   <word id="word_424">«só</word>
   <word id="word_425">não</word>
   <word id="word_426">o</word>
   <word id="word_427">farão</word>
   <word id="word_428">se</word>
   <word id="word_429">não</word>
   <word id="word_430">quiserem»</word>
   <word id="word_431">.</word>
   <word id="word_432">A</word>
   <word id="word_433">estrutura</word>
   <word id="word_434">orgânica</word>
   <word id="word_435">de_</word>
   <word id="word_436">a</word>
   <word id="word_437">Tendência</word>
   <word id="word_438">compreende</word>
   <word id="word_439">um</word>
   <word id="word_440">conselho</word>
   <word id="word_441">geral</word>
   <word id="word_442">,</word>
   <word id="word_443">um</word>
   <word id="word_444">secretariado</word>
   <word id="word_445">nacional</word>
   <word id="word_446">,</word>
   <word id="word_447">secretário</word>
   <word id="word_448">coordenador</word>
   <word id="word_449">(</word>
   <word id="word_450">secretário-geral</word>
   <word id="word_451">de_</word>
   <word id="word_452">a</word>
   <word id="word_453">UGT</word>
   <word id="word_454">)</word>
   <word id="word_455">,</word>
   <word id="word_456">secções</word>
   <word id="word_457">regionais</word>
   <word id="word_458">e</word>
   <word id="word_459">secções</word>
   <word id="word_460">por</word>
   <word id="word_461">ramo</word>
   <word id="word_462">de</word>
   <word id="word_463">actividade</word>
   <word id="word_464">e</word>
   <word id="word_465">um</word>
   <word id="word_466">encontro</word>
   <word id="word_467">nacional</word>
   <word id="word_468">.</word>
   <word id="word_469">O</word>
   <word id="word_470">encontro</word>
   <word id="word_471">nacional</word>
   <word id="word_472">é</word>
   <word id="word_473">o</word>
   <word id="word_474">órgão</word>
   <word id="word_475">máximo</word>
   <word id="word_476">de_</word>
   <word id="word_477">a</word>
   <word id="word_478">Tendência</word>
   <word id="word_479">,</word>
   <word id="word_480">contituído</word>
   <word id="word_481">por</word>
   <word id="word_482">delegados</word>
   <word id="word_483">eleitos</word>
   <word id="word_484">,</word>
   <word id="word_485">por_</word>
   <word id="word_486">os</word>
   <word id="word_487">membros</word>
   <word id="word_488">de_</word>
   <word id="word_489">o</word>
   <word id="word_490">conselho</word>
   <word id="word_491">geral</word>
   <word id="word_492">,</word>
   <word id="word_493">e</word>
   <word id="word_494">membros</word>
   <word id="word_495">de_</word>
   <word id="word_496">o</word>
   <word id="word_497">secretariado</word>
   <word id="word_498">,</word>
   <word id="word_499">e</word>
   <word id="word_500">tem</word>
   <word id="word_501">por</word>
   <word id="word_502">objectivo</word>
   <word id="word_503">principal</word>
   <word id="word_504">definir</word>
   <word id="word_505">as</word>
   <word id="word_506">linhas</word>
   <word id="word_507">gerais</word>
   <word id="word_508">de</word>
   <word id="word_509">actuação</word>
   <word id="word_510">sindical</word>
   <word id="word_511">de_</word>
   <word id="word_512">os</word>
   <word id="word_513">socialistas</word>
   <word id="word_514">,</word>
   <word id="word_515">reunindo</word>
   <word id="word_516">ordinariamente</word>
   <word id="word_517">de</word>
   <word id="word_518">três</word>
   <word id="word_519">em</word>
   <word id="word_520">três</word>
   <word id="word_521">anos</word>
   <word id="word_522">.</word>
   <word id="word_523">O</word>
   <word id="word_524">conselho</word>
   <word id="word_525">é</word>
   <word id="word_526">o</word>
   <word id="word_527">órgão</word>
   <word id="word_528">máximo</word>
   <word id="word_529">entre</word>
   <word id="word_530">encontros</word>
   <word id="word_531">,</word>
   <word id="word_532">que</word>
   <word id="word_533">velará</word>
   <word id="word_534">por_</word>
   <word id="word_535">o</word>
   <word id="word_536">cumprimento</word>
   <word id="word_537">de_</word>
   <word id="word_538">as</word>
   <word id="word_539">decisões</word>
   <word id="word_540">de_</word>
   <word id="word_541">o</word>
   <word id="word_542">encontro</word>
   <word id="word_543">nacional</word>
   <word id="word_544">e</word>
   <word id="word_545">o</word>
   <word id="word_546">secretariado</word>
   <word id="word_547">,</word>
   <word id="word_548">composto</word>
   <word id="word_549">por</word>
   <word id="word_550">16</word>
   <word id="word_551">membros</word>
   <word id="word_552">,</word>
   <word id="word_553">e</word>
   <word id="word_554">o</word>
   <word id="word_555">órgão</word>
   <word id="word_556">executivo</word>
   <word id="word_557">de_</word>
   <word id="word_558">a</word>
   <word id="word_559">Tendência</word>
   <word id="word_560">Sindical</word>
   <word id="word_561">Socialista</word>
   <word id="word_562">.</word>
</words>
