<?xml version="1.0" encoding="UTF-8"?>
<!DOCTYPE words SYSTEM "words.dtd">
<words>
   <word id="word_1">O</word>
   <word id="word_2">JORNALISTA</word>
   <word id="word_3">chileno</word>
   <word id="word_4">José</word>
   <word id="word_5">Carrasco</word>
   <word id="word_6">,</word>
   <word id="word_7">que</word>
   <word id="word_8">foi</word>
   <word id="word_9">,</word>
   <word id="word_10">segunda-feira</word>
   <word id="word_11">,</word>
   <word id="word_12">um</word>
   <word id="word_13">de_</word>
   <word id="word_14">os</word>
   <word id="word_15">três</word>
   <word id="word_16">primeiros</word>
   <word id="word_17">detidos</word>
   <word id="word_18">após</word>
   <word id="word_19">a</word>
   <word id="word_20">declaração</word>
   <word id="word_21">de_</word>
   <word id="word_22">o</word>
   <word id="word_23">estado</word>
   <word id="word_24">de</word>
   <word id="word_25">sítio</word>
   <word id="word_26">,</word>
   <word id="word_27">foi</word>
   <word id="word_28">ontem</word>
   <word id="word_29">encontrado</word>
   <word id="word_30">morto</word>
   <word id="word_31">,</word>
   <word id="word_32">informaram</word>
   <word id="word_33">fontes</word>
   <word id="word_34">policiais</word>
   <word id="word_35">.</word>
   <word id="word_36">José</word>
   <word id="word_37">Carrasco</word>
   <word id="word_38">,</word>
   <word id="word_39">editor</word>
   <word id="word_40">internacional</word>
   <word id="word_41">de_</word>
   <word id="word_42">a</word>
   <word id="word_43">revista</word>
   <word id="word_44">de</word>
   <word id="word_45">oposição</word>
   <word id="word_46">chilena</word>
   <word id="word_47">«Analisis»</word>
   <word id="word_48">,</word>
   <word id="word_49">era</word>
   <word id="word_50">membro</word>
   <word id="word_51">de_</word>
   <word id="word_52">o</word>
   <word id="word_53">Conselho</word>
   <word id="word_54">Nacional</word>
   <word id="word_55">de</word>
   <word id="word_56">Jornalistas</word>
   <word id="word_57">de_</word>
   <word id="word_58">o</word>
   <word id="word_59">Chile</word>
   <word id="word_60">.</word>
   <word id="word_61">O</word>
   <word id="word_62">jornalista</word>
   <word id="word_63">tinha</word>
   <word id="word_64">sido</word>
   <word id="word_65">sequestrado</word>
   <word id="word_66">em_</word>
   <word id="word_67">a</word>
   <word id="word_68">madrugada</word>
   <word id="word_69">de</word>
   <word id="word_70">segunda-feira</word>
   <word id="word_71">por</word>
   <word id="word_72">um</word>
   <word id="word_73">comando</word>
   <word id="word_74">armado</word>
   <word id="word_75">,</word>
   <word id="word_76">segundo</word>
   <word id="word_77">a</word>
   <word id="word_78">versão</word>
   <word id="word_79">policial</word>
   <word id="word_80">.</word>
   <word id="word_81">Entretanto</word>
   <word id="word_82">,</word>
   <word id="word_83">a</word>
   <word id="word_84">tensão</word>
   <word id="word_85">agrava</word>
   <word id="word_86">-se</word>
   <word id="word_87">em_</word>
   <word id="word_88">o</word>
   <word id="word_89">país</word>
   <word id="word_90">,</word>
   <word id="word_91">e</word>
   <word id="word_92">o</word>
   <word id="word_93">dirigente</word>
   <word id="word_94">de_</word>
   <word id="word_95">o</word>
   <word id="word_96">Partido</word>
   <word id="word_97">Comunista</word>
   <word id="word_98">Chileno</word>
   <word id="word_99">,</word>
   <word id="word_100">Patricio</word>
   <word id="word_101">Hales</word>
   <word id="word_102">,</word>
   <word id="word_103">foi</word>
   <word id="word_104">detido</word>
   <word id="word_105">ontem</word>
   <word id="word_106">de</word>
   <word id="word_107">madrugada</word>
   <word id="word_108">por</word>
   <word id="word_109">funcionários</word>
   <word id="word_110">de_</word>
   <word id="word_111">a</word>
   <word id="word_112">Polícia</word>
   <word id="word_113">de</word>
   <word id="word_114">Investigações</word>
   <word id="word_115">.</word>
   <word id="word_116">A</word>
   <word id="word_117">notícia</word>
   <word id="word_118">de_</word>
   <word id="word_119">a</word>
   <word id="word_120">detenção</word>
   <word id="word_121">de_</word>
   <word id="word_122">o</word>
   <word id="word_123">dirigente</word>
   <word id="word_124">comunista</word>
   <word id="word_125">foi</word>
   <word id="word_126">dada</word>
   <word id="word_127">a_</word>
   <word id="word_128">a</word>
   <word id="word_129">agência</word>
   <word id="word_130">EFE</word>
   <word id="word_131">por_</word>
   <word id="word_132">o</word>
   <word id="word_133">irmão</word>
   <word id="word_134">de_</word>
   <word id="word_135">o</word>
   <word id="word_136">detido</word>
   <word id="word_137">,</word>
   <word id="word_138">o</word>
   <word id="word_139">democrata-cristão</word>
   <word id="word_140">Jaime</word>
   <word id="word_141">Hales</word>
   <word id="word_142">,</word>
   <word id="word_143">que</word>
   <word id="word_144">disse</word>
   <word id="word_145">que</word>
   <word id="word_146">a</word>
   <word id="word_147">apreensão</word>
   <word id="word_148">se</word>
   <word id="word_149">verificou</word>
   <word id="word_150">pouco</word>
   <word id="word_151">antes</word>
   <word id="word_152">de_</word>
   <word id="word_153">a</word>
   <word id="word_154">meia-noite</word>
   <word id="word_155">(</word>
   <word id="word_156">hora</word>
   <word id="word_157">local</word>
   <word id="word_158">)</word>
   <word id="word_159">.</word>
   <word id="word_160">«Os</word>
   <word id="word_161">funcionários</word>
   <word id="word_162">identificaram</word>
   <word id="word_163">-se</word>
   <word id="word_164">como</word>
   <word id="word_165">membros</word>
   <word id="word_166">de_</word>
   <word id="word_167">a</word>
   <word id="word_168">Polícia</word>
   <word id="word_169">de</word>
   <word id="word_170">Investigação»</word>
   <word id="word_171">,</word>
   <word id="word_172">disse</word>
   <word id="word_173">Jaime</word>
   <word id="word_174">Hales</word>
   <word id="word_175">.</word>
   <word id="word_176">Enquanto</word>
   <word id="word_177">isto</word>
   <word id="word_178">,</word>
   <word id="word_179">os</word>
   <word id="word_180">Serviços</word>
   <word id="word_181">de</word>
   <word id="word_182">Segurança</word>
   <word id="word_183">chilenos</word>
   <word id="word_184">anunciaram</word>
   <word id="word_185">ter</word>
   <word id="word_186">identificado</word>
   <word id="word_187">a</word>
   <word id="word_188">pessoa</word>
   <word id="word_189">que</word>
   <word id="word_190">alugou</word>
   <word id="word_191">quatro</word>
   <word id="word_192">veículos</word>
   <word id="word_193">envolvidos</word>
   <word id="word_194">em_</word>
   <word id="word_195">o</word>
   <word id="word_196">atentado</word>
   <word id="word_197">contra</word>
   <word id="word_198">o</word>
   <word id="word_199">general</word>
   <word id="word_200">Augusto</word>
   <word id="word_201">Pinochet</word>
   <word id="word_202">.</word>
   <word id="word_203">Segundo</word>
   <word id="word_204">uma</word>
   <word id="word_205">fonte</word>
   <word id="word_206">de_</word>
   <word id="word_207">aqueles</word>
   <word id="word_208">Serviços</word>
   <word id="word_209">,</word>
   <word id="word_210">trata</word>
   <word id="word_211">-se</word>
   <word id="word_212">de</word>
   <word id="word_213">Cesar</word>
   <word id="word_214">Bunster</word>
   <word id="word_215">Aritzia</word>
   <word id="word_216">,</word>
   <word id="word_217">de</word>
   <word id="word_218">28</word>
   <word id="word_219">anos</word>
   <word id="word_220">,</word>
   <word id="word_221">filho</word>
   <word id="word_222">de_</word>
   <word id="word_223">o</word>
   <word id="word_224">antigo</word>
   <word id="word_225">embaixador</word>
   <word id="word_226">de_</word>
   <word id="word_227">o</word>
   <word id="word_228">Chile</word>
   <word id="word_229">em_</word>
   <word id="word_230">a</word>
   <word id="word_231">Grã-Bretanha</word>
   <word id="word_232">durante</word>
   <word id="word_233">o</word>
   <word id="word_234">Governo</word>
   <word id="word_235">de</word>
   <word id="word_236">Unidade</word>
   <word id="word_237">Popular</word>
   <word id="word_238">,</word>
   <word id="word_239">presidido</word>
   <word id="word_240">por</word>
   <word id="word_241">Allende</word>
   <word id="word_242">.</word>
</words>
