<?xml version="1.0" encoding="UTF-8"?>
<!DOCTYPE words SYSTEM "words.dtd">
<words>
   <word id="word_1">a_</word>
   <word id="word_2">o</word>
   <word id="word_3">FIM</word>
   <word id="word_4">de_</word>
   <word id="word_5">a</word>
   <word id="word_6">TARDE</word>
   <word id="word_7">de</word>
   <word id="word_8">ontem</word>
   <word id="word_9">a</word>
   <word id="word_10">reunião</word>
   <word id="word_11">de</word>
   <word id="word_12">responsáveis</word>
   <word id="word_13">por_</word>
   <word id="word_14">o</word>
   <word id="word_15">orçamento</word>
   <word id="word_16">de_</word>
   <word id="word_17">os</word>
   <word id="word_18">diversos</word>
   <word id="word_19">estados</word>
   <word id="word_20">membros</word>
   <word id="word_21">(</word>
   <word id="word_22">em</word>
   <word id="word_23">que</word>
   <word id="word_24">participou</word>
   <word id="word_25">,</word>
   <word id="word_26">em</word>
   <word id="word_27">representação</word>
   <word id="word_28">de</word>
   <word id="word_29">Portugal</word>
   <word id="word_30">,</word>
   <word id="word_31">Rui</word>
   <word id="word_32">Carp</word>
   <word id="word_33">)</word>
   <word id="word_34">ainda</word>
   <word id="word_35">prosseguia</word>
   <word id="word_36">debaixo</word>
   <word id="word_37">de</word>
   <word id="word_38">uma</word>
   <word id="word_39">tensão</word>
   <word id="word_40">constante</word>
   <word id="word_41">entre</word>
   <word id="word_42">o</word>
   <word id="word_43">bloco</word>
   <word id="word_44">formado</word>
   <word id="word_45">por_</word>
   <word id="word_46">o</word>
   <word id="word_47">Reino</word>
   <word id="word_48">Unido</word>
   <word id="word_49">,</word>
   <word id="word_50">Alemanha</word>
   <word id="word_51">Federal</word>
   <word id="word_52">e</word>
   <word id="word_53">França</word>
   <word id="word_54">e</word>
   <word id="word_55">o</word>
   <word id="word_56">constituído</word>
   <word id="word_57">por_</word>
   <word id="word_58">a</word>
   <word id="word_59">Espanha</word>
   <word id="word_60">,</word>
   <word id="word_61">Grécia</word>
   <word id="word_62">,</word>
   <word id="word_63">Portugal</word>
   <word id="word_64">,</word>
   <word id="word_65">Irlanda</word>
   <word id="word_66">e</word>
   <word id="word_67">Itália</word>
   <word id="word_68">.</word>
   <word id="word_69">A</word>
   <word id="word_70">dificuldade</word>
   <word id="word_71">em_</word>
   <word id="word_72">o</word>
   <word id="word_73">consenso</word>
   <word id="word_74">era</word>
   <word id="word_75">já</word>
   <word id="word_76">evidente</word>
   <word id="word_77">em_</word>
   <word id="word_78">a</word>
   <word id="word_79">reunião</word>
   <word id="word_80">de</word>
   <word id="word_81">ministros</word>
   <word id="word_82">de_</word>
   <word id="word_83">a</word>
   <word id="word_84">Economia</word>
   <word id="word_85">que</word>
   <word id="word_86">,</word>
   <word id="word_87">durante</word>
   <word id="word_88">a</word>
   <word id="word_89">manhã</word>
   <word id="word_90">,</word>
   <word id="word_91">aconselhou</word>
   <word id="word_92">os</word>
   <word id="word_93">seus</word>
   <word id="word_94">parceiros</word>
   <word id="word_95">responsáveis</word>
   <word id="word_96">por_</word>
   <word id="word_97">o</word>
   <word id="word_98">orçamento</word>
   <word id="word_99">a</word>
   <word id="word_100">procurarem</word>
   <word id="word_101">rapidamente</word>
   <word id="word_102">obter</word>
   <word id="word_103">uma</word>
   <word id="word_104">plataforma</word>
   <word id="word_105">,</word>
   <word id="word_106">a_</word>
   <word id="word_107">o</word>
   <word id="word_108">mesmo</word>
   <word id="word_109">tempo</word>
   <word id="word_110">que</word>
   <word id="word_111">se</word>
   <word id="word_112">pronunciava</word>
   <word id="word_113">favoravelmente</word>
   <word id="word_114">a_</word>
   <word id="word_115">o</word>
   <word id="word_116">aumento</word>
   <word id="word_117">de_</word>
   <word id="word_118">as</word>
   <word id="word_119">despesas</word>
   <word id="word_120">agrícolas</word>
   <word id="word_121">para</word>
   <word id="word_122">níveis</word>
   <word id="word_123">que</word>
   <word id="word_124">possam</word>
   <word id="word_125">«ser</word>
   <word id="word_126">justificáveis»</word>
   <word id="word_127">.</word>
   <word id="word_128">O</word>
   <word id="word_129">Conselho</word>
   <word id="word_130">de</word>
   <word id="word_131">Ministros</word>
   <word id="word_132">de_</word>
   <word id="word_133">a</word>
   <word id="word_134">Economia</word>
   <word id="word_135">sublinhou</word>
   <word id="word_136">,</word>
   <word id="word_137">por</word>
   <word id="word_138">outro</word>
   <word id="word_139">lado</word>
   <word id="word_140">,</word>
   <word id="word_141">a</word>
   <word id="word_142">necessidade</word>
   <word id="word_143">de</word>
   <word id="word_144">manter</word>
   <word id="word_145">o</word>
   <word id="word_146">aumento</word>
   <word id="word_147">de_</word>
   <word id="word_148">os</word>
   <word id="word_149">níveis</word>
   <word id="word_150">respeitantes</word>
   <word id="word_151">a_</word>
   <word id="word_152">os</word>
   <word id="word_153">fundos</word>
   <word id="word_154">estruturais</word>
   <word id="word_155">«abaixo</word>
   <word id="word_156">de_</word>
   <word id="word_157">o</word>
   <word id="word_158">nível</word>
   <word id="word_159">de_</word>
   <word id="word_160">os</word>
   <word id="word_161">créditos</word>
   <word id="word_162">de</word>
   <word id="word_163">pagamentos»</word>
   <word id="word_164">,</word>
   <word id="word_165">o</word>
   <word id="word_166">que</word>
   <word id="word_167">equivale</word>
   <word id="word_168">a</word>
   <word id="word_169">admitir</word>
   <word id="word_170">que</word>
   <word id="word_171">só</word>
   <word id="word_172">serão</word>
   <word id="word_173">honrados</word>
   <word id="word_174">os</word>
   <word id="word_175">seus</word>
   <word id="word_176">compromissos</word>
   <word id="word_177">em_</word>
   <word id="word_178">a</word>
   <word id="word_179">medida</word>
   <word id="word_180">de_</word>
   <word id="word_181">o</word>
   <word id="word_182">possível</word>
   <word id="word_183">.</word>
   <word id="word_184">Os</word>
   <word id="word_185">Doze</word>
   <word id="word_186">acordaram</word>
   <word id="word_187">,</word>
   <word id="word_188">apesar</word>
   <word id="word_189">de_</word>
   <word id="word_190">isto</word>
   <word id="word_191">,</word>
   <word id="word_192">e</word>
   <word id="word_193">ainda</word>
   <word id="word_194">em_</word>
   <word id="word_195">o</word>
   <word id="word_196">que</word>
   <word id="word_197">se</word>
   <word id="word_198">refere</word>
   <word id="word_199">a_</word>
   <word id="word_200">os</word>
   <word id="word_201">fundos</word>
   <word id="word_202">estruturais</word>
   <word id="word_203">,</word>
   <word id="word_204">em</word>
   <word id="word_205">recomendar</word>
   <word id="word_206">que</word>
   <word id="word_207">sejam</word>
   <word id="word_208">tomadas</word>
   <word id="word_209">em</word>
   <word id="word_210">consideração</word>
   <word id="word_211">«de</word>
   <word id="word_212">maneira</word>
   <word id="word_213">particular»</word>
   <word id="word_214">,</word>
   <word id="word_215">as</word>
   <word id="word_216">consequências</word>
   <word id="word_217">de_</word>
   <word id="word_218">a</word>
   <word id="word_219">entrada</word>
   <word id="word_220">de</word>
   <word id="word_221">Portugal</word>
   <word id="word_222">e</word>
   <word id="word_223">Espanha</word>
   <word id="word_224">em_</word>
   <word id="word_225">a</word>
   <word id="word_226">Comunidade</word>
   <word id="word_227">.</word>
   <word id="word_228">Estes</word>
   <word id="word_229">dois</word>
   <word id="word_230">países</word>
   <word id="word_231">são</word>
   <word id="word_232">os</word>
   <word id="word_233">mais</word>
   <word id="word_234">afectados</word>
   <word id="word_235">por_</word>
   <word id="word_236">a</word>
   <word id="word_237">entrada</word>
   <word id="word_238">em</word>
   <word id="word_239">vigor</word>
   <word id="word_240">de_</word>
   <word id="word_241">o</word>
   <word id="word_242">«regime</word>
   <word id="word_243">de</word>
   <word id="word_244">duodécimos»</word>
   <word id="word_245">e</word>
   <word id="word_246">por</word>
   <word id="word_247">eventuais</word>
   <word id="word_248">medidas</word>
   <word id="word_249">de</word>
   <word id="word_250">austeridade</word>
   <word id="word_251">a</word>
   <word id="word_252">impor</word>
   <word id="word_253">a_</word>
   <word id="word_254">os</word>
   <word id="word_255">fundos</word>
   <word id="word_256">estruturais</word>
   <word id="word_257">.</word>
   <word id="word_258">Durante</word>
   <word id="word_259">a</word>
   <word id="word_260">reunião</word>
   <word id="word_261">de</word>
   <word id="word_262">ministros</word>
   <word id="word_263">de_</word>
   <word id="word_264">a</word>
   <word id="word_265">Economia</word>
   <word id="word_266">não</word>
   <word id="word_267">houve</word>
   <word id="word_268">lugar</word>
   <word id="word_269">para</word>
   <word id="word_270">qualquer</word>
   <word id="word_271">votação</word>
   <word id="word_272">,</word>
   <word id="word_273">tendo</word>
   <word id="word_274">as</word>
   <word id="word_275">recomendações</word>
   <word id="word_276">sido</word>
   <word id="word_277">aprovadas</word>
   <word id="word_278">por</word>
   <word id="word_279">maioria</word>
   <word id="word_280">,</word>
   <word id="word_281">embora</word>
   <word id="word_282">com</word>
   <word id="word_283">reservas</word>
   <word id="word_284">de_</word>
   <word id="word_285">as</word>
   <word id="word_286">delegações</word>
   <word id="word_287">italiana</word>
   <word id="word_288">,</word>
   <word id="word_289">irlandesa</word>
   <word id="word_290">e</word>
   <word id="word_291">portuguesa</word>
   <word id="word_292">,</word>
   <word id="word_293">reflectindo</word>
   <word id="word_294">a</word>
   <word id="word_295">posição</word>
   <word id="word_296">de_</word>
   <word id="word_297">os</word>
   <word id="word_298">três</word>
   <word id="word_299">países</word>
   <word id="word_300">potencialmente</word>
   <word id="word_301">beneficiários</word>
   <word id="word_302">de_</word>
   <word id="word_303">os</word>
   <word id="word_304">fundos</word>
   <word id="word_305">estruturais</word>
   <word id="word_306">e</word>
   <word id="word_307">menos</word>
   <word id="word_308">afectados</word>
   <word id="word_309">por_</word>
   <word id="word_310">a</word>
   <word id="word_311">política</word>
   <word id="word_312">agrícola</word>
   <word id="word_313">comum</word>
   <word id="word_314">.</word>
   <word id="word_315">A</word>
   <word id="word_316">dificuldade</word>
   <word id="word_317">de</word>
   <word id="word_318">consenso</word>
   <word id="word_319">manteve</word>
   <word id="word_320">-se</word>
   <word id="word_321">durante</word>
   <word id="word_322">a</word>
   <word id="word_323">tarde</word>
   <word id="word_324">em_</word>
   <word id="word_325">a</word>
   <word id="word_326">reunião</word>
   <word id="word_327">de</word>
   <word id="word_328">responsáveis</word>
   <word id="word_329">de_</word>
   <word id="word_330">o</word>
   <word id="word_331">orçamento</word>
   <word id="word_332">que</word>
   <word id="word_333">,</word>
   <word id="word_334">em_</word>
   <word id="word_335">o</word>
   <word id="word_336">essencial</word>
   <word id="word_337">,</word>
   <word id="word_338">se</word>
   <word id="word_339">manteve</word>
   <word id="word_340">fiel</word>
   <word id="word_341">a_</word>
   <word id="word_342">a</word>
   <word id="word_343">filosofia</word>
   <word id="word_344">já</word>
   <word id="word_345">defendida</word>
   <word id="word_346">por_</word>
   <word id="word_347">os</word>
   <word id="word_348">responsáveis</word>
   <word id="word_349">de_</word>
   <word id="word_350">a</word>
   <word id="word_351">Economia</word>
   <word id="word_352">tornando</word>
   <word id="word_353">-se</word>
   <word id="word_354">,</word>
   <word id="word_355">então</word>
   <word id="word_356">,</word>
   <word id="word_357">mais</word>
   <word id="word_358">evidente</word>
   <word id="word_359">a</word>
   <word id="word_360">posição</word>
   <word id="word_361">de_</word>
   <word id="word_362">os</word>
   <word id="word_363">países</word>
   <word id="word_364">de_</word>
   <word id="word_365">o</word>
   <word id="word_366">Sul</word>
   <word id="word_367">:</word>
   <word id="word_368">Grécia</word>
   <word id="word_369">,</word>
   <word id="word_370">Itália</word>
   <word id="word_371">,</word>
   <word id="word_372">Espanha</word>
   <word id="word_373">e</word>
   <word id="word_374">Portugal</word>
   <word id="word_375">(</word>
   <word id="word_376">a</word>
   <word id="word_377">que</word>
   <word id="word_378">se</word>
   <word id="word_379">juntou</word>
   <word id="word_380">a</word>
   <word id="word_381">Irlanda</word>
   <word id="word_382">)</word>
   <word id="word_383">.</word>
   <word id="word_384">Estes</word>
   <word id="word_385">países</word>
   <word id="word_386">formam</word>
   <word id="word_387">em</word>
   <word id="word_388">conjunto</word>
   <word id="word_389">a</word>
   <word id="word_390">chamada</word>
   <word id="word_391">«minoria</word>
   <word id="word_392">de</word>
   <word id="word_393">bloqueio»</word>
   <word id="word_394">que</word>
   <word id="word_395">evita</word>
   <word id="word_396">que</word>
   <word id="word_397">qualquer</word>
   <word id="word_398">solução</word>
   <word id="word_399">seja</word>
   <word id="word_400">adoptada</word>
   <word id="word_401">a_</word>
   <word id="word_402">a</word>
   <word id="word_403">sua</word>
   <word id="word_404">revelia</word>
   <word id="word_405">.</word>
   <word id="word_406">de_</word>
   <word id="word_407">esta</word>
   <word id="word_408">forma</word>
   <word id="word_409">garante</word>
   <word id="word_410">-se</word>
   <word id="word_411">que</word>
   <word id="word_412">qualquer</word>
   <word id="word_413">solução</word>
   <word id="word_414">terá</word>
   <word id="word_415">de</word>
   <word id="word_416">ser</word>
   <word id="word_417">obtida</word>
   <word id="word_418">mediante</word>
   <word id="word_419">negociação</word>
   <word id="word_420">,</word>
   <word id="word_421">traduzindo</word>
   <word id="word_422">-se</word>
   <word id="word_423">em_</word>
   <word id="word_424">uma</word>
   <word id="word_425">proposta</word>
   <word id="word_426">minimamente</word>
   <word id="word_427">satisfatória</word>
   <word id="word_428">para</word>
   <word id="word_429">os</word>
   <word id="word_430">países</word>
   <word id="word_431">beneficiários</word>
   <word id="word_432">de_</word>
   <word id="word_433">os</word>
   <word id="word_434">fundos</word>
   <word id="word_435">estruturais</word>
   <word id="word_436">.</word>
   <word id="word_437">Apenas</word>
   <word id="word_438">em</word>
   <word id="word_439">função</word>
   <word id="word_440">de_</word>
   <word id="word_441">os</word>
   <word id="word_442">resultados</word>
   <word id="word_443">de_</word>
   <word id="word_444">essa</word>
   <word id="word_445">negociação</word>
   <word id="word_446">será</word>
   <word id="word_447">,</word>
   <word id="word_448">por</word>
   <word id="word_449">outro</word>
   <word id="word_450">lado</word>
   <word id="word_451">,</word>
   <word id="word_452">possível</word>
   <word id="word_453">avaliar</word>
   <word id="word_454">as</word>
   <word id="word_455">possibilidades</word>
   <word id="word_456">de</word>
   <word id="word_457">sucesso</word>
   <word id="word_458">de_</word>
   <word id="word_459">a</word>
   <word id="word_460">concertação</word>
   <word id="word_461">que</word>
   <word id="word_462">amanhã</word>
   <word id="word_463">decorrerá</word>
   <word id="word_464">entre</word>
   <word id="word_465">o</word>
   <word id="word_466">Parlamento</word>
   <word id="word_467">e</word>
   <word id="word_468">o</word>
   <word id="word_469">Conselho</word>
   <word id="word_470">em</word>
   <word id="word_471">Estrasburgo</word>
   <word id="word_472">.</word>
</words>
