<?xml version="1.0" encoding="UTF-8"?>
<!DOCTYPE words SYSTEM "words.dtd">
<words>
   <word id="word_1">AS</word>
   <word id="word_2">FONTES</word>
   <word id="word_3">norte-americanas</word>
   <word id="word_4">,</word>
   <word id="word_5">que</word>
   <word id="word_6">concordaram</word>
   <word id="word_7">em</word>
   <word id="word_8">falar</word>
   <word id="word_9">de_</word>
   <word id="word_10">a</word>
   <word id="word_11">questão</word>
   <word id="word_12">apenas</word>
   <word id="word_13">sob</word>
   <word id="word_14">a</word>
   <word id="word_15">condição</word>
   <word id="word_16">de</word>
   <word id="word_17">manterem</word>
   <word id="word_18">o</word>
   <word id="word_19">anonimato</word>
   <word id="word_20">,</word>
   <word id="word_21">revelaram</word>
   <word id="word_22">,</word>
   <word id="word_23">ainda</word>
   <word id="word_24">,</word>
   <word id="word_25">que</word>
   <word id="word_26">os</word>
   <word id="word_27">problemas</word>
   <word id="word_28">em_</word>
   <word id="word_29">o</word>
   <word id="word_30">primeiro</word>
   <word id="word_31">reactor</word>
   <word id="word_32">,</word>
   <word id="word_33">que</word>
   <word id="word_34">ficou</word>
   <word id="word_35">destruído</word>
   <word id="word_36">,</word>
   <word id="word_37">começaram</word>
   <word id="word_38">aparentemente</word>
   <word id="word_39">em_</word>
   <word id="word_40">a</word>
   <word id="word_41">sexta-feira</word>
   <word id="word_42">passada</word>
   <word id="word_43">.</word>
   <word id="word_44">Em_</word>
   <word id="word_45">o</word>
   <word id="word_46">sábado</word>
   <word id="word_47">registava</word>
   <word id="word_48">-se</word>
   <word id="word_49">já</word>
   <word id="word_50">uma</word>
   <word id="word_51">fusão</word>
   <word id="word_52">em_</word>
   <word id="word_53">o</word>
   <word id="word_54">núcleo</word>
   <word id="word_55">de_</word>
   <word id="word_56">o</word>
   <word id="word_57">reactor</word>
   <word id="word_58">e</word>
   <word id="word_59">quando</word>
   <word id="word_60">os</word>
   <word id="word_61">técnicos</word>
   <word id="word_62">procuravam</word>
   <word id="word_63">aparentemente</word>
   <word id="word_64">debelar</word>
   <word id="word_65">o</word>
   <word id="word_66">problema</word>
   <word id="word_67">,</word>
   <word id="word_68">desencadearam</word>
   <word id="word_69">uma</word>
   <word id="word_70">explosão</word>
   <word id="word_71">química</word>
   <word id="word_72">,</word>
   <word id="word_73">que</word>
   <word id="word_74">destruiu</word>
   <word id="word_75">o</word>
   <word id="word_76">edifício</word>
   <word id="word_77">.</word>
   <word id="word_78">Tais</word>
   <word id="word_79">fontes</word>
   <word id="word_80">sublinharam</word>
   <word id="word_81">não</word>
   <word id="word_82">ter</word>
   <word id="word_83">provas</word>
   <word id="word_84">concretas</word>
   <word id="word_85">de</word>
   <word id="word_86">uma</word>
   <word id="word_87">fusão</word>
   <word id="word_88">em_</word>
   <word id="word_89">um</word>
   <word id="word_90">segundo</word>
   <word id="word_91">reactor</word>
   <word id="word_92">,</word>
   <word id="word_93">mas</word>
   <word id="word_94">disseram</word>
   <word id="word_95">que</word>
   <word id="word_96">ela</word>
   <word id="word_97">pode</word>
   <word id="word_98">estar</word>
   <word id="word_99">a</word>
   <word id="word_100">acontecer</word>
   <word id="word_101">ou</word>
   <word id="word_102">já</word>
   <word id="word_103">ter</word>
   <word id="word_104">ocorrido</word>
   <word id="word_105">.</word>
   <word id="word_106">Ontem</word>
   <word id="word_107">,</word>
   <word id="word_108">ainda</word>
   <word id="word_109">segundo</word>
   <word id="word_110">as</word>
   <word id="word_111">fontes</word>
   <word id="word_112">norte-americanas</word>
   <word id="word_113">,</word>
   <word id="word_114">o</word>
   <word id="word_115">incêndio</word>
   <word id="word_116">em_</word>
   <word id="word_117">o</word>
   <word id="word_118">primeiro</word>
   <word id="word_119">reactor</word>
   <word id="word_120">ainda</word>
   <word id="word_121">não</word>
   <word id="word_122">estava</word>
   <word id="word_123">controlado</word>
   <word id="word_124">,</word>
   <word id="word_125">sendo</word>
   <word id="word_126">visíveis</word>
   <word id="word_127">o</word>
   <word id="word_128">fumo</word>
   <word id="word_129">e</word>
   <word id="word_130">o</word>
   <word id="word_131">vapor</word>
   <word id="word_132">a</word>
   <word id="word_133">sair</word>
   <word id="word_134">de_</word>
   <word id="word_135">a</word>
   <word id="word_136">instalação</word>
   <word id="word_137">,</word>
   <word id="word_138">isto</word>
   <word id="word_139">é</word>
   <word id="word_140">,</word>
   <word id="word_141">prosseguia</word>
   <word id="word_142">a</word>
   <word id="word_143">emissão</word>
   <word id="word_144">de</word>
   <word id="word_145">radiação</word>
   <word id="word_146">.</word>
   <word id="word_147">Estes</word>
   <word id="word_148">dados</word>
   <word id="word_149">foram</word>
   <word id="word_150">fornecidos</word>
   <word id="word_151">,</word>
   <word id="word_152">segundo</word>
   <word id="word_153">tudo</word>
   <word id="word_154">indica</word>
   <word id="word_155">,</word>
   <word id="word_156">por_</word>
   <word id="word_157">a</word>
   <word id="word_158">rede</word>
   <word id="word_159">de</word>
   <word id="word_160">satélites</word>
   <word id="word_161">espiões</word>
   <word id="word_162">que</word>
   <word id="word_163">vigiam</word>
   <word id="word_164">a</word>
   <word id="word_165">URSS</word>
   <word id="word_166">.</word>
   <word id="word_167">Entretanto</word>
   <word id="word_168">,</word>
   <word id="word_169">o</word>
   <word id="word_170">último</word>
   <word id="word_171">balanço</word>
   <word id="word_172">oficial</word>
   <word id="word_173">divulgado</word>
   <word id="word_174">por_</word>
   <word id="word_175">as</word>
   <word id="word_176">autoridades</word>
   <word id="word_177">soviéticas</word>
   <word id="word_178">refere</word>
   <word id="word_179">que</word>
   <word id="word_180">morreram</word>
   <word id="word_181">duas</word>
   <word id="word_182">pessoas</word>
   <word id="word_183">e</word>
   <word id="word_184">que</word>
   <word id="word_185">foram</word>
   <word id="word_186">internadas</word>
   <word id="word_187">197</word>
   <word id="word_188">,</word>
   <word id="word_189">de_</word>
   <word id="word_190">as</word>
   <word id="word_191">quais</word>
   <word id="word_192">49</word>
   <word id="word_193">receberam</word>
   <word id="word_194">alta</word>
   <word id="word_195">depois</word>
   <word id="word_196">de</word>
   <word id="word_197">exame</word>
   <word id="word_198">médico</word>
   <word id="word_199">.</word>
   <word id="word_200">Ontem</word>
   <word id="word_201">,</word>
   <word id="word_202">as</word>
   <word id="word_203">autoridades</word>
   <word id="word_204">soviéticas</word>
   <word id="word_205">voltaram</word>
   <word id="word_206">a</word>
   <word id="word_207">assegurar</word>
   <word id="word_208">a_</word>
   <word id="word_209">os</word>
   <word id="word_210">Governos</word>
   <word id="word_211">ocidentais</word>
   <word id="word_212">que</word>
   <word id="word_213">a</word>
   <word id="word_214">situação</word>
   <word id="word_215">estava</word>
   <word id="word_216">controlada</word>
   <word id="word_217">e</word>
   <word id="word_218">não</word>
   <word id="word_219">comportava</word>
   <word id="word_220">perigos</word>
   <word id="word_221">,</word>
   <word id="word_222">mas</word>
   <word id="word_223">algumas</word>
   <word id="word_224">embaixadas</word>
   <word id="word_225">em</word>
   <word id="word_226">Moscovo</word>
   <word id="word_227">prosseguiam</word>
   <word id="word_228">os</word>
   <word id="word_229">preparativos</word>
   <word id="word_230">para</word>
   <word id="word_231">que</word>
   <word id="word_232">cidadãos</word>
   <word id="word_233">de_</word>
   <word id="word_234">os</word>
   <word id="word_235">seus</word>
   <word id="word_236">países</word>
   <word id="word_237">deixassem</word>
   <word id="word_238">a</word>
   <word id="word_239">Ucrânia</word>
   <word id="word_240">.</word>
   <word id="word_241">Responsáveis</word>
   <word id="word_242">soviéticos</word>
   <word id="word_243">,</word>
   <word id="word_244">quer</word>
   <word id="word_245">em</word>
   <word id="word_246">Moscovo</word>
   <word id="word_247">quer</word>
   <word id="word_248">em</word>
   <word id="word_249">capitais</word>
   <word id="word_250">ocidentais</word>
   <word id="word_251">,</word>
   <word id="word_252">informaram</word>
   <word id="word_253">a</word>
   <word id="word_254">Finlândia</word>
   <word id="word_255">,</word>
   <word id="word_256">a</word>
   <word id="word_257">Suécia</word>
   <word id="word_258">e</word>
   <word id="word_259">a</word>
   <word id="word_260">Alemanha</word>
   <word id="word_261">Federal</word>
   <word id="word_262">de</word>
   <word id="word_263">que</word>
   <word id="word_264">a</word>
   <word id="word_265">radiação</word>
   <word id="word_266">em</word>
   <word id="word_267">volta</word>
   <word id="word_268">de_</word>
   <word id="word_269">a</word>
   <word id="word_270">central</word>
   <word id="word_271">acidentada</word>
   <word id="word_272">é</word>
   <word id="word_273">mais</word>
   <word id="word_274">elevada</word>
   <word id="word_275">de_</word>
   <word id="word_276">o</word>
   <word id="word_277">que</word>
   <word id="word_278">o</word>
   <word id="word_279">normal</word>
   <word id="word_280">,</word>
   <word id="word_281">mas</word>
   <word id="word_282">não</word>
   <word id="word_283">muito</word>
   <word id="word_284">.</word>
   <word id="word_285">Moscovo</word>
   <word id="word_286">emitiu</word>
   <word id="word_287">até</word>
   <word id="word_288">agora</word>
   <word id="word_289">dois</word>
   <word id="word_290">breves</word>
   <word id="word_291">comunicados</word>
   <word id="word_292">sobre</word>
   <word id="word_293">o</word>
   <word id="word_294">acidente</word>
   <word id="word_295">em_</word>
   <word id="word_296">o</word>
   <word id="word_297">reactor</word>
   <word id="word_298">,</word>
   <word id="word_299">referindo</word>
   <word id="word_300">dois</word>
   <word id="word_301">mortos</word>
   <word id="word_302">e</word>
   <word id="word_303">a</word>
   <word id="word_304">evacuação</word>
   <word id="word_305">de_</word>
   <word id="word_306">a</word>
   <word id="word_307">área</word>
   <word id="word_308">a</word>
   <word id="word_309">norte</word>
   <word id="word_310">de</word>
   <word id="word_311">Kiev</word>
   <word id="word_312">,</word>
   <word id="word_313">mas</word>
   <word id="word_314">sem</word>
   <word id="word_315">referência</word>
   <word id="word_316">a_</word>
   <word id="word_317">os</word>
   <word id="word_318">pedidos</word>
   <word id="word_319">soviéticos</word>
   <word id="word_320">de</word>
   <word id="word_321">auxílio</word>
   <word id="word_322">a_</word>
   <word id="word_323">a</word>
   <word id="word_324">Suécia</word>
   <word id="word_325">e</word>
   <word id="word_326">a_</word>
   <word id="word_327">a</word>
   <word id="word_328">Alemanha</word>
   <word id="word_329">Federal</word>
   <word id="word_330">para</word>
   <word id="word_331">combater</word>
   <word id="word_332">o</word>
   <word id="word_333">incêndio</word>
   <word id="word_334">em_</word>
   <word id="word_335">o</word>
   <word id="word_336">reactor</word>
   <word id="word_337">.</word>
   <word id="word_338">Entretanto</word>
   <word id="word_339">,</word>
   <word id="word_340">confirmou</word>
   <word id="word_341">-se</word>
   <word id="word_342">que</word>
   <word id="word_343">há</word>
   <word id="word_344">15</word>
   <word id="word_345">estudantes</word>
   <word id="word_346">portugueses</word>
   <word id="word_347">em</word>
   <word id="word_348">Kiev</word>
   <word id="word_349">,</word>
   <word id="word_350">mas</word>
   <word id="word_351">não</word>
   <word id="word_352">se</word>
   <word id="word_353">conhecem</word>
   <word id="word_354">planos</word>
   <word id="word_355">para</word>
   <word id="word_356">os</word>
   <word id="word_357">evacuar</word>
   <word id="word_358">de_</word>
   <word id="word_359">aquela</word>
   <word id="word_360">cidade</word>
   <word id="word_361">,</word>
   <word id="word_362">a_</word>
   <word id="word_363">o</word>
   <word id="word_364">contrário</word>
   <word id="word_365">de_</word>
   <word id="word_366">a</word>
   <word id="word_367">França</word>
   <word id="word_368">,</word>
   <word id="word_369">que</word>
   <word id="word_370">ordenou</word>
   <word id="word_371">a</word>
   <word id="word_372">saída</word>
   <word id="word_373">de_</word>
   <word id="word_374">a</word>
   <word id="word_375">cidade</word>
   <word id="word_376">a_</word>
   <word id="word_377">os</word>
   <word id="word_378">seus</word>
   <word id="word_379">12</word>
   <word id="word_380">cidadãos</word>
   <word id="word_381">ali</word>
   <word id="word_382">residentes</word>
   <word id="word_383">,</word>
   <word id="word_384">enquanto</word>
   <word id="word_385">uma</word>
   <word id="word_386">centena</word>
   <word id="word_387">de</word>
   <word id="word_388">estudantes</word>
   <word id="word_389">britânicos</word>
   <word id="word_390">,</word>
   <word id="word_391">bem</word>
   <word id="word_392">como</word>
   <word id="word_393">alguns</word>
   <word id="word_394">norte-americanos</word>
   <word id="word_395">e</word>
   <word id="word_396">italianos</word>
   <word id="word_397">,</word>
   <word id="word_398">se</word>
   <word id="word_399">aprestam</word>
   <word id="word_400">para</word>
   <word id="word_401">regressar</word>
   <word id="word_402">a</word>
   <word id="word_403">casa</word>
   <word id="word_404">.</word>
   <word id="word_405">De</word>
   <word id="word_406">salientar</word>
   <word id="word_407">que</word>
   <word id="word_408">a</word>
   <word id="word_409">Embaixada</word>
   <word id="word_410">finlandesa</word>
   <word id="word_411">procura</word>
   <word id="word_412">transportar</word>
   <word id="word_413">de</word>
   <word id="word_414">volta</word>
   <word id="word_415">a_</word>
   <word id="word_416">o</word>
   <word id="word_417">seu</word>
   <word id="word_418">país</word>
   <word id="word_419">cerca</word>
   <word id="word_420">de</word>
   <word id="word_421">230</word>
   <word id="word_422">cidadãos</word>
   <word id="word_423">e</word>
   <word id="word_424">as</word>
   <word id="word_425">famílias</word>
   <word id="word_426">de</word>
   <word id="word_427">800</word>
   <word id="word_428">trabalhadores</word>
   <word id="word_429">austríacos</word>
   <word id="word_430">e</word>
   <word id="word_431">jugoslavos</word>
   <word id="word_432">estão</word>
   <word id="word_433">também</word>
   <word id="word_434">a</word>
   <word id="word_435">ser</word>
   <word id="word_436">retiradas</word>
   <word id="word_437">de_</word>
   <word id="word_438">o</word>
   <word id="word_439">local</word>
   <word id="word_440">.</word>
   <word id="word_441">Observadores</word>
   <word id="word_442">ocidentais</word>
   <word id="word_443">em</word>
   <word id="word_444">Moscovo</word>
   <word id="word_445">comentavam</word>
   <word id="word_446">,</word>
   <word id="word_447">ontem</word>
   <word id="word_448">,</word>
   <word id="word_449">que</word>
   <word id="word_450">,</word>
   <word id="word_451">independentemente</word>
   <word id="word_452">de_</word>
   <word id="word_453">a</word>
   <word id="word_454">gravidade</word>
   <word id="word_455">real</word>
   <word id="word_456">de_</word>
   <word id="word_457">o</word>
   <word id="word_458">acidente</word>
   <word id="word_459">em</word>
   <word id="word_460">Chernobyl</word>
   <word id="word_461">,</word>
   <word id="word_462">o</word>
   <word id="word_463">acontecimento</word>
   <word id="word_464">foi</word>
   <word id="word_465">uma</word>
   <word id="word_466">«catástrofe»</word>
   <word id="word_467">para</word>
   <word id="word_468">a</word>
   <word id="word_469">diplomacia</word>
   <word id="word_470">,</word>
   <word id="word_471">economia</word>
   <word id="word_472">e</word>
   <word id="word_473">imagem</word>
   <word id="word_474">de_</word>
   <word id="word_475">a</word>
   <word id="word_476">URSS</word>
   <word id="word_477">em_</word>
   <word id="word_478">o</word>
   <word id="word_479">estrangeiro</word>
   <word id="word_480">.</word>
   <word id="word_481">Para</word>
   <word id="word_482">aqueles</word>
   <word id="word_483">observadores</word>
   <word id="word_484">,</word>
   <word id="word_485">as</word>
   <word id="word_486">autoridades</word>
   <word id="word_487">soviéticas</word>
   <word id="word_488">agravaram</word>
   <word id="word_489">,</word>
   <word id="word_490">com</word>
   <word id="word_491">o</word>
   <word id="word_492">seu</word>
   <word id="word_493">silêncio</word>
   <word id="word_494">,</word>
   <word id="word_495">a</word>
   <word id="word_496">imagem</word>
   <word id="word_497">de_</word>
   <word id="word_498">o</word>
   <word id="word_499">seu</word>
   <word id="word_500">país</word>
   <word id="word_501">em_</word>
   <word id="word_502">o</word>
   <word id="word_503">estrangeiro</word>
   <word id="word_504">,</word>
   <word id="word_505">nomeadamente</word>
   <word id="word_506">em_</word>
   <word id="word_507">a</word>
   <word id="word_508">Escandinávia</word>
   <word id="word_509">,</word>
   <word id="word_510">cujos</word>
   <word id="word_511">países</word>
   <word id="word_512">mantinham</word>
   <word id="word_513">até</word>
   <word id="word_514">agora</word>
   <word id="word_515">excelentes</word>
   <word id="word_516">relações</word>
   <word id="word_517">com</word>
   <word id="word_518">Moscovo</word>
   <word id="word_519">.</word>
   <word id="word_520">Em_</word>
   <word id="word_521">o</word>
   <word id="word_522">campo</word>
   <word id="word_523">de_</word>
   <word id="word_524">a</word>
   <word id="word_525">economia</word>
   <word id="word_526">,</word>
   <word id="word_527">os</word>
   <word id="word_528">observadores</word>
   <word id="word_529">consideram</word>
   <word id="word_530">que</word>
   <word id="word_531">o</word>
   <word id="word_532">acidente</word>
   <word id="word_533">não</word>
   <word id="word_534">poderia</word>
   <word id="word_535">ter</word>
   <word id="word_536">ocorrido</word>
   <word id="word_537">em</word>
   <word id="word_538">pior</word>
   <word id="word_539">momento</word>
   <word id="word_540">,</word>
   <word id="word_541">quando</word>
   <word id="word_542">a</word>
   <word id="word_543">produção</word>
   <word id="word_544">de</word>
   <word id="word_545">petróleo</word>
   <word id="word_546">está</word>
   <word id="word_547">em</word>
   <word id="word_548">declínio</word>
   <word id="word_549">e</word>
   <word id="word_550">os</word>
   <word id="word_551">preços</word>
   <word id="word_552">em</word>
   <word id="word_553">queda</word>
   <word id="word_554">livre</word>
   <word id="word_555">,</word>
   <word id="word_556">privando</word>
   <word id="word_557">a</word>
   <word id="word_558">União</word>
   <word id="word_559">Soviética</word>
   <word id="word_560">de_</word>
   <word id="word_561">as</word>
   <word id="word_562">divisas</word>
   <word id="word_563">necessárias</word>
   <word id="word_564">para</word>
   <word id="word_565">o</word>
   <word id="word_566">pagamento</word>
   <word id="word_567">de_</word>
   <word id="word_568">as</word>
   <word id="word_569">suas</word>
   <word id="word_570">importações</word>
   <word id="word_571">.</word>
   <word id="word_572">Notando</word>
   <word id="word_573">que</word>
   <word id="word_574">os</word>
   <word id="word_575">quatro</word>
   <word id="word_576">reactores</word>
   <word id="word_577">de</word>
   <word id="word_578">Chernobyl</word>
   <word id="word_579">estão</word>
   <word id="word_580">parados</word>
   <word id="word_581">,</word>
   <word id="word_582">os</word>
   <word id="word_583">observadores</word>
   <word id="word_584">salientam</word>
   <word id="word_585">que</word>
   <word id="word_586">a</word>
   <word id="word_587">expansão</word>
   <word id="word_588">acelerada</word>
   <word id="word_589">de_</word>
   <word id="word_590">o</word>
   <word id="word_591">parque</word>
   <word id="word_592">electronuclear</word>
   <word id="word_593">soviético</word>
   <word id="word_594">será</word>
   <word id="word_595">travada</word>
   <word id="word_596">se</word>
   <word id="word_597">for</word>
   <word id="word_598">necessária</word>
   <word id="word_599">,</word>
   <word id="word_600">como</word>
   <word id="word_601">medida</word>
   <word id="word_602">de</word>
   <word id="word_603">segurança</word>
   <word id="word_604">,</word>
   <word id="word_605">implicando</word>
   <word id="word_606">uma</word>
   <word id="word_607">revisão</word>
   <word id="word_608">de</word>
   <word id="word_609">todas</word>
   <word id="word_610">as</word>
   <word id="word_611">centrais</word>
   <word id="word_612">nucleares</word>
   <word id="word_613">de_</word>
   <word id="word_614">o</word>
   <word id="word_615">mesmo</word>
   <word id="word_616">tipo</word>
   <word id="word_617">.</word>
   <word id="word_618">Por</word>
   <word id="word_619">outro</word>
   <word id="word_620">lado</word>
   <word id="word_621">,</word>
   <word id="word_622">a</word>
   <word id="word_623">possível</word>
   <word id="word_624">diminuição</word>
   <word id="word_625">de_</word>
   <word id="word_626">o</word>
   <word id="word_627">interesse</word>
   <word id="word_628">de</word>
   <word id="word_629">vários</word>
   <word id="word_630">países</word>
   <word id="word_631">,</word>
   <word id="word_632">principalmente</word>
   <word id="word_633">a</word>
   <word id="word_634">China</word>
   <word id="word_635">,</word>
   <word id="word_636">a</word>
   <word id="word_637">Jugoslávia</word>
   <word id="word_638">e</word>
   <word id="word_639">a</word>
   <word id="word_640">Índia</word>
   <word id="word_641">,</word>
   <word id="word_642">por_</word>
   <word id="word_643">a</word>
   <word id="word_644">tecnologia</word>
   <word id="word_645">nuclear</word>
   <word id="word_646">soviética</word>
   <word id="word_647">,</word>
   <word id="word_648">poderá</word>
   <word id="word_649">beneficiar</word>
   <word id="word_650">com</word>
   <word id="word_651">importantes</word>
   <word id="word_652">contratos</word>
   <word id="word_653">os</word>
   <word id="word_654">construtores</word>
   <word id="word_655">ocidentais</word>
   <word id="word_656">.</word>
   <word id="word_657">As</word>
   <word id="word_658">medições</word>
   <word id="word_659">de_</word>
   <word id="word_660">a</word>
   <word id="word_661">radioactividade</word>
   <word id="word_662">atmosférica</word>
   <word id="word_663">,</word>
   <word id="word_664">que</word>
   <word id="word_665">foram</word>
   <word id="word_666">reforçadas</word>
   <word id="word_667">em_</word>
   <word id="word_668">o</word>
   <word id="word_669">nosso</word>
   <word id="word_670">país</word>
   <word id="word_671">,</word>
   <word id="word_672">após</word>
   <word id="word_673">o</word>
   <word id="word_674">acidente</word>
   <word id="word_675">em_</word>
   <word id="word_676">a</word>
   <word id="word_677">central</word>
   <word id="word_678">ucraniana</word>
   <word id="word_679">,</word>
   <word id="word_680">não</word>
   <word id="word_681">apontam</word>
   <word id="word_682">para</word>
   <word id="word_683">qualquer</word>
   <word id="word_684">contaminação</word>
   <word id="word_685">.</word>
   <word id="word_686">As</word>
   <word id="word_687">medições</word>
   <word id="word_688">,</word>
   <word id="word_689">que</word>
   <word id="word_690">decorrem</word>
   <word id="word_691">em</word>
   <word id="word_692">Sacavém</word>
   <word id="word_693">,</word>
   <word id="word_694">a</word>
   <word id="word_695">cargo</word>
   <word id="word_696">de_</word>
   <word id="word_697">o</word>
   <word id="word_698">Departamento</word>
   <word id="word_699">de</word>
   <word id="word_700">Protecção</word>
   <word id="word_701">e</word>
   <word id="word_702">Segurança</word>
   <word id="word_703">Radiológica</word>
   <word id="word_704">de_</word>
   <word id="word_705">o</word>
   <word id="word_706">LNETI</word>
   <word id="word_707">,</word>
   <word id="word_708">foram</word>
   <word id="word_709">reforçadas</word>
   <word id="word_710">com</word>
   <word id="word_711">colheitas</word>
   <word id="word_712">«em_</word>
   <word id="word_713">o</word>
   <word id="word_714">interior</word>
   <word id="word_715">de_</word>
   <word id="word_716">o</word>
   <word id="word_717">País»</word>
   <word id="word_718">.</word>
   <word id="word_719">«Não</word>
   <word id="word_720">há</word>
   <word id="word_721">nenhum</word>
   <word id="word_722">tipo</word>
   <word id="word_723">de</word>
   <word id="word_724">indicação</word>
   <word id="word_725">de</word>
   <word id="word_726">contaminação</word>
   <word id="word_727">(</word>
   <word id="word_728">radioactiva</word>
   <word id="word_729">)</word>
   <word id="word_730">resultante</word>
   <word id="word_731">de</word>
   <word id="word_732">fontes</word>
   <word id="word_733">artificiais»</word>
   <word id="word_734">,</word>
   <word id="word_735">disse</word>
   <word id="word_736">o</word>
   <word id="word_737">director</word>
   <word id="word_738">de_</word>
   <word id="word_739">aquele</word>
   <word id="word_740">departamento</word>
   <word id="word_741">,</word>
   <word id="word_742">Júlio</word>
   <word id="word_743">Galvão</word>
   <word id="word_744">,</word>
   <word id="word_745">sublinhando</word>
   <word id="word_746">que</word>
   <word id="word_747">os</word>
   <word id="word_748">índices</word>
   <word id="word_749">agora</word>
   <word id="word_750">registados</word>
   <word id="word_751">são</word>
   <word id="word_752">inferiores</word>
   <word id="word_753">a_</word>
   <word id="word_754">os</word>
   <word id="word_755">verificados</word>
   <word id="word_756">em</word>
   <word id="word_757">1961</word>
   <word id="word_758">,</word>
   <word id="word_759">após</word>
   <word id="word_760">uma</word>
   <word id="word_761">importante</word>
   <word id="word_762">explosão</word>
   <word id="word_763">nuclear</word>
   <word id="word_764">em_</word>
   <word id="word_765">a</word>
   <word id="word_766">Sibéria</word>
   <word id="word_767">.</word>
</words>
