<?xml version="1.0" encoding="UTF-8"?>
<!DOCTYPE words SYSTEM "words.dtd">
<words>
   <word id="word_1">A</word>
   <word id="word_2">selecção</word>
   <word id="word_3">de_</word>
   <word id="word_4">a</word>
   <word id="word_5">Suécia</word>
   <word id="word_6">,</word>
   <word id="word_7">primeira</word>
   <word id="word_8">adversária</word>
   <word id="word_9">de</word>
   <word id="word_10">Portugal</word>
   <word id="word_11">em_</word>
   <word id="word_12">a</word>
   <word id="word_13">fase</word>
   <word id="word_14">de</word>
   <word id="word_15">apuramento</word>
   <word id="word_16">de_</word>
   <word id="word_17">o</word>
   <word id="word_18">Campeonato</word>
   <word id="word_19">de_</word>
   <word id="word_20">a</word>
   <word id="word_21">Europa</word>
   <word id="word_22">,</word>
   <word id="word_23">efectua</word>
   <word id="word_24">hoje</word>
   <word id="word_25">um</word>
   <word id="word_26">jogo</word>
   <word id="word_27">particular</word>
   <word id="word_28">com</word>
   <word id="word_29">a</word>
   <word id="word_30">Inglaterra</word>
   <word id="word_31">,</word>
   <word id="word_32">em</word>
   <word id="word_33">condições</word>
   <word id="word_34">que</word>
   <word id="word_35">obrigaram</word>
   <word id="word_36">o</word>
   <word id="word_37">técnico</word>
   <word id="word_38">sueco</word>
   <word id="word_39">,</word>
   <word id="word_40">Olle</word>
   <word id="word_41">Nordin</word>
   <word id="word_42">,</word>
   <word id="word_43">a</word>
   <word id="word_44">mudar</word>
   <word id="word_45">de</word>
   <word id="word_46">planos</word>
   <word id="word_47">ofensivos</word>
   <word id="word_48">,</word>
   <word id="word_49">em</word>
   <word id="word_50">virtude</word>
   <word id="word_51">de_</word>
   <word id="word_52">as</word>
   <word id="word_53">lesões</word>
   <word id="word_54">que</word>
   <word id="word_55">impedem</word>
   <word id="word_56">o</word>
   <word id="word_57">concurso</word>
   <word id="word_58">de_</word>
   <word id="word_59">os</word>
   <word id="word_60">dianteiros</word>
   <word id="word_61">Dan</word>
   <word id="word_62">Corneliusson</word>
   <word id="word_63">e</word>
   <word id="word_64">Mats</word>
   <word id="word_65">Magnusson</word>
   <word id="word_66">.</word>
   <word id="word_67">«Nunca</word>
   <word id="word_68">dispus</word>
   <word id="word_69">de</word>
   <word id="word_70">todos</word>
   <word id="word_71">os</word>
   <word id="word_72">avançados</word>
   <word id="word_73">em</word>
   <word id="word_74">condições</word>
   <word id="word_75">para</word>
   <word id="word_76">um</word>
   <word id="word_77">jogo</word>
   <word id="word_78">desde</word>
   <word id="word_79">que</word>
   <word id="word_80">assumi</word>
   <word id="word_81">o</word>
   <word id="word_82">cargo»</word>
   <word id="word_83">,</word>
   <word id="word_84">lamentou</word>
   <word id="word_85">-se</word>
   <word id="word_86">Olle</word>
   <word id="word_87">Nordin</word>
   <word id="word_88">,</word>
   <word id="word_89">que</word>
   <word id="word_90">não</word>
   <word id="word_91">pode</word>
   <word id="word_92">dispôr</word>
   <word id="word_93">também</word>
   <word id="word_94">de_</word>
   <word id="word_95">os</word>
   <word id="word_96">atacantes</word>
   <word id="word_97">Stefan</word>
   <word id="word_98">Petterson</word>
   <word id="word_99">e</word>
   <word id="word_100">Jan</word>
   <word id="word_101">Hellstrom</word>
   <word id="word_102">,</word>
   <word id="word_103">mas</word>
   <word id="word_104">que</word>
   <word id="word_105">,</word>
   <word id="word_106">entretanto</word>
   <word id="word_107">,</word>
   <word id="word_108">venceu</word>
   <word id="word_109">a</word>
   <word id="word_110">Finlândia</word>
   <word id="word_111">,</word>
   <word id="word_112">por</word>
   <word id="word_113">3</word>
   <word id="word_114">-</word>
   <word id="word_115">1</word>
   <word id="word_116">,</word>
   <word id="word_117">perdeu</word>
   <word id="word_118">com</word>
   <word id="word_119">a</word>
   <word id="word_120">Áustria</word>
   <word id="word_121">,</word>
   <word id="word_122">por</word>
   <word id="word_123">1</word>
   <word id="word_124">-</word>
   <word id="word_125">0</word>
   <word id="word_126">,</word>
   <word id="word_127">e</word>
   <word id="word_128">empatou</word>
   <word id="word_129">a</word>
   <word id="word_130">zero</word>
   <word id="word_131">com</word>
   <word id="word_132">a</word>
   <word id="word_133">Grécia</word>
   <word id="word_134">e</word>
   <word id="word_135">a</word>
   <word id="word_136">União</word>
   <word id="word_137">Soviética</word>
   <word id="word_138">.</word>
   <word id="word_139">Nordin</word>
   <word id="word_140">,</word>
   <word id="word_141">nomeado</word>
   <word id="word_142">seleccionador</word>
   <word id="word_143">este</word>
   <word id="word_144">ano</word>
   <word id="word_145">,</word>
   <word id="word_146">vê</word>
   <word id="word_147">-se</word>
   <word id="word_148">obrigado</word>
   <word id="word_149">a</word>
   <word id="word_150">optar</word>
   <word id="word_151">por</word>
   <word id="word_152">Johnny</word>
   <word id="word_153">Ekstrom</word>
   <word id="word_154">e</word>
   <word id="word_155">Bjorn</word>
   <word id="word_156">Nilsson</word>
   <word id="word_157">,</word>
   <word id="word_158">jogadores</word>
   <word id="word_159">que</word>
   <word id="word_160">estiveram</word>
   <word id="word_161">em_</word>
   <word id="word_162">os</word>
   <word id="word_163">planos</word>
   <word id="word_164">de_</word>
   <word id="word_165">o</word>
   <word id="word_166">Benfica</word>
   <word id="word_167">antes</word>
   <word id="word_168">de_</word>
   <word id="word_169">o</word>
   <word id="word_170">início</word>
   <word id="word_171">de_</word>
   <word id="word_172">a</word>
   <word id="word_173">temporada</word>
   <word id="word_174">,</word>
   <word id="word_175">tendo</word>
   <word id="word_176">este</word>
   <word id="word_177">último</word>
   <word id="word_178">,</word>
   <word id="word_179">inclusive</word>
   <word id="word_180">,</word>
   <word id="word_181">prestado</word>
   <word id="word_182">provas</word>
   <word id="word_183">em_</word>
   <word id="word_184">o</word>
   <word id="word_185">Estádio</word>
   <word id="word_186">de_</word>
   <word id="word_187">a</word>
   <word id="word_188">Luz</word>
   <word id="word_189">.</word>
   <word id="word_190">Por</word>
   <word id="word_191">seu</word>
   <word id="word_192">turno</word>
   <word id="word_193">,</word>
   <word id="word_194">a</word>
   <word id="word_195">Inglaterra</word>
   <word id="word_196">também</word>
   <word id="word_197">não</word>
   <word id="word_198">irá</word>
   <word id="word_199">apresentar</word>
   <word id="word_200">-se</word>
   <word id="word_201">em_</word>
   <word id="word_202">a</word>
   <word id="word_203">sua</word>
   <word id="word_204">máxima</word>
   <word id="word_205">força</word>
   <word id="word_206">,</word>
   <word id="word_207">uma</word>
   <word id="word_208">vez</word>
   <word id="word_209">que</word>
   <word id="word_210">o</word>
   <word id="word_211">técnico</word>
   <word id="word_212">Bobby</word>
   <word id="word_213">Robson</word>
   <word id="word_214">não</word>
   <word id="word_215">poderá</word>
   <word id="word_216">contar</word>
   <word id="word_217">com</word>
   <word id="word_218">com</word>
   <word id="word_219">Peter</word>
   <word id="word_220">Beardsley</word>
   <word id="word_221">,</word>
   <word id="word_222">Gary</word>
   <word id="word_223">Stevens</word>
   <word id="word_224">,</word>
   <word id="word_225">Peter</word>
   <word id="word_226">Reid</word>
   <word id="word_227">e</word>
   <word id="word_228">Terry</word>
   <word id="word_229">Fenwick</word>
   <word id="word_230">,</word>
   <word id="word_231">todos</word>
   <word id="word_232">lesionados</word>
   <word id="word_233">,</word>
   <word id="word_234">e</word>
   <word id="word_235">Gary</word>
   <word id="word_236">Lineker</word>
   <word id="word_237">,</word>
   <word id="word_238">o</word>
   <word id="word_239">melhor</word>
   <word id="word_240">marcador</word>
   <word id="word_241">de_</word>
   <word id="word_242">o</word>
   <word id="word_243">Mundial-86</word>
   <word id="word_244">,</word>
   <word id="word_245">que</word>
   <word id="word_246">não</word>
   <word id="word_247">obteve</word>
   <word id="word_248">a</word>
   <word id="word_249">necessária</word>
   <word id="word_250">dispensa</word>
   <word id="word_251">de_</word>
   <word id="word_252">o</word>
   <word id="word_253">Barcelona</word>
   <word id="word_254">.</word>
   <word id="word_255">Equipas</word>
   <word id="word_256">prováveis</word>
   <word id="word_257">para</word>
   <word id="word_258">o</word>
   <word id="word_259">encontro</word>
   <word id="word_260">de</word>
   <word id="word_261">Estocolmo</word>
   <word id="word_262">:</word>
   <word id="word_263">Suécia</word>
   <word id="word_264">-</word>
   <word id="word_265">Muller</word>
   <word id="word_266">,</word>
   <word id="word_267">Sting</word>
   <word id="word_268">Fredriksson</word>
   <word id="word_269">,</word>
   <word id="word_270">Hysen</word>
   <word id="word_271">,</word>
   <word id="word_272">Larsson</word>
   <word id="word_273">,</word>
   <word id="word_274">Roland</word>
   <word id="word_275">Nilsson</word>
   <word id="word_276">,</word>
   <word id="word_277">Stromberg</word>
   <word id="word_278">,</word>
   <word id="word_279">Prytz</word>
   <word id="word_280">,</word>
   <word id="word_281">Palmer</word>
   <word id="word_282">,</word>
   <word id="word_283">Ule</word>
   <word id="word_284">Eriksson</word>
   <word id="word_285">,</word>
   <word id="word_286">Ekstrom</word>
   <word id="word_287">e</word>
   <word id="word_288">Bjorn</word>
   <word id="word_289">Nilsson</word>
   <word id="word_290">,</word>
   <word id="word_291">Inglaterra</word>
   <word id="word_292">-</word>
   <word id="word_293">Shilton</word>
   <word id="word_294">,</word>
   <word id="word_295">Anderson</word>
   <word id="word_296">,</word>
   <word id="word_297">Butcher</word>
   <word id="word_298">,</word>
   <word id="word_299">Martin</word>
   <word id="word_300">,</word>
   <word id="word_301">Sansom</word>
   <word id="word_302">,</word>
   <word id="word_303">Trevor</word>
   <word id="word_304">Steven</word>
   <word id="word_305">,</word>
   <word id="word_306">Wilkins</word>
   <word id="word_307">,</word>
   <word id="word_308">Hoddle</word>
   <word id="word_309">,</word>
   <word id="word_310">Hodge</word>
   <word id="word_311">,</word>
   <word id="word_312">Dixon</word>
   <word id="word_313">e</word>
   <word id="word_314">Barnes</word>
   <word id="word_315">.</word>
   <word id="word_316">RDA</word>
   <word id="word_317">-</word>
   <word id="word_318">Dinamarca</word>
   <word id="word_319">e</word>
   <word id="word_320">Checoslováquia</word>
   <word id="word_321">-</word>
   <word id="word_322">Holanda</word>
   <word id="word_323">são</word>
   <word id="word_324">outros</word>
   <word id="word_325">dois</word>
   <word id="word_326">encontros</word>
   <word id="word_327">de</word>
   <word id="word_328">carácter</word>
   <word id="word_329">particular</word>
   <word id="word_330">a</word>
   <word id="word_331">disputar</word>
   <word id="word_332">hoje</word>
   <word id="word_333">.</word>
   <word id="word_334">A</word>
   <word id="word_335">fase</word>
   <word id="word_336">de</word>
   <word id="word_337">apuramento</word>
   <word id="word_338">para</word>
   <word id="word_339">a</word>
   <word id="word_340">maior</word>
   <word id="word_341">competição</word>
   <word id="word_342">a</word>
   <word id="word_343">nível</word>
   <word id="word_344">europeu</word>
   <word id="word_345">inicia</word>
   <word id="word_346">-se</word>
   <word id="word_347">também</word>
   <word id="word_348">hoje</word>
   <word id="word_349">,</word>
   <word id="word_350">com</word>
   <word id="word_351">a</word>
   <word id="word_352">realização</word>
   <word id="word_353">de</word>
   <word id="word_354">cinco</word>
   <word id="word_355">jogos</word>
   <word id="word_356">,</word>
   <word id="word_357">referentes</word>
   <word id="word_358">a</word>
   <word id="word_359">quatro</word>
   <word id="word_360">de_</word>
   <word id="word_361">os</word>
   <word id="word_362">sete</word>
   <word id="word_363">grupos</word>
   <word id="word_364">que</word>
   <word id="word_365">englobam</word>
   <word id="word_366">as</word>
   <word id="word_367">32</word>
   <word id="word_368">equipas</word>
   <word id="word_369">em</word>
   <word id="word_370">luta</word>
   <word id="word_371">por</word>
   <word id="word_372">sete</word>
   <word id="word_373">vagas</word>
   <word id="word_374">em_</word>
   <word id="word_375">a</word>
   <word id="word_376">fase</word>
   <word id="word_377">final</word>
   <word id="word_378">,</word>
   <word id="word_379">a</word>
   <word id="word_380">realizar</word>
   <word id="word_381">em_</word>
   <word id="word_382">a</word>
   <word id="word_383">RFA</word>
   <word id="word_384">,</word>
   <word id="word_385">entre</word>
   <word id="word_386">10</word>
   <word id="word_387">e</word>
   <word id="word_388">25</word>
   <word id="word_389">de</word>
   <word id="word_390">Junho</word>
   <word id="word_391">de</word>
   <word id="word_392">1988</word>
   <word id="word_393">.</word>
   <word id="word_394">Em_</word>
   <word id="word_395">o</word>
   <word id="word_396">Grupo</word>
   <word id="word_397">1</word>
   <word id="word_398">,</word>
   <word id="word_399">a</word>
   <word id="word_400">Roménia</word>
   <word id="word_401">recebe</word>
   <word id="word_402">a</word>
   <word id="word_403">Áustria</word>
   <word id="word_404">,</word>
   <word id="word_405">em</word>
   <word id="word_406">Bucareste</word>
   <word id="word_407">,</word>
   <word id="word_408">fazendo</word>
   <word id="word_409">também</word>
   <word id="word_410">parte</word>
   <word id="word_411">a</word>
   <word id="word_412">Espanha</word>
   <word id="word_413">e</word>
   <word id="word_414">a</word>
   <word id="word_415">Albânia</word>
   <word id="word_416">.</word>
   <word id="word_417">A</word>
   <word id="word_418">França</word>
   <word id="word_419">detentora</word>
   <word id="word_420">de_</word>
   <word id="word_421">o</word>
   <word id="word_422">título</word>
   <word id="word_423">,</word>
   <word id="word_424">defronta</word>
   <word id="word_425">a</word>
   <word id="word_426">Islândia</word>
   <word id="word_427">,</word>
   <word id="word_428">em</word>
   <word id="word_429">Reykjavic</word>
   <word id="word_430">,</word>
   <word id="word_431">em_</word>
   <word id="word_432">o</word>
   <word id="word_433">jogo</word>
   <word id="word_434">inaugural</word>
   <word id="word_435">de_</word>
   <word id="word_436">o</word>
   <word id="word_437">Grupo</word>
   <word id="word_438">3</word>
   <word id="word_439">,</word>
   <word id="word_440">em_</word>
   <word id="word_441">o</word>
   <word id="word_442">qual</word>
   <word id="word_443">se</word>
   <word id="word_444">incluem</word>
   <word id="word_445">a</word>
   <word id="word_446">URSS</word>
   <word id="word_447">,</word>
   <word id="word_448">RDA</word>
   <word id="word_449">e</word>
   <word id="word_450">Noruega</word>
   <word id="word_451">.</word>
   <word id="word_452">Finlândia-País</word>
   <word id="word_453">de</word>
   <word id="word_454">Gales</word>
   <word id="word_455">,</word>
   <word id="word_456">em</word>
   <word id="word_457">Helsínquia</word>
   <word id="word_458">,</word>
   <word id="word_459">inicia</word>
   <word id="word_460">a</word>
   <word id="word_461">disputa</word>
   <word id="word_462">de_</word>
   <word id="word_463">o</word>
   <word id="word_464">Grupo</word>
   <word id="word_465">6</word>
   <word id="word_466">,</word>
   <word id="word_467">que</word>
   <word id="word_468">conta</word>
   <word id="word_469">ainda</word>
   <word id="word_470">com</word>
   <word id="word_471">a</word>
   <word id="word_472">Dinamarca</word>
   <word id="word_473">e</word>
   <word id="word_474">a</word>
   <word id="word_475">Checoslováquia</word>
   <word id="word_476">.</word>
   <word id="word_477">Em_</word>
   <word id="word_478">o</word>
   <word id="word_479">Grupo</word>
   <word id="word_480">7</word>
   <word id="word_481">disputar-CL-ão</word>
   <word id="word_482">-se</word>
   <word id="word_483">dois</word>
   <word id="word_484">jogos</word>
   <word id="word_485">:</word>
   <word id="word_486">Escócia</word>
   <word id="word_487">-</word>
   <word id="word_488">Bulgária</word>
   <word id="word_489">,</word>
   <word id="word_490">em</word>
   <word id="word_491">Glasgow</word>
   <word id="word_492">,</word>
   <word id="word_493">e</word>
   <word id="word_494">Bélgica</word>
   <word id="word_495">-</word>
   <word id="word_496">Irlanda</word>
   <word id="word_497">,</word>
   <word id="word_498">em</word>
   <word id="word_499">Bruxelas</word>
   <word id="word_500">.</word>
   <word id="word_501">Deste</word>
   <word id="word_502">agrupamento</word>
   <word id="word_503">faz</word>
   <word id="word_504">ainda</word>
   <word id="word_505">parte</word>
   <word id="word_506">o</word>
   <word id="word_507">Luxemburgo</word>
   <word id="word_508">.</word>
   <word id="word_509">Portugal</word>
   <word id="word_510">,</word>
   <word id="word_511">incluído</word>
   <word id="word_512">em_</word>
   <word id="word_513">o</word>
   <word id="word_514">Grupo</word>
   <word id="word_515">2</word>
   <word id="word_516">,</word>
   <word id="word_517">juntamente</word>
   <word id="word_518">com</word>
   <word id="word_519">a</word>
   <word id="word_520">Suécia</word>
   <word id="word_521">,</word>
   <word id="word_522">Suíça</word>
   <word id="word_523">,</word>
   <word id="word_524">Itália</word>
   <word id="word_525">e</word>
   <word id="word_526">Malta</word>
   <word id="word_527">,</word>
   <word id="word_528">disputará</word>
   <word id="word_529">o</word>
   <word id="word_530">primeiro</word>
   <word id="word_531">jogo</word>
   <word id="word_532">em_</word>
   <word id="word_533">o</word>
   <word id="word_534">dia</word>
   <word id="word_535">12</word>
   <word id="word_536">de_</word>
   <word id="word_537">o</word>
   <word id="word_538">próximo</word>
   <word id="word_539">mês</word>
   <word id="word_540">,</word>
   <word id="word_541">cabendo</word>
   <word id="word_542">-lhe</word>
   <word id="word_543">receber</word>
   <word id="word_544">os</word>
   <word id="word_545">suecos</word>
   <word id="word_546">.</word>
   <word id="word_547">Inglaterra</word>
   <word id="word_548">,</word>
   <word id="word_549">Irlanda</word>
   <word id="word_550">de_</word>
   <word id="word_551">o</word>
   <word id="word_552">Norte</word>
   <word id="word_553">,</word>
   <word id="word_554">Turquia</word>
   <word id="word_555">e</word>
   <word id="word_556">Jugoslávia</word>
   <word id="word_557">fazem</word>
   <word id="word_558">parte</word>
   <word id="word_559">de_</word>
   <word id="word_560">o</word>
   <word id="word_561">Grupo</word>
   <word id="word_562">4</word>
   <word id="word_563">,</word>
   <word id="word_564">enquanto</word>
   <word id="word_565">a</word>
   <word id="word_566">Holanda</word>
   <word id="word_567">,</word>
   <word id="word_568">Hungria</word>
   <word id="word_569">,</word>
   <word id="word_570">Polónia</word>
   <word id="word_571">,</word>
   <word id="word_572">Grécia</word>
   <word id="word_573">e</word>
   <word id="word_574">Chipre</word>
   <word id="word_575">integram</word>
   <word id="word_576">o</word>
   <word id="word_577">Grupo</word>
   <word id="word_578">5</word>
   <word id="word_579">.</word>
   <word id="word_580">A</word>
   <word id="word_581">RFA</word>
   <word id="word_582">,</word>
   <word id="word_583">país</word>
   <word id="word_584">organizador</word>
   <word id="word_585">de_</word>
   <word id="word_586">o</word>
   <word id="word_587">Europeu</word>
   <word id="word_588">,</word>
   <word id="word_589">e</word>
   <word id="word_590">a</word>
   <word id="word_591">França</word>
   <word id="word_592">,</word>
   <word id="word_593">vencedora</word>
   <word id="word_594">de_</word>
   <word id="word_595">a</word>
   <word id="word_596">última</word>
   <word id="word_597">edição</word>
   <word id="word_598">,</word>
   <word id="word_599">têm</word>
   <word id="word_600">presença</word>
   <word id="word_601">assegurada</word>
   <word id="word_602">em_</word>
   <word id="word_603">a</word>
   <word id="word_604">fase</word>
   <word id="word_605">final</word>
   <word id="word_606">.</word>
</words>
