<?xml version="1.0" encoding="UTF-8"?>
<!DOCTYPE words SYSTEM "words.dtd">
<words>
   <word id="word_1">SIR</word>
   <word id="word_2">GEOFFREY</word>
   <word id="word_3">HOWE</word>
   <word id="word_4">,</word>
   <word id="word_5">ministro</word>
   <word id="word_6">de_</word>
   <word id="word_7">os</word>
   <word id="word_8">Estrangeiros</word>
   <word id="word_9">britânico</word>
   <word id="word_10">,</word>
   <word id="word_11">é</word>
   <word id="word_12">o</word>
   <word id="word_13">participante</word>
   <word id="word_14">de</word>
   <word id="word_15">mais</word>
   <word id="word_16">alto</word>
   <word id="word_17">nível</word>
   <word id="word_18">hierárquico</word>
   <word id="word_19">por</word>
   <word id="word_20">parte</word>
   <word id="word_21">de_</word>
   <word id="word_22">a</word>
   <word id="word_23">CEE</word>
   <word id="word_24">em_</word>
   <word id="word_25">a</word>
   <word id="word_26">I</word>
   <word id="word_27">Reunião</word>
   <word id="word_28">de_</word>
   <word id="word_29">os</word>
   <word id="word_30">Países</word>
   <word id="word_31">de_</word>
   <word id="word_32">a</word>
   <word id="word_33">Comunidade</word>
   <word id="word_34">Europeia</word>
   <word id="word_35">,</word>
   <word id="word_36">com</word>
   <word id="word_37">os</word>
   <word id="word_38">ministros</word>
   <word id="word_39">de_</word>
   <word id="word_40">os</word>
   <word id="word_41">Estrangeiros</word>
   <word id="word_42">de_</word>
   <word id="word_43">os</word>
   <word id="word_44">estados</word>
   <word id="word_45">de_</word>
   <word id="word_46">a</word>
   <word id="word_47">Linha</word>
   <word id="word_48">de_</word>
   <word id="word_49">a</word>
   <word id="word_50">Frente</word>
   <word id="word_51">,</word>
   <word id="word_52">que</word>
   <word id="word_53">decorre</word>
   <word id="word_54">este</word>
   <word id="word_55">fim-de-semana</word>
   <word id="word_56">em</word>
   <word id="word_57">Lusaca</word>
   <word id="word_58">.</word>
   <word id="word_59">Os</word>
   <word id="word_60">outros</word>
   <word id="word_61">11</word>
   <word id="word_62">países</word>
   <word id="word_63">membros</word>
   <word id="word_64">de_</word>
   <word id="word_65">a</word>
   <word id="word_66">CEE</word>
   <word id="word_67">fazem</word>
   <word id="word_68">-se</word>
   <word id="word_69">representar</word>
   <word id="word_70">por</word>
   <word id="word_71">secretários</word>
   <word id="word_72">de</word>
   <word id="word_73">Estado</word>
   <word id="word_74">,</word>
   <word id="word_75">encarregados</word>
   <word id="word_76">de</word>
   <word id="word_77">relações</word>
   <word id="word_78">com</word>
   <word id="word_79">África</word>
   <word id="word_80">e</word>
   <word id="word_81">,</word>
   <word id="word_82">em_</word>
   <word id="word_83">o</word>
   <word id="word_84">caso</word>
   <word id="word_85">de</word>
   <word id="word_86">Portugal</word>
   <word id="word_87">,</word>
   <word id="word_88">por_</word>
   <word id="word_89">o</word>
   <word id="word_90">secretário</word>
   <word id="word_91">de</word>
   <word id="word_92">Estado</word>
   <word id="word_93">para</word>
   <word id="word_94">a</word>
   <word id="word_95">Cooperação</word>
   <word id="word_96">,</word>
   <word id="word_97">Azevedo</word>
   <word id="word_98">Soares</word>
   <word id="word_99">.</word>
   <word id="word_100">Por</word>
   <word id="word_101">coincidência</word>
   <word id="word_102">,</word>
   <word id="word_103">esta</word>
   <word id="word_104">primeira</word>
   <word id="word_105">reunião</word>
   <word id="word_106">de_</word>
   <word id="word_107">a</word>
   <word id="word_108">CEE</word>
   <word id="word_109">em_</word>
   <word id="word_110">a</word>
   <word id="word_111">África</word>
   <word id="word_112">Austral</word>
   <word id="word_113">,</word>
   <word id="word_114">proposta</word>
   <word id="word_115">o</word>
   <word id="word_116">ano</word>
   <word id="word_117">passado</word>
   <word id="word_118">por_</word>
   <word id="word_119">o</word>
   <word id="word_120">Presidente</word>
   <word id="word_121">de_</word>
   <word id="word_122">a</word>
   <word id="word_123">Tanzânia</word>
   <word id="word_124">,</word>
   <word id="word_125">Julius</word>
   <word id="word_126">Nierery</word>
   <word id="word_127">,</word>
   <word id="word_128">é</word>
   <word id="word_129">também</word>
   <word id="word_130">a</word>
   <word id="word_131">primeira</word>
   <word id="word_132">em</word>
   <word id="word_133">que</word>
   <word id="word_134">Portugal</word>
   <word id="word_135">participa</word>
   <word id="word_136">como</word>
   <word id="word_137">membro</word>
   <word id="word_138">de_</word>
   <word id="word_139">a</word>
   <word id="word_140">Comunidade</word>
   <word id="word_141">Europeia</word>
   <word id="word_142">.</word>
   <word id="word_143">Esta</word>
   <word id="word_144">conferência</word>
   <word id="word_145">euro-africana</word>
   <word id="word_146">realiza</word>
   <word id="word_147">-se</word>
   <word id="word_148">em_</word>
   <word id="word_149">a</word>
   <word id="word_150">sequência</word>
   <word id="word_151">de_</word>
   <word id="word_152">a</word>
   <word id="word_153">reunião</word>
   <word id="word_154">de_</word>
   <word id="word_155">os</word>
   <word id="word_156">países</word>
   <word id="word_157">membros</word>
   <word id="word_158">de_</word>
   <word id="word_159">a</word>
   <word id="word_160">SADCC</word>
   <word id="word_161">-</word>
   <word id="word_162">Conferência</word>
   <word id="word_163">para</word>
   <word id="word_164">a</word>
   <word id="word_165">Coordenação</word>
   <word id="word_166">e</word>
   <word id="word_167">Desenvolvimento</word>
   <word id="word_168">de_</word>
   <word id="word_169">os</word>
   <word id="word_170">Países</word>
   <word id="word_171">de_</word>
   <word id="word_172">a</word>
   <word id="word_173">África</word>
   <word id="word_174">Austral</word>
   <word id="word_175">-</word>
   <word id="word_176">,</word>
   <word id="word_177">que</word>
   <word id="word_178">acaba</word>
   <word id="word_179">de</word>
   <word id="word_180">realizar</word>
   <word id="word_181">-se</word>
   <word id="word_182">em</word>
   <word id="word_183">Harare</word>
   <word id="word_184">,</word>
   <word id="word_185">e</word>
   <word id="word_186">que</word>
   <word id="word_187">registou</word>
   <word id="word_188">a</word>
   <word id="word_189">presença</word>
   <word id="word_190">de_</word>
   <word id="word_191">o</word>
   <word id="word_192">secretário</word>
   <word id="word_193">para</word>
   <word id="word_194">o</word>
   <word id="word_195">Desenvolvimento</word>
   <word id="word_196">Ultramarino</word>
   <word id="word_197">Britânico</word>
   <word id="word_198">,</word>
   <word id="word_199">Timothy</word>
   <word id="word_200">Raison</word>
   <word id="word_201">,</word>
   <word id="word_202">que</word>
   <word id="word_203">foi</word>
   <word id="word_204">marcada</word>
   <word id="word_205">por</word>
   <word id="word_206">protestos</word>
   <word id="word_207">contra</word>
   <word id="word_208">o</word>
   <word id="word_209">regime</word>
   <word id="word_210">de</word>
   <word id="word_211">apartheid</word>
   <word id="word_212">e</word>
   <word id="word_213">renovados</word>
   <word id="word_214">pedidos</word>
   <word id="word_215">de_</word>
   <word id="word_216">o</word>
   <word id="word_217">primeiro-ministro</word>
   <word id="word_218">Robert</word>
   <word id="word_219">Mugabe</word>
   <word id="word_220">para</word>
   <word id="word_221">a</word>
   <word id="word_222">imposição</word>
   <word id="word_223">de</word>
   <word id="word_224">um</word>
   <word id="word_225">boicote</word>
   <word id="word_226">económico</word>
   <word id="word_227">a_</word>
   <word id="word_228">a</word>
   <word id="word_229">África</word>
   <word id="word_230">de_</word>
   <word id="word_231">o</word>
   <word id="word_232">Sul</word>
   <word id="word_233">.</word>
   <word id="word_234">Durante</word>
   <word id="word_235">a</word>
   <word id="word_236">reunião</word>
   <word id="word_237">,</word>
   <word id="word_238">a</word>
   <word id="word_239">quinta</word>
   <word id="word_240">de_</word>
   <word id="word_241">a</word>
   <word id="word_242">SADCC</word>
   <word id="word_243">desde</word>
   <word id="word_244">a</word>
   <word id="word_245">sua</word>
   <word id="word_246">fundação</word>
   <word id="word_247">em</word>
   <word id="word_248">1981</word>
   <word id="word_249">,</word>
   <word id="word_250">esta</word>
   <word id="word_251">semana</word>
   <word id="word_252">,</word>
   <word id="word_253">foi</word>
   <word id="word_254">sublinhado</word>
   <word id="word_255">que</word>
   <word id="word_256">os</word>
   <word id="word_257">ataques</word>
   <word id="word_258">e</word>
   <word id="word_259">acções</word>
   <word id="word_260">de</word>
   <word id="word_261">desestabilização</word>
   <word id="word_262">de_</word>
   <word id="word_263">a</word>
   <word id="word_264">África</word>
   <word id="word_265">de_</word>
   <word id="word_266">o</word>
   <word id="word_267">Sul</word>
   <word id="word_268">,</word>
   <word id="word_269">de</word>
   <word id="word_270">que</word>
   <word id="word_271">Angola</word>
   <word id="word_272">e</word>
   <word id="word_273">Moçambique</word>
   <word id="word_274">têm</word>
   <word id="word_275">sido</word>
   <word id="word_276">as</word>
   <word id="word_277">principais</word>
   <word id="word_278">vítimas</word>
   <word id="word_279">,</word>
   <word id="word_280">teriam</word>
   <word id="word_281">causado</word>
   <word id="word_282">mais</word>
   <word id="word_283">de</word>
   <word id="word_284">dez</word>
   <word id="word_285">biliões</word>
   <word id="word_286">de</word>
   <word id="word_287">dólares</word>
   <word id="word_288">de</word>
   <word id="word_289">prejuízos</word>
   <word id="word_290">em_</word>
   <word id="word_291">os</word>
   <word id="word_292">últimos</word>
   <word id="word_293">cinco</word>
   <word id="word_294">anos</word>
   <word id="word_295">,</word>
   <word id="word_296">ou</word>
   <word id="word_297">seja</word>
   <word id="word_298">,</word>
   <word id="word_299">mais</word>
   <word id="word_300">de_</word>
   <word id="word_301">o</word>
   <word id="word_302">que</word>
   <word id="word_303">o</word>
   <word id="word_304">total</word>
   <word id="word_305">de</word>
   <word id="word_306">auxílio</word>
   <word id="word_307">económico</word>
   <word id="word_308">concedido</word>
   <word id="word_309">por_</word>
   <word id="word_310">os</word>
   <word id="word_311">países</word>
   <word id="word_312">ocidentais</word>
   <word id="word_313">a_</word>
   <word id="word_314">os</word>
   <word id="word_315">estados</word>
   <word id="word_316">membros</word>
   <word id="word_317">de_</word>
   <word id="word_318">a</word>
   <word id="word_319">SADCC</word>
   <word id="word_320">.</word>
   <word id="word_321">O</word>
   <word id="word_322">auxílio</word>
   <word id="word_323">económico</word>
   <word id="word_324">de_</word>
   <word id="word_325">a</word>
   <word id="word_326">CEE</word>
   <word id="word_327">a_</word>
   <word id="word_328">os</word>
   <word id="word_329">países</word>
   <word id="word_330">africanos</word>
   <word id="word_331">atinge</word>
   <word id="word_332">agora</word>
   <word id="word_333">a</word>
   <word id="word_334">média</word>
   <word id="word_335">de</word>
   <word id="word_336">quatro</word>
   <word id="word_337">biliões</word>
   <word id="word_338">de</word>
   <word id="word_339">dólares</word>
   <word id="word_340">por</word>
   <word id="word_341">ano</word>
   <word id="word_342">,</word>
   <word id="word_343">mas</word>
   <word id="word_344">distribui</word>
   <word id="word_345">-se</word>
   <word id="word_346">por</word>
   <word id="word_347">mais</word>
   <word id="word_348">de</word>
   <word id="word_349">40</word>
   <word id="word_350">nações</word>
   <word id="word_351">de_</word>
   <word id="word_352">aquele</word>
   <word id="word_353">continente</word>
   <word id="word_354">.</word>
   <word id="word_355">Timothy</word>
   <word id="word_356">Raison</word>
   <word id="word_357">,</word>
   <word id="word_358">procurando</word>
   <word id="word_359">aplacar</word>
   <word id="word_360">os</word>
   <word id="word_361">protestos</word>
   <word id="word_362">de_</word>
   <word id="word_363">os</word>
   <word id="word_364">chefes</word>
   <word id="word_365">de</word>
   <word id="word_366">Estado</word>
   <word id="word_367">africanos</word>
   <word id="word_368">,</word>
   <word id="word_369">anunciou</word>
   <word id="word_370">em</word>
   <word id="word_371">Harare</word>
   <word id="word_372">que</word>
   <word id="word_373">o</word>
   <word id="word_374">Governo</word>
   <word id="word_375">britânico</word>
   <word id="word_376">acabava</word>
   <word id="word_377">de</word>
   <word id="word_378">conceder</word>
   <word id="word_379">mais</word>
   <word id="word_380">de</word>
   <word id="word_381">dez</word>
   <word id="word_382">milhões</word>
   <word id="word_383">de</word>
   <word id="word_384">libras</word>
   <word id="word_385">de</word>
   <word id="word_386">auxílio</word>
   <word id="word_387">,</word>
   <word id="word_388">lamentando</word>
   <word id="word_389">que</word>
   <word id="word_390">verbas</word>
   <word id="word_391">anteriormente</word>
   <word id="word_392">concedidas</word>
   <word id="word_393">não</word>
   <word id="word_394">tivessem</word>
   <word id="word_395">sido</word>
   <word id="word_396">utilizadas</word>
   <word id="word_397">por</word>
   <word id="word_398">falta</word>
   <word id="word_399">ou</word>
   <word id="word_400">atraso</word>
   <word id="word_401">de_</word>
   <word id="word_402">os</word>
   <word id="word_403">respectivos</word>
   <word id="word_404">projectos</word>
   <word id="word_405">.</word>
   <word id="word_406">A</word>
   <word id="word_407">reunião</word>
   <word id="word_408">de_</word>
   <word id="word_409">os</word>
   <word id="word_410">países</word>
   <word id="word_411">de_</word>
   <word id="word_412">a</word>
   <word id="word_413">SADCC</word>
   <word id="word_414">em</word>
   <word id="word_415">Harare</word>
   <word id="word_416">rodeou</word>
   <word id="word_417">-se</word>
   <word id="word_418">de</word>
   <word id="word_419">intensa</word>
   <word id="word_420">acção</word>
   <word id="word_421">diplomática</word>
   <word id="word_422">,</word>
   <word id="word_423">em</word>
   <word id="word_424">antecipação</word>
   <word id="word_425">de_</word>
   <word id="word_426">a</word>
   <word id="word_427">conferência</word>
   <word id="word_428">em</word>
   <word id="word_429">Lusaca</word>
   <word id="word_430">com</word>
   <word id="word_431">os</word>
   <word id="word_432">representantes</word>
   <word id="word_433">de_</word>
   <word id="word_434">os</word>
   <word id="word_435">Governos</word>
   <word id="word_436">de_</word>
   <word id="word_437">a</word>
   <word id="word_438">CEE</word>
   <word id="word_439">,</word>
   <word id="word_440">sabendo</word>
   <word id="word_441">-se</word>
   <word id="word_442">que</word>
   <word id="word_443">estes</word>
   <word id="word_444">iriam</word>
   <word id="word_445">receber</word>
   <word id="word_446">um</word>
   <word id="word_447">apelo</word>
   <word id="word_448">colectivo</word>
   <word id="word_449">para</word>
   <word id="word_450">renovadas</word>
   <word id="word_451">posições</word>
   <word id="word_452">sobre</word>
   <word id="word_453">a</word>
   <word id="word_454">África</word>
   <word id="word_455">de_</word>
   <word id="word_456">o</word>
   <word id="word_457">Sul</word>
   <word id="word_458">,</word>
   <word id="word_459">que</word>
   <word id="word_460">além</word>
   <word id="word_461">de_</word>
   <word id="word_462">a</word>
   <word id="word_463">insistência</word>
   <word id="word_464">em</word>
   <word id="word_465">sanções</word>
   <word id="word_466">económicas</word>
   <word id="word_467">,</word>
   <word id="word_468">incluía</word>
   <word id="word_469">a</word>
   <word id="word_470">intercessão</word>
   <word id="word_471">por_</word>
   <word id="word_472">a</word>
   <word id="word_473">libertação</word>
   <word id="word_474">de</word>
   <word id="word_475">Nelson</word>
   <word id="word_476">Mandela</word>
   <word id="word_477">,</word>
   <word id="word_478">presidente</word>
   <word id="word_479">de_</word>
   <word id="word_480">a</word>
   <word id="word_481">ANC</word>
   <word id="word_482">,</word>
   <word id="word_483">que</word>
   <word id="word_484">se</word>
   <word id="word_485">encontra</word>
   <word id="word_486">preso</word>
   <word id="word_487">há</word>
   <word id="word_488">26</word>
   <word id="word_489">anos</word>
   <word id="word_490">.</word>
   <word id="word_491">As</word>
   <word id="word_492">delegações</word>
   <word id="word_493">ministriais</word>
   <word id="word_494">de_</word>
   <word id="word_495">os</word>
   <word id="word_496">12</word>
   <word id="word_497">países</word>
   <word id="word_498">de_</word>
   <word id="word_499">a</word>
   <word id="word_500">CEE</word>
   <word id="word_501">indicaram</word>
   <word id="word_502">previamente</word>
   <word id="word_503">recusar</word>
   <word id="word_504">antecipadamente</word>
   <word id="word_505">a</word>
   <word id="word_506">participação</word>
   <word id="word_507">de_</word>
   <word id="word_508">o</word>
   <word id="word_509">secretário</word>
   <word id="word_510">de_</word>
   <word id="word_511">a</word>
   <word id="word_512">ANC</word>
   <word id="word_513">,</word>
   <word id="word_514">Olivier</word>
   <word id="word_515">Tambo</word>
   <word id="word_516">,</word>
   <word id="word_517">em_</word>
   <word id="word_518">as</word>
   <word id="word_519">conversações</word>
   <word id="word_520">,</word>
   <word id="word_521">apesar</word>
   <word id="word_522">de_</word>
   <word id="word_523">o</word>
   <word id="word_524">reconhecimento</word>
   <word id="word_525">e</word>
   <word id="word_526">hospitalidade</word>
   <word id="word_527">que</word>
   <word id="word_528">lhe</word>
   <word id="word_529">são</word>
   <word id="word_530">conferidos</word>
   <word id="word_531">por_</word>
   <word id="word_532">os</word>
   <word id="word_533">Governos</word>
   <word id="word_534">africanos</word>
   <word id="word_535">,</word>
   <word id="word_536">especificamente</word>
   <word id="word_537">por_</word>
   <word id="word_538">o</word>
   <word id="word_539">Presidente</word>
   <word id="word_540">Kaunda</word>
   <word id="word_541">,</word>
   <word id="word_542">de_</word>
   <word id="word_543">a</word>
   <word id="word_544">Zâmbia</word>
   <word id="word_545">,</word>
   <word id="word_546">que</word>
   <word id="word_547">actua</word>
   <word id="word_548">como</word>
   <word id="word_549">anfitrião</word>
   <word id="word_550">de_</word>
   <word id="word_551">esta</word>
   <word id="word_552">primeira</word>
   <word id="word_553">conferência</word>
   <word id="word_554">com</word>
   <word id="word_555">a</word>
   <word id="word_556">CEE</word>
   <word id="word_557">.</word>
   <word id="word_558">A</word>
   <word id="word_559">decisão</word>
   <word id="word_560">quanto</word>
   <word id="word_561">a_</word>
   <word id="word_562">a</word>
   <word id="word_563">participação</word>
   <word id="word_564">de</word>
   <word id="word_565">Geoffrey</word>
   <word id="word_566">Howe</word>
   <word id="word_567">sublinha</word>
   <word id="word_568">o</word>
   <word id="word_569">dilema</word>
   <word id="word_570">diplomático</word>
   <word id="word_571">em</word>
   <word id="word_572">que</word>
   <word id="word_573">a</word>
   <word id="word_574">Grã-Bretanha</word>
   <word id="word_575">se</word>
   <word id="word_576">encontra</word>
   <word id="word_577">em_</word>
   <word id="word_578">a</word>
   <word id="word_579">África</word>
   <word id="word_580">Austral</word>
   <word id="word_581">,</word>
   <word id="word_582">em_</word>
   <word id="word_583">a</word>
   <word id="word_584">sua</word>
   <word id="word_585">condição</word>
   <word id="word_586">de</word>
   <word id="word_587">membro</word>
   <word id="word_588">simultâneo</word>
   <word id="word_589">tanto</word>
   <word id="word_590">de_</word>
   <word id="word_591">a</word>
   <word id="word_592">CEE</word>
   <word id="word_593">como</word>
   <word id="word_594">de_</word>
   <word id="word_595">a</word>
   <word id="word_596">Comunidade</word>
   <word id="word_597">Britânica</word>
   <word id="word_598">,</word>
   <word id="word_599">a</word>
   <word id="word_600">que</word>
   <word id="word_601">todos</word>
   <word id="word_602">os</word>
   <word id="word_603">estados</word>
   <word id="word_604">de_</word>
   <word id="word_605">a</word>
   <word id="word_606">Linha</word>
   <word id="word_607">de_</word>
   <word id="word_608">a</word>
   <word id="word_609">Frente</word>
   <word id="word_610">,</word>
   <word id="word_611">a_</word>
   <word id="word_612">a</word>
   <word id="word_613">excepção</word>
   <word id="word_614">de</word>
   <word id="word_615">Angola</word>
   <word id="word_616">e</word>
   <word id="word_617">de</word>
   <word id="word_618">Moçambique</word>
   <word id="word_619">,</word>
   <word id="word_620">pertencem</word>
   <word id="word_621">.</word>
   <word id="word_622">A</word>
   <word id="word_623">balança</word>
   <word id="word_624">de_</word>
   <word id="word_625">os</word>
   <word id="word_626">interesses</word>
   <word id="word_627">económicos</word>
   <word id="word_628">britânicos</word>
   <word id="word_629">,</word>
   <word id="word_630">em_</word>
   <word id="word_631">o</word>
   <word id="word_632">entanto</word>
   <word id="word_633">,</word>
   <word id="word_634">continua</word>
   <word id="word_635">a</word>
   <word id="word_636">pender</word>
   <word id="word_637">desproporcionadamente</word>
   <word id="word_638">para</word>
   <word id="word_639">a</word>
   <word id="word_640">África</word>
   <word id="word_641">de_</word>
   <word id="word_642">o</word>
   <word id="word_643">Sul</word>
   <word id="word_644">,</word>
   <word id="word_645">onde</word>
   <word id="word_646">a</word>
   <word id="word_647">Grã-Bretanha</word>
   <word id="word_648">tem</word>
   <word id="word_649">a</word>
   <word id="word_650">maior</word>
   <word id="word_651">parte</word>
   <word id="word_652">de_</word>
   <word id="word_653">os</word>
   <word id="word_654">seus</word>
   <word id="word_655">investimentos</word>
   <word id="word_656">em</word>
   <word id="word_657">África</word>
   <word id="word_658">e</word>
   <word id="word_659">estreitas</word>
   <word id="word_660">ligações</word>
   <word id="word_661">sociais</word>
   <word id="word_662">e</word>
   <word id="word_663">culturais</word>
   <word id="word_664">com</word>
   <word id="word_665">cerca</word>
   <word id="word_666">de</word>
   <word id="word_667">metade</word>
   <word id="word_668">de_</word>
   <word id="word_669">a</word>
   <word id="word_670">população</word>
   <word id="word_671">branca</word>
   <word id="word_672">de_</word>
   <word id="word_673">aquele</word>
   <word id="word_674">país</word>
   <word id="word_675">.</word>
   <word id="word_676">em_</word>
   <word id="word_677">esse</word>
   <word id="word_678">aspecto</word>
   <word id="word_679">,</word>
   <word id="word_680">o</word>
   <word id="word_681">dilema</word>
   <word id="word_682">diplomático</word>
   <word id="word_683">britânico</word>
   <word id="word_684">é</word>
   <word id="word_685">essencialmente</word>
   <word id="word_686">idêntico</word>
   <word id="word_687">a_</word>
   <word id="word_688">o</word>
   <word id="word_689">de</word>
   <word id="word_690">Portugal</word>
   <word id="word_691">que</word>
   <word id="word_692">,</word>
   <word id="word_693">naturalmente</word>
   <word id="word_694">,</word>
   <word id="word_695">tem</word>
   <word id="word_696">de</word>
   <word id="word_697">procurar</word>
   <word id="word_698">um</word>
   <word id="word_699">equilíbrio</word>
   <word id="word_700">delicado</word>
   <word id="word_701">entre</word>
   <word id="word_702">as</word>
   <word id="word_703">suas</word>
   <word id="word_704">históricas</word>
   <word id="word_705">ligações</word>
   <word id="word_706">com</word>
   <word id="word_707">Angola</word>
   <word id="word_708">e</word>
   <word id="word_709">Moçambique</word>
   <word id="word_710">,</word>
   <word id="word_711">por</word>
   <word id="word_712">um</word>
   <word id="word_713">lado</word>
   <word id="word_714">,</word>
   <word id="word_715">e</word>
   <word id="word_716">uma</word>
   <word id="word_717">de_</word>
   <word id="word_718">as</word>
   <word id="word_719">maiores</word>
   <word id="word_720">comunidades</word>
   <word id="word_721">de</word>
   <word id="word_722">emigrantes</word>
   <word id="word_723">em_</word>
   <word id="word_724">a</word>
   <word id="word_725">África</word>
   <word id="word_726">de_</word>
   <word id="word_727">o</word>
   <word id="word_728">Sul</word>
   <word id="word_729">,</word>
   <word id="word_730">por</word>
   <word id="word_731">outro</word>
   <word id="word_732">.</word>
   <word id="word_733">Mas</word>
   <word id="word_734">a</word>
   <word id="word_735">presença</word>
   <word id="word_736">de</word>
   <word id="word_737">Geoffrey</word>
   <word id="word_738">Howe</word>
   <word id="word_739">em</word>
   <word id="word_740">Lusaca</word>
   <word id="word_741">,</word>
   <word id="word_742">compatível</word>
   <word id="word_743">como</word>
   <word id="word_744">é</word>
   <word id="word_745">com</word>
   <word id="word_746">a</word>
   <word id="word_747">escala</word>
   <word id="word_748">de_</word>
   <word id="word_749">o</word>
   <word id="word_750">envolvimento</word>
   <word id="word_751">britânico</word>
   <word id="word_752">em_</word>
   <word id="word_753">a</word>
   <word id="word_754">África</word>
   <word id="word_755">Austral</word>
   <word id="word_756">,</word>
   <word id="word_757">ajuda</word>
   <word id="word_758">,</word>
   <word id="word_759">se</word>
   <word id="word_760">não</word>
   <word id="word_761">a</word>
   <word id="word_762">encobrir</word>
   <word id="word_763">,</word>
   <word id="word_764">por_</word>
   <word id="word_765">o</word>
   <word id="word_766">menos</word>
   <word id="word_767">a</word>
   <word id="word_768">diluir</word>
   <word id="word_769">as</word>
   <word id="word_770">próprias</word>
   <word id="word_771">dificuldades</word>
   <word id="word_772">diplomáticas</word>
   <word id="word_773">de</word>
   <word id="word_774">Portugal</word>
   <word id="word_775">em_</word>
   <word id="word_776">uma</word>
   <word id="word_777">zona</word>
   <word id="word_778">de_</word>
   <word id="word_779">a</word>
   <word id="word_780">África</word>
   <word id="word_781">marcada</word>
   <word id="word_782">por</word>
   <word id="word_783">intenso</word>
   <word id="word_784">antagonismo</word>
   <word id="word_785">e</word>
   <word id="word_786">confrontação</word>
   <word id="word_787">,</word>
   <word id="word_788">mas</word>
   <word id="word_789">em_</word>
   <word id="word_790">a</word>
   <word id="word_791">qual</word>
   <word id="word_792">a</word>
   <word id="word_793">intervenção</word>
   <word id="word_794">de_</word>
   <word id="word_795">a</word>
   <word id="word_796">CEE</word>
   <word id="word_797">é</word>
   <word id="word_798">insistentemente</word>
   <word id="word_799">solicitada</word>
   <word id="word_800">.</word>
</words>
