<?xml version="1.0" encoding="UTF-8"?>
<!DOCTYPE words SYSTEM "words.dtd">
<words>
   <word id="word_1">O</word>
   <word id="word_2">GOVERNO</word>
   <word id="word_3">argentino</word>
   <word id="word_4">cancelou</word>
   <word id="word_5">entretanto</word>
   <word id="word_6">as</word>
   <word id="word_7">licenças</word>
   <word id="word_8">de</word>
   <word id="word_9">cerca</word>
   <word id="word_10">de</word>
   <word id="word_11">3500</word>
   <word id="word_12">recrutas</word>
   <word id="word_13">e</word>
   <word id="word_14">criou</word>
   <word id="word_15">uma</word>
   <word id="word_16">comissão</word>
   <word id="word_17">militar</word>
   <word id="word_18">especial</word>
   <word id="word_19">em</word>
   <word id="word_20">resposta</word>
   <word id="word_21">a_</word>
   <word id="word_22">a</word>
   <word id="word_23">decisão</word>
   <word id="word_24">britanica</word>
   <word id="word_25">de</word>
   <word id="word_26">alargamento</word>
   <word id="word_27">de_</word>
   <word id="word_28">a</word>
   <word id="word_29">sua</word>
   <word id="word_30">zona</word>
   <word id="word_31">de</word>
   <word id="word_32">pesca</word>
   <word id="word_33">de_</word>
   <word id="word_34">as</word>
   <word id="word_35">actuais</word>
   <word id="word_36">três</word>
   <word id="word_37">milhas</word>
   <word id="word_38">náuticas</word>
   <word id="word_39">para</word>
   <word id="word_40">200</word>
   <word id="word_41">milhas</word>
   <word id="word_42">.</word>
   <word id="word_43">As</word>
   <word id="word_44">ilhas</word>
   <word id="word_45">são</word>
   <word id="word_46">reclamadas</word>
   <word id="word_47">por_</word>
   <word id="word_48">a</word>
   <word id="word_49">Argentina</word>
   <word id="word_50">e</word>
   <word id="word_51">administradas</word>
   <word id="word_52">como</word>
   <word id="word_53">colónia</word>
   <word id="word_54">por_</word>
   <word id="word_55">a</word>
   <word id="word_56">Grã-Bretanha</word>
   <word id="word_57">.</word>
   <word id="word_58">Em</word>
   <word id="word_59">1982</word>
   <word id="word_60">,</word>
   <word id="word_61">foram</word>
   <word id="word_62">cenário</word>
   <word id="word_63">de</word>
   <word id="word_64">uma</word>
   <word id="word_65">guerra</word>
   <word id="word_66">entre</word>
   <word id="word_67">os</word>
   <word id="word_68">dois</word>
   <word id="word_69">países</word>
   <word id="word_70">que</word>
   <word id="word_71">a</word>
   <word id="word_72">Grã-Bretanha</word>
   <word id="word_73">venceu</word>
   <word id="word_74">.</word>
   <word id="word_75">Caputo</word>
   <word id="word_76">,</word>
   <word id="word_77">falando</word>
   <word id="word_78">em</word>
   <word id="word_79">conferência</word>
   <word id="word_80">de</word>
   <word id="word_81">Imprensa</word>
   <word id="word_82">,</word>
   <word id="word_83">disse</word>
   <word id="word_84">que</word>
   <word id="word_85">a</word>
   <word id="word_86">Argentina</word>
   <word id="word_87">tencionava</word>
   <word id="word_88">protestar</word>
   <word id="word_89">por</word>
   <word id="word_90">via</word>
   <word id="word_91">diplomática</word>
   <word id="word_92">contra</word>
   <word id="word_93">a</word>
   <word id="word_94">decisão</word>
   <word id="word_95">britânica</word>
   <word id="word_96">,</word>
   <word id="word_97">a_</word>
   <word id="word_98">o</word>
   <word id="word_99">mesmo</word>
   <word id="word_100">tempo</word>
   <word id="word_101">que</word>
   <word id="word_102">criticou</word>
   <word id="word_103">Londres</word>
   <word id="word_104">por</word>
   <word id="word_105">«criar</word>
   <word id="word_106">uma</word>
   <word id="word_107">situação</word>
   <word id="word_108">extremamente</word>
   <word id="word_109">delicada»</word>
   <word id="word_110">.</word>
   <word id="word_111">Anteriormente</word>
   <word id="word_112">,</word>
   <word id="word_113">o</word>
   <word id="word_114">presidente</word>
   <word id="word_115">Raul</word>
   <word id="word_116">Alfonsin</word>
   <word id="word_117">tinha</word>
   <word id="word_118">tido</word>
   <word id="word_119">uma</word>
   <word id="word_120">conversa</word>
   <word id="word_121">telefónica</word>
   <word id="word_122">com</word>
   <word id="word_123">o</word>
   <word id="word_124">secretário-geral</word>
   <word id="word_125">de_</word>
   <word id="word_126">a</word>
   <word id="word_127">ONU</word>
   <word id="word_128">,</word>
   <word id="word_129">Javier</word>
   <word id="word_130">Perez</word>
   <word id="word_131">de</word>
   <word id="word_132">Cuelar</word>
   <word id="word_133">,</word>
   <word id="word_134">afirmando</word>
   <word id="word_135">-lhe</word>
   <word id="word_136">que</word>
   <word id="word_137">a</word>
   <word id="word_138">Argentina</word>
   <word id="word_139">agiria</word>
   <word id="word_140">«com</word>
   <word id="word_141">prudência»</word>
   <word id="word_142">mas</word>
   <word id="word_143">que</word>
   <word id="word_144">«não</word>
   <word id="word_145">iria</word>
   <word id="word_146">deixar</word>
   <word id="word_147">de</word>
   <word id="word_148">exercer</word>
   <word id="word_149">com</word>
   <word id="word_150">firmeza</word>
   <word id="word_151">os</word>
   <word id="word_152">seus</word>
   <word id="word_153">direitos»</word>
   <word id="word_154">.</word>
   <word id="word_155">O</word>
   <word id="word_156">ministro</word>
   <word id="word_157">argentino</word>
   <word id="word_158">de_</word>
   <word id="word_159">a</word>
   <word id="word_160">Defesa</word>
   <word id="word_161">,</word>
   <word id="word_162">Horacio</word>
   <word id="word_163">Jaunurema</word>
   <word id="word_164">,</word>
   <word id="word_165">afirmou</word>
   <word id="word_166">a</word>
   <word id="word_167">jornalistas</word>
   <word id="word_168">estrangeiros</word>
   <word id="word_169">que</word>
   <word id="word_170">os</word>
   <word id="word_171">recrutas</word>
   <word id="word_172">cujo</word>
   <word id="word_173">serviço</word>
   <word id="word_174">militar</word>
   <word id="word_175">terminava</word>
   <word id="word_176">esta</word>
   <word id="word_177">semana</word>
   <word id="word_178">serão</word>
   <word id="word_179">mantidos</word>
   <word id="word_180">em_</word>
   <word id="word_181">o</word>
   <word id="word_182">activo</word>
   <word id="word_183">por</word>
   <word id="word_184">tempo</word>
   <word id="word_185">indeterminado</word>
   <word id="word_186">,</word>
   <word id="word_187">como</word>
   <word id="word_188">resposta</word>
   <word id="word_189">a_</word>
   <word id="word_190">a</word>
   <word id="word_191">decisão</word>
   <word id="word_192">de_</word>
   <word id="word_193">a</word>
   <word id="word_194">Grã-Bertanha</word>
   <word id="word_195">.</word>
   <word id="word_196">A</word>
   <word id="word_197">Espanha</word>
   <word id="word_198">avisou</word>
   <word id="word_199">a</word>
   <word id="word_200">Grã-Bretanha</word>
   <word id="word_201">de</word>
   <word id="word_202">que</word>
   <word id="word_203">tem</word>
   <word id="word_204">grandes</word>
   <word id="word_205">reservas</word>
   <word id="word_206">acerca</word>
   <word id="word_207">de_</word>
   <word id="word_208">a</word>
   <word id="word_209">imposição</word>
   <word id="word_210">britânica</word>
   <word id="word_211">de</word>
   <word id="word_212">uma</word>
   <word id="word_213">zona</word>
   <word id="word_214">unilateral</word>
   <word id="word_215">de</word>
   <word id="word_216">protecção</word>
   <word id="word_217">de</word>
   <word id="word_218">pescas</word>
   <word id="word_219">de</word>
   <word id="word_220">150</word>
   <word id="word_221">milhas</word>
   <word id="word_222">em</word>
   <word id="word_223">torno</word>
   <word id="word_224">de_</word>
   <word id="word_225">as</word>
   <word id="word_226">ilhas</word>
   <word id="word_227">Malvinas</word>
   <word id="word_228">/</word>
   <word id="word_229">Falkland</word>
   <word id="word_230">,</word>
   <word id="word_231">afirmou</word>
   <word id="word_232">ontem</word>
   <word id="word_233">o</word>
   <word id="word_234">Ministério</word>
   <word id="word_235">de_</word>
   <word id="word_236">os</word>
   <word id="word_237">Negócios</word>
   <word id="word_238">Estrangeiros</word>
   <word id="word_239">.</word>
   <word id="word_240">Em</word>
   <word id="word_241">Espanha</word>
   <word id="word_242">,</word>
   <word id="word_243">cuja</word>
   <word id="word_244">frota</word>
   <word id="word_245">pesqueira</word>
   <word id="word_246">é</word>
   <word id="word_247">uma</word>
   <word id="word_248">de_</word>
   <word id="word_249">as</word>
   <word id="word_250">mais</word>
   <word id="word_251">activas</word>
   <word id="word_252">de_</word>
   <word id="word_253">a</word>
   <word id="word_254">região</word>
   <word id="word_255">,</word>
   <word id="word_256">a</word>
   <word id="word_257">opinião</word>
   <word id="word_258">pública</word>
   <word id="word_259">manifestou</word>
   <word id="word_260">-se</word>
   <word id="word_261">afecta</word>
   <word id="word_262">a_</word>
   <word id="word_263">a</word>
   <word id="word_264">Argentina</word>
   <word id="word_265">em_</word>
   <word id="word_266">o</word>
   <word id="word_267">decurso</word>
   <word id="word_268">de_</word>
   <word id="word_269">o</word>
   <word id="word_270">confronto</word>
   <word id="word_271">sobre</word>
   <word id="word_272">a</word>
   <word id="word_273">disputa</word>
   <word id="word_274">de_</word>
   <word id="word_275">a</word>
   <word id="word_276">soberania</word>
   <word id="word_277">britânica</word>
   <word id="word_278">de_</word>
   <word id="word_279">as</word>
   <word id="word_280">ilhas</word>
   <word id="word_281">,</word>
   <word id="word_282">em</word>
   <word id="word_283">1982</word>
   <word id="word_284">.</word>
   <word id="word_285">Todavia</word>
   <word id="word_286">,</word>
   <word id="word_287">o</word>
   <word id="word_288">Governo</word>
   <word id="word_289">espanhol</word>
   <word id="word_290">manteve</word>
   <word id="word_291">a</word>
   <word id="word_292">neutralidade</word>
   <word id="word_293">.</word>
</words>
