<?xml version="1.0" encoding="UTF-8"?>
<!DOCTYPE words SYSTEM "words.dtd">
<words>
   <word id="word_1">Os</word>
   <word id="word_2">três</word>
   <word id="word_3">golos</word>
   <word id="word_4">de</word>
   <word id="word_5">Meade</word>
   <word id="word_6">,</word>
   <word id="word_7">sem</word>
   <word id="word_8">resposta</word>
   <word id="word_9">,</word>
   <word id="word_10">permitiram</word>
   <word id="word_11">a_</word>
   <word id="word_12">o</word>
   <word id="word_13">Sporting</word>
   <word id="word_14">passar</word>
   <word id="word_15">a</word>
   <word id="word_16">dispor</word>
   <word id="word_17">de</word>
   <word id="word_18">uma</word>
   <word id="word_19">certa</word>
   <word id="word_20">margem</word>
   <word id="word_21">com</word>
   <word id="word_22">vista</word>
   <word id="word_23">a_</word>
   <word id="word_24">o</word>
   <word id="word_25">termo</word>
   <word id="word_26">de_</word>
   <word id="word_27">o</word>
   <word id="word_28">Campeonato</word>
   <word id="word_29">,</word>
   <word id="word_30">já</word>
   <word id="word_31">que</word>
   <word id="word_32">a</word>
   <word id="word_33">turma</word>
   <word id="word_34">minhota</word>
   <word id="word_35">,</word>
   <word id="word_36">com</word>
   <word id="word_37">esta</word>
   <word id="word_38">derrota</word>
   <word id="word_39">,</word>
   <word id="word_40">fica</word>
   <word id="word_41">mais</word>
   <word id="word_42">longe</word>
   <word id="word_43">de_</word>
   <word id="word_44">o</word>
   <word id="word_45">terceiro</word>
   <word id="word_46">lugar</word>
   <word id="word_47">.</word>
   <word id="word_48">Esperava</word>
   <word id="word_49">-se</word>
   <word id="word_50">com</word>
   <word id="word_51">natural</word>
   <word id="word_52">expectativa</word>
   <word id="word_53">este</word>
   <word id="word_54">encontro</word>
   <word id="word_55">,</word>
   <word id="word_56">já</word>
   <word id="word_57">que</word>
   <word id="word_58">os</word>
   <word id="word_59">«leões»</word>
   <word id="word_60">vinham</word>
   <word id="word_61">de</word>
   <word id="word_62">um</word>
   <word id="word_63">mau</word>
   <word id="word_64">momento</word>
   <word id="word_65">e</word>
   <word id="word_66">havia</word>
   <word id="word_67">muita</word>
   <word id="word_68">gente</word>
   <word id="word_69">a_</word>
   <word id="word_70">a</word>
   <word id="word_71">espera</word>
   <word id="word_72">de</word>
   <word id="word_73">ainda</word>
   <word id="word_74">não</word>
   <word id="word_75">ter</word>
   <word id="word_76">terminado</word>
   <word id="word_77">o</word>
   <word id="word_78">período</word>
   <word id="word_79">negro</word>
   <word id="word_80">.</word>
   <word id="word_81">O</word>
   <word id="word_82">resultado</word>
   <word id="word_83">,</word>
   <word id="word_84">porém</word>
   <word id="word_85">,</word>
   <word id="word_86">fez</word>
   <word id="word_87">acabar</word>
   <word id="word_88">com</word>
   <word id="word_89">esses</word>
   <word id="word_90">pessimismos</word>
   <word id="word_91">,</word>
   <word id="word_92">muito</word>
   <word id="word_93">embora</word>
   <word id="word_94">tenha</word>
   <word id="word_95">de</word>
   <word id="word_96">se</word>
   <word id="word_97">dizer</word>
   <word id="word_98">que</word>
   <word id="word_99">o</word>
   <word id="word_100">Sporting</word>
   <word id="word_101">esteve</word>
   <word id="word_102">longe</word>
   <word id="word_103">de</word>
   <word id="word_104">fazer</word>
   <word id="word_105">uma</word>
   <word id="word_106">grande</word>
   <word id="word_107">exibição</word>
   <word id="word_108">.</word>
   <word id="word_109">Não</word>
   <word id="word_110">que</word>
   <word id="word_111">não</word>
   <word id="word_112">tenha</word>
   <word id="word_113">merecido</word>
   <word id="word_114">esses</word>
   <word id="word_115">três</word>
   <word id="word_116">golos</word>
   <word id="word_117">,</word>
   <word id="word_118">até</word>
   <word id="word_119">porque</word>
   <word id="word_120">outras</word>
   <word id="word_121">oportunidades</word>
   <word id="word_122">houve</word>
   <word id="word_123">que</word>
   <word id="word_124">foram</word>
   <word id="word_125">desperdiçadas</word>
   <word id="word_126">simplesmente</word>
   <word id="word_127">por</word>
   <word id="word_128">essa</word>
   <word id="word_129">tão</word>
   <word id="word_130">aludida</word>
   <word id="word_131">razão</word>
   <word id="word_132">de</word>
   <word id="word_133">haver</word>
   <word id="word_134">falta</word>
   <word id="word_135">de</word>
   <word id="word_136">frescura</word>
   <word id="word_137">em</word>
   <word id="word_138">quase</word>
   <word id="word_139">todos</word>
   <word id="word_140">os</word>
   <word id="word_141">jogadores</word>
   <word id="word_142">.</word>
   <word id="word_143">Mas</word>
   <word id="word_144">,</word>
   <word id="word_145">em</word>
   <word id="word_146">contrapartida</word>
   <word id="word_147">,</word>
   <word id="word_148">também</word>
   <word id="word_149">o</word>
   <word id="word_150">Vitória</word>
   <word id="word_151">de</word>
   <word id="word_152">Guimarães</word>
   <word id="word_153">dispôs</word>
   <word id="word_154">de</word>
   <word id="word_155">oportunidades</word>
   <word id="word_156">de</word>
   <word id="word_157">marcar</word>
   <word id="word_158">.</word>
   <word id="word_159">E</word>
   <word id="word_160">se</word>
   <word id="word_161">,</word>
   <word id="word_162">logo</word>
   <word id="word_163">a_</word>
   <word id="word_164">os</word>
   <word id="word_165">oito</word>
   <word id="word_166">minutos</word>
   <word id="word_167">,</word>
   <word id="word_168">Paulinho</word>
   <word id="word_169">Cascavel</word>
   <word id="word_170">tem</word>
   <word id="word_171">feito</word>
   <word id="word_172">golo</word>
   <word id="word_173">em</word>
   <word id="word_174">vez</word>
   <word id="word_175">de</word>
   <word id="word_176">atirar</word>
   <word id="word_177">a</word>
   <word id="word_178">bola</word>
   <word id="word_179">de</word>
   <word id="word_180">cabeça</word>
   <word id="word_181">a_</word>
   <word id="word_182">a</word>
   <word id="word_183">barra</word>
   <word id="word_184">,</word>
   <word id="word_185">em_</word>
   <word id="word_186">a</word>
   <word id="word_187">sequência</word>
   <word id="word_188">de</word>
   <word id="word_189">um</word>
   <word id="word_190">pontapé</word>
   <word id="word_191">de</word>
   <word id="word_192">canto</word>
   <word id="word_193">marcado</word>
   <word id="word_194">por</word>
   <word id="word_195">Costa</word>
   <word id="word_196">,</word>
   <word id="word_197">ficamos</word>
   <word id="word_198">em_</word>
   <word id="word_199">a</word>
   <word id="word_200">dúvida</word>
   <word id="word_201">se</word>
   <word id="word_202">os</word>
   <word id="word_203">púpilos</word>
   <word id="word_204">de</word>
   <word id="word_205">Manuel</word>
   <word id="word_206">José</word>
   <word id="word_207">,</word>
   <word id="word_208">com</word>
   <word id="word_209">o</word>
   <word id="word_210">moral</word>
   <word id="word_211">tão</word>
   <word id="word_212">em</word>
   <word id="word_213">baixo</word>
   <word id="word_214">depois</word>
   <word id="word_215">de_</word>
   <word id="word_216">as</word>
   <word id="word_217">últimas</word>
   <word id="word_218">desventuras</word>
   <word id="word_219">,</word>
   <word id="word_220">conseguiriam</word>
   <word id="word_221">a</word>
   <word id="word_222">força</word>
   <word id="word_223">anímica</word>
   <word id="word_224">para</word>
   <word id="word_225">virar</word>
   <word id="word_226">o</word>
   <word id="word_227">jogo</word>
   <word id="word_228">.</word>
   <word id="word_229">Enfim</word>
   <word id="word_230">,</word>
   <word id="word_231">são</word>
   <word id="word_232">as</word>
   <word id="word_233">incidências</word>
   <word id="word_234">de_</word>
   <word id="word_235">o</word>
   <word id="word_236">futebol</word>
   <word id="word_237">,</word>
   <word id="word_238">sempre</word>
   <word id="word_239">fértil</word>
   <word id="word_240">de</word>
   <word id="word_241">emoções</word>
   <word id="word_242">,</word>
   <word id="word_243">não</word>
   <word id="word_244">havendo</word>
   <word id="word_245">um</word>
   <word id="word_246">jogo</word>
   <word id="word_247">igual</word>
   <word id="word_248">a</word>
   <word id="word_249">outro</word>
   <word id="word_250">,</word>
   <word id="word_251">ainda</word>
   <word id="word_252">que</word>
   <word id="word_253">sejam</word>
   <word id="word_254">os</word>
   <word id="word_255">mesmos</word>
   <word id="word_256">artistas</word>
   <word id="word_257">em</word>
   <word id="word_258">acção</word>
   <word id="word_259">.</word>
   <word id="word_260">É</word>
   <word id="word_261">a</word>
   <word id="word_262">velha</word>
   <word id="word_263">caixinha</word>
   <word id="word_264">de</word>
   <word id="word_265">surpresas</word>
   <word id="word_266">.</word>
   <word id="word_267">de_</word>
   <word id="word_268">o</word>
   <word id="word_269">que</word>
   <word id="word_270">não</word>
   <word id="word_271">restam</word>
   <word id="word_272">dúvidas</word>
   <word id="word_273">é</word>
   <word id="word_274">que</word>
   <word id="word_275">António</word>
   <word id="word_276">Morais</word>
   <word id="word_277">não</word>
   <word id="word_278">acreditou</word>
   <word id="word_279">em</word>
   <word id="word_280">mau</word>
   <word id="word_281">momento</word>
   <word id="word_282">de_</word>
   <word id="word_283">o</word>
   <word id="word_284">adversário</word>
   <word id="word_285">,</word>
   <word id="word_286">entrando</word>
   <word id="word_287">em</word>
   <word id="word_288">campo</word>
   <word id="word_289">praticamente</word>
   <word id="word_290">a</word>
   <word id="word_291">jogar</word>
   <word id="word_292">com</word>
   <word id="word_293">cinco</word>
   <word id="word_294">defesas</word>
   <word id="word_295">,</word>
   <word id="word_296">com</word>
   <word id="word_297">Valério</word>
   <word id="word_298">a</word>
   <word id="word_299">marcar</word>
   <word id="word_300">Manuel</word>
   <word id="word_301">Fernandes</word>
   <word id="word_302">,</word>
   <word id="word_303">Tozé</word>
   <word id="word_304">a</word>
   <word id="word_305">fazer</word>
   <word id="word_306">o</word>
   <word id="word_307">mesmo</word>
   <word id="word_308">a</word>
   <word id="word_309">Meade</word>
   <word id="word_310">,</word>
   <word id="word_311">bastante</word>
   <word id="word_312">em</word>
   <word id="word_313">cima</word>
   <word id="word_314">,</word>
   <word id="word_315">enquanto</word>
   <word id="word_316">Miguel</word>
   <word id="word_317">ficava</word>
   <word id="word_318">em_</word>
   <word id="word_319">o</word>
   <word id="word_320">centro</word>
   <word id="word_321">para</word>
   <word id="word_322">recuar</word>
   <word id="word_323">ou</word>
   <word id="word_324">avançar</word>
   <word id="word_325">,</word>
   <word id="word_326">quando</word>
   <word id="word_327">era</word>
   <word id="word_328">necessário</word>
   <word id="word_329">.</word>
   <word id="word_330">E</word>
   <word id="word_331">porque</word>
   <word id="word_332">o</word>
   <word id="word_333">Sporting</word>
   <word id="word_334">continuava</word>
   <word id="word_335">a</word>
   <word id="word_336">jogar</word>
   <word id="word_337">sem</word>
   <word id="word_338">ninguém</word>
   <word id="word_339">verdadeeiramente</word>
   <word id="word_340">em_</word>
   <word id="word_341">a</word>
   <word id="word_342">ponta</word>
   <word id="word_343">esquerda</word>
   <word id="word_344">,</word>
   <word id="word_345">Gregório</word>
   <word id="word_346">Freixo</word>
   <word id="word_347">dispunha</word>
   <word id="word_348">sempre</word>
   <word id="word_349">de</word>
   <word id="word_350">espaço</word>
   <word id="word_351">a_</word>
   <word id="word_352">a</word>
   <word id="word_353">sua</word>
   <word id="word_354">frente</word>
   <word id="word_355">,</word>
   <word id="word_356">correndo</word>
   <word id="word_357">por</word>
   <word id="word_358">esse</word>
   <word id="word_359">corredor</word>
   <word id="word_360">,</word>
   <word id="word_361">lançando</word>
   <word id="word_362">bem</word>
   <word id="word_363">Roldão</word>
   <word id="word_364">que</word>
   <word id="word_365">a_</word>
   <word id="word_366">o</word>
   <word id="word_367">longo</word>
   <word id="word_368">de_</word>
   <word id="word_369">o</word>
   <word id="word_370">tempo</word>
   <word id="word_371">haveria</word>
   <word id="word_372">de</word>
   <word id="word_373">mostrar</word>
   <word id="word_374">-se</word>
   <word id="word_375">sempre</word>
   <word id="word_376">perigoso</word>
   <word id="word_377">.</word>
   <word id="word_378">Terá</word>
   <word id="word_379">sido</word>
   <word id="word_380">o</word>
   <word id="word_381">aparecimento</word>
   <word id="word_382">de</word>
   <word id="word_383">Litos</word>
   <word id="word_384">que</word>
   <word id="word_385">obrigou</word>
   <word id="word_386">António</word>
   <word id="word_387">Morais</word>
   <word id="word_388">a</word>
   <word id="word_389">tantos</word>
   <word id="word_390">cuidados</word>
   <word id="word_391">?</word>
   <word id="word_392">Em_</word>
   <word id="word_393">a</word>
   <word id="word_394">verdade</word>
   <word id="word_395">,</word>
   <word id="word_396">com</word>
   <word id="word_397">o</word>
   <word id="word_398">jovem</word>
   <word id="word_399">metido</word>
   <word id="word_400">entre</word>
   <word id="word_401">Oceano</word>
   <word id="word_402">e</word>
   <word id="word_403">Jaime</word>
   <word id="word_404">Pacheco</word>
   <word id="word_405">,</word>
   <word id="word_406">a</word>
   <word id="word_407">equipa</word>
   <word id="word_408">de</word>
   <word id="word_409">Alvalade</word>
   <word id="word_410">apareceu</word>
   <word id="word_411">com</word>
   <word id="word_412">maior</word>
   <word id="word_413">alegria</word>
   <word id="word_414">,</word>
   <word id="word_415">sentindo</word>
   <word id="word_416">-se</word>
   <word id="word_417">ali</word>
   <word id="word_418">sangue</word>
   <word id="word_419">novo</word>
   <word id="word_420">.</word>
   <word id="word_421">Ainda</word>
   <word id="word_422">antes</word>
   <word id="word_423">de_</word>
   <word id="word_424">a</word>
   <word id="word_425">perdida</word>
   <word id="word_426">de</word>
   <word id="word_427">Paulinho</word>
   <word id="word_428">Cascavel</word>
   <word id="word_429">,</word>
   <word id="word_430">um</word>
   <word id="word_431">lançamento</word>
   <word id="word_432">primoroso</word>
   <word id="word_433">de</word>
   <word id="word_434">Litos</word>
   <word id="word_435">para</word>
   <word id="word_436">Manuel</word>
   <word id="word_437">Fernandes</word>
   <word id="word_438">estabeleceu</word>
   <word id="word_439">o</word>
   <word id="word_440">pânico</word>
   <word id="word_441">em_</word>
   <word id="word_442">a</word>
   <word id="word_443">defensiva</word>
   <word id="word_444">vimaranense</word>
   <word id="word_445">,</word>
   <word id="word_446">valendo</word>
   <word id="word_447">a</word>
   <word id="word_448">ligeiresa</word>
   <word id="word_449">de</word>
   <word id="word_450">Jesus</word>
   <word id="word_451">a</word>
   <word id="word_452">sair</word>
   <word id="word_453">fora</word>
   <word id="word_454">de_</word>
   <word id="word_455">a</word>
   <word id="word_456">área</word>
   <word id="word_457">.</word>
   <word id="word_458">Apesar</word>
   <word id="word_459">de_</word>
   <word id="word_460">isso</word>
   <word id="word_461">,</word>
   <word id="word_462">sentia</word>
   <word id="word_463">-se</word>
   <word id="word_464">de_</word>
   <word id="word_465">a</word>
   <word id="word_466">parte</word>
   <word id="word_467">de_</word>
   <word id="word_468">a</word>
   <word id="word_469">turma</word>
   <word id="word_470">vimaranense</word>
   <word id="word_471">um</word>
   <word id="word_472">melhor</word>
   <word id="word_473">coordenamento</word>
   <word id="word_474">de</word>
   <word id="word_475">esforços</word>
   <word id="word_476">,</word>
   <word id="word_477">em_</word>
   <word id="word_478">o</word>
   <word id="word_479">sector</word>
   <word id="word_480">intermediário</word>
   <word id="word_481">e</word>
   <word id="word_482">em_</word>
   <word id="word_483">o</word>
   <word id="word_484">quarteto</word>
   <word id="word_485">(</word>
   <word id="word_486">ou</word>
   <word id="word_487">quinteto</word>
   <word id="word_488">)</word>
   <word id="word_489">defensivo</word>
   <word id="word_490">,</word>
   <word id="word_491">este</word>
   <word id="word_492">jogando</word>
   <word id="word_493">em</word>
   <word id="word_494">linha</word>
   <word id="word_495">com</word>
   <word id="word_496">a</word>
   <word id="word_497">ratoeira</word>
   <word id="word_498">de_</word>
   <word id="word_499">o</word>
   <word id="word_500">fora-de-jogo</word>
   <word id="word_501">a</word>
   <word id="word_502">surtir</word>
   <word id="word_503">plenos</word>
   <word id="word_504">efeitos</word>
   <word id="word_505">.</word>
   <word id="word_506">Litos</word>
   <word id="word_507">,</word>
   <word id="word_508">era</word>
   <word id="word_509">,</word>
   <word id="word_510">em_</word>
   <word id="word_511">o</word>
   <word id="word_512">Sporting</word>
   <word id="word_513">,</word>
   <word id="word_514">a</word>
   <word id="word_515">pedra</word>
   <word id="word_516">que</word>
   <word id="word_517">destoava</word>
   <word id="word_518">(</word>
   <word id="word_519">em_</word>
   <word id="word_520">o</word>
   <word id="word_521">bom</word>
   <word id="word_522">sentido</word>
   <word id="word_523">)</word>
   <word id="word_524">e</word>
   <word id="word_525">a_</word>
   <word id="word_526">os</word>
   <word id="word_527">16</word>
   <word id="word_528">minutos</word>
   <word id="word_529">depois</word>
   <word id="word_530">de</word>
   <word id="word_531">bom</word>
   <word id="word_532">trabalho</word>
   <word id="word_533">nova</word>
   <word id="word_534">entrega</word>
   <word id="word_535">primorosa</word>
   <word id="word_536">para</word>
   <word id="word_537">Meade</word>
   <word id="word_538">,</word>
   <word id="word_539">que</word>
   <word id="word_540">ficou</word>
   <word id="word_541">isolado</word>
   <word id="word_542">,</word>
   <word id="word_543">passou</word>
   <word id="word_544">Jesus</word>
   <word id="word_545">,</word>
   <word id="word_546">mas</word>
   <word id="word_547">permitiu</word>
   <word id="word_548">a</word>
   <word id="word_549">intervenção</word>
   <word id="word_550">de</word>
   <word id="word_551">Miguel</word>
   <word id="word_552">.</word>
   <word id="word_553">Em_</word>
   <word id="word_554">a</word>
   <word id="word_555">resposta</word>
   <word id="word_556">,</word>
   <word id="word_557">Damas</word>
   <word id="word_558">faria</word>
   <word id="word_559">a</word>
   <word id="word_560">sua</word>
   <word id="word_561">primeira</word>
   <word id="word_562">grande</word>
   <word id="word_563">intervenção</word>
   <word id="word_564">,</word>
   <word id="word_565">depois</word>
   <word id="word_566">de</word>
   <word id="word_567">um</word>
   <word id="word_568">lançamento</word>
   <word id="word_569">de</word>
   <word id="word_570">Cascavel</word>
   <word id="word_571">para</word>
   <word id="word_572">Gregório</word>
   <word id="word_573">Freixo</word>
   <word id="word_574">que</word>
   <word id="word_575">apanhou</word>
   <word id="word_576">a</word>
   <word id="word_577">defensiva</word>
   <word id="word_578">de_</word>
   <word id="word_579">o</word>
   <word id="word_580">Sporting</word>
   <word id="word_581">em</word>
   <word id="word_582">contrapé</word>
   <word id="word_583">.</word>
   <word id="word_584">À</word>
   <word id="word_585">passagem</word>
   <word id="word_586">de_</word>
   <word id="word_587">a</word>
   <word id="word_588">meia-hora</word>
   <word id="word_589">,</word>
   <word id="word_590">foi</word>
   <word id="word_591">Sousa</word>
   <word id="word_592">,</word>
   <word id="word_593">em</word>
   <word id="word_594">mais</word>
   <word id="word_595">uma</word>
   <word id="word_596">jogada</word>
   <word id="word_597">rápida</word>
   <word id="word_598">(</word>
   <word id="word_599">o</word>
   <word id="word_600">mal</word>
   <word id="word_601">de_</word>
   <word id="word_602">o</word>
   <word id="word_603">Sporting</word>
   <word id="word_604">tem</word>
   <word id="word_605">sido</word>
   <word id="word_606">a</word>
   <word id="word_607">lentidão</word>
   <word id="word_608">)</word>
   <word id="word_609">,</word>
   <word id="word_610">que</word>
   <word id="word_611">não</word>
   <word id="word_612">teve</word>
   <word id="word_613">o</word>
   <word id="word_614">tempo</word>
   <word id="word_615">de</word>
   <word id="word_616">remate</word>
   <word id="word_617">preciso</word>
   <word id="word_618">para</word>
   <word id="word_619">desfeitear</word>
   <word id="word_620">Jesus</word>
   <word id="word_621">,</word>
   <word id="word_622">deixando</word>
   <word id="word_623">-se</word>
   <word id="word_624">desarmar</word>
   <word id="word_625">quando</word>
   <word id="word_626">antes</word>
   <word id="word_627">podia</word>
   <word id="word_628">ter</word>
   <word id="word_629">rematado</word>
   <word id="word_630">para</word>
   <word id="word_631">o</word>
   <word id="word_632">golo</word>
   <word id="word_633">.</word>
   <word id="word_634">Mas</word>
   <word id="word_635">apesar</word>
   <word id="word_636">de_</word>
   <word id="word_637">os</word>
   <word id="word_638">cuidados</word>
   <word id="word_639">defensivos</word>
   <word id="word_640">de_</word>
   <word id="word_641">o</word>
   <word id="word_642">Guimarães</word>
   <word id="word_643">,</word>
   <word id="word_644">a_</word>
   <word id="word_645">os</word>
   <word id="word_646">42</word>
   <word id="word_647">minutos</word>
   <word id="word_648">,</word>
   <word id="word_649">o</word>
   <word id="word_650">Sporting</word>
   <word id="word_651">marcou</word>
   <word id="word_652">.</word>
   <word id="word_653">Jaime</word>
   <word id="word_654">Pacheco</word>
   <word id="word_655">,</word>
   <word id="word_656">descaído</word>
   <word id="word_657">em_</word>
   <word id="word_658">a</word>
   <word id="word_659">esquerda</word>
   <word id="word_660">,</word>
   <word id="word_661">«brigou»</word>
   <word id="word_662">com</word>
   <word id="word_663">dois</word>
   <word id="word_664">defesas</word>
   <word id="word_665">,</word>
   <word id="word_666">saiu</word>
   <word id="word_667">de</word>
   <word id="word_668">lá</word>
   <word id="word_669">com</word>
   <word id="word_670">a</word>
   <word id="word_671">bola</word>
   <word id="word_672">,</word>
   <word id="word_673">endossou</word>
   <word id="word_674">a</word>
   <word id="word_675">Romeu</word>
   <word id="word_676">,</word>
   <word id="word_677">que</word>
   <word id="word_678">também</word>
   <word id="word_679">descera</word>
   <word id="word_680">.</word>
   <word id="word_681">Nova</word>
   <word id="word_682">devolução</word>
   <word id="word_683">e</word>
   <word id="word_684">o</word>
   <word id="word_685">centro</word>
   <word id="word_686">para</word>
   <word id="word_687">a</word>
   <word id="word_688">área</word>
   <word id="word_689">,</word>
   <word id="word_690">onde</word>
   <word id="word_691">apareceu</word>
   <word id="word_692">Meade</word>
   <word id="word_693">a</word>
   <word id="word_694">fazer</word>
   <word id="word_695">o</word>
   <word id="word_696">tento</word>
   <word id="word_697">.</word>
   <word id="word_698">Atingia</word>
   <word id="word_699">-se</word>
   <word id="word_700">o</word>
   <word id="word_701">intervalo</word>
   <word id="word_702">e</word>
   <word id="word_703">,</word>
   <word id="word_704">como</word>
   <word id="word_705">se</word>
   <word id="word_706">esperava</word>
   <word id="word_707">,</word>
   <word id="word_708">António</word>
   <word id="word_709">Morais</word>
   <word id="word_710">,</word>
   <word id="word_711">por_</word>
   <word id="word_712">a</word>
   <word id="word_713">desvantagem</word>
   <word id="word_714">em_</word>
   <word id="word_715">o</word>
   <word id="word_716">marcador</word>
   <word id="word_717">,</word>
   <word id="word_718">aliviou</word>
   <word id="word_719">a</word>
   <word id="word_720">defesa</word>
   <word id="word_721">(</word>
   <word id="word_722">saiu</word>
   <word id="word_723">Valério</word>
   <word id="word_724">)</word>
   <word id="word_725">para</word>
   <word id="word_726">reforçar</word>
   <word id="word_727">o</word>
   <word id="word_728">miolo</word>
   <word id="word_729">(</word>
   <word id="word_730">entrou</word>
   <word id="word_731">Bobó</word>
   <word id="word_732">)</word>
   <word id="word_733">.</word>
   <word id="word_734">Era</word>
   <word id="word_735">evidente</word>
   <word id="word_736">que</word>
   <word id="word_737">ia</word>
   <word id="word_738">atacar</word>
   <word id="word_739">mais</word>
   <word id="word_740">e</word>
   <word id="word_741">Gregório</word>
   <word id="word_742">Freixo</word>
   <word id="word_743">,</word>
   <word id="word_744">logo</word>
   <word id="word_745">em_</word>
   <word id="word_746">o</word>
   <word id="word_747">segundo</word>
   <word id="word_748">minuto</word>
   <word id="word_749">,</word>
   <word id="word_750">só</word>
   <word id="word_751">não</word>
   <word id="word_752">marcou</word>
   <word id="word_753">por</word>
   <word id="word_754">ter</word>
   <word id="word_755">caído</word>
   <word id="word_756">em</word>
   <word id="word_757">fora</word>
   <word id="word_758">de</word>
   <word id="word_759">jogo</word>
   <word id="word_760">.</word>
   <word id="word_761">Só</word>
   <word id="word_762">que</word>
   <word id="word_763">o</word>
   <word id="word_764">Sporting</word>
   <word id="word_765">,</word>
   <word id="word_766">embora</word>
   <word id="word_767">não</word>
   <word id="word_768">estivesse</word>
   <word id="word_769">a</word>
   <word id="word_770">fazer</word>
   <word id="word_771">uma</word>
   <word id="word_772">grande</word>
   <word id="word_773">exibição</word>
   <word id="word_774">,</word>
   <word id="word_775">demonstrava</word>
   <word id="word_776">vontade</word>
   <word id="word_777">de</word>
   <word id="word_778">ganhar</word>
   <word id="word_779">e</word>
   <word id="word_780">os</word>
   <word id="word_781">jogadores</word>
   <word id="word_782">empenhavam</word>
   <word id="word_783">-se</word>
   <word id="word_784">em</word>
   <word id="word_785">esforço</word>
   <word id="word_786">.</word>
   <word id="word_787">Alder</word>
   <word id="word_788">Dante</word>
   <word id="word_789">não</word>
   <word id="word_790">quis</word>
   <word id="word_791">ver</word>
   <word id="word_792">uma</word>
   <word id="word_793">descarada</word>
   <word id="word_794">grande</word>
   <word id="word_795">penalidade</word>
   <word id="word_796">sobre</word>
   <word id="word_797">Manuel</word>
   <word id="word_798">Fernandes</word>
   <word id="word_799">.</word>
   <word id="word_800">O</word>
   <word id="word_801">seu</word>
   <word id="word_802">erro</word>
   <word id="word_803">foi</word>
   <word id="word_804">tal</word>
   <word id="word_805">que</word>
   <word id="word_806">o</word>
   <word id="word_807">jogador</word>
   <word id="word_808">tinha</word>
   <word id="word_809">entrado</word>
   <word id="word_810">em_</word>
   <word id="word_811">a</word>
   <word id="word_812">área</word>
   <word id="word_813">por_</word>
   <word id="word_814">a</word>
   <word id="word_815">linha</word>
   <word id="word_816">perpendicular</word>
   <word id="word_817">a_</word>
   <word id="word_818">a</word>
   <word id="word_819">de_</word>
   <word id="word_820">a</word>
   <word id="word_821">baliza</word>
   <word id="word_822">e</word>
   <word id="word_823">o</word>
   <word id="word_824">livre</word>
   <word id="word_825">foi</word>
   <word id="word_826">marcado</word>
   <word id="word_827">com</word>
   <word id="word_828">a</word>
   <word id="word_829">bola</word>
   <word id="word_830">em</word>
   <word id="word_831">cima</word>
   <word id="word_832">de_</word>
   <word id="word_833">o</word>
   <word id="word_834">risco</word>
   <word id="word_835">de</word>
   <word id="word_836">grande</word>
   <word id="word_837">área</word>
   <word id="word_838">,</word>
   <word id="word_839">mas</word>
   <word id="word_840">frontal</word>
   <word id="word_841">para</word>
   <word id="word_842">as</word>
   <word id="word_843">redes</word>
   <word id="word_844">.</word>
   <word id="word_845">Era</word>
   <word id="word_846">evidente</word>
   <word id="word_847">o</word>
   <word id="word_848">querer</word>
   <word id="word_849">e</word>
   <word id="word_850">o</word>
   <word id="word_851">esforço</word>
   <word id="word_852">de_</word>
   <word id="word_853">a</word>
   <word id="word_854">equipa</word>
   <word id="word_855">«leonino»</word>
   <word id="word_856">,</word>
   <word id="word_857">onde</word>
   <word id="word_858">os</word>
   <word id="word_859">passos</word>
   <word id="word_860">errados</word>
   <word id="word_861">e</word>
   <word id="word_862">o</word>
   <word id="word_863">caminhar</word>
   <word id="word_864">muito</word>
   <word id="word_865">com</word>
   <word id="word_866">a</word>
   <word id="word_867">bola</word>
   <word id="word_868">continuavam</word>
   <word id="word_869">a</word>
   <word id="word_870">ser</word>
   <word id="word_871">pechas</word>
   <word id="word_872">,</word>
   <word id="word_873">enquanto</word>
   <word id="word_874">,</word>
   <word id="word_875">de_</word>
   <word id="word_876">o</word>
   <word id="word_877">lado</word>
   <word id="word_878">vimaranense</word>
   <word id="word_879">,</word>
   <word id="word_880">tudo</word>
   <word id="word_881">parecia</word>
   <word id="word_882">fazer</word>
   <word id="word_883">-se</word>
   <word id="word_884">automaticamente</word>
   <word id="word_885">,</word>
   <word id="word_886">em</word>
   <word id="word_887">coordenação</word>
   <word id="word_888">de</word>
   <word id="word_889">movimentos</word>
   <word id="word_890">,</word>
   <word id="word_891">sem</word>
   <word id="word_892">atropelos</word>
   <word id="word_893">.</word>
   <word id="word_894">E</word>
   <word id="word_895">se</word>
   <word id="word_896">alguns</word>
   <word id="word_897">lances</word>
   <word id="word_898">se</word>
   <word id="word_899">perdiam</word>
   <word id="word_900">era</word>
   <word id="word_901">muito</word>
   <word id="word_902">por</word>
   <word id="word_903">mérito</word>
   <word id="word_904">de</word>
   <word id="word_905">Morato</word>
   <word id="word_906">,</word>
   <word id="word_907">especialmente</word>
   <word id="word_908">,</word>
   <word id="word_909">que</word>
   <word id="word_910">além</word>
   <word id="word_911">de_</word>
   <word id="word_912">o</word>
   <word id="word_913">trabalho</word>
   <word id="word_914">individual</word>
   <word id="word_915">em_</word>
   <word id="word_916">o</word>
   <word id="word_917">seu</word>
   <word id="word_918">posto</word>
   <word id="word_919">,</word>
   <word id="word_920">era</word>
   <word id="word_921">um</word>
   <word id="word_922">líbero</word>
   <word id="word_923">que</word>
   <word id="word_924">acorria</word>
   <word id="word_925">tanto</word>
   <word id="word_926">a_</word>
   <word id="word_927">a</word>
   <word id="word_928">direita</word>
   <word id="word_929">como</word>
   <word id="word_930">a_</word>
   <word id="word_931">a</word>
   <word id="word_932">esquerda</word>
   <word id="word_933">,</word>
   <word id="word_934">sincronizando</word>
   <word id="word_935">bem</word>
   <word id="word_936">com</word>
   <word id="word_937">Venâncio</word>
   <word id="word_938">,</word>
   <word id="word_939">que</word>
   <word id="word_940">acabaria</word>
   <word id="word_941">por</word>
   <word id="word_942">ser</word>
   <word id="word_943">substituido</word>
   <word id="word_944">por</word>
   <word id="word_945">lesão</word>
   <word id="word_946">.</word>
   <word id="word_947">Ainda</word>
   <word id="word_948">antes</word>
   <word id="word_949">de_</word>
   <word id="word_950">o</word>
   <word id="word_951">segundo</word>
   <word id="word_952">golo</word>
   <word id="word_953">,</word>
   <word id="word_954">Cascavel</word>
   <word id="word_955">,</word>
   <word id="word_956">em_</word>
   <word id="word_957">uma</word>
   <word id="word_958">bela</word>
   <word id="word_959">jogada</word>
   <word id="word_960">,</word>
   <word id="word_961">em</word>
   <word id="word_962">que</word>
   <word id="word_963">deixou</word>
   <word id="word_964">Gabriel</word>
   <word id="word_965">para</word>
   <word id="word_966">trás</word>
   <word id="word_967">,</word>
   <word id="word_968">teve</word>
   <word id="word_969">um</word>
   <word id="word_970">remate</word>
   <word id="word_971">precioso</word>
   <word id="word_972">a_</word>
   <word id="word_973">a</word>
   <word id="word_974">base</word>
   <word id="word_975">de_</word>
   <word id="word_976">o</word>
   <word id="word_977">posto</word>
   <word id="word_978">.</word>
   <word id="word_979">Foi</word>
   <word id="word_980">um</word>
   <word id="word_981">trabalho</word>
   <word id="word_982">impecável</word>
   <word id="word_983">de</word>
   <word id="word_984">serenidade</word>
   <word id="word_985">e</word>
   <word id="word_986">técnica</word>
   <word id="word_987">:</word>
   <word id="word_988">dois</word>
   <word id="word_989">defesas</word>
   <word id="word_990">a</word>
   <word id="word_991">seu</word>
   <word id="word_992">lado</word>
   <word id="word_993">,</word>
   <word id="word_994">um</word>
   <word id="word_995">rodopio</word>
   <word id="word_996">rapidíssimo</word>
   <word id="word_997">sobre</word>
   <word id="word_998">o</word>
   <word id="word_999">pé</word>
   <word id="word_1000">esquerdo</word>
   <word id="word_1001">e</word>
   <word id="word_1002">o</word>
   <word id="word_1003">remate</word>
   <word id="word_1004">forte</word>
   <word id="word_1005">e</word>
   <word id="word_1006">colocado</word>
   <word id="word_1007">,</word>
   <word id="word_1008">que</word>
   <word id="word_1009">seria</word>
   <word id="word_1010">um</word>
   <word id="word_1011">golão</word>
   <word id="word_1012">se</word>
   <word id="word_1013">não</word>
   <word id="word_1014">fosse</word>
   <word id="word_1015">direito</word>
   <word id="word_1016">a_</word>
   <word id="word_1017">o</word>
   <word id="word_1018">poste</word>
   <word id="word_1019">.</word>
   <word id="word_1020">Entre</word>
   <word id="word_1021">os</word>
   <word id="word_1022">70</word>
   <word id="word_1023">e</word>
   <word id="word_1024">80</word>
   <word id="word_1025">minutos</word>
   <word id="word_1026">,</word>
   <word id="word_1027">porém</word>
   <word id="word_1028">,</word>
   <word id="word_1029">o</word>
   <word id="word_1030">Sporting</word>
   <word id="word_1031">consolidava</word>
   <word id="word_1032">a</word>
   <word id="word_1033">vitória</word>
   <word id="word_1034">,</word>
   <word id="word_1035">com</word>
   <word id="word_1036">mais</word>
   <word id="word_1037">dois</word>
   <word id="word_1038">golos</word>
   <word id="word_1039">de</word>
   <word id="word_1040">Meade</word>
   <word id="word_1041">,</word>
   <word id="word_1042">mas</word>
   <word id="word_1043">entre</word>
   <word id="word_1044">ambos</word>
   <word id="word_1045">foi</word>
   <word id="word_1046">também</word>
   <word id="word_1047">a</word>
   <word id="word_1048">vez</word>
   <word id="word_1049">de</word>
   <word id="word_1050">Damas</word>
   <word id="word_1051">evidenciar</word>
   <word id="word_1052">todos</word>
   <word id="word_1053">os</word>
   <word id="word_1054">seus</word>
   <word id="word_1055">recursos</word>
   <word id="word_1056">em</word>
   <word id="word_1057">paragens</word>
   <word id="word_1058">impecáveis</word>
   <word id="word_1059">,</word>
   <word id="word_1060">especialmente</word>
   <word id="word_1061">a</word>
   <word id="word_1062">um</word>
   <word id="word_1063">cruzamento</word>
   <word id="word_1064">de</word>
   <word id="word_1065">Roldão</word>
   <word id="word_1066">,</word>
   <word id="word_1067">antecipando</word>
   <word id="word_1068">-se</word>
   <word id="word_1069">a</word>
   <word id="word_1070">Cascavel</word>
   <word id="word_1071">.</word>
   <word id="word_1072">O</word>
   <word id="word_1073">Guimarães</word>
   <word id="word_1074">não</word>
   <word id="word_1075">baixava</word>
   <word id="word_1076">os</word>
   <word id="word_1077">braços</word>
   <word id="word_1078">.</word>
   <word id="word_1079">Era</word>
   <word id="word_1080">evidente</word>
   <word id="word_1081">que</word>
   <word id="word_1082">sentia</word>
   <word id="word_1083">já</word>
   <word id="word_1084">não</word>
   <word id="word_1085">conseguir</word>
   <word id="word_1086">virar</word>
   <word id="word_1087">o</word>
   <word id="word_1088">resultado</word>
   <word id="word_1089">,</word>
   <word id="word_1090">porquanto</word>
   <word id="word_1091">o</word>
   <word id="word_1092">Sporting</word>
   <word id="word_1093">,</word>
   <word id="word_1094">a</word>
   <word id="word_1095">partir</word>
   <word id="word_1096">de</word>
   <word id="word_1097">estar</word>
   <word id="word_1098">a</word>
   <word id="word_1099">vencer</word>
   <word id="word_1100">por</word>
   <word id="word_1101">3</word>
   <word id="word_1102">-</word>
   <word id="word_1103">0</word>
   <word id="word_1104">,</word>
   <word id="word_1105">surgia</word>
   <word id="word_1106">com</word>
   <word id="word_1107">outra</word>
   <word id="word_1108">serenidade</word>
   <word id="word_1109">,</word>
   <word id="word_1110">continuando</word>
   <word id="word_1111">empreendedor</word>
   <word id="word_1112">,</word>
   <word id="word_1113">como</word>
   <word id="word_1114">que</word>
   <word id="word_1115">insatisfeito</word>
   <word id="word_1116">com</word>
   <word id="word_1117">o</word>
   <word id="word_1118">resultado</word>
   <word id="word_1119">,</word>
   <word id="word_1120">ou</word>
   <word id="word_1121">seja</word>
   <word id="word_1122">,</word>
   <word id="word_1123">sem</word>
   <word id="word_1124">se</word>
   <word id="word_1125">preocupar</word>
   <word id="word_1126">em</word>
   <word id="word_1127">reter</word>
   <word id="word_1128">o</word>
   <word id="word_1129">esférico</word>
   <word id="word_1130">,</word>
   <word id="word_1131">ainda</word>
   <word id="word_1132">assim</word>
   <word id="word_1133">,</word>
   <word id="word_1134">com</word>
   <word id="word_1135">a</word>
   <word id="word_1136">saída</word>
   <word id="word_1137">de</word>
   <word id="word_1138">Litos</word>
   <word id="word_1139">(</word>
   <word id="word_1140">substituído</word>
   <word id="word_1141">por</word>
   <word id="word_1142">Carlos</word>
   <word id="word_1143">Xavier</word>
   <word id="word_1144">)</word>
   <word id="word_1145">,</word>
   <word id="word_1146">a</word>
   <word id="word_1147">equipa</word>
   <word id="word_1148">ficava</word>
   <word id="word_1149">mais</word>
   <word id="word_1150">presa</word>
   <word id="word_1151">de</word>
   <word id="word_1152">movimentos</word>
   <word id="word_1153">,</word>
   <word id="word_1154">um</word>
   <word id="word_1155">pouco</word>
   <word id="word_1156">mais</word>
   <word id="word_1157">trapalhona</word>
   <word id="word_1158">,</word>
   <word id="word_1159">sendo</word>
   <word id="word_1160">várias</word>
   <word id="word_1161">as</word>
   <word id="word_1162">vezes</word>
   <word id="word_1163">em</word>
   <word id="word_1164">que</word>
   <word id="word_1165">dois</word>
   <word id="word_1166">jogadores</word>
   <word id="word_1167">chocavam</word>
   <word id="word_1168">entre</word>
   <word id="word_1169">si</word>
   <word id="word_1170">porque</word>
   <word id="word_1171">acorriam</word>
   <word id="word_1172">a_</word>
   <word id="word_1173">o</word>
   <word id="word_1174">mesmo</word>
   <word id="word_1175">tempo</word>
   <word id="word_1176">a_</word>
   <word id="word_1177">a</word>
   <word id="word_1178">bola</word>
   <word id="word_1179">,</word>
   <word id="word_1180">enquanto</word>
   <word id="word_1181">de_</word>
   <word id="word_1182">o</word>
   <word id="word_1183">lado</word>
   <word id="word_1184">contrário</word>
   <word id="word_1185">,</word>
   <word id="word_1186">o</word>
   <word id="word_1187">meio-campo</word>
   <word id="word_1188">sentia</word>
   <word id="word_1189">um</word>
   <word id="word_1190">certo</word>
   <word id="word_1191">cansaço</word>
   <word id="word_1192">de</word>
   <word id="word_1193">tanto</word>
   <word id="word_1194">«brigar»</word>
   <word id="word_1195">em_</word>
   <word id="word_1196">a</word>
   <word id="word_1197">sua</word>
   <word id="word_1198">zona</word>
   <word id="word_1199">.</word>
   <word id="word_1200">Em</word>
   <word id="word_1201">resumo</word>
   <word id="word_1202">,</word>
   <word id="word_1203">vitória</word>
   <word id="word_1204">certa</word>
   <word id="word_1205">de_</word>
   <word id="word_1206">o</word>
   <word id="word_1207">Sporting</word>
   <word id="word_1208">,</word>
   <word id="word_1209">embora</word>
   <word id="word_1210">por</word>
   <word id="word_1211">diferença</word>
   <word id="word_1212">algo</word>
   <word id="word_1213">exagerada</word>
   <word id="word_1214">,</word>
   <word id="word_1215">frente</word>
   <word id="word_1216">a</word>
   <word id="word_1217">uma</word>
   <word id="word_1218">equipa</word>
   <word id="word_1219">que</word>
   <word id="word_1220">prima</word>
   <word id="word_1221">por_</word>
   <word id="word_1222">a</word>
   <word id="word_1223">arrumação</word>
   <word id="word_1224">de_</word>
   <word id="word_1225">as</word>
   <word id="word_1226">suas</word>
   <word id="word_1227">pedras</word>
   <word id="word_1228">e</word>
   <word id="word_1229">,</word>
   <word id="word_1230">sem</word>
   <word id="word_1231">dúvida</word>
   <word id="word_1232">,</word>
   <word id="word_1233">mais</word>
   <word id="word_1234">sincronizada</word>
   <word id="word_1235">.</word>
   <word id="word_1236">Reservamos</word>
   <word id="word_1237">as</word>
   <word id="word_1238">últimas</word>
   <word id="word_1239">linhas</word>
   <word id="word_1240">para</word>
   <word id="word_1241">o</word>
   <word id="word_1242">trabalho</word>
   <word id="word_1243">de_</word>
   <word id="word_1244">a</word>
   <word id="word_1245">equipa</word>
   <word id="word_1246">de</word>
   <word id="word_1247">arbitragem</word>
   <word id="word_1248">.</word>
   <word id="word_1249">Simplesmente</word>
   <word id="word_1250">má</word>
   <word id="word_1251">.</word>
   <word id="word_1252">Por</word>
   <word id="word_1253">culpa</word>
   <word id="word_1254">de</word>
   <word id="word_1255">Alder</word>
   <word id="word_1256">Dante</word>
   <word id="word_1257">(</word>
   <word id="word_1258">erros</word>
   <word id="word_1259">incríveis</word>
   <word id="word_1260">em_</word>
   <word id="word_1261">o</word>
   <word id="word_1262">apitar</word>
   <word id="word_1263">de</word>
   <word id="word_1264">faltas</word>
   <word id="word_1265">)</word>
   <word id="word_1266">e</word>
   <word id="word_1267">de_</word>
   <word id="word_1268">os</word>
   <word id="word_1269">fiscais</word>
   <word id="word_1270">de</word>
   <word id="word_1271">linha</word>
   <word id="word_1272">,</word>
   <word id="word_1273">especialmente</word>
   <word id="word_1274">o</word>
   <word id="word_1275">de_</word>
   <word id="word_1276">a</word>
   <word id="word_1277">bancada</word>
   <word id="word_1278">central</word>
   <word id="word_1279">.</word>
</words>
