<?xml version="1.0" encoding="UTF-8"?>
<!DOCTYPE words SYSTEM "words.dtd">
<words>
   <word id="word_1">Estatísticas</word>
   <word id="word_2">internacionais</word>
   <word id="word_3">indicam</word>
   <word id="word_4">que</word>
   <word id="word_5">,</word>
   <word id="word_6">em</word>
   <word id="word_7">1985</word>
   <word id="word_8">,</word>
   <word id="word_9">os</word>
   <word id="word_10">trabalhadores</word>
   <word id="word_11">espanhóis</word>
   <word id="word_12">ganhavam</word>
   <word id="word_13">,</word>
   <word id="word_14">em</word>
   <word id="word_15">média</word>
   <word id="word_16">,</word>
   <word id="word_17">por</word>
   <word id="word_18">hora</word>
   <word id="word_19">,</word>
   <word id="word_20">cerca</word>
   <word id="word_21">de</word>
   <word id="word_22">três</word>
   <word id="word_23">vezes</word>
   <word id="word_24">mais</word>
   <word id="word_25">que</word>
   <word id="word_26">os</word>
   <word id="word_27">assalariados</word>
   <word id="word_28">portugueses</word>
   <word id="word_29">.</word>
   <word id="word_30">As</word>
   <word id="word_31">carnes</word>
   <word id="word_32">de</word>
   <word id="word_33">porco</word>
   <word id="word_34">e</word>
   <word id="word_35">vaca</word>
   <word id="word_36">são</word>
   <word id="word_37">cerca</word>
   <word id="word_38">de</word>
   <word id="word_39">20</word>
   <word id="word_40">por</word>
   <word id="word_41">cento</word>
   <word id="word_42">mais</word>
   <word id="word_43">caras</word>
   <word id="word_44">em</word>
   <word id="word_45">Portugal</word>
   <word id="word_46">que</word>
   <word id="word_47">em</word>
   <word id="word_48">Espanha</word>
   <word id="word_49">,</word>
   <word id="word_50">segundo</word>
   <word id="word_51">revela</word>
   <word id="word_52">um</word>
   <word id="word_53">estudo</word>
   <word id="word_54">de_</word>
   <word id="word_55">a</word>
   <word id="word_56">Direcção-Geral</word>
   <word id="word_57">de</word>
   <word id="word_58">Concorrência</word>
   <word id="word_59">e</word>
   <word id="word_60">Preços</word>
   <word id="word_61">.</word>
   <word id="word_62">Em</word>
   <word id="word_63">Portugal</word>
   <word id="word_64">são</word>
   <word id="word_65">mais</word>
   <word id="word_66">baratos</word>
   <word id="word_67">o</word>
   <word id="word_68">pão</word>
   <word id="word_69">,</word>
   <word id="word_70">batata</word>
   <word id="word_71">,</word>
   <word id="word_72">frango</word>
   <word id="word_73">,</word>
   <word id="word_74">leite</word>
   <word id="word_75">pasteurizado</word>
   <word id="word_76">,</word>
   <word id="word_77">óleos</word>
   <word id="word_78">alimentares</word>
   <word id="word_79">,</word>
   <word id="word_80">manteiga</word>
   <word id="word_81">e</word>
   <word id="word_82">bacalhau</word>
   <word id="word_83">crescido</word>
   <word id="word_84">.</word>
   <word id="word_85">Em</word>
   <word id="word_86">contrapartida</word>
   <word id="word_87">são</word>
   <word id="word_88">mais</word>
   <word id="word_89">caros</word>
   <word id="word_90">de_</word>
   <word id="word_91">o</word>
   <word id="word_92">que</word>
   <word id="word_93">em</word>
   <word id="word_94">Espanha</word>
   <word id="word_95">,</word>
   <word id="word_96">frutas</word>
   <word id="word_97">como</word>
   <word id="word_98">a</word>
   <word id="word_99">banana</word>
   <word id="word_100">,</word>
   <word id="word_101">laranja</word>
   <word id="word_102">,</word>
   <word id="word_103">ovos</word>
   <word id="word_104">,</word>
   <word id="word_105">azeite</word>
   <word id="word_106">embalado</word>
   <word id="word_107">,</word>
   <word id="word_108">café</word>
   <word id="word_109">e</word>
   <word id="word_110">cerveja</word>
   <word id="word_111">.</word>
   <word id="word_112">Portugal</word>
   <word id="word_113">é</word>
   <word id="word_114">o</word>
   <word id="word_115">país</word>
   <word id="word_116">comunitário</word>
   <word id="word_117">que</word>
   <word id="word_118">,</word>
   <word id="word_119">proporcionalmente</word>
   <word id="word_120">,</word>
   <word id="word_121">aumentou</word>
   <word id="word_122">mais</word>
   <word id="word_123">as</word>
   <word id="word_124">suas</word>
   <word id="word_125">exportações</word>
   <word id="word_126">para</word>
   <word id="word_127">Espanha</word>
   <word id="word_128">e</word>
   <word id="word_129">o</word>
   <word id="word_130">segundo</word>
   <word id="word_131">,</word>
   <word id="word_132">depois</word>
   <word id="word_133">de_</word>
   <word id="word_134">a</word>
   <word id="word_135">Grécia</word>
   <word id="word_136">,</word>
   <word id="word_137">que</word>
   <word id="word_138">mais</word>
   <word id="word_139">produtos</word>
   <word id="word_140">espanhóis</word>
   <word id="word_141">comprou</word>
   <word id="word_142">durante</word>
   <word id="word_143">os</word>
   <word id="word_144">nove</word>
   <word id="word_145">primeiros</word>
   <word id="word_146">meses</word>
   <word id="word_147">de</word>
   <word id="word_148">1986</word>
   <word id="word_149">,</word>
   <word id="word_150">indica</word>
   <word id="word_151">um</word>
   <word id="word_152">estudo</word>
   <word id="word_153">de_</word>
   <word id="word_154">a</word>
   <word id="word_155">Organização</word>
   <word id="word_156">Empresarial</word>
   <word id="word_157">Espanhola</word>
   <word id="word_158">.</word>
   <word id="word_159">Em_</word>
   <word id="word_160">os</word>
   <word id="word_161">primeiros</word>
   <word id="word_162">nove</word>
   <word id="word_163">meses</word>
   <word id="word_164">,</word>
   <word id="word_165">as</word>
   <word id="word_166">exportações</word>
   <word id="word_167">espanholas</word>
   <word id="word_168">para</word>
   <word id="word_169">os</word>
   <word id="word_170">países</word>
   <word id="word_171">comunitários</word>
   <word id="word_172">aumentaram</word>
   <word id="word_173">5</word>
   <word id="word_174">,</word>
   <word id="word_175">7</word>
   <word id="word_176">por</word>
   <word id="word_177">cento</word>
   <word id="word_178">,</word>
   <word id="word_179">com</word>
   <word id="word_180">1</word>
   <word id="word_181">,</word>
   <word id="word_182">2</word>
   <word id="word_183">por</word>
   <word id="word_184">cento</word>
   <word id="word_185">em</word>
   <word id="word_186">Setembro</word>
   <word id="word_187">,</word>
   <word id="word_188">enquanto</word>
   <word id="word_189">as</word>
   <word id="word_190">importações</word>
   <word id="word_191">procedentes</word>
   <word id="word_192">de</word>
   <word id="word_193">países</word>
   <word id="word_194">de_</word>
   <word id="word_195">a</word>
   <word id="word_196">Comunidade</word>
   <word id="word_197">representaram</word>
   <word id="word_198">um</word>
   <word id="word_199">aumento</word>
   <word id="word_200">de</word>
   <word id="word_201">25</word>
   <word id="word_202">,</word>
   <word id="word_203">2</word>
   <word id="word_204">e</word>
   <word id="word_205">31</word>
   <word id="word_206">,</word>
   <word id="word_207">5</word>
   <word id="word_208">por</word>
   <word id="word_209">cento</word>
   <word id="word_210">,</word>
   <word id="word_211">respectivamente</word>
   <word id="word_212">.</word>
   <word id="word_213">A</word>
   <word id="word_214">Confederação</word>
   <word id="word_215">Espanhola</word>
   <word id="word_216">de</word>
   <word id="word_217">Organizações</word>
   <word id="word_218">Empresariais</word>
   <word id="word_219">divulgou</word>
   <word id="word_220">em</word>
   <word id="word_221">Madrid</word>
   <word id="word_222">um</word>
   <word id="word_223">documento</word>
   <word id="word_224">para</word>
   <word id="word_225">denunciar</word>
   <word id="word_226">que</word>
   <word id="word_227">a</word>
   <word id="word_228">deterioração</word>
   <word id="word_229">de_</word>
   <word id="word_230">a</word>
   <word id="word_231">balança</word>
   <word id="word_232">comercial</word>
   <word id="word_233">espanhola</word>
   <word id="word_234">adquire</word>
   <word id="word_235">especial</word>
   <word id="word_236">gravidade</word>
   <word id="word_237">em_</word>
   <word id="word_238">o</word>
   <word id="word_239">domínio</word>
   <word id="word_240">de_</word>
   <word id="word_241">as</word>
   <word id="word_242">trocas</word>
   <word id="word_243">comerciais</word>
   <word id="word_244">com</word>
   <word id="word_245">a</word>
   <word id="word_246">CEE</word>
   <word id="word_247">,</word>
   <word id="word_248">se</word>
   <word id="word_249">bem</word>
   <word id="word_250">que</word>
   <word id="word_251">afecte</word>
   <word id="word_252">,</word>
   <word id="word_253">de</word>
   <word id="word_254">forma</word>
   <word id="word_255">generalizada</word>
   <word id="word_256">,</word>
   <word id="word_257">o</word>
   <word id="word_258">comércio</word>
   <word id="word_259">externo</word>
   <word id="word_260">espanhol</word>
   <word id="word_261">.</word>
   <word id="word_262">Em</word>
   <word id="word_263">Setembro</word>
   <word id="word_264">,</word>
   <word id="word_265">de_</word>
   <word id="word_266">as</word>
   <word id="word_267">importações</word>
   <word id="word_268">totais</word>
   <word id="word_269">aumentaram</word>
   <word id="word_270">,</word>
   <word id="word_271">em</word>
   <word id="word_272">pesetas</word>
   <word id="word_273">,</word>
   <word id="word_274">2</word>
   <word id="word_275">,</word>
   <word id="word_276">6</word>
   <word id="word_277">por</word>
   <word id="word_278">cento</word>
   <word id="word_279">,</word>
   <word id="word_280">enquanto</word>
   <word id="word_281">as</word>
   <word id="word_282">exportações</word>
   <word id="word_283">diminuíram</word>
   <word id="word_284">6</word>
   <word id="word_285">,</word>
   <word id="word_286">7</word>
   <word id="word_287">por</word>
   <word id="word_288">cento</word>
   <word id="word_289">em</word>
   <word id="word_290">relação</word>
   <word id="word_291">a_</word>
   <word id="word_292">o</word>
   <word id="word_293">mesmo</word>
   <word id="word_294">mês</word>
   <word id="word_295">de_</word>
   <word id="word_296">o</word>
   <word id="word_297">ano</word>
   <word id="word_298">anterior</word>
   <word id="word_299">,</word>
   <word id="word_300">o</word>
   <word id="word_301">que</word>
   <word id="word_302">representa</word>
   <word id="word_303">um</word>
   <word id="word_304">aumento</word>
   <word id="word_305">de</word>
   <word id="word_306">30</word>
   <word id="word_307">por</word>
   <word id="word_308">cento</word>
   <word id="word_309">em_</word>
   <word id="word_310">o</word>
   <word id="word_311">défice</word>
   <word id="word_312">e</word>
   <word id="word_313">uma</word>
   <word id="word_314">redução</word>
   <word id="word_315">de_</word>
   <word id="word_316">a</word>
   <word id="word_317">taxa</word>
   <word id="word_318">de</word>
   <word id="word_319">cobertura</word>
   <word id="word_320">em</word>
   <word id="word_321">6</word>
   <word id="word_322">,</word>
   <word id="word_323">7</word>
   <word id="word_324">por</word>
   <word id="word_325">cento</word>
   <word id="word_326">,</word>
   <word id="word_327">passando</word>
   <word id="word_328">de</word>
   <word id="word_329">74</word>
   <word id="word_330">,</word>
   <word id="word_331">8</word>
   <word id="word_332">a</word>
   <word id="word_333">68</word>
   <word id="word_334">,</word>
   <word id="word_335">1</word>
   <word id="word_336">por</word>
   <word id="word_337">cento</word>
   <word id="word_338">.</word>
   <word id="word_339">As</word>
   <word id="word_340">importações</word>
   <word id="word_341">espanholas</word>
   <word id="word_342">procedentes</word>
   <word id="word_343">de_</word>
   <word id="word_344">os</word>
   <word id="word_345">países</word>
   <word id="word_346">comunitários</word>
   <word id="word_347">passaram</word>
   <word id="word_348">de</word>
   <word id="word_349">36</word>
   <word id="word_350">,</word>
   <word id="word_351">5</word>
   <word id="word_352">por</word>
   <word id="word_353">cento</word>
   <word id="word_354">para</word>
   <word id="word_355">48</word>
   <word id="word_356">,</word>
   <word id="word_357">4</word>
   <word id="word_358">por</word>
   <word id="word_359">cento</word>
   <word id="word_360">em_</word>
   <word id="word_361">o</word>
   <word id="word_362">cômputo</word>
   <word id="word_363">de_</word>
   <word id="word_364">as</word>
   <word id="word_365">compras</word>
   <word id="word_366">globais</word>
   <word id="word_367">.</word>
   <word id="word_368">As</word>
   <word id="word_369">exportações</word>
   <word id="word_370">portuguesas</word>
   <word id="word_371">passaram</word>
   <word id="word_372">a</word>
   <word id="word_373">representar</word>
   <word id="word_374">1</word>
   <word id="word_375">,</word>
   <word id="word_376">2</word>
   <word id="word_377">por</word>
   <word id="word_378">cento</word>
   <word id="word_379">em_</word>
   <word id="word_380">as</word>
   <word id="word_381">compras</word>
   <word id="word_382">globais</word>
   <word id="word_383">espanholas</word>
   <word id="word_384">e</word>
   <word id="word_385">de</word>
   <word id="word_386">2</word>
   <word id="word_387">,</word>
   <word id="word_388">1</word>
   <word id="word_389">para</word>
   <word id="word_390">3</word>
   <word id="word_391">,</word>
   <word id="word_392">3</word>
   <word id="word_393">por</word>
   <word id="word_394">cento</word>
   <word id="word_395">em_</word>
   <word id="word_396">as</word>
   <word id="word_397">vendas</word>
   <word id="word_398">.</word>
   <word id="word_399">Entretanto</word>
   <word id="word_400">,</word>
   <word id="word_401">o</word>
   <word id="word_402">presidente</word>
   <word id="word_403">de_</word>
   <word id="word_404">a</word>
   <word id="word_405">Câmara</word>
   <word id="word_406">de</word>
   <word id="word_407">Indústria</word>
   <word id="word_408">e</word>
   <word id="word_409">Comércio</word>
   <word id="word_410">de</word>
   <word id="word_411">Madrid</word>
   <word id="word_412">,</word>
   <word id="word_413">João</word>
   <word id="word_414">Flores</word>
   <word id="word_415">,</word>
   <word id="word_416">afirmou</word>
   <word id="word_417">,</word>
   <word id="word_418">em_</word>
   <word id="word_419">o</word>
   <word id="word_420">final</word>
   <word id="word_421">de_</word>
   <word id="word_422">a</word>
   <word id="word_423">visita</word>
   <word id="word_424">de_</word>
   <word id="word_425">a</word>
   <word id="word_426">missão</word>
   <word id="word_427">espanhola</word>
   <word id="word_428">a</word>
   <word id="word_429">Portugal</word>
   <word id="word_430">,</word>
   <word id="word_431">que</word>
   <word id="word_432">«os</word>
   <word id="word_433">empresários</word>
   <word id="word_434">portugueses</word>
   <word id="word_435">terão</word>
   <word id="word_436">que</word>
   <word id="word_437">reforçar</word>
   <word id="word_438">as</word>
   <word id="word_439">suas</word>
   <word id="word_440">acções</word>
   <word id="word_441">em</word>
   <word id="word_442">Espanha</word>
   <word id="word_443">,</word>
   <word id="word_444">se</word>
   <word id="word_445">quiserem</word>
   <word id="word_446">utilizar</word>
   <word id="word_447">as</word>
   <word id="word_448">capacidades</word>
   <word id="word_449">criadas</word>
   <word id="word_450">em_</word>
   <word id="word_451">a</word>
   <word id="word_452">recente</word>
   <word id="word_453">cimeira</word>
   <word id="word_454">de</word>
   <word id="word_455">Guimarães»</word>
   <word id="word_456">.</word>
   <word id="word_457">João</word>
   <word id="word_458">Flores</word>
   <word id="word_459">disse</word>
   <word id="word_460">que</word>
   <word id="word_461">é</word>
   <word id="word_462">preciso</word>
   <word id="word_463">«dar</word>
   <word id="word_464">realidade</word>
   <word id="word_465">imediata</word>
   <word id="word_466">a</word>
   <word id="word_467">alguns</word>
   <word id="word_468">projectos</word>
   <word id="word_469">como</word>
   <word id="word_470">poderiam</word>
   <word id="word_471">ser</word>
   <word id="word_472">a</word>
   <word id="word_473">abertura</word>
   <word id="word_474">,</word>
   <word id="word_475">em</word>
   <word id="word_476">Madrid</word>
   <word id="word_477">,</word>
   <word id="word_478">de</word>
   <word id="word_479">uma</word>
   <word id="word_480">delegação</word>
   <word id="word_481">de_</word>
   <word id="word_482">o</word>
   <word id="word_483">Banco</word>
   <word id="word_484">de</word>
   <word id="word_485">Fomento</word>
   <word id="word_486">,</word>
   <word id="word_487">a</word>
   <word id="word_488">formação</word>
   <word id="word_489">de</word>
   <word id="word_490">uma</word>
   <word id="word_491">companhia</word>
   <word id="word_492">de</word>
   <word id="word_493">comercialização</word>
   <word id="word_494">de</word>
   <word id="word_495">produtos</word>
   <word id="word_496">portugueses</word>
   <word id="word_497">e</word>
   <word id="word_498">a</word>
   <word id="word_499">inadiável</word>
   <word id="word_500">aquisição</word>
   <word id="word_501">de_</word>
   <word id="word_502">o</word>
   <word id="word_503">edifício</word>
   <word id="word_504">Portugal</word>
   <word id="word_505">para</word>
   <word id="word_506">em</word>
   <word id="word_507">Madrid</word>
   <word id="word_508">concentrar</word>
   <word id="word_509">as</word>
   <word id="word_510">actividades</word>
   <word id="word_511">públicas</word>
   <word id="word_512">e</word>
   <word id="word_513">privadas</word>
   <word id="word_514">portuguesas</word>
   <word id="word_515">.</word>
</words>
