<?xml version="1.0" encoding="UTF-8"?>
<!DOCTYPE words SYSTEM "words.dtd">
<words>
   <word id="word_1">O</word>
   <word id="word_2">FUTURO</word>
   <word id="word_3">de</word>
   <word id="word_4">Macau</word>
   <word id="word_5">esteve</word>
   <word id="word_6">de</word>
   <word id="word_7">novo</word>
   <word id="word_8">em_</word>
   <word id="word_9">a</word>
   <word id="word_10">mesa</word>
   <word id="word_11">de_</word>
   <word id="word_12">as</word>
   <word id="word_13">negociações</word>
   <word id="word_14">que</word>
   <word id="word_15">decorreram</word>
   <word id="word_16">,</word>
   <word id="word_17">durante</word>
   <word id="word_18">dois</word>
   <word id="word_19">dias</word>
   <word id="word_20">,</word>
   <word id="word_21">em_</word>
   <word id="word_22">a</word>
   <word id="word_23">residência</word>
   <word id="word_24">para</word>
   <word id="word_25">hóspedes</word>
   <word id="word_26">oficiais</word>
   <word id="word_27">de_</word>
   <word id="word_28">o</word>
   <word id="word_29">parque</word>
   <word id="word_30">Diaoyutai</word>
   <word id="word_31">,</word>
   <word id="word_32">em</word>
   <word id="word_33">Pequim</word>
   <word id="word_34">.</word>
   <word id="word_35">Após</word>
   <word id="word_36">a</word>
   <word id="word_37">reunião</word>
   <word id="word_38">,</word>
   <word id="word_39">as</word>
   <word id="word_40">delegações</word>
   <word id="word_41">chinesa</word>
   <word id="word_42">e</word>
   <word id="word_43">portuguesa</word>
   <word id="word_44">não</word>
   <word id="word_45">forneceram</word>
   <word id="word_46">pormenores</word>
   <word id="word_47">sobre</word>
   <word id="word_48">o</word>
   <word id="word_49">teor</word>
   <word id="word_50">de_</word>
   <word id="word_51">os</word>
   <word id="word_52">assuntos</word>
   <word id="word_53">tratados</word>
   <word id="word_54">,</word>
   <word id="word_55">esperando</word>
   <word id="word_56">-se</word>
   <word id="word_57">,</word>
   <word id="word_58">para</word>
   <word id="word_59">hoje</word>
   <word id="word_60">,</word>
   <word id="word_61">um</word>
   <word id="word_62">comunicado</word>
   <word id="word_63">oficial</word>
   <word id="word_64">.</word>
   <word id="word_65">Fontes</word>
   <word id="word_66">diplomáticas</word>
   <word id="word_67">indicaram</word>
   <word id="word_68">somente</word>
   <word id="word_69">que</word>
   <word id="word_70">os</word>
   <word id="word_71">dois</word>
   <word id="word_72">países</word>
   <word id="word_73">esperam</word>
   <word id="word_74">poder</word>
   <word id="word_75">concluir</word>
   <word id="word_76">as</word>
   <word id="word_77">negociações</word>
   <word id="word_78">até</word>
   <word id="word_79">final</word>
   <word id="word_80">deste</word>
   <word id="word_81">ano</word>
   <word id="word_82">,</word>
   <word id="word_83">de</word>
   <word id="word_84">forma</word>
   <word id="word_85">a</word>
   <word id="word_86">que</word>
   <word id="word_87">o</word>
   <word id="word_88">acordo</word>
   <word id="word_89">de</word>
   <word id="word_90">transferência</word>
   <word id="word_91">de</word>
   <word id="word_92">soberania</word>
   <word id="word_93">possa</word>
   <word id="word_94">ser</word>
   <word id="word_95">assinado</word>
   <word id="word_96">em</word>
   <word id="word_97">1987</word>
   <word id="word_98">.</word>
   <word id="word_99">Admite</word>
   <word id="word_100">-se</word>
   <word id="word_101">que</word>
   <word id="word_102">,</word>
   <word id="word_103">mediante</word>
   <word id="word_104">este</word>
   <word id="word_105">acordo</word>
   <word id="word_106">,</word>
   <word id="word_107">Macau</word>
   <word id="word_108">passará</word>
   <word id="word_109">a</word>
   <word id="word_110">gozar</word>
   <word id="word_111">de_</word>
   <word id="word_112">o</word>
   <word id="word_113">estatuto</word>
   <word id="word_114">de</word>
   <word id="word_115">«região</word>
   <word id="word_116">administrativa</word>
   <word id="word_117">especial»</word>
   <word id="word_118">de_</word>
   <word id="word_119">a</word>
   <word id="word_120">China</word>
   <word id="word_121">com</word>
   <word id="word_122">direito</word>
   <word id="word_123">a_</word>
   <word id="word_124">o</word>
   <word id="word_125">uso</word>
   <word id="word_126">de</word>
   <word id="word_127">bandeira</word>
   <word id="word_128">local</word>
   <word id="word_129">e</word>
   <word id="word_130">com</word>
   <word id="word_131">um</word>
   <word id="word_132">cônsul-geral</word>
   <word id="word_133">português</word>
   <word id="word_134">.</word>
   <word id="word_135">Para</word>
   <word id="word_136">além</word>
   <word id="word_137">de_</word>
   <word id="word_138">isso</word>
   <word id="word_139">Macau</word>
   <word id="word_140">gozará</word>
   <word id="word_141">de</word>
   <word id="word_142">elevada</word>
   <word id="word_143">margem</word>
   <word id="word_144">de</word>
   <word id="word_145">autonomia</word>
   <word id="word_146">,</word>
   <word id="word_147">durante</word>
   <word id="word_148">o</word>
   <word id="word_149">período</word>
   <word id="word_150">de</word>
   <word id="word_151">transição</word>
   <word id="word_152">,</word>
   <word id="word_153">comprometendo</word>
   <word id="word_154">-se</word>
   <word id="word_155">a</word>
   <word id="word_156">República</word>
   <word id="word_157">Popular</word>
   <word id="word_158">de_</word>
   <word id="word_159">a</word>
   <word id="word_160">China</word>
   <word id="word_161">a</word>
   <word id="word_162">aplicar</word>
   <word id="word_163">em_</word>
   <word id="word_164">o</word>
   <word id="word_165">território</word>
   <word id="word_166">o</word>
   <word id="word_167">princípio</word>
   <word id="word_168">«um</word>
   <word id="word_169">país</word>
   <word id="word_170">dois</word>
   <word id="word_171">sistemas»</word>
   <word id="word_172">,</word>
   <word id="word_173">por_</word>
   <word id="word_174">o</word>
   <word id="word_175">que</word>
   <word id="word_176">a</word>
   <word id="word_177">política</word>
   <word id="word_178">de</word>
   <word id="word_179">cariz</word>
   <word id="word_180">socialista</word>
   <word id="word_181">não</word>
   <word id="word_182">deverá</word>
   <word id="word_183">ser</word>
   <word id="word_184">implementada</word>
   <word id="word_185">.</word>
   <word id="word_186">Todavia</word>
   <word id="word_187">,</word>
   <word id="word_188">os</word>
   <word id="word_189">assuntos</word>
   <word id="word_190">de</word>
   <word id="word_191">defesa</word>
   <word id="word_192">,</word>
   <word id="word_193">segurança</word>
   <word id="word_194">e</word>
   <word id="word_195">relações</word>
   <word id="word_196">externas</word>
   <word id="word_197">de</word>
   <word id="word_198">Macau</word>
   <word id="word_199">passarão</word>
   <word id="word_200">a</word>
   <word id="word_201">ser</word>
   <word id="word_202">de_</word>
   <word id="word_203">a</word>
   <word id="word_204">responsabilidade</word>
   <word id="word_205">chinesa</word>
   <word id="word_206">,</word>
   <word id="word_207">embora</word>
   <word id="word_208">a</word>
   <word id="word_209">região</word>
   <word id="word_210">possa</word>
   <word id="word_211">a</word>
   <word id="word_212">vir</word>
   <word id="word_213">a</word>
   <word id="word_214">ter</word>
   <word id="word_215">autoridade</word>
   <word id="word_216">para</word>
   <word id="word_217">conduzir</word>
   <word id="word_218">as</word>
   <word id="word_219">relações</word>
   <word id="word_220">externas</word>
   <word id="word_221">em</word>
   <word id="word_222">áreas</word>
   <word id="word_223">determinadas</word>
   <word id="word_224">.</word>
   <word id="word_225">Por</word>
   <word id="word_226">outro</word>
   <word id="word_227">lado</word>
   <word id="word_228">,</word>
   <word id="word_229">a</word>
   <word id="word_230">política</word>
   <word id="word_231">financeira</word>
   <word id="word_232">e</word>
   <word id="word_233">fiscal</word>
   <word id="word_234">será</word>
   <word id="word_235">decidida</word>
   <word id="word_236">localmente</word>
   <word id="word_237">,</word>
   <word id="word_238">não</word>
   <word id="word_239">sendo</word>
   <word id="word_240">as</word>
   <word id="word_241">receitas</word>
   <word id="word_242">afectadas</word>
   <word id="word_243">a_</word>
   <word id="word_244">o</word>
   <word id="word_245">Governo</word>
   <word id="word_246">central</word>
   <word id="word_247">de</word>
   <word id="word_248">Pequim</word>
   <word id="word_249">.</word>
   <word id="word_250">Um</word>
   <word id="word_251">de_</word>
   <word id="word_252">os</word>
   <word id="word_253">assuntos</word>
   <word id="word_254">delicados</word>
   <word id="word_255">em_</word>
   <word id="word_256">estas</word>
   <word id="word_257">conversações</word>
   <word id="word_258">está</word>
   <word id="word_259">ligado</word>
   <word id="word_260">a_</word>
   <word id="word_261">os</word>
   <word id="word_262">100</word>
   <word id="word_263">mil</word>
   <word id="word_264">residentes</word>
   <word id="word_265">de</word>
   <word id="word_266">origem</word>
   <word id="word_267">chinesa</word>
   <word id="word_268">possuidores</word>
   <word id="word_269">de</word>
   <word id="word_270">passaporte</word>
   <word id="word_271">ordinário</word>
   <word id="word_272">português</word>
   <word id="word_273">.</word>
   <word id="word_274">A</word>
   <word id="word_275">este</word>
   <word id="word_276">propósito</word>
   <word id="word_277">,</word>
   <word id="word_278">as</word>
   <word id="word_279">autoridades</word>
   <word id="word_280">de</word>
   <word id="word_281">Lisboa</word>
   <word id="word_282">têm</word>
   <word id="word_283">afirmado</word>
   <word id="word_284">,</word>
   <word id="word_285">repetidamente</word>
   <word id="word_286">,</word>
   <word id="word_287">que</word>
   <word id="word_288">honrarão</word>
   <word id="word_289">as</word>
   <word id="word_290">suas</word>
   <word id="word_291">obrigações</word>
   <word id="word_292">para</word>
   <word id="word_293">com</word>
   <word id="word_294">os</word>
   <word id="word_295">portugueses</word>
   <word id="word_296">que</word>
   <word id="word_297">desejem</word>
   <word id="word_298">manter</word>
   <word id="word_299">a</word>
   <word id="word_300">nacionalidade</word>
   <word id="word_301">.</word>
   <word id="word_302">Divergente</word>
   <word id="word_303">é</word>
   <word id="word_304">,</word>
   <word id="word_305">contudo</word>
   <word id="word_306">,</word>
   <word id="word_307">a</word>
   <word id="word_308">posição</word>
   <word id="word_309">de_</word>
   <word id="word_310">a</word>
   <word id="word_311">China</word>
   <word id="word_312">,</word>
   <word id="word_313">a_</word>
   <word id="word_314">o</word>
   <word id="word_315">adoptar</word>
   <word id="word_316">uma</word>
   <word id="word_317">atitude</word>
   <word id="word_318">rígida</word>
   <word id="word_319">em_</word>
   <word id="word_320">esta</word>
   <word id="word_321">matéria</word>
   <word id="word_322">,</word>
   <word id="word_323">uma</word>
   <word id="word_324">vez</word>
   <word id="word_325">que</word>
   <word id="word_326">tem</word>
   <word id="word_327">como</word>
   <word id="word_328">certo</word>
   <word id="word_329">que</word>
   <word id="word_330">um</word>
   <word id="word_331">indivíduo</word>
   <word id="word_332">de</word>
   <word id="word_333">raça</word>
   <word id="word_334">chinesa</word>
   <word id="word_335">é</word>
   <word id="word_336">chinês</word>
   <word id="word_337">de</word>
   <word id="word_338">nacionalidade</word>
   <word id="word_339">.</word>
</words>
