<?xml version="1.0" encoding="UTF-8"?>
<!DOCTYPE words SYSTEM "words.dtd">
<words>
   <word id="word_1">O</word>
   <word id="word_2">PRESIDENTE</word>
   <word id="word_3">François</word>
   <word id="word_4">Mitterrand</word>
   <word id="word_5">e</word>
   <word id="word_6">o</word>
   <word id="word_7">novo</word>
   <word id="word_8">primeiro-ministro</word>
   <word id="word_9">Jacques</word>
   <word id="word_10">Chirac</word>
   <word id="word_11">estão</word>
   <word id="word_12">em</word>
   <word id="word_13">pé</word>
   <word id="word_14">de</word>
   <word id="word_15">igualdade</word>
   <word id="word_16">em_</word>
   <word id="word_17">o</word>
   <word id="word_18">que</word>
   <word id="word_19">respeita</word>
   <word id="word_20">a</word>
   <word id="word_21">popularidade</word>
   <word id="word_22">junto</word>
   <word id="word_23">de_</word>
   <word id="word_24">o</word>
   <word id="word_25">eleitorado</word>
   <word id="word_26">francês</word>
   <word id="word_27">,</word>
   <word id="word_28">revela</word>
   <word id="word_29">uma</word>
   <word id="word_30">sondagem</word>
   <word id="word_31">divulgada</word>
   <word id="word_32">em</word>
   <word id="word_33">Paris</word>
   <word id="word_34">.</word>
   <word id="word_35">A</word>
   <word id="word_36">sondagem</word>
   <word id="word_37">que</word>
   <word id="word_38">é</word>
   <word id="word_39">publicada</word>
   <word id="word_40">por_</word>
   <word id="word_41">o</word>
   <word id="word_42">semanário</word>
   <word id="word_43">Le</word>
   <word id="word_44">Journal</word>
   <word id="word_45">de</word>
   <word id="word_46">Dimanche</word>
   <word id="word_47">mostra</word>
   <word id="word_48">que</word>
   <word id="word_49">o</word>
   <word id="word_50">Presidente</word>
   <word id="word_51">socialista</word>
   <word id="word_52">e</word>
   <word id="word_53">o</word>
   <word id="word_54">seu</word>
   <word id="word_55">primeiro-ministro</word>
   <word id="word_56">direitista</word>
   <word id="word_57">recolheram</word>
   <word id="word_58">opiniões</word>
   <word id="word_59">favoráveis</word>
   <word id="word_60">de</word>
   <word id="word_61">48</word>
   <word id="word_62">por</word>
   <word id="word_63">cento</word>
   <word id="word_64">de_</word>
   <word id="word_65">as</word>
   <word id="word_66">803</word>
   <word id="word_67">pessoas</word>
   <word id="word_68">interrogadas</word>
   <word id="word_69">.</word>
   <word id="word_70">O</word>
   <word id="word_71">inquérito</word>
   <word id="word_72">foi</word>
   <word id="word_73">realizado</word>
   <word id="word_74">depois</word>
   <word id="word_75">,</word>
   <word id="word_76">de_</word>
   <word id="word_77">as</word>
   <word id="word_78">eleições</word>
   <word id="word_79">legilativas</word>
   <word id="word_80">que</word>
   <word id="word_81">em_</word>
   <word id="word_82">o</word>
   <word id="word_83">domingo</word>
   <word id="word_84">passado</word>
   <word id="word_85">,</word>
   <word id="word_86">deram</word>
   <word id="word_87">uma</word>
   <word id="word_88">larga</word>
   <word id="word_89">maioria</word>
   <word id="word_90">a_</word>
   <word id="word_91">a</word>
   <word id="word_92">direita</word>
   <word id="word_93">francesa</word>
   <word id="word_94">.</word>
   <word id="word_95">Chirac</word>
   <word id="word_96">,</word>
   <word id="word_97">que</word>
   <word id="word_98">tomou</word>
   <word id="word_99">posse</word>
   <word id="word_100">como</word>
   <word id="word_101">primeiro-ministro</word>
   <word id="word_102">em_</word>
   <word id="word_103">a</word>
   <word id="word_104">quinta-feira</word>
   <word id="word_105">,</word>
   <word id="word_106">obteve</word>
   <word id="word_107">apenas</word>
   <word id="word_108">36</word>
   <word id="word_109">por</word>
   <word id="word_110">cento</word>
   <word id="word_111">de</word>
   <word id="word_112">votos</word>
   <word id="word_113">favoráveis</word>
   <word id="word_114">em_</word>
   <word id="word_115">uma</word>
   <word id="word_116">sondagem</word>
   <word id="word_117">similar</word>
   <word id="word_118">em_</word>
   <word id="word_119">o</word>
   <word id="word_120">mês</word>
   <word id="word_121">passado</word>
   <word id="word_122">,</word>
   <word id="word_123">enquanto</word>
   <word id="word_124">Miterrand</word>
   <word id="word_125">suscitou</word>
   <word id="word_126">43</word>
   <word id="word_127">por</word>
   <word id="word_128">cento</word>
   <word id="word_129">de</word>
   <word id="word_130">opiniões</word>
   <word id="word_131">bem</word>
   <word id="word_132">impressionadas</word>
   <word id="word_133">.</word>
   <word id="word_134">Entretanto</word>
   <word id="word_135">,</word>
   <word id="word_136">um</word>
   <word id="word_137">incêndio</word>
   <word id="word_138">de</word>
   <word id="word_139">origem</word>
   <word id="word_140">criminosa</word>
   <word id="word_141">destruiu</word>
   <word id="word_142">a</word>
   <word id="word_143">noite</word>
   <word id="word_144">passada</word>
   <word id="word_145">a</word>
   <word id="word_146">sede</word>
   <word id="word_147">de_</word>
   <word id="word_148">o</word>
   <word id="word_149">Partido</word>
   <word id="word_150">Comunista</word>
   <word id="word_151">Francês</word>
   <word id="word_152">em_</word>
   <word id="word_153">a</word>
   <word id="word_154">localidade</word>
   <word id="word_155">de</word>
   <word id="word_156">Livry-Gargand</word>
   <word id="word_157">,</word>
   <word id="word_158">em_</word>
   <word id="word_159">os</word>
   <word id="word_160">arredores</word>
   <word id="word_161">de</word>
   <word id="word_162">Paris</word>
   <word id="word_163">,</word>
   <word id="word_164">confirmou</word>
   <word id="word_165">a</word>
   <word id="word_166">Polícia</word>
   <word id="word_167">local</word>
   <word id="word_168">.</word>
   <word id="word_169">Segundo</word>
   <word id="word_170">uma</word>
   <word id="word_171">testemunha</word>
   <word id="word_172">ocular</word>
   <word id="word_173">,</word>
   <word id="word_174">o</word>
   <word id="word_175">fogo</word>
   <word id="word_176">foi</word>
   <word id="word_177">ateado</word>
   <word id="word_178">por</word>
   <word id="word_179">cinco</word>
   <word id="word_180">homens</word>
   <word id="word_181">que</word>
   <word id="word_182">chegaram</word>
   <word id="word_183">a_</word>
   <word id="word_184">o</word>
   <word id="word_185">local</word>
   <word id="word_186">a_</word>
   <word id="word_187">as</word>
   <word id="word_188">três</word>
   <word id="word_189">horas</word>
   <word id="word_190">,</word>
   <word id="word_191">em</word>
   <word id="word_192">dois</word>
   <word id="word_193">carros</word>
   <word id="word_194">.</word>
   <word id="word_195">Por</word>
   <word id="word_196">outro</word>
   <word id="word_197">lado</word>
   <word id="word_198">,</word>
   <word id="word_199">três</word>
   <word id="word_200">bombas</word>
   <word id="word_201">explodiram</word>
   <word id="word_202">em_</word>
   <word id="word_203">a</word>
   <word id="word_204">madrugada</word>
   <word id="word_205">de</word>
   <word id="word_206">ontem</word>
   <word id="word_207">em_</word>
   <word id="word_208">um</word>
   <word id="word_209">hotel</word>
   <word id="word_210">de_</word>
   <word id="word_211">os</word>
   <word id="word_212">arredores</word>
   <word id="word_213">de</word>
   <word id="word_214">Ajaccio</word>
   <word id="word_215">,</word>
   <word id="word_216">capital</word>
   <word id="word_217">de_</word>
   <word id="word_218">o</word>
   <word id="word_219">Norte</word>
   <word id="word_220">de_</word>
   <word id="word_221">a</word>
   <word id="word_222">ilha</word>
   <word id="word_223">de</word>
   <word id="word_224">Córsega</word>
   <word id="word_225">,</word>
   <word id="word_226">causando</word>
   <word id="word_227">importantes</word>
   <word id="word_228">danos</word>
   <word id="word_229">materiais</word>
   <word id="word_230">.</word>
   <word id="word_231">As</word>
   <word id="word_232">três</word>
   <word id="word_233">explosões</word>
   <word id="word_234">,</word>
   <word id="word_235">que</word>
   <word id="word_236">não</word>
   <word id="word_237">causaram</word>
   <word id="word_238">vítimas</word>
   <word id="word_239">,</word>
   <word id="word_240">ocorreram</word>
   <word id="word_241">com</word>
   <word id="word_242">escassos</word>
   <word id="word_243">minutos</word>
   <word id="word_244">de</word>
   <word id="word_245">intervalo</word>
   <word id="word_246">,</word>
   <word id="word_247">pouco</word>
   <word id="word_248">antes</word>
   <word id="word_249">de_</word>
   <word id="word_250">a</word>
   <word id="word_251">meia-noite</word>
   <word id="word_252">e</word>
   <word id="word_253">provocaram</word>
   <word id="word_254">um</word>
   <word id="word_255">incêndio</word>
   <word id="word_256">.</word>
</words>
