<?xml version="1.0" encoding="UTF-8"?>
<!DOCTYPE words SYSTEM "words.dtd">
<words>
   <word id="word_1">A</word>
   <word id="word_2">FUNDAÇÃO</word>
   <word id="word_3">Luso-Americana</word>
   <word id="word_4">financiará</word>
   <word id="word_5">em_</word>
   <word id="word_6">o</word>
   <word id="word_7">próximo</word>
   <word id="word_8">ano</word>
   <word id="word_9">cerca</word>
   <word id="word_10">de</word>
   <word id="word_11">duas</word>
   <word id="word_12">dezenas</word>
   <word id="word_13">de</word>
   <word id="word_14">projectos</word>
   <word id="word_15">em_</word>
   <word id="word_16">um</word>
   <word id="word_17">montante</word>
   <word id="word_18">que</word>
   <word id="word_19">poderá</word>
   <word id="word_20">ascender</word>
   <word id="word_21">a</word>
   <word id="word_22">15</word>
   <word id="word_23">milhões</word>
   <word id="word_24">de</word>
   <word id="word_25">contos</word>
   <word id="word_26">,</word>
   <word id="word_27">revelou</word>
   <word id="word_28">ontem</word>
   <word id="word_29">o</word>
   <word id="word_30">presidente</word>
   <word id="word_31">de_</word>
   <word id="word_32">o</word>
   <word id="word_33">seu</word>
   <word id="word_34">conselho</word>
   <word id="word_35">directivo</word>
   <word id="word_36">,</word>
   <word id="word_37">Rui</word>
   <word id="word_38">Mateus</word>
   <word id="word_39">,</word>
   <word id="word_40">durante</word>
   <word id="word_41">um</word>
   <word id="word_42">almoço</word>
   <word id="word_43">promovido</word>
   <word id="word_44">por_</word>
   <word id="word_45">o</word>
   <word id="word_46">American</word>
   <word id="word_47">Clube</word>
   <word id="word_48">.</word>
   <word id="word_49">Durante</word>
   <word id="word_50">a</word>
   <word id="word_51">sua</word>
   <word id="word_52">exposição</word>
   <word id="word_53">,</word>
   <word id="word_54">Rui</word>
   <word id="word_55">Mateus</word>
   <word id="word_56">traçou</word>
   <word id="word_57">as</word>
   <word id="word_58">linhas</word>
   <word id="word_59">gerais</word>
   <word id="word_60">de_</word>
   <word id="word_61">o</word>
   <word id="word_62">programa</word>
   <word id="word_63">de</word>
   <word id="word_64">acção</word>
   <word id="word_65">de_</word>
   <word id="word_66">a</word>
   <word id="word_67">Fundação</word>
   <word id="word_68">Luso-Americana</word>
   <word id="word_69">sublinhando</word>
   <word id="word_70">que</word>
   <word id="word_71">a</word>
   <word id="word_72">intenção</word>
   <word id="word_73">de_</word>
   <word id="word_74">os</word>
   <word id="word_75">governos</word>
   <word id="word_76">norte-americanos</word>
   <word id="word_77">e</word>
   <word id="word_78">português</word>
   <word id="word_79">,</word>
   <word id="word_80">a_</word>
   <word id="word_81">o</word>
   <word id="word_82">dotarem</word>
   <word id="word_83">a</word>
   <word id="word_84">instituição</word>
   <word id="word_85">com</word>
   <word id="word_86">elevados</word>
   <word id="word_87">recursos</word>
   <word id="word_88">financeiros</word>
   <word id="word_89">,</word>
   <word id="word_90">foi</word>
   <word id="word_91">a</word>
   <word id="word_92">de</word>
   <word id="word_93">garantir</word>
   <word id="word_94">a</word>
   <word id="word_95">sua</word>
   <word id="word_96">capacidade</word>
   <word id="word_97">de</word>
   <word id="word_98">intervenção</word>
   <word id="word_99">em_</word>
   <word id="word_100">a</word>
   <word id="word_101">área</word>
   <word id="word_102">de_</word>
   <word id="word_103">o</word>
   <word id="word_104">desenvolvimento</word>
   <word id="word_105">de_</word>
   <word id="word_106">as</word>
   <word id="word_107">nossas</word>
   <word id="word_108">estruturas</word>
   <word id="word_109">.</word>
   <word id="word_110">Fora</word>
   <word id="word_111">de_</word>
   <word id="word_112">o</word>
   <word id="word_113">âmbito</word>
   <word id="word_114">de</word>
   <word id="word_115">acção</word>
   <word id="word_116">de_</word>
   <word id="word_117">a</word>
   <word id="word_118">Fundação</word>
   <word id="word_119">estão</word>
   <word id="word_120">,</word>
   <word id="word_121">segundo</word>
   <word id="word_122">Rui</word>
   <word id="word_123">Mateus</word>
   <word id="word_124">,</word>
   <word id="word_125">todos</word>
   <word id="word_126">os</word>
   <word id="word_127">apoios</word>
   <word id="word_128">directos</word>
   <word id="word_129">ou</word>
   <word id="word_130">indirectos</word>
   <word id="word_131">a</word>
   <word id="word_132">actividades</word>
   <word id="word_133">«político-partidárias»</word>
   <word id="word_134">,</word>
   <word id="word_135">a</word>
   <word id="word_136">manutenção</word>
   <word id="word_137">de</word>
   <word id="word_138">organizações</word>
   <word id="word_139">ou</word>
   <word id="word_140">de_</word>
   <word id="word_141">os</word>
   <word id="word_142">seus</word>
   <word id="word_143">custos</word>
   <word id="word_144">de</word>
   <word id="word_145">operação</word>
   <word id="word_146">,</word>
   <word id="word_147">as</word>
   <word id="word_148">actividades</word>
   <word id="word_149">de_</word>
   <word id="word_150">o</word>
   <word id="word_151">tipo</word>
   <word id="word_152">caritativo</word>
   <word id="word_153">e</word>
   <word id="word_154">ainda</word>
   <word id="word_155">as</word>
   <word id="word_156">aplicações</word>
   <word id="word_157">de</word>
   <word id="word_158">fundos</word>
   <word id="word_159">que</word>
   <word id="word_160">originem</word>
   <word id="word_161">envolvimento</word>
   <word id="word_162">em</word>
   <word id="word_163">«custos</word>
   <word id="word_164">de</word>
   <word id="word_165">construção</word>
   <word id="word_166">civil»</word>
   <word id="word_167">.</word>
   <word id="word_168">Em</word>
   <word id="word_169">contrapartida</word>
   <word id="word_170">são</word>
   <word id="word_171">consideradas</word>
   <word id="word_172">prioritárias</word>
   <word id="word_173">as</word>
   <word id="word_174">acções</word>
   <word id="word_175">de</word>
   <word id="word_176">apoio</word>
   <word id="word_177">a</word>
   <word id="word_178">iniciativas</word>
   <word id="word_179">que</word>
   <word id="word_180">conduzam</word>
   <word id="word_181">a_</word>
   <word id="word_182">o</word>
   <word id="word_183">aumento</word>
   <word id="word_184">de_</word>
   <word id="word_185">o</word>
   <word id="word_186">investimento</word>
   <word id="word_187">;</word>
   <word id="word_188">a_</word>
   <word id="word_189">a</word>
   <word id="word_190">cooperação</word>
   <word id="word_191">entre</word>
   <word id="word_192">empresários</word>
   <word id="word_193">portugueses</word>
   <word id="word_194">e</word>
   <word id="word_195">norte-americanos</word>
   <word id="word_196">;</word>
   <word id="word_197">a_</word>
   <word id="word_198">a</word>
   <word id="word_199">promoção</word>
   <word id="word_200">de</word>
   <word id="word_201">exportações</word>
   <word id="word_202">portuguesas</word>
   <word id="word_203">(</word>
   <word id="word_204">sobretudo</word>
   <word id="word_205">de</word>
   <word id="word_206">produtos</word>
   <word id="word_207">não</word>
   <word id="word_208">tradicionais</word>
   <word id="word_209">)</word>
   <word id="word_210">e</word>
   <word id="word_211">a_</word>
   <word id="word_212">a</word>
   <word id="word_213">expansão</word>
   <word id="word_214">de_</word>
   <word id="word_215">o</word>
   <word id="word_216">mercado</word>
   <word id="word_217">de</word>
   <word id="word_218">capitais</word>
   <word id="word_219">.</word>
   <word id="word_220">Quanto</word>
   <word id="word_221">a_</word>
   <word id="word_222">os</word>
   <word id="word_223">critérios</word>
   <word id="word_224">definidos</word>
   <word id="word_225">para</word>
   <word id="word_226">aprovação</word>
   <word id="word_227">de</word>
   <word id="word_228">projectos</word>
   <word id="word_229">(</word>
   <word id="word_230">de_</word>
   <word id="word_231">os</word>
   <word id="word_232">duzentos</word>
   <word id="word_233">apresentados</word>
   <word id="word_234">a_</word>
   <word id="word_235">a</word>
   <word id="word_236">Fundação</word>
   <word id="word_237">foram</word>
   <word id="word_238">aprovados</word>
   <word id="word_239">duas</word>
   <word id="word_240">dezenas</word>
   <word id="word_241">)</word>
   <word id="word_242">o</word>
   <word id="word_243">orador</word>
   <word id="word_244">sublinhou</word>
   <word id="word_245">que</word>
   <word id="word_246">a</word>
   <word id="word_247">fase</word>
   <word id="word_248">de</word>
   <word id="word_249">apoio</word>
   <word id="word_250">não</word>
   <word id="word_251">deverá</word>
   <word id="word_252">exceder</word>
   <word id="word_253">os</word>
   <word id="word_254">dois</word>
   <word id="word_255">ou</word>
   <word id="word_256">três</word>
   <word id="word_257">anos</word>
   <word id="word_258">,</word>
   <word id="word_259">admitindo</word>
   <word id="word_260">-se</word>
   <word id="word_261">que</word>
   <word id="word_262">os</word>
   <word id="word_263">projectos</word>
   <word id="word_264">se</word>
   <word id="word_265">tornem</word>
   <word id="word_266">auto-financiáveis</word>
   <word id="word_267">a</word>
   <word id="word_268">partir</word>
   <word id="word_269">de_</word>
   <word id="word_270">o</word>
   <word id="word_271">sexto</word>
   <word id="word_272">ano</word>
   <word id="word_273">.</word>
</words>
