<?xml version="1.0" encoding="UTF-8"?>
<!DOCTYPE words SYSTEM "words.dtd">
<words>
   <word id="word_1">CERCA</word>
   <word id="word_2">DE</word>
   <word id="word_3">900</word>
   <word id="word_4">estudantes</word>
   <word id="word_5">sul-coreanos</word>
   <word id="word_6">ocuparam</word>
   <word id="word_7">ontem</word>
   <word id="word_8">duas</word>
   <word id="word_9">bibliotecas</word>
   <word id="word_10">em</word>
   <word id="word_11">Pusan</word>
   <word id="word_12">,</word>
   <word id="word_13">depois</word>
   <word id="word_14">de</word>
   <word id="word_15">confrontos</word>
   <word id="word_16">com</word>
   <word id="word_17">a</word>
   <word id="word_18">Polícia</word>
   <word id="word_19">para</word>
   <word id="word_20">pôr</word>
   <word id="word_21">fim</word>
   <word id="word_22">a</word>
   <word id="word_23">uma</word>
   <word id="word_24">revolta</word>
   <word id="word_25">em_</word>
   <word id="word_26">uma</word>
   <word id="word_27">Universidade</word>
   <word id="word_28">de</word>
   <word id="word_29">Seul</word>
   <word id="word_30">,</word>
   <word id="word_31">revelaram</word>
   <word id="word_32">testemunhas</word>
   <word id="word_33">.</word>
   <word id="word_34">Os</word>
   <word id="word_35">estudantes</word>
   <word id="word_36">barricaram</word>
   <word id="word_37">-se</word>
   <word id="word_38">em</word>
   <word id="word_39">duas</word>
   <word id="word_40">Universidades</word>
   <word id="word_41">de</word>
   <word id="word_42">Pusan</word>
   <word id="word_43">,</word>
   <word id="word_44">em_</word>
   <word id="word_45">o</word>
   <word id="word_46">Sudueste</word>
   <word id="word_47">de_</word>
   <word id="word_48">a</word>
   <word id="word_49">Coreia</word>
   <word id="word_50">de_</word>
   <word id="word_51">o</word>
   <word id="word_52">Sul</word>
   <word id="word_53">,</word>
   <word id="word_54">para</word>
   <word id="word_55">protestarem</word>
   <word id="word_56">contra</word>
   <word id="word_57">o</word>
   <word id="word_58">fim</word>
   <word id="word_59">violento</word>
   <word id="word_60">de_</word>
   <word id="word_61">a</word>
   <word id="word_62">revolta</word>
   <word id="word_63">em_</word>
   <word id="word_64">a</word>
   <word id="word_65">capital</word>
   <word id="word_66">.</word>
   <word id="word_67">Por_</word>
   <word id="word_68">o</word>
   <word id="word_69">menos</word>
   <word id="word_70">70</word>
   <word id="word_71">estudantes</word>
   <word id="word_72">ficaram</word>
   <word id="word_73">feridos</word>
   <word id="word_74">-</word>
   <word id="word_75">de</word>
   <word id="word_76">acordo</word>
   <word id="word_77">com</word>
   <word id="word_78">testemunhas</word>
   <word id="word_79">.</word>
   <word id="word_80">Segundo</word>
   <word id="word_81">um</word>
   <word id="word_82">porta-voz</word>
   <word id="word_83">de_</word>
   <word id="word_84">a</word>
   <word id="word_85">Polícia</word>
   <word id="word_86">,</word>
   <word id="word_87">ficaram</word>
   <word id="word_88">feridos</word>
   <word id="word_89">42</word>
   <word id="word_90">estudantes</word>
   <word id="word_91">,</word>
   <word id="word_92">38</word>
   <word id="word_93">polícias</word>
   <word id="word_94">e</word>
   <word id="word_95">dois</word>
   <word id="word_96">bombeiros</word>
   <word id="word_97">.</word>
   <word id="word_98">Os</word>
   <word id="word_99">estudantes</word>
   <word id="word_100">ocupavam</word>
   <word id="word_101">cinco</word>
   <word id="word_102">edifícios</word>
   <word id="word_103">de_</word>
   <word id="word_104">a</word>
   <word id="word_105">Universidade</word>
   <word id="word_106">de</word>
   <word id="word_107">Konkuk</word>
   <word id="word_108">,</word>
   <word id="word_109">em_</word>
   <word id="word_110">o</word>
   <word id="word_111">Leste</word>
   <word id="word_112">de</word>
   <word id="word_113">Seul</word>
   <word id="word_114">,</word>
   <word id="word_115">desde</word>
   <word id="word_116">terça-feira</word>
   <word id="word_117">e</word>
   <word id="word_118">mantinham</word>
   <word id="word_119">a</word>
   <word id="word_120">Polícia</word>
   <word id="word_121">a_</word>
   <word id="word_122">a</word>
   <word id="word_123">distância</word>
   <word id="word_124">com</word>
   <word id="word_125">pedras</word>
   <word id="word_126">e</word>
   <word id="word_127">bombas</word>
   <word id="word_128">incendiárias</word>
   <word id="word_129">,</word>
   <word id="word_130">até</word>
   <word id="word_131">que</word>
   <word id="word_132">uma</word>
   <word id="word_133">força</word>
   <word id="word_134">de</word>
   <word id="word_135">choque</word>
   <word id="word_136">de</word>
   <word id="word_137">sete</word>
   <word id="word_138">mil</word>
   <word id="word_139">polícias</word>
   <word id="word_140">pôs</word>
   <word id="word_141">ontem</word>
   <word id="word_142">fim</word>
   <word id="word_143">a_</word>
   <word id="word_144">a</word>
   <word id="word_145">sua</word>
   <word id="word_146">resistência</word>
   <word id="word_147">.</word>
   <word id="word_148">A</word>
   <word id="word_149">Polícia</word>
   <word id="word_150">deteve</word>
   <word id="word_151">1185</word>
   <word id="word_152">estudantes</word>
   <word id="word_153">de_</word>
   <word id="word_154">os</word>
   <word id="word_155">quais</word>
   <word id="word_156">394</word>
   <word id="word_157">mulheres</word>
   <word id="word_158">que</word>
   <word id="word_159">se</word>
   <word id="word_160">juntam</word>
   <word id="word_161">a</word>
   <word id="word_162">262</word>
   <word id="word_163">detidos</word>
   <word id="word_164">anteriormente</word>
   <word id="word_165">em_</word>
   <word id="word_166">o</word>
   <word id="word_167">protesto</word>
   <word id="word_168">contra</word>
   <word id="word_169">o</word>
   <word id="word_170">Presidente</word>
   <word id="word_171">Chun</word>
   <word id="word_172">Doo</word>
   <word id="word_173">Hwan</word>
   <word id="word_174">.</word>
   <word id="word_175">Os</word>
   <word id="word_176">estudantes</word>
   <word id="word_177">,</word>
   <word id="word_178">acusados</word>
   <word id="word_179">por_</word>
   <word id="word_180">o</word>
   <word id="word_181">Governo</word>
   <word id="word_182">de</word>
   <word id="word_183">serem</word>
   <word id="word_184">simpatizantes</word>
   <word id="word_185">de_</word>
   <word id="word_186">o</word>
   <word id="word_187">comunismo</word>
   <word id="word_188">,</word>
   <word id="word_189">empilharam</word>
   <word id="word_190">mobiliários</word>
   <word id="word_191">em_</word>
   <word id="word_192">as</word>
   <word id="word_193">escadas</word>
   <word id="word_194">e</word>
   <word id="word_195">deitaram</word>
   <word id="word_196">-lhe</word>
   <word id="word_197">fogo</word>
   <word id="word_198">para</word>
   <word id="word_199">impedir</word>
   <word id="word_200">o</word>
   <word id="word_201">avanço</word>
   <word id="word_202">de_</word>
   <word id="word_203">as</word>
   <word id="word_204">forças</word>
   <word id="word_205">policiais</word>
   <word id="word_206">,</word>
   <word id="word_207">enquanto</word>
   <word id="word_208">subiram</word>
   <word id="word_209">a_</word>
   <word id="word_210">o</word>
   <word id="word_211">telhado</word>
   <word id="word_212">de_</word>
   <word id="word_213">o</word>
   <word id="word_214">edifício</word>
   <word id="word_215">para</word>
   <word id="word_216">lançar</word>
   <word id="word_217">pedras</word>
   <word id="word_218">e</word>
   <word id="word_219">bombas</word>
   <word id="word_220">incendiárias</word>
   <word id="word_221">sobre</word>
   <word id="word_222">a</word>
   <word id="word_223">Polícia</word>
   <word id="word_224">.</word>
   <word id="word_225">Os</word>
   <word id="word_226">confrontos</word>
   <word id="word_227">,</word>
   <word id="word_228">entre</word>
   <word id="word_229">estudantes</word>
   <word id="word_230">,</word>
   <word id="word_231">que</word>
   <word id="word_232">apelavam</word>
   <word id="word_233">a_</word>
   <word id="word_234">a</word>
   <word id="word_235">reunificação</word>
   <word id="word_236">de_</word>
   <word id="word_237">a</word>
   <word id="word_238">Coreia</word>
   <word id="word_239">,</word>
   <word id="word_240">e</word>
   <word id="word_241">a</word>
   <word id="word_242">Polícia</word>
   <word id="word_243">de</word>
   <word id="word_244">choque</word>
   <word id="word_245">,</word>
   <word id="word_246">duraram</word>
   <word id="word_247">cerca</word>
   <word id="word_248">de</word>
   <word id="word_249">90</word>
   <word id="word_250">minutos</word>
   <word id="word_251">.</word>
   <word id="word_252">Posteriormente</word>
   <word id="word_253">,</word>
   <word id="word_254">o</word>
   <word id="word_255">Ministério</word>
   <word id="word_256">de_</word>
   <word id="word_257">a</word>
   <word id="word_258">Educação</word>
   <word id="word_259">sul-coreano</word>
   <word id="word_260">ameaçou</word>
   <word id="word_261">suspender</word>
   <word id="word_262">futuramente</word>
   <word id="word_263">as</word>
   <word id="word_264">aulas</word>
   <word id="word_265">em</word>
   <word id="word_266">qualquer</word>
   <word id="word_267">universidade</word>
   <word id="word_268">«afectada</word>
   <word id="word_269">por</word>
   <word id="word_270">distúrbios</word>
   <word id="word_271">,</word>
   <word id="word_272">em</word>
   <word id="word_273">particular</word>
   <word id="word_274">por</word>
   <word id="word_275">simpatizantes</word>
   <word id="word_276">de_</word>
   <word id="word_277">a</word>
   <word id="word_278">Coreia</word>
   <word id="word_279">de_</word>
   <word id="word_280">o</word>
   <word id="word_281">Norte»</word>
   <word id="word_282">.</word>
</words>
