<?xml version="1.0" encoding="UTF-8"?>
<!DOCTYPE words SYSTEM "words.dtd">
<words>
   <word id="word_1">A</word>
   <word id="word_2">NASA</word>
   <word id="word_3">vai</word>
   <word id="word_4">autorizar</word>
   <word id="word_5">uma</word>
   <word id="word_6">companhia</word>
   <word id="word_7">privada</word>
   <word id="word_8">de</word>
   <word id="word_9">foguetões</word>
   <word id="word_10">a</word>
   <word id="word_11">utilizar</word>
   <word id="word_12">uma</word>
   <word id="word_13">base</word>
   <word id="word_14">de_</word>
   <word id="word_15">a</word>
   <word id="word_16">Virgínia</word>
   <word id="word_17">para</word>
   <word id="word_18">lançar</word>
   <word id="word_19">satélites</word>
   <word id="word_20">,</word>
   <word id="word_21">alguns</word>
   <word id="word_22">de_</word>
   <word id="word_23">os</word>
   <word id="word_24">quais</word>
   <word id="word_25">podem</word>
   <word id="word_26">transportar</word>
   <word id="word_27">restos</word>
   <word id="word_28">mortais</word>
   <word id="word_29">cremados</word>
   <word id="word_30">de</word>
   <word id="word_31">milhares</word>
   <word id="word_32">de</word>
   <word id="word_33">pessoas</word>
   <word id="word_34">para</word>
   <word id="word_35">um</word>
   <word id="word_36">enterro</word>
   <word id="word_37">em_</word>
   <word id="word_38">o</word>
   <word id="word_39">espaço</word>
   <word id="word_40">.</word>
   <word id="word_41">A</word>
   <word id="word_42">NASA</word>
   <word id="word_43">e</word>
   <word id="word_44">a</word>
   <word id="word_45">Space</word>
   <word id="word_46">Services</word>
   <word id="word_47">Inc</word>
   <word id="word_48">.</word>
   <word id="word_49">of</word>
   <word id="word_50">AmericaR</word>
   <word id="word_51">,</word>
   <word id="word_52">com</word>
   <word id="word_53">sede</word>
   <word id="word_54">em</word>
   <word id="word_55">Houston</word>
   <word id="word_56">e</word>
   <word id="word_57">dirigida</word>
   <word id="word_58">por_</word>
   <word id="word_59">o</word>
   <word id="word_60">antigo</word>
   <word id="word_61">astronauta</word>
   <word id="word_62">Donald</word>
   <word id="word_63">Slayton</word>
   <word id="word_64">,</word>
   <word id="word_65">chegaram</word>
   <word id="word_66">a</word>
   <word id="word_67">acordo</word>
   <word id="word_68">relativamente</word>
   <word id="word_69">a_</word>
   <word id="word_70">os</word>
   <word id="word_71">termos</word>
   <word id="word_72">gerais</word>
   <word id="word_73">de_</word>
   <word id="word_74">a</word>
   <word id="word_75">utilização</word>
   <word id="word_76">de_</word>
   <word id="word_77">as</word>
   <word id="word_78">instalações</word>
   <word id="word_79">de_</word>
   <word id="word_80">a</word>
   <word id="word_81">ilha</word>
   <word id="word_82">de</word>
   <word id="word_83">Wallops</word>
   <word id="word_84">para</word>
   <word id="word_85">os</word>
   <word id="word_86">pequenos</word>
   <word id="word_87">foguetões</word>
   <word id="word_88">de_</word>
   <word id="word_89">a</word>
   <word id="word_90">companhia</word>
   <word id="word_91">.</word>
   <word id="word_92">O</word>
   <word id="word_93">primeiro</word>
   <word id="word_94">voo</word>
   <word id="word_95">de_</word>
   <word id="word_96">os</word>
   <word id="word_97">foguetões</word>
   <word id="word_98">de</word>
   <word id="word_99">dois</word>
   <word id="word_100">andares</word>
   <word id="word_101">pode</word>
   <word id="word_102">ser</word>
   <word id="word_103">efectuado</word>
   <word id="word_104">ainda</word>
   <word id="word_105">em</word>
   <word id="word_106">1987</word>
   <word id="word_107">,</word>
   <word id="word_108">seguido</word>
   <word id="word_109">por</word>
   <word id="word_110">outros</word>
   <word id="word_111">dois</word>
   <word id="word_112">ou</word>
   <word id="word_113">três</word>
   <word id="word_114">marcados</word>
   <word id="word_115">para</word>
   <word id="word_116">1988</word>
   <word id="word_117">,</word>
   <word id="word_118">informou</word>
   <word id="word_119">a</word>
   <word id="word_120">NASA</word>
   <word id="word_121">.</word>
   <word id="word_122">Walter</word>
   <word id="word_123">Pennino</word>
   <word id="word_124">,</word>
   <word id="word_125">porta-voz</word>
   <word id="word_126">de_</word>
   <word id="word_127">a</word>
   <word id="word_128">Space</word>
   <word id="word_129">Services</word>
   <word id="word_130">Inc</word>
   <word id="word_131">.</word>
   <word id="word_132">(</word>
   <word id="word_133">SSI</word>
   <word id="word_134">)</word>
   <word id="word_135">,</word>
   <word id="word_136">afirmou</word>
   <word id="word_137">que</word>
   <word id="word_138">o</word>
   <word id="word_139">primeiro</word>
   <word id="word_140">lançamento</word>
   <word id="word_141">foi</word>
   <word id="word_142">planeado</word>
   <word id="word_143">para</word>
   <word id="word_144">transportar</word>
   <word id="word_145">um</word>
   <word id="word_146">satélite</word>
   <word id="word_147">de</word>
   <word id="word_148">225</word>
   <word id="word_149">quilos</word>
   <word id="word_150">desenvolvido</word>
   <word id="word_151">por_</word>
   <word id="word_152">a</word>
   <word id="word_153">companhia</word>
   <word id="word_154">Celestis</word>
   <word id="word_155">Inc</word>
   <word id="word_156">.</word>
   <word id="word_157">,</word>
   <word id="word_158">uma</word>
   <word id="word_159">agência</word>
   <word id="word_160">funerária</word>
   <word id="word_161">de</word>
   <word id="word_162">Melbourne</word>
   <word id="word_163">,</word>
   <word id="word_164">em_</word>
   <word id="word_165">a</word>
   <word id="word_166">Florida</word>
   <word id="word_167">,</word>
   <word id="word_168">que</word>
   <word id="word_169">tenciona</word>
   <word id="word_170">enviar</word>
   <word id="word_171">para</word>
   <word id="word_172">o</word>
   <word id="word_173">espaço</word>
   <word id="word_174">os</word>
   <word id="word_175">restos</word>
   <word id="word_176">mortais</word>
   <word id="word_177">de</word>
   <word id="word_178">dez</word>
   <word id="word_179">mil</word>
   <word id="word_180">pessoas</word>
   <word id="word_181">cremadas</word>
   <word id="word_182">.</word>
   <word id="word_183">Estes</word>
   <word id="word_184">restos</word>
   <word id="word_185">mortais</word>
   <word id="word_186">irão</word>
   <word id="word_187">em</word>
   <word id="word_188">tubos</word>
   <word id="word_189">metálicos</word>
   <word id="word_190">de_</word>
   <word id="word_191">o</word>
   <word id="word_192">tamanho</word>
   <word id="word_193">de</word>
   <word id="word_194">um</word>
   <word id="word_195">baton</word>
   <word id="word_196">,</word>
   <word id="word_197">que</word>
   <word id="word_198">serão</word>
   <word id="word_199">postos</word>
   <word id="word_200">em_</word>
   <word id="word_201">uma</word>
   <word id="word_202">órbita</word>
   <word id="word_203">de</word>
   <word id="word_204">2414</word>
   <word id="word_205">quilómetros</word>
   <word id="word_206">.</word>
   <word id="word_207">Pennino</word>
   <word id="word_208">afirma</word>
   <word id="word_209">que</word>
   <word id="word_210">a</word>
   <word id="word_211">sua</word>
   <word id="word_212">companhia</word>
   <word id="word_213">também</word>
   <word id="word_214">assinou</word>
   <word id="word_215">contratos</word>
   <word id="word_216">para</word>
   <word id="word_217">lançar</word>
   <word id="word_218">satélites</word>
   <word id="word_219">que</word>
   <word id="word_220">fazem</word>
   <word id="word_221">parte</word>
   <word id="word_222">de_</word>
   <word id="word_223">os</word>
   <word id="word_224">testes</word>
   <word id="word_225">elaborados</word>
   <word id="word_226">por_</word>
   <word id="word_227">o</word>
   <word id="word_228">programa</word>
   <word id="word_229">norte-americano</word>
   <word id="word_230">de</word>
   <word id="word_231">Defesa</word>
   <word id="word_232">sobre</word>
   <word id="word_233">elementos</word>
   <word id="word_234">relativos</word>
   <word id="word_235">a_</word>
   <word id="word_236">a</word>
   <word id="word_237">iniciativa</word>
   <word id="word_238">de</word>
   <word id="word_239">defesa</word>
   <word id="word_240">estratégica</word>
   <word id="word_241">.</word>
   <word id="word_242">Um</word>
   <word id="word_243">de_</word>
   <word id="word_244">os</word>
   <word id="word_245">contratos</word>
   <word id="word_246">prevê</word>
   <word id="word_247">cinco</word>
   <word id="word_248">lançamentos</word>
   <word id="word_249">a</word>
   <word id="word_250">partir</word>
   <word id="word_251">de</word>
   <word id="word_252">Wallops</word>
   <word id="word_253">e</word>
   <word id="word_254">o</word>
   <word id="word_255">outro</word>
   <word id="word_256">dez</word>
   <word id="word_257">ou</word>
   <word id="word_258">mais</word>
   <word id="word_259">lançamentos</word>
   <word id="word_260">a</word>
   <word id="word_261">partir</word>
   <word id="word_262">de_</word>
   <word id="word_263">aquela</word>
   <word id="word_264">ilha</word>
   <word id="word_265">ou</word>
   <word id="word_266">de_</word>
   <word id="word_267">a</word>
   <word id="word_268">base</word>
   <word id="word_269">aérea</word>
   <word id="word_270">Vandenberg</word>
   <word id="word_271">,</word>
   <word id="word_272">em_</word>
   <word id="word_273">a</word>
   <word id="word_274">Califórnia</word>
   <word id="word_275">.</word>
</words>
