<?xml version="1.0" encoding="UTF-8"?>
<!DOCTYPE words SYSTEM "words.dtd">
<words>
   <word id="word_1">QUANDO</word>
   <word id="word_2">o</word>
   <word id="word_3">incêndio</word>
   <word id="word_4">ateado</word>
   <word id="word_5">por_</word>
   <word id="word_6">a</word>
   <word id="word_7">«guerra</word>
   <word id="word_8">de_</word>
   <word id="word_9">as</word>
   <word id="word_10">bandeiras»</word>
   <word id="word_11">de_</word>
   <word id="word_12">os</word>
   <word id="word_13">Açores</word>
   <word id="word_14">se</word>
   <word id="word_15">encontrava</word>
   <word id="word_16">em</word>
   <word id="word_17">fase</word>
   <word id="word_18">de</word>
   <word id="word_19">rescaldo</word>
   <word id="word_20">,</word>
   <word id="word_21">eis</word>
   <word id="word_22">que</word>
   <word id="word_23">ontem</word>
   <word id="word_24">se</word>
   <word id="word_25">reacendeu</word>
   <word id="word_26">com</word>
   <word id="word_27">uma</word>
   <word id="word_28">informação</word>
   <word id="word_29">de</word>
   <word id="word_30">«última</word>
   <word id="word_31">hora»</word>
   <word id="word_32">prestada</word>
   <word id="word_33">em_</word>
   <word id="word_34">a</word>
   <word id="word_35">Assembleia</word>
   <word id="word_36">de_</word>
   <word id="word_37">a</word>
   <word id="word_38">República</word>
   <word id="word_39">.</word>
   <word id="word_40">O</word>
   <word id="word_41">deputado</word>
   <word id="word_42">comunista</word>
   <word id="word_43">José</word>
   <word id="word_44">Magalhães</word>
   <word id="word_45">deu</word>
   <word id="word_46">a</word>
   <word id="word_47">conhecer</word>
   <word id="word_48">a_</word>
   <word id="word_49">o</word>
   <word id="word_50">hemicíclo</word>
   <word id="word_51">que</word>
   <word id="word_52">está</word>
   <word id="word_53">em</word>
   <word id="word_54">debate</word>
   <word id="word_55">em_</word>
   <word id="word_56">a</word>
   <word id="word_57">Assembleia</word>
   <word id="word_58">Regional</word>
   <word id="word_59">de_</word>
   <word id="word_60">a</word>
   <word id="word_61">Madeira</word>
   <word id="word_62">uma</word>
   <word id="word_63">proposta</word>
   <word id="word_64">de</word>
   <word id="word_65">deliberação</word>
   <word id="word_66">que</word>
   <word id="word_67">traça</word>
   <word id="word_68">o</word>
   <word id="word_69">perfil</word>
   <word id="word_70">de_</word>
   <word id="word_71">as</word>
   <word id="word_72">personalidades</word>
   <word id="word_73">que</word>
   <word id="word_74">poderão</word>
   <word id="word_75">ser</word>
   <word id="word_76">objecto</word>
   <word id="word_77">de</word>
   <word id="word_78">«luto</word>
   <word id="word_79">regional»</word>
   <word id="word_80">.</word>
   <word id="word_81">Deste</word>
   <word id="word_82">perfil</word>
   <word id="word_83">-</word>
   <word id="word_84">indicou</word>
   <word id="word_85">ainda</word>
   <word id="word_86">o</word>
   <word id="word_87">parlamentar</word>
   <word id="word_88">de_</word>
   <word id="word_89">o</word>
   <word id="word_90">PCP</word>
   <word id="word_91">-</word>
   <word id="word_92">são</word>
   <word id="word_93">expressamente</word>
   <word id="word_94">excluídas</word>
   <word id="word_95">as</word>
   <word id="word_96">personalidades</word>
   <word id="word_97">que</word>
   <word id="word_98">o</word>
   <word id="word_99">Governo</word>
   <word id="word_100">madeirense</word>
   <word id="word_101">definir</word>
   <word id="word_102">como</word>
   <word id="word_103">«totalitárias»</word>
   <word id="word_104">.</word>
   <word id="word_105">Por_</word>
   <word id="word_106">a</word>
   <word id="word_107">voz</word>
   <word id="word_108">de</word>
   <word id="word_109">José</word>
   <word id="word_110">Magalhães</word>
   <word id="word_111">foi</word>
   <word id="word_112">reequacionado</word>
   <word id="word_113">o</word>
   <word id="word_114">problema</word>
   <word id="word_115">de_</word>
   <word id="word_116">a</word>
   <word id="word_117">«unidade</word>
   <word id="word_118">de_</word>
   <word id="word_119">o</word>
   <word id="word_120">Estado»</word>
   <word id="word_121">e</word>
   <word id="word_122">de_</word>
   <word id="word_123">os</word>
   <word id="word_124">limites</word>
   <word id="word_125">de_</word>
   <word id="word_126">a</word>
   <word id="word_127">autonomia</word>
   <word id="word_128">e</word>
   <word id="word_129">lançado</word>
   <word id="word_130">um</word>
   <word id="word_131">repto</word>
   <word id="word_132">a_</word>
   <word id="word_133">o</word>
   <word id="word_134">primeiro-ministro</word>
   <word id="word_135">para</word>
   <word id="word_136">que</word>
   <word id="word_137">clarifique</word>
   <word id="word_138">a</word>
   <word id="word_139">situação</word>
   <word id="word_140">.</word>
   <word id="word_141">O</word>
   <word id="word_142">deputado</word>
   <word id="word_143">de_</word>
   <word id="word_144">o</word>
   <word id="word_145">PCP</word>
   <word id="word_146">relembrou</word>
   <word id="word_147">a</word>
   <word id="word_148">recente</word>
   <word id="word_149">reunião</word>
   <word id="word_150">em</word>
   <word id="word_151">Lisboa</word>
   <word id="word_152">entre</word>
   <word id="word_153">Cavaco</word>
   <word id="word_154">Silva</word>
   <word id="word_155">e</word>
   <word id="word_156">líderes</word>
   <word id="word_157">regionais</word>
   <word id="word_158">(</word>
   <word id="word_159">Mota</word>
   <word id="word_160">Amaral</word>
   <word id="word_161">e</word>
   <word id="word_162">Alberto</word>
   <word id="word_163">João</word>
   <word id="word_164">Jardim</word>
   <word id="word_165">)</word>
   <word id="word_166">,</word>
   <word id="word_167">para</word>
   <word id="word_168">afirmar</word>
   <word id="word_169">que</word>
   <word id="word_170">a</word>
   <word id="word_171">iniciativa</word>
   <word id="word_172">de_</word>
   <word id="word_173">a</word>
   <word id="word_174">Assembleia</word>
   <word id="word_175">madeirense</word>
   <word id="word_176">constitui</word>
   <word id="word_177">,</word>
   <word id="word_178">afinal</word>
   <word id="word_179">,</word>
   <word id="word_180">uma</word>
   <word id="word_181">«resposta</word>
   <word id="word_182">cobarde»</word>
   <word id="word_183">a_</word>
   <word id="word_184">o</word>
   <word id="word_185">primeiro-ministro</word>
   <word id="word_186">e</word>
   <word id="word_187">a_</word>
   <word id="word_188">o</word>
   <word id="word_189">parecer</word>
   <word id="word_190">de_</word>
   <word id="word_191">a</word>
   <word id="word_192">Procuradoria-Geral</word>
   <word id="word_193">de_</word>
   <word id="word_194">a</word>
   <word id="word_195">República</word>
   <word id="word_196">.</word>
   <word id="word_197">Quando</word>
   <word id="word_198">se</word>
   <word id="word_199">julgava</word>
   <word id="word_200">estar</word>
   <word id="word_201">o</word>
   <word id="word_202">tema</word>
   <word id="word_203">adiado</word>
   <word id="word_204">para</word>
   <word id="word_205">ulterior</word>
   <word id="word_206">exame</word>
   <word id="word_207">,</word>
   <word id="word_208">eis</word>
   <word id="word_209">que</word>
   <word id="word_210">o</word>
   <word id="word_211">deputado</word>
   <word id="word_212">de_</word>
   <word id="word_213">o</word>
   <word id="word_214">PSD</word>
   <word id="word_215">/</word>
   <word id="word_216">Madeira</word>
   <word id="word_217">Jardim</word>
   <word id="word_218">Ramos</word>
   <word id="word_219">tomou</word>
   <word id="word_220">a</word>
   <word id="word_221">palavra</word>
   <word id="word_222">para</word>
   <word id="word_223">admitir</word>
   <word id="word_224">implicitamente</word>
   <word id="word_225">a</word>
   <word id="word_226">existência</word>
   <word id="word_227">de_</word>
   <word id="word_228">a</word>
   <word id="word_229">proposta</word>
   <word id="word_230">referida</word>
   <word id="word_231">por</word>
   <word id="word_232">José</word>
   <word id="word_233">Magalhães</word>
   <word id="word_234">,</word>
   <word id="word_235">a_</word>
   <word id="word_236">o</word>
   <word id="word_237">declarar</word>
   <word id="word_238">que</word>
   <word id="word_239">«não</word>
   <word id="word_240">se</word>
   <word id="word_241">deve</word>
   <word id="word_242">respeitar</word>
   <word id="word_243">em_</word>
   <word id="word_244">a</word>
   <word id="word_245">morte</word>
   <word id="word_246">aqueles</word>
   <word id="word_247">que</word>
   <word id="word_248">em</word>
   <word id="word_249">vida</word>
   <word id="word_250">não</word>
   <word id="word_251">respeitaram</word>
   <word id="word_252">os</word>
   <word id="word_253">direitos</word>
   <word id="word_254">de_</word>
   <word id="word_255">o</word>
   <word id="word_256">Homem»</word>
   <word id="word_257">.</word>
   <word id="word_258">Farto</word>
   <word id="word_259">burburinho</word>
   <word id="word_260">em_</word>
   <word id="word_261">a</word>
   <word id="word_262">sala</word>
   <word id="word_263">,</word>
   <word id="word_264">com</word>
   <word id="word_265">Jorge</word>
   <word id="word_266">Lacão</word>
   <word id="word_267">(</word>
   <word id="word_268">PS</word>
   <word id="word_269">)</word>
   <word id="word_270">a</word>
   <word id="word_271">qualificar</word>
   <word id="word_272">a</word>
   <word id="word_273">declaração</word>
   <word id="word_274">de</word>
   <word id="word_275">Jardim</word>
   <word id="word_276">Ramos</word>
   <word id="word_277">como</word>
   <word id="word_278">uma</word>
   <word id="word_279">«hipocrisia</word>
   <word id="word_280">política»</word>
   <word id="word_281">,</word>
   <word id="word_282">pois</word>
   <word id="word_283">considerou</word>
   <word id="word_284">-a</word>
   <word id="word_285">como</word>
   <word id="word_286">a</word>
   <word id="word_287">defesa</word>
   <word id="word_288">explícita</word>
   <word id="word_289">de_</word>
   <word id="word_290">a</word>
   <word id="word_291">recusa</word>
   <word id="word_292">de_</word>
   <word id="word_293">o</word>
   <word id="word_294">Governo</word>
   <word id="word_295">de</word>
   <word id="word_296">Alberto</word>
   <word id="word_297">João</word>
   <word id="word_298">Jardim</word>
   <word id="word_299">em</word>
   <word id="word_300">respeitar</word>
   <word id="word_301">o</word>
   <word id="word_302">luto</word>
   <word id="word_303">nacional</word>
   <word id="word_304">decretado</word>
   <word id="word_305">em_</word>
   <word id="word_306">a</word>
   <word id="word_307">sequência</word>
   <word id="word_308">de_</word>
   <word id="word_309">a</word>
   <word id="word_310">morte</word>
   <word id="word_311">de</word>
   <word id="word_312">Samora</word>
   <word id="word_313">Machel</word>
   <word id="word_314">.</word>
   <word id="word_315">Lacão</word>
   <word id="word_316">recordou</word>
   <word id="word_317">sumariamente</word>
   <word id="word_318">que</word>
   <word id="word_319">a</word>
   <word id="word_320">Assembleia</word>
   <word id="word_321">de_</word>
   <word id="word_322">a</word>
   <word id="word_323">República</word>
   <word id="word_324">havia</word>
   <word id="word_325">recebido</word>
   <word id="word_326">com</word>
   <word id="word_327">todas</word>
   <word id="word_328">as</word>
   <word id="word_329">honras</word>
   <word id="word_330">o</word>
   <word id="word_331">falecido</word>
   <word id="word_332">Presidente</word>
   <word id="word_333">de</word>
   <word id="word_334">Moçambique</word>
   <word id="word_335">,</word>
   <word id="word_336">tendo</word>
   <word id="word_337">os</word>
   <word id="word_338">Grupos</word>
   <word id="word_339">Parlamentares</word>
   <word id="word_340">aplaudido</word>
   <word id="word_341">de</word>
   <word id="word_342">pé</word>
   <word id="word_343">o</word>
   <word id="word_344">seu</word>
   <word id="word_345">discurso</word>
   <word id="word_346">.</word>
   <word id="word_347">E</word>
   <word id="word_348">o</word>
   <word id="word_349">deputado</word>
   <word id="word_350">de_</word>
   <word id="word_351">o</word>
   <word id="word_352">PS</word>
   <word id="word_353">acentuou</word>
   <word id="word_354">que</word>
   <word id="word_355">em_</word>
   <word id="word_356">aqueles</word>
   <word id="word_357">grupos</word>
   <word id="word_358">parlamentares</word>
   <word id="word_359">estava</word>
   <word id="word_360">incluído</word>
   <word id="word_361">o</word>
   <word id="word_362">de_</word>
   <word id="word_363">o</word>
   <word id="word_364">PSD</word>
   <word id="word_365">.</word>
   <word id="word_366">Para</word>
   <word id="word_367">Jorge</word>
   <word id="word_368">Lacão</word>
   <word id="word_369">a</word>
   <word id="word_370">postura</word>
   <word id="word_371">de_</word>
   <word id="word_372">o</word>
   <word id="word_373">parlamentar</word>
   <word id="word_374">social-democrata</word>
   <word id="word_375">madeirense</word>
   <word id="word_376">colidia</word>
   <word id="word_377">com</word>
   <word id="word_378">a</word>
   <word id="word_379">política</word>
   <word id="word_380">externa</word>
   <word id="word_381">de_</word>
   <word id="word_382">o</word>
   <word id="word_383">Governo</word>
   <word id="word_384">,</word>
   <word id="word_385">bem</word>
   <word id="word_386">como</word>
   <word id="word_387">violava</word>
   <word id="word_388">a</word>
   <word id="word_389">Constituição</word>
   <word id="word_390">de_</word>
   <word id="word_391">a</word>
   <word id="word_392">República</word>
   <word id="word_393">que</word>
   <word id="word_394">postula</word>
   <word id="word_395">o</word>
   <word id="word_396">«relacionamento</word>
   <word id="word_397">especial»</word>
   <word id="word_398">com</word>
   <word id="word_399">os</word>
   <word id="word_400">novos</word>
   <word id="word_401">países</word>
   <word id="word_402">africanos</word>
   <word id="word_403">de</word>
   <word id="word_404">expressão</word>
   <word id="word_405">portuguesa</word>
   <word id="word_406">.</word>
   <word id="word_407">José</word>
   <word id="word_408">Magalhães</word>
   <word id="word_409">voltou</word>
   <word id="word_410">a_</word>
   <word id="word_411">a</word>
   <word id="word_412">liça</word>
   <word id="word_413">para</word>
   <word id="word_414">generalizar</word>
   <word id="word_415">o</word>
   <word id="word_416">posicionamento</word>
   <word id="word_417">de</word>
   <word id="word_418">Jardim</word>
   <word id="word_419">Ramos</word>
   <word id="word_420">,</word>
   <word id="word_421">considerando</word>
   <word id="word_422">que</word>
   <word id="word_423">enquanto</word>
   <word id="word_424">o</word>
   <word id="word_425">PSD</word>
   <word id="word_426">«não</word>
   <word id="word_427">desautorizar»</word>
   <word id="word_428">o</word>
   <word id="word_429">deputado</word>
   <word id="word_430">madeirense</word>
   <word id="word_431">existe</word>
   <word id="word_432">um</word>
   <word id="word_433">conflito</word>
   <word id="word_434">entre</word>
   <word id="word_435">o</word>
   <word id="word_436">Governo</word>
   <word id="word_437">e</word>
   <word id="word_438">o</word>
   <word id="word_439">partido</word>
   <word id="word_440">que</word>
   <word id="word_441">o</word>
   <word id="word_442">apoia</word>
   <word id="word_443">.</word>
   <word id="word_444">Jardim</word>
   <word id="word_445">Ramos</word>
   <word id="word_446">voltou</word>
   <word id="word_447">a</word>
   <word id="word_448">usar</word>
   <word id="word_449">de_</word>
   <word id="word_450">a</word>
   <word id="word_451">palvra</word>
   <word id="word_452">para</word>
   <word id="word_453">«esclarecer»</word>
   <word id="word_454">que</word>
   <word id="word_455">não</word>
   <word id="word_456">havia</word>
   <word id="word_457">quebra</word>
   <word id="word_458">de_</word>
   <word id="word_459">a</word>
   <word id="word_460">unidade</word>
   <word id="word_461">nacional</word>
   <word id="word_462">,</word>
   <word id="word_463">pois</word>
   <word id="word_464">o</word>
   <word id="word_465">luto</word>
   <word id="word_466">por</word>
   <word id="word_467">Samora</word>
   <word id="word_468">Machel</word>
   <word id="word_469">tinha</word>
   <word id="word_470">sido</word>
   <word id="word_471">respeitado</word>
   <word id="word_472">em_</word>
   <word id="word_473">os</word>
   <word id="word_474">departamentos</word>
   <word id="word_475">dependentes</word>
   <word id="word_476">de_</word>
   <word id="word_477">a</word>
   <word id="word_478">Administração</word>
   <word id="word_479">Central</word>
   <word id="word_480">,</word>
   <word id="word_481">sediados</word>
   <word id="word_482">em_</word>
   <word id="word_483">a</word>
   <word id="word_484">Madeira</word>
   <word id="word_485">.</word>
   <word id="word_486">Para</word>
   <word id="word_487">Jardim</word>
   <word id="word_488">Ramos</word>
   <word id="word_489">,</word>
   <word id="word_490">os</word>
   <word id="word_491">deputados</word>
   <word id="word_492">de_</word>
   <word id="word_493">a</word>
   <word id="word_494">oposição</word>
   <word id="word_495">estavam</word>
   <word id="word_496">propositadamente</word>
   <word id="word_497">a</word>
   <word id="word_498">confundir</word>
   <word id="word_499">as</word>
   <word id="word_500">questões</word>
   <word id="word_501">,</word>
   <word id="word_502">pois</word>
   <word id="word_503">uma</word>
   <word id="word_504">«coisa</word>
   <word id="word_505">é</word>
   <word id="word_506">o</word>
   <word id="word_507">luto</word>
   <word id="word_508">nacional</word>
   <word id="word_509">,</word>
   <word id="word_510">outra</word>
   <word id="word_511">luto</word>
   <word id="word_512">regional»</word>
   <word id="word_513">.</word>
   <word id="word_514">O</word>
   <word id="word_515">argumento</word>
   <word id="word_516">não</word>
   <word id="word_517">colheu</word>
   <word id="word_518">junto</word>
   <word id="word_519">de_</word>
   <word id="word_520">os</word>
   <word id="word_521">deputados</word>
   <word id="word_522">de_</word>
   <word id="word_523">a</word>
   <word id="word_524">oposição</word>
   <word id="word_525">que</word>
   <word id="word_526">demonstraram</word>
   <word id="word_527">estar</word>
   <word id="word_528">-se</word>
   <word id="word_529">perante</word>
   <word id="word_530">uma</word>
   <word id="word_531">matéria</word>
   <word id="word_532">que</word>
   <word id="word_533">extravasa</word>
   <word id="word_534">os</word>
   <word id="word_535">limites</word>
   <word id="word_536">de_</word>
   <word id="word_537">a</word>
   <word id="word_538">autonomia</word>
   <word id="word_539">.</word>
</words>
