<?xml version="1.0" encoding="UTF-8"?>
<!DOCTYPE words SYSTEM "words.dtd">
<words>
   <word id="word_1">EM</word>
   <word id="word_2">TODA</word>
   <word id="word_3">a</word>
   <word id="word_4">sua</word>
   <word id="word_5">digressão</word>
   <word id="word_6">o</word>
   <word id="word_7">Papa</word>
   <word id="word_8">apelou</word>
   <word id="word_9">persistentemente</word>
   <word id="word_10">a_</word>
   <word id="word_11">o</word>
   <word id="word_12">fim</word>
   <word id="word_13">de_</word>
   <word id="word_14">a</word>
   <word id="word_15">violência</word>
   <word id="word_16">em_</word>
   <word id="word_17">o</word>
   <word id="word_18">país</word>
   <word id="word_19">,</word>
   <word id="word_20">onde</word>
   <word id="word_21">o</word>
   <word id="word_22">Ministério</word>
   <word id="word_23">de_</word>
   <word id="word_24">a</word>
   <word id="word_25">Defesa</word>
   <word id="word_26">afirma</word>
   <word id="word_27">que</word>
   <word id="word_28">70</word>
   <word id="word_29">mil</word>
   <word id="word_30">pessoas</word>
   <word id="word_31">foram</word>
   <word id="word_32">mortas</word>
   <word id="word_33">em</word>
   <word id="word_34">ataques</word>
   <word id="word_35">de_</word>
   <word id="word_36">a</word>
   <word id="word_37">guerrilha</word>
   <word id="word_38">,</word>
   <word id="word_39">em_</word>
   <word id="word_40">os</word>
   <word id="word_41">últimos</word>
   <word id="word_42">10</word>
   <word id="word_43">anos</word>
   <word id="word_44">.</word>
   <word id="word_45">Dirigindo</word>
   <word id="word_46">-se</word>
   <word id="word_47">a</word>
   <word id="word_48">uma</word>
   <word id="word_49">multidão</word>
   <word id="word_50">de</word>
   <word id="word_51">mais</word>
   <word id="word_52">de</word>
   <word id="word_53">cem</word>
   <word id="word_54">mil</word>
   <word id="word_55">pessoas</word>
   <word id="word_56">,</word>
   <word id="word_57">o</word>
   <word id="word_58">Papa</word>
   <word id="word_59">fez</word>
   <word id="word_60">-se</word>
   <word id="word_61">eco</word>
   <word id="word_62">de_</word>
   <word id="word_63">o</word>
   <word id="word_64">desejo</word>
   <word id="word_65">de_</word>
   <word id="word_66">os</word>
   <word id="word_67">Colombianos</word>
   <word id="word_68">,</word>
   <word id="word_69">para</word>
   <word id="word_70">que</word>
   <word id="word_71">«as</word>
   <word id="word_72">armas</word>
   <word id="word_73">se</word>
   <word id="word_74">tornem</word>
   <word id="word_75">silenciosas</word>
   <word id="word_76">,</word>
   <word id="word_77">as</word>
   <word id="word_78">mãos</word>
   <word id="word_79">que</word>
   <word id="word_80">se</word>
   <word id="word_81">combatem</word>
   <word id="word_82">possam</word>
   <word id="word_83">alcançar</word>
   <word id="word_84">-se</word>
   <word id="word_85">fraternamente</word>
   <word id="word_86">,</word>
   <word id="word_87">que</word>
   <word id="word_88">a</word>
   <word id="word_89">paz</word>
   <word id="word_90">chegue</word>
   <word id="word_91">a</word>
   <word id="word_92">todos</word>
   <word id="word_93">,</word>
   <word id="word_94">depois</word>
   <word id="word_95">de</word>
   <word id="word_96">tantos</word>
   <word id="word_97">anos</word>
   <word id="word_98">de</word>
   <word id="word_99">violência»</word>
   <word id="word_100">.</word>
   <word id="word_101">Durante</word>
   <word id="word_102">a</word>
   <word id="word_103">sua</word>
   <word id="word_104">visita</word>
   <word id="word_105">a</word>
   <word id="word_106">Cartagena</word>
   <word id="word_107">,</word>
   <word id="word_108">em_</word>
   <word id="word_109">o</word>
   <word id="word_110">domingo</word>
   <word id="word_111">a_</word>
   <word id="word_112">a</word>
   <word id="word_113">noite</word>
   <word id="word_114">,</word>
   <word id="word_115">a</word>
   <word id="word_116">energia</word>
   <word id="word_117">eléctrica</word>
   <word id="word_118">de_</word>
   <word id="word_119">o</word>
   <word id="word_120">estádio</word>
   <word id="word_121">onde</word>
   <word id="word_122">discursava</word>
   <word id="word_123">foi</word>
   <word id="word_124">cortada</word>
   <word id="word_125">,</word>
   <word id="word_126">por</word>
   <word id="word_127">quatro</word>
   <word id="word_128">minutos</word>
   <word id="word_129">,</word>
   <word id="word_130">mas</word>
   <word id="word_131">,</word>
   <word id="word_132">as</word>
   <word id="word_133">autoridades</word>
   <word id="word_134">negaram</word>
   <word id="word_135">uma</word>
   <word id="word_136">notícia</word>
   <word id="word_137">,</word>
   <word id="word_138">publicada</word>
   <word id="word_139">em_</word>
   <word id="word_140">o</word>
   <word id="word_141">jornal</word>
   <word id="word_142">El</word>
   <word id="word_143">Universal</word>
   <word id="word_144">,</word>
   <word id="word_145">de</word>
   <word id="word_146">ter</word>
   <word id="word_147">sido</word>
   <word id="word_148">obra</word>
   <word id="word_149">de_</word>
   <word id="word_150">o</word>
   <word id="word_151">Movimento</word>
   <word id="word_152">19</word>
   <word id="word_153">de</word>
   <word id="word_154">Abril</word>
   <word id="word_155">,</word>
   <word id="word_156">conhecido</word>
   <word id="word_157">localmente</word>
   <word id="word_158">como</word>
   <word id="word_159">M-19</word>
   <word id="word_160">.</word>
   <word id="word_161">Em_</word>
   <word id="word_162">a</word>
   <word id="word_163">sua</word>
   <word id="word_164">alocução</word>
   <word id="word_165">em</word>
   <word id="word_166">Cartagena</word>
   <word id="word_167">,</word>
   <word id="word_168">e</word>
   <word id="word_169">além</word>
   <word id="word_170">de</word>
   <word id="word_171">apelar</word>
   <word id="word_172">a_</word>
   <word id="word_173">a</word>
   <word id="word_174">reconciliação</word>
   <word id="word_175">,</word>
   <word id="word_176">o</word>
   <word id="word_177">Papa</word>
   <word id="word_178">insurgiu</word>
   <word id="word_179">-se</word>
   <word id="word_180">também</word>
   <word id="word_181">contra</word>
   <word id="word_182">o</word>
   <word id="word_183">tráfico</word>
   <word id="word_184">de</word>
   <word id="word_185">droga</word>
   <word id="word_186">,</word>
   <word id="word_187">o</word>
   <word id="word_188">abuso</word>
   <word id="word_189">de_</word>
   <word id="word_190">o</word>
   <word id="word_191">poder</word>
   <word id="word_192">,</word>
   <word id="word_193">a</word>
   <word id="word_194">injustiça</word>
   <word id="word_195">e</word>
   <word id="word_196">todo</word>
   <word id="word_197">o</word>
   <word id="word_198">«sofrimento</word>
   <word id="word_199">social»</word>
   <word id="word_200">.</word>
   <word id="word_201">João</word>
   <word id="word_202">Paulo</word>
   <word id="word_203">II</word>
   <word id="word_204">disse</word>
   <word id="word_205">que</word>
   <word id="word_206">a</word>
   <word id="word_207">droga</word>
   <word id="word_208">constitui</word>
   <word id="word_209">«uma</word>
   <word id="word_210">nova</word>
   <word id="word_211">forma</word>
   <word id="word_212">de</word>
   <word id="word_213">escravatura»</word>
   <word id="word_214">,</word>
   <word id="word_215">em_</word>
   <word id="word_216">a</word>
   <word id="word_217">primeira</word>
   <word id="word_218">alusão</word>
   <word id="word_219">a_</word>
   <word id="word_220">o</word>
   <word id="word_221">tema</word>
   <word id="word_222">,</word>
   <word id="word_223">durante</word>
   <word id="word_224">a</word>
   <word id="word_225">visita</word>
   <word id="word_226">de</word>
   <word id="word_227">sete</word>
   <word id="word_228">dias</word>
   <word id="word_229">a_</word>
   <word id="word_230">a</word>
   <word id="word_231">Colômbia</word>
   <word id="word_232">,</word>
   <word id="word_233">país</word>
   <word id="word_234">considerado</word>
   <word id="word_235">um</word>
   <word id="word_236">de_</word>
   <word id="word_237">os</word>
   <word id="word_238">maiores</word>
   <word id="word_239">produtores</word>
   <word id="word_240">mundiais</word>
   <word id="word_241">de</word>
   <word id="word_242">cocaína</word>
   <word id="word_243">.</word>
   <word id="word_244">O</word>
   <word id="word_245">Papa</word>
   <word id="word_246">afirmou</word>
   <word id="word_247">que</word>
   <word id="word_248">«a</word>
   <word id="word_249">paixão</word>
   <word id="word_250">de_</word>
   <word id="word_251">o</word>
   <word id="word_252">dinheiro</word>
   <word id="word_253">domina</word>
   <word id="word_254">o</word>
   <word id="word_255">coração</word>
   <word id="word_256">de</word>
   <word id="word_257">muitas</word>
   <word id="word_258">pessoas</word>
   <word id="word_259">e</word>
   <word id="word_260">transforma</word>
   <word id="word_261">-as</word>
   <word id="word_262">,</word>
   <word id="word_263">através</word>
   <word id="word_264">de_</word>
   <word id="word_265">o</word>
   <word id="word_266">tráfico</word>
   <word id="word_267">de</word>
   <word id="word_268">drogas</word>
   <word id="word_269">,</word>
   <word id="word_270">em</word>
   <word id="word_271">traficantes</word>
   <word id="word_272">de_</word>
   <word id="word_273">a</word>
   <word id="word_274">liberdade</word>
   <word id="word_275">de_</word>
   <word id="word_276">os</word>
   <word id="word_277">irmãos»</word>
   <word id="word_278">.</word>
   <word id="word_279">A</word>
   <word id="word_280">ausência</word>
   <word id="word_281">de</word>
   <word id="word_282">referência</word>
   <word id="word_283">de_</word>
   <word id="word_284">o</word>
   <word id="word_285">Papa</word>
   <word id="word_286">a_</word>
   <word id="word_287">o</word>
   <word id="word_288">tráfico</word>
   <word id="word_289">de</word>
   <word id="word_290">droga</word>
   <word id="word_291">,</word>
   <word id="word_292">durante</word>
   <word id="word_293">a</word>
   <word id="word_294">visita</word>
   <word id="word_295">a_</word>
   <word id="word_296">a</word>
   <word id="word_297">Colômbia</word>
   <word id="word_298">tinha</word>
   <word id="word_299">sido</word>
   <word id="word_300">objecto</word>
   <word id="word_301">de</word>
   <word id="word_302">comentários</word>
   <word id="word_303">por</word>
   <word id="word_304">parte</word>
   <word id="word_305">de</word>
   <word id="word_306">jornalistas</word>
   <word id="word_307">,</word>
   <word id="word_308">que</word>
   <word id="word_309">cobrem</word>
   <word id="word_310">a</word>
   <word id="word_311">viagem</word>
   <word id="word_312">papal</word>
   <word id="word_313">,</word>
   <word id="word_314">mas</word>
   <word id="word_315">João</word>
   <word id="word_316">Paulo</word>
   <word id="word_317">II</word>
   <word id="word_318">aproveitou</word>
   <word id="word_319">a</word>
   <word id="word_320">visita</word>
   <word id="word_321">a_</word>
   <word id="word_322">o</word>
   <word id="word_323">Santuário</word>
   <word id="word_324">de</word>
   <word id="word_325">São</word>
   <word id="word_326">Pedro</word>
   <word id="word_327">Claver</word>
   <word id="word_328">,</word>
   <word id="word_329">em</word>
   <word id="word_330">Cartagena</word>
   <word id="word_331">,</word>
   <word id="word_332">para</word>
   <word id="word_333">dissipar</word>
   <word id="word_334">eventuais</word>
   <word id="word_335">mal-entendidos</word>
   <word id="word_336">.</word>
</words>
