<?xml version="1.0" encoding="UTF-8"?>
<!DOCTYPE words SYSTEM "words.dtd">
<words>
   <word id="word_1">"</word>
   <word id="word_2">O</word>
   <word id="word_3">FC</word>
   <word id="word_4">Porto</word>
   <word id="word_5">de</word>
   <word id="word_6">hoje</word>
   <word id="word_7">não</word>
   <word id="word_8">joga</word>
   <word id="word_9">em_</word>
   <word id="word_10">a</word>
   <word id="word_11">Luz</word>
   <word id="word_12">para</word>
   <word id="word_13">arrecadar</word>
   <word id="word_14">um</word>
   <word id="word_15">pontinho</word>
   <word id="word_16">.</word>
   <word id="word_17">Falo</word>
   <word id="word_18">de_</word>
   <word id="word_19">os</word>
   <word id="word_20">meus</word>
   <word id="word_21">tempos</word>
   <word id="word_22">,</word>
   <word id="word_23">porque</word>
   <word id="word_24">sempre</word>
   <word id="word_25">que</word>
   <word id="word_26">vou</word>
   <word id="word_27">jogar</word>
   <word id="word_28">com</word>
   <word id="word_29">o</word>
   <word id="word_30">Benfica</word>
   <word id="word_31">,</word>
   <word id="word_32">tento</word>
   <word id="word_33">ganhar</word>
   <word id="word_34">o</word>
   <word id="word_35">jogo</word>
   <word id="word_36">.</word>
   <word id="word_37">O</word>
   <word id="word_38">FC</word>
   <word id="word_39">Porto</word>
   <word id="word_40">joga</word>
   <word id="word_41">,</word>
   <word id="word_42">em_</word>
   <word id="word_43">este</word>
   <word id="word_44">momento</word>
   <word id="word_45">,</word>
   <word id="word_46">de</word>
   <word id="word_47">forma</word>
   <word id="word_48">positiva</word>
   <word id="word_49">e</word>
   <word id="word_50">a</word>
   <word id="word_51">"</word>
   <word id="word_52">pensar</word>
   <word id="word_53">"</word>
   <word id="word_54">em_</word>
   <word id="word_55">os</word>
   <word id="word_56">dois</word>
   <word id="word_57">pontos</word>
   <word id="word_58">.</word>
   <word id="word_59">Porque</word>
   <word id="word_60">não</word>
   <word id="word_61">creio</word>
   <word id="word_62">ser</word>
   <word id="word_63">possível</word>
   <word id="word_64">ganhar</word>
   <word id="word_65">muitas</word>
   <word id="word_66">vezes</word>
   <word id="word_67">quando</word>
   <word id="word_68">se</word>
   <word id="word_69">pensa</word>
   <word id="word_70">em</word>
   <word id="word_71">não</word>
   <word id="word_72">perder</word>
   <word id="word_73">.</word>
   <word id="word_74">Temos</word>
   <word id="word_75">de</word>
   <word id="word_76">pensar</word>
   <word id="word_77">sempre</word>
   <word id="word_78">em</word>
   <word id="word_79">ganhar</word>
   <word id="word_80">.</word>
   <word id="word_81">"</word>
   <word id="word_82">Assim</word>
   <word id="word_83">considerou</word>
   <word id="word_84">Artur</word>
   <word id="word_85">Jorge</word>
   <word id="word_86">a</word>
   <word id="word_87">mentalidade</word>
   <word id="word_88">que</word>
   <word id="word_89">está</word>
   <word id="word_90">presente</word>
   <word id="word_91">em_</word>
   <word id="word_92">os</word>
   <word id="word_93">seus</word>
   <word id="word_94">jogadores</word>
   <word id="word_95">em</word>
   <word id="word_96">vésperas</word>
   <word id="word_97">de_</word>
   <word id="word_98">o</word>
   <word id="word_99">importante</word>
   <word id="word_100">encontro</word>
   <word id="word_101">que</word>
   <word id="word_102">opõe</word>
   <word id="word_103">a</word>
   <word id="word_104">sua</word>
   <word id="word_105">equipa</word>
   <word id="word_106">a_</word>
   <word id="word_107">a</word>
   <word id="word_108">de_</word>
   <word id="word_109">o</word>
   <word id="word_110">Benfica</word>
   <word id="word_111">.</word>
   <word id="word_112">O</word>
   <word id="word_113">treinador</word>
   <word id="word_114">de_</word>
   <word id="word_115">a</word>
   <word id="word_116">turma</word>
   <word id="word_117">portista</word>
   <word id="word_118">,</word>
   <word id="word_119">a_</word>
   <word id="word_120">o</word>
   <word id="word_121">longo</word>
   <word id="word_122">de_</word>
   <word id="word_123">a</word>
   <word id="word_124">conversa</word>
   <word id="word_125">,</word>
   <word id="word_126">deixou</word>
   <word id="word_127">-nos</word>
   <word id="word_128">transparecer</word>
   <word id="word_129">a</word>
   <word id="word_130">ideia</word>
   <word id="word_131">de</word>
   <word id="word_132">que</word>
   <word id="word_133">o</word>
   <word id="word_134">jogo</word>
   <word id="word_135">de_</word>
   <word id="word_136">esta</word>
   <word id="word_137">tarde</word>
   <word id="word_138">não</word>
   <word id="word_139">é</word>
   <word id="word_140">de</word>
   <word id="word_141">forma</word>
   <word id="word_142">alguma</word>
   <word id="word_143">de</word>
   <word id="word_144">uma</word>
   <word id="word_145">importância</word>
   <word id="word_146">transcendente</word>
   <word id="word_147">,</word>
   <word id="word_148">de</word>
   <word id="word_149">dar</word>
   <word id="word_150">o</word>
   <word id="word_151">tudo</word>
   <word id="word_152">ou</word>
   <word id="word_153">nada</word>
   <word id="word_154">.</word>
   <word id="word_155">FC</word>
   <word id="word_156">Porto</word>
   <word id="word_157">e</word>
   <word id="word_158">Benfica</word>
   <word id="word_159">encontram</word>
   <word id="word_160">-se</word>
   <word id="word_161">em_</word>
   <word id="word_162">a</word>
   <word id="word_163">liderança</word>
   <word id="word_164">de_</word>
   <word id="word_165">a</word>
   <word id="word_166">classificação</word>
   <word id="word_167">e</word>
   <word id="word_168">,</word>
   <word id="word_169">perante</word>
   <word id="word_170">tal</word>
   <word id="word_171">situação</word>
   <word id="word_172">,</word>
   <word id="word_173">Artur</word>
   <word id="word_174">Jorge</word>
   <word id="word_175">pensa</word>
   <word id="word_176">"</word>
   <word id="word_177">em</word>
   <word id="word_178">reforçar</word>
   <word id="word_179">a</word>
   <word id="word_180">primeira</word>
   <word id="word_181">posição</word>
   <word id="word_182">,</word>
   <word id="word_183">tal</word>
   <word id="word_184">como</word>
   <word id="word_185">o</word>
   <word id="word_186">Benfica</word>
   <word id="word_187">pensa</word>
   <word id="word_188">"</word>
   <word id="word_189">.</word>
   <word id="word_190">"</word>
   <word id="word_191">Quem</word>
   <word id="word_192">ganhar</word>
   <word id="word_193">fica</word>
   <word id="word_194">melhor</word>
   <word id="word_195">,</word>
   <word id="word_196">mas</word>
   <word id="word_197">quem</word>
   <word id="word_198">perder</word>
   <word id="word_199">não</word>
   <word id="word_200">fica</word>
   <word id="word_201">fora</word>
   <word id="word_202">de_</word>
   <word id="word_203">o</word>
   <word id="word_204">título</word>
   <word id="word_205">"</word>
   <word id="word_206">,</word>
   <word id="word_207">completa</word>
   <word id="word_208">ainda</word>
   <word id="word_209">o</word>
   <word id="word_210">técnico</word>
   <word id="word_211">de_</word>
   <word id="word_212">os</word>
   <word id="word_213">"</word>
   <word id="word_214">dragões</word>
   <word id="word_215">"</word>
   <word id="word_216">.</word>
   <word id="word_217">Em_</word>
   <word id="word_218">a</word>
   <word id="word_219">ideia</word>
   <word id="word_220">de_</word>
   <word id="word_221">o</word>
   <word id="word_222">nosso</word>
   <word id="word_223">interlocutor</word>
   <word id="word_224">reside</word>
   <word id="word_225">"</word>
   <word id="word_226">a</word>
   <word id="word_227">vitória</word>
   <word id="word_228">,</word>
   <word id="word_229">que</word>
   <word id="word_230">terá</word>
   <word id="word_231">de</word>
   <word id="word_232">acontecer</word>
   <word id="word_233">com</word>
   <word id="word_234">o</word>
   <word id="word_235">FC</word>
   <word id="word_236">Porto</word>
   <word id="word_237">a</word>
   <word id="word_238">demonstrar</word>
   <word id="word_239">que</word>
   <word id="word_240">é</word>
   <word id="word_241">melhor</word>
   <word id="word_242">que</word>
   <word id="word_243">o</word>
   <word id="word_244">nosso</word>
   <word id="word_245">cotadíssimo</word>
   <word id="word_246">adversário</word>
   <word id="word_247">"</word>
   <word id="word_248">.</word>
   <word id="word_249">Sobre</word>
   <word id="word_250">o</word>
   <word id="word_251">momento</word>
   <word id="word_252">de_</word>
   <word id="word_253">o</word>
   <word id="word_254">clube</word>
   <word id="word_255">de_</word>
   <word id="word_256">a</word>
   <word id="word_257">Luz</word>
   <word id="word_258">,</word>
   <word id="word_259">Artur</word>
   <word id="word_260">Jorge</word>
   <word id="word_261">mostra</word>
   <word id="word_262">-se</word>
   <word id="word_263">contrário</word>
   <word id="word_264">a_</word>
   <word id="word_265">a</word>
   <word id="word_266">maioria</word>
   <word id="word_267">de_</word>
   <word id="word_268">as</word>
   <word id="word_269">opiniões</word>
   <word id="word_270">,</word>
   <word id="word_271">que</word>
   <word id="word_272">dizem</word>
   <word id="word_273">haver</word>
   <word id="word_274">crise</word>
   <word id="word_275">em_</word>
   <word id="word_276">o</word>
   <word id="word_277">seio</word>
   <word id="word_278">de_</word>
   <word id="word_279">a</word>
   <word id="word_280">equipa</word>
   <word id="word_281">de</word>
   <word id="word_282">futebol</word>
   <word id="word_283">.</word>
   <word id="word_284">"</word>
   <word id="word_285">É</word>
   <word id="word_286">a</word>
   <word id="word_287">opinião</word>
   <word id="word_288">de</word>
   <word id="word_289">pessoas</word>
   <word id="word_290">mal</word>
   <word id="word_291">informadas</word>
   <word id="word_292">.</word>
   <word id="word_293">"</word>
   <word id="word_294">Diz</word>
   <word id="word_295">-nos</word>
   <word id="word_296">a</word>
   <word id="word_297">tal</word>
   <word id="word_298">propósito</word>
   <word id="word_299">,</word>
   <word id="word_300">justificando</word>
   <word id="word_301">"</word>
   <word id="word_302">que</word>
   <word id="word_303">não</word>
   <word id="word_304">fazem</word>
   <word id="word_305">as</word>
   <word id="word_306">contas</word>
   <word id="word_307">que</word>
   <word id="word_308">devem</word>
   <word id="word_309">ser</word>
   <word id="word_310">feitas</word>
   <word id="word_311">"</word>
   <word id="word_312">.</word>
   <word id="word_313">"</word>
   <word id="word_314">O</word>
   <word id="word_315">Benfica</word>
   <word id="word_316">vai</word>
   <word id="word_317">a_</word>
   <word id="word_318">a</word>
   <word id="word_319">frente</word>
   <word id="word_320">,</word>
   <word id="word_321">juntamente</word>
   <word id="word_322">com</word>
   <word id="word_323">o</word>
   <word id="word_324">FC</word>
   <word id="word_325">Porto</word>
   <word id="word_326">,</word>
   <word id="word_327">que</word>
   <word id="word_328">está</word>
   <word id="word_329">a</word>
   <word id="word_330">fazer</word>
   <word id="word_331">um</word>
   <word id="word_332">óptimo</word>
   <word id="word_333">campeonato</word>
   <word id="word_334">.</word>
   <word id="word_335">Não</word>
   <word id="word_336">é</word>
   <word id="word_337">com</word>
   <word id="word_338">essas</word>
   <word id="word_339">opiniões</word>
   <word id="word_340">que</word>
   <word id="word_341">nos</word>
   <word id="word_342">orientamos</word>
   <word id="word_343">,</word>
   <word id="word_344">porque</word>
   <word id="word_345">temos</word>
   <word id="word_346">consciência</word>
   <word id="word_347">de</word>
   <word id="word_348">que</word>
   <word id="word_349">um</word>
   <word id="word_350">Benfica-Porto</word>
   <word id="word_351">é</word>
   <word id="word_352">sempre</word>
   <word id="word_353">um</word>
   <word id="word_354">clássico</word>
   <word id="word_355">e</word>
   <word id="word_356">,</word>
   <word id="word_357">como</word>
   <word id="word_358">tal</word>
   <word id="word_359">,</word>
   <word id="word_360">um</word>
   <word id="word_361">jogo</word>
   <word id="word_362">de</word>
   <word id="word_363">resultado</word>
   <word id="word_364">imprevisível</word>
   <word id="word_365">.</word>
   <word id="word_366">Espero</word>
   <word id="word_367">que</word>
   <word id="word_368">os</word>
   <word id="word_369">meus</word>
   <word id="word_370">jogadores</word>
   <word id="word_371">estejam</word>
   <word id="word_372">mais</word>
   <word id="word_373">bem</word>
   <word id="word_374">dispostos</word>
   <word id="word_375">e</word>
   <word id="word_376">com</word>
   <word id="word_377">maior</word>
   <word id="word_378">dose</word>
   <word id="word_379">de</word>
   <word id="word_380">sorte</word>
   <word id="word_381">por_</word>
   <word id="word_382">o</word>
   <word id="word_383">seu</word>
   <word id="word_384">lado</word>
   <word id="word_385">.</word>
   <word id="word_386">"</word>
   <word id="word_387">É</word>
   <word id="word_388">um</word>
   <word id="word_389">dado</word>
   <word id="word_390">adquirido</word>
   <word id="word_391">que</word>
   <word id="word_392">o</word>
   <word id="word_393">FC</word>
   <word id="word_394">Porto</word>
   <word id="word_395">tem</word>
   <word id="word_396">o</word>
   <word id="word_397">plantel</word>
   <word id="word_398">mais</word>
   <word id="word_399">apetrechado</word>
   <word id="word_400">,</word>
   <word id="word_401">quer</word>
   <word id="word_402">em</word>
   <word id="word_403">termos</word>
   <word id="word_404">de</word>
   <word id="word_405">quantidade</word>
   <word id="word_406">quer</word>
   <word id="word_407">de</word>
   <word id="word_408">qualidade</word>
   <word id="word_409">.</word>
   <word id="word_410">Contudo</word>
   <word id="word_411">,</word>
   <word id="word_412">o</word>
   <word id="word_413">treinador</word>
   <word id="word_414">portista</word>
   <word id="word_415">tem</word>
   <word id="word_416">,</word>
   <word id="word_417">a</word>
   <word id="word_418">tal</word>
   <word id="word_419">propósito</word>
   <word id="word_420">uma</word>
   <word id="word_421">opinião</word>
   <word id="word_422">curiosa</word>
   <word id="word_423">:</word>
   <word id="word_424">"</word>
   <word id="word_425">Previa</word>
   <word id="word_426">-se</word>
   <word id="word_427">,</word>
   <word id="word_428">em_</word>
   <word id="word_429">o</word>
   <word id="word_430">início</word>
   <word id="word_431">de_</word>
   <word id="word_432">a</word>
   <word id="word_433">temporada</word>
   <word id="word_434">,</word>
   <word id="word_435">que</word>
   <word id="word_436">não</word>
   <word id="word_437">houvesse</word>
   <word id="word_438">campeonato</word>
   <word id="word_439">,</word>
   <word id="word_440">que</word>
   <word id="word_441">o</word>
   <word id="word_442">FC</word>
   <word id="word_443">Porto</word>
   <word id="word_444">cedo</word>
   <word id="word_445">ganharia</word>
   <word id="word_446">avanço</word>
   <word id="word_447">e</word>
   <word id="word_448">se</word>
   <word id="word_449">tornaria</word>
   <word id="word_450">campeão</word>
   <word id="word_451">com</word>
   <word id="word_452">facilidade</word>
   <word id="word_453">.</word>
   <word id="word_454">Tentaram</word>
   <word id="word_455">adormecer</word>
   <word id="word_456">o</word>
   <word id="word_457">FC</word>
   <word id="word_458">Porto</word>
   <word id="word_459">.</word>
   <word id="word_460">Mas</word>
   <word id="word_461">em_</word>
   <word id="word_462">esta</word>
   <word id="word_463">casa</word>
   <word id="word_464">andamos</word>
   <word id="word_465">bem</word>
   <word id="word_466">acordados</word>
   <word id="word_467">.</word>
   <word id="word_468">Qualquer</word>
   <word id="word_469">adversário</word>
   <word id="word_470">que</word>
   <word id="word_471">nos</word>
   <word id="word_472">defronta</word>
   <word id="word_473">quer</word>
   <word id="word_474">fazer</word>
   <word id="word_475">o</word>
   <word id="word_476">jogo</word>
   <word id="word_477">de_</word>
   <word id="word_478">o</word>
   <word id="word_479">ano</word>
   <word id="word_480">,</word>
   <word id="word_481">transcende</word>
   <word id="word_482">-se</word>
   <word id="word_483">,</word>
   <word id="word_484">motiva</word>
   <word id="word_485">-se</word>
   <word id="word_486">,</word>
   <word id="word_487">ultrapassa</word>
   <word id="word_488">-se</word>
   <word id="word_489">.</word>
   <word id="word_490">Repito</word>
   <word id="word_491">o</word>
   <word id="word_492">mesmo</word>
   <word id="word_493">que</word>
   <word id="word_494">disse</word>
   <word id="word_495">há</word>
   <word id="word_496">dois</word>
   <word id="word_497">anos</word>
   <word id="word_498">:</word>
   <word id="word_499">para</word>
   <word id="word_500">o</word>
   <word id="word_501">FC</word>
   <word id="word_502">Porto</word>
   <word id="word_503">ser</word>
   <word id="word_504">campeão</word>
   <word id="word_505">,</word>
   <word id="word_506">tem</word>
   <word id="word_507">de</word>
   <word id="word_508">ser</word>
   <word id="word_509">muito</word>
   <word id="word_510">melhor</word>
   <word id="word_511">que</word>
   <word id="word_512">os</word>
   <word id="word_513">seus</word>
   <word id="word_514">adversários</word>
   <word id="word_515">.</word>
   <word id="word_516">"</word>
   <word id="word_517">E</word>
   <word id="word_518">Artur</word>
   <word id="word_519">Jorge</word>
   <word id="word_520">traça</word>
   <word id="word_521">ainda</word>
   <word id="word_522">um</word>
   <word id="word_523">breve</word>
   <word id="word_524">balanço</word>
   <word id="word_525">acerca</word>
   <word id="word_526">de_</word>
   <word id="word_527">a</word>
   <word id="word_528">primeira</word>
   <word id="word_529">volta</word>
   <word id="word_530">de_</word>
   <word id="word_531">o</word>
   <word id="word_532">campeonato</word>
   <word id="word_533">:</word>
   <word id="word_534">"</word>
   <word id="word_535">Equipa</word>
   <word id="word_536">que</word>
   <word id="word_537">chega</word>
   <word id="word_538">a_</word>
   <word id="word_539">o</word>
   <word id="word_540">fim</word>
   <word id="word_541">de_</word>
   <word id="word_542">a</word>
   <word id="word_543">primeira</word>
   <word id="word_544">volta</word>
   <word id="word_545">sem</word>
   <word id="word_546">derrotas</word>
   <word id="word_547">,</word>
   <word id="word_548">com</word>
   <word id="word_549">40</word>
   <word id="word_550">golos</word>
   <word id="word_551">marcados</word>
   <word id="word_552">e</word>
   <word id="word_553">10</word>
   <word id="word_554">sofridos</word>
   <word id="word_555">,</word>
   <word id="word_556">e</word>
   <word id="word_557">com</word>
   <word id="word_558">mais</word>
   <word id="word_559">três</word>
   <word id="word_560">pontos</word>
   <word id="word_561">que</word>
   <word id="word_562">em_</word>
   <word id="word_563">a</word>
   <word id="word_564">temporada</word>
   <word id="word_565">anterior</word>
   <word id="word_566">,</word>
   <word id="word_567">tem</word>
   <word id="word_568">efectivamente</word>
   <word id="word_569">de</word>
   <word id="word_570">deixar</word>
   <word id="word_571">satisfeito</word>
   <word id="word_572">o</word>
   <word id="word_573">seu</word>
   <word id="word_574">treinador</word>
   <word id="word_575">.</word>
   <word id="word_576">O</word>
   <word id="word_577">FC</word>
   <word id="word_578">Porto</word>
   <word id="word_579">está</word>
   <word id="word_580">melhor</word>
   <word id="word_581">que</word>
   <word id="word_582">em_</word>
   <word id="word_583">o</word>
   <word id="word_584">ano</word>
   <word id="word_585">passado</word>
   <word id="word_586">e</word>
   <word id="word_587">com</word>
   <word id="word_588">boas</word>
   <word id="word_589">perspectivas</word>
   <word id="word_590">para</word>
   <word id="word_591">o</word>
   <word id="word_592">futuro</word>
   <word id="word_593">.</word>
   <word id="word_594">"</word>
   <word id="word_595">Depois</word>
   <word id="word_596">de</word>
   <word id="word_597">um</word>
   <word id="word_598">começo</word>
   <word id="word_599">algo</word>
   <word id="word_600">titubeante</word>
   <word id="word_601">,</word>
   <word id="word_602">com</word>
   <word id="word_603">uma</word>
   <word id="word_604">série</word>
   <word id="word_605">de</word>
   <word id="word_606">empates</word>
   <word id="word_607">seguidos</word>
   <word id="word_608">,</word>
   <word id="word_609">o</word>
   <word id="word_610">FC</word>
   <word id="word_611">Porto</word>
   <word id="word_612">conseguiu</word>
   <word id="word_613">restabelecer</word>
   <word id="word_614">-se</word>
   <word id="word_615">até</word>
   <word id="word_616">atingir</word>
   <word id="word_617">o</word>
   <word id="word_618">topo</word>
   <word id="word_619">de_</word>
   <word id="word_620">a</word>
   <word id="word_621">classificação</word>
   <word id="word_622">.</word>
   <word id="word_623">Artur</word>
   <word id="word_624">Jorge</word>
   <word id="word_625">considera</word>
   <word id="word_626">que</word>
   <word id="word_627">a</word>
   <word id="word_628">sua</word>
   <word id="word_629">equipa</word>
   <word id="word_630">está</word>
   <word id="word_631">ainda</word>
   <word id="word_632">em_</word>
   <word id="word_633">a</word>
   <word id="word_634">caminhada</word>
   <word id="word_635">para</word>
   <word id="word_636">a</word>
   <word id="word_637">forma</word>
   <word id="word_638">mais</word>
   <word id="word_639">apurada</word>
   <word id="word_640">.</word>
   <word id="word_641">"</word>
   <word id="word_642">O</word>
   <word id="word_643">FC</word>
   <word id="word_644">Porto</word>
   <word id="word_645">em_</word>
   <word id="word_646">este</word>
   <word id="word_647">momento</word>
   <word id="word_648">está</word>
   <word id="word_649">bem</word>
   <word id="word_650">,</word>
   <word id="word_651">e</word>
   <word id="word_652">vai</word>
   <word id="word_653">tentar</word>
   <word id="word_654">,</word>
   <word id="word_655">em_</word>
   <word id="word_656">a</word>
   <word id="word_657">Luz</word>
   <word id="word_658">,</word>
   <word id="word_659">mostrar</word>
   <word id="word_660">que</word>
   <word id="word_661">é</word>
   <word id="word_662">uma</word>
   <word id="word_663">equipa</word>
   <word id="word_664">bem</word>
   <word id="word_665">madura</word>
   <word id="word_666">,</word>
   <word id="word_667">e</word>
   <word id="word_668">que</word>
   <word id="word_669">o</word>
   <word id="word_670">seu</word>
   <word id="word_671">momento</word>
   <word id="word_672">de</word>
   <word id="word_673">forma</word>
   <word id="word_674">está</word>
   <word id="word_675">a</word>
   <word id="word_676">aumentar</word>
   <word id="word_677">gradualmente</word>
   <word id="word_678">.</word>
   <word id="word_679">Em_</word>
   <word id="word_680">o</word>
   <word id="word_681">fim</word>
   <word id="word_682">de_</word>
   <word id="word_683">a</word>
   <word id="word_684">temporada</word>
   <word id="word_685">,</word>
   <word id="word_686">a</word>
   <word id="word_687">equipa</word>
   <word id="word_688">estará</word>
   <word id="word_689">em_</word>
   <word id="word_690">o</word>
   <word id="word_691">máximo</word>
   <word id="word_692">de_</word>
   <word id="word_693">as</word>
   <word id="word_694">suas</word>
   <word id="word_695">potencialidades</word>
   <word id="word_696">.</word>
   <word id="word_697">"</word>
   <word id="word_698">Como</word>
   <word id="word_699">se</word>
   <word id="word_700">sabe</word>
   <word id="word_701">Casagrande</word>
   <word id="word_702">,</word>
   <word id="word_703">o</word>
   <word id="word_704">craque</word>
   <word id="word_705">de_</word>
   <word id="word_706">a</word>
   <word id="word_707">selecção</word>
   <word id="word_708">brasileira</word>
   <word id="word_709">que</word>
   <word id="word_710">esteve</word>
   <word id="word_711">presente</word>
   <word id="word_712">em_</word>
   <word id="word_713">o</word>
   <word id="word_714">último</word>
   <word id="word_715">Campeonato</word>
   <word id="word_716">de_</word>
   <word id="word_717">o</word>
   <word id="word_718">Mundo</word>
   <word id="word_719">realizado</word>
   <word id="word_720">em_</word>
   <word id="word_721">o</word>
   <word id="word_722">México</word>
   <word id="word_723">,</word>
   <word id="word_724">não</word>
   <word id="word_725">alinhará</word>
   <word id="word_726">,</word>
   <word id="word_727">esta</word>
   <word id="word_728">tarde</word>
   <word id="word_729">,</word>
   <word id="word_730">por_</word>
   <word id="word_731">o</word>
   <word id="word_732">FC</word>
   <word id="word_733">Porto</word>
   <word id="word_734">em_</word>
   <word id="word_735">o</word>
   <word id="word_736">jogo</word>
   <word id="word_737">de_</word>
   <word id="word_738">a</word>
   <word id="word_739">Luz</word>
   <word id="word_740">.</word>
   <word id="word_741">Artur</word>
   <word id="word_742">Jorge</word>
   <word id="word_743">,</word>
   <word id="word_744">a</word>
   <word id="word_745">tal</word>
   <word id="word_746">propósito</word>
   <word id="word_747">,</word>
   <word id="word_748">esclareceu</word>
   <word id="word_749">:</word>
   <word id="word_750">"</word>
   <word id="word_751">Casagrande</word>
   <word id="word_752">não</word>
   <word id="word_753">tem</word>
   <word id="word_754">obrigação</word>
   <word id="word_755">de</word>
   <word id="word_756">começar</word>
   <word id="word_757">a</word>
   <word id="word_758">jogar</word>
   <word id="word_759">em_</word>
   <word id="word_760">este</word>
   <word id="word_761">ou</word>
   <word id="word_762">em_</word>
   <word id="word_763">aquele</word>
   <word id="word_764">jogo</word>
   <word id="word_765">.</word>
   <word id="word_766">De</word>
   <word id="word_767">momento</word>
   <word id="word_768">não</word>
   <word id="word_769">há</word>
   <word id="word_770">possibilidades</word>
   <word id="word_771">de</word>
   <word id="word_772">ele</word>
   <word id="word_773">integrar</word>
   <word id="word_774">a</word>
   <word id="word_775">equipa</word>
   <word id="word_776">,</word>
   <word id="word_777">mas</word>
   <word id="word_778">penso</word>
   <word id="word_779">que</word>
   <word id="word_780">o</word>
   <word id="word_781">pode</word>
   <word id="word_782">vir</word>
   <word id="word_783">a</word>
   <word id="word_784">fazer</word>
   <word id="word_785">o</word>
   <word id="word_786">mais</word>
   <word id="word_787">cedo</word>
   <word id="word_788">possível</word>
   <word id="word_789">.</word>
   <word id="word_790">Ele</word>
   <word id="word_791">tem</word>
   <word id="word_792">de</word>
   <word id="word_793">melhorar</word>
   <word id="word_794">em</word>
   <word id="word_795">todos</word>
   <word id="word_796">os</word>
   <word id="word_797">pontos</word>
   <word id="word_798">de</word>
   <word id="word_799">vista</word>
   <word id="word_800">,</word>
   <word id="word_801">quer</word>
   <word id="word_802">em_</word>
   <word id="word_803">o</word>
   <word id="word_804">aspecto</word>
   <word id="word_805">de</word>
   <word id="word_806">forma</word>
   <word id="word_807">física</word>
   <word id="word_808">quer</word>
   <word id="word_809">ainda</word>
   <word id="word_810">em_</word>
   <word id="word_811">o</word>
   <word id="word_812">que</word>
   <word id="word_813">diz</word>
   <word id="word_814">respeito</word>
   <word id="word_815">a_</word>
   <word id="word_816">a</word>
   <word id="word_817">integração</word>
   <word id="word_818">em_</word>
   <word id="word_819">este</word>
   <word id="word_820">grupo</word>
   <word id="word_821">de</word>
   <word id="word_822">trabalho</word>
   <word id="word_823">,</word>
   <word id="word_824">e</word>
   <word id="word_825">a_</word>
   <word id="word_826">a</word>
   <word id="word_827">total</word>
   <word id="word_828">identificação</word>
   <word id="word_829">com</word>
   <word id="word_830">seus</word>
   <word id="word_831">companheiros</word>
   <word id="word_832">.</word>
   <word id="word_833">Também</word>
   <word id="word_834">não</word>
   <word id="word_835">posso</word>
   <word id="word_836">dizer</word>
   <word id="word_837">que</word>
   <word id="word_838">ele</word>
   <word id="word_839">alinhe</word>
   <word id="word_840">frente</word>
   <word id="word_841">a_</word>
   <word id="word_842">o</word>
   <word id="word_843">Guimarães</word>
   <word id="word_844">;</word>
   <word id="word_845">é</word>
   <word id="word_846">provável</word>
   <word id="word_847">que</word>
   <word id="word_848">sim</word>
   <word id="word_849">,</word>
   <word id="word_850">mas</word>
   <word id="word_851">não</word>
   <word id="word_852">há</word>
   <word id="word_853">nem</word>
   <word id="word_854">pode</word>
   <word id="word_855">haver</word>
   <word id="word_856">ainda</word>
   <word id="word_857">uma</word>
   <word id="word_858">certeza</word>
   <word id="word_859">.</word>
   <word id="word_860">Há</word>
   <word id="word_861">que</word>
   <word id="word_862">aguardar</word>
   <word id="word_863">.</word>
   <word id="word_864">"</word>
</words>
