<?xml version="1.0" encoding="UTF-8"?>
<!DOCTYPE words SYSTEM "words.dtd">
<words>
   <word id="word_1">Produtos</word>
   <word id="word_2">florestais</word>
   <word id="word_3">A</word>
   <word id="word_4">balança</word>
   <word id="word_5">comercial</word>
   <word id="word_6">portuguesa</word>
   <word id="word_7">de</word>
   <word id="word_8">produtos</word>
   <word id="word_9">florestais</word>
   <word id="word_10">registou</word>
   <word id="word_11">um</word>
   <word id="word_12">saldo</word>
   <word id="word_13">positivo</word>
   <word id="word_14">de</word>
   <word id="word_15">105</word>
   <word id="word_16">760</word>
   <word id="word_17">contos</word>
   <word id="word_18">entre</word>
   <word id="word_19">Janeiro</word>
   <word id="word_20">e</word>
   <word id="word_21">Novembro</word>
   <word id="word_22">de</word>
   <word id="word_23">1986</word>
   <word id="word_24">,</word>
   <word id="word_25">revela</word>
   <word id="word_26">um</word>
   <word id="word_27">documento</word>
   <word id="word_28">de_</word>
   <word id="word_29">o</word>
   <word id="word_30">Instituto</word>
   <word id="word_31">de_</word>
   <word id="word_32">os</word>
   <word id="word_33">Produtos</word>
   <word id="word_34">Florestais</word>
   <word id="word_35">agora</word>
   <word id="word_36">divulgado</word>
   <word id="word_37">.</word>
   <word id="word_38">Em</word>
   <word id="word_39">relação</word>
   <word id="word_40">a</word>
   <word id="word_41">igual</word>
   <word id="word_42">período</word>
   <word id="word_43">de</word>
   <word id="word_44">1985</word>
   <word id="word_45">,</word>
   <word id="word_46">o</word>
   <word id="word_47">grau</word>
   <word id="word_48">de</word>
   <word id="word_49">cobertura</word>
   <word id="word_50">de_</word>
   <word id="word_51">as</word>
   <word id="word_52">importações</word>
   <word id="word_53">por_</word>
   <word id="word_54">as</word>
   <word id="word_55">exportações</word>
   <word id="word_56">diminuiu</word>
   <word id="word_57">,</word>
   <word id="word_58">quer</word>
   <word id="word_59">em_</word>
   <word id="word_60">o</word>
   <word id="word_61">que</word>
   <word id="word_62">se</word>
   <word id="word_63">refere</word>
   <word id="word_64">a_</word>
   <word id="word_65">o</word>
   <word id="word_66">valor</word>
   <word id="word_67">,</word>
   <word id="word_68">quer</word>
   <word id="word_69">a_</word>
   <word id="word_70">as</word>
   <word id="word_71">quantidades</word>
   <word id="word_72">de</word>
   <word id="word_73">produtos</word>
   <word id="word_74">comercializados</word>
   <word id="word_75">O</word>
   <word id="word_76">valor</word>
   <word id="word_77">de_</word>
   <word id="word_78">as</word>
   <word id="word_79">exportações</word>
   <word id="word_80">subiu</word>
   <word id="word_81">11</word>
   <word id="word_82">,</word>
   <word id="word_83">5</word>
   <word id="word_84">por</word>
   <word id="word_85">cento</word>
   <word id="word_86">em</word>
   <word id="word_87">relação</word>
   <word id="word_88">a</word>
   <word id="word_89">1985</word>
   <word id="word_90">,</word>
   <word id="word_91">enquanto</word>
   <word id="word_92">o</word>
   <word id="word_93">de_</word>
   <word id="word_94">as</word>
   <word id="word_95">importações</word>
   <word id="word_96">cresceu</word>
   <word id="word_97">35</word>
   <word id="word_98">por</word>
   <word id="word_99">cento</word>
   <word id="word_100">.</word>
   <word id="word_101">Em</word>
   <word id="word_102">quantidade</word>
   <word id="word_103">o</word>
   <word id="word_104">aumento</word>
   <word id="word_105">registado</word>
   <word id="word_106">em_</word>
   <word id="word_107">as</word>
   <word id="word_108">exportações</word>
   <word id="word_109">foi</word>
   <word id="word_110">de</word>
   <word id="word_111">10</word>
   <word id="word_112">,</word>
   <word id="word_113">4</word>
   <word id="word_114">por</word>
   <word id="word_115">cento</word>
   <word id="word_116">,</word>
   <word id="word_117">contra</word>
   <word id="word_118">16</word>
   <word id="word_119">por</word>
   <word id="word_120">cento</word>
   <word id="word_121">em_</word>
   <word id="word_122">as</word>
   <word id="word_123">importações</word>
   <word id="word_124">.</word>
   <word id="word_125">Em_</word>
   <word id="word_126">a</word>
   <word id="word_127">estrutura</word>
   <word id="word_128">de_</word>
   <word id="word_129">as</word>
   <word id="word_130">importações</word>
   <word id="word_131">é</word>
   <word id="word_132">de</word>
   <word id="word_133">salientar</word>
   <word id="word_134">o</word>
   <word id="word_135">decréscimo</word>
   <word id="word_136">registado</word>
   <word id="word_137">em_</word>
   <word id="word_138">a</word>
   <word id="word_139">compra</word>
   <word id="word_140">de</word>
   <word id="word_141">pasta</word>
   <word id="word_142">de</word>
   <word id="word_143">papel</word>
   <word id="word_144">a_</word>
   <word id="word_145">o</word>
   <word id="word_146">exterior</word>
   <word id="word_147">,</word>
   <word id="word_148">que</word>
   <word id="word_149">teve</word>
   <word id="word_150">em_</word>
   <word id="word_151">os</word>
   <word id="word_152">primeiros</word>
   <word id="word_153">onze</word>
   <word id="word_154">meses</word>
   <word id="word_155">de_</word>
   <word id="word_156">o</word>
   <word id="word_157">ano</word>
   <word id="word_158">passado</word>
   <word id="word_159">uma</word>
   <word id="word_160">variação</word>
   <word id="word_161">de</word>
   <word id="word_162">menos</word>
   <word id="word_163">22</word>
   <word id="word_164">,</word>
   <word id="word_165">4</word>
   <word id="word_166">por</word>
   <word id="word_167">cento</word>
   <word id="word_168">em</word>
   <word id="word_169">relação</word>
   <word id="word_170">a_</word>
   <word id="word_171">o</word>
   <word id="word_172">mesmo</word>
   <word id="word_173">período</word>
   <word id="word_174">de</word>
   <word id="word_175">1985</word>
   <word id="word_176">Mundial</word>
   <word id="word_177">Confiança</word>
   <word id="word_178">cresce</word>
   <word id="word_179">A</word>
   <word id="word_180">Mundial</word>
   <word id="word_181">Confiança</word>
   <word id="word_182">quer</word>
   <word id="word_183">ser</word>
   <word id="word_184">a</word>
   <word id="word_185">primeira</word>
   <word id="word_186">de_</word>
   <word id="word_187">a</word>
   <word id="word_188">lista</word>
   <word id="word_189">de</word>
   <word id="word_190">companhias</word>
   <word id="word_191">de</word>
   <word id="word_192">seguros</word>
   <word id="word_193">em</word>
   <word id="word_194">Portugal</word>
   <word id="word_195">.</word>
   <word id="word_196">Durante</word>
   <word id="word_197">o</word>
   <word id="word_198">ano</word>
   <word id="word_199">de</word>
   <word id="word_200">1986</word>
   <word id="word_201">a</word>
   <word id="word_202">empresa</word>
   <word id="word_203">consolidou</word>
   <word id="word_204">o</word>
   <word id="word_205">segundo</word>
   <word id="word_206">lugar</word>
   <word id="word_207">de_</word>
   <word id="word_208">o</word>
   <word id="word_209">mercado</word>
   <word id="word_210">em</word>
   <word id="word_211">termos</word>
   <word id="word_212">de</word>
   <word id="word_213">produção</word>
   <word id="word_214">e</word>
   <word id="word_215">a</word>
   <word id="word_216">sua</word>
   <word id="word_217">carteira</word>
   <word id="word_218">cresceu</word>
   <word id="word_219">em</word>
   <word id="word_220">cerca</word>
   <word id="word_221">de</word>
   <word id="word_222">três</word>
   <word id="word_223">milhões</word>
   <word id="word_224">de</word>
   <word id="word_225">contos</word>
   <word id="word_226">,</word>
   <word id="word_227">o</word>
   <word id="word_228">que</word>
   <word id="word_229">representou</word>
   <word id="word_230">um</word>
   <word id="word_231">ganho</word>
   <word id="word_232">de</word>
   <word id="word_233">25</word>
   <word id="word_234">,</word>
   <word id="word_235">2</word>
   <word id="word_236">por</word>
   <word id="word_237">cento</word>
   <word id="word_238">em</word>
   <word id="word_239">relação</word>
   <word id="word_240">a</word>
   <word id="word_241">1985</word>
   <word id="word_242">.</word>
   <word id="word_243">Por</word>
   <word id="word_244">ramos</word>
   <word id="word_245">,</word>
   <word id="word_246">a</word>
   <word id="word_247">Mundial</word>
   <word id="word_248">Confiança</word>
   <word id="word_249">foi</word>
   <word id="word_250">a</word>
   <word id="word_251">primeira</word>
   <word id="word_252">companhia</word>
   <word id="word_253">em</word>
   <word id="word_254">acidentes</word>
   <word id="word_255">de</word>
   <word id="word_256">trabalho</word>
   <word id="word_257">,</word>
   <word id="word_258">com</word>
   <word id="word_259">19</word>
   <word id="word_260">,</word>
   <word id="word_261">1</word>
   <word id="word_262">por</word>
   <word id="word_263">cento</word>
   <word id="word_264">de_</word>
   <word id="word_265">o</word>
   <word id="word_266">total</word>
   <word id="word_267">:</word>
   <word id="word_268">acidentes</word>
   <word id="word_269">pessoais</word>
   <word id="word_270">,</word>
   <word id="word_271">com</word>
   <word id="word_272">15</word>
   <word id="word_273">,</word>
   <word id="word_274">43</word>
   <word id="word_275">por</word>
   <word id="word_276">cento</word>
   <word id="word_277">;</word>
   <word id="word_278">agrícola</word>
   <word id="word_279">,</word>
   <word id="word_280">com</word>
   <word id="word_281">28</word>
   <word id="word_282">,</word>
   <word id="word_283">8</word>
   <word id="word_284">por</word>
   <word id="word_285">cento</word>
   <word id="word_286">;</word>
   <word id="word_287">transportes</word>
   <word id="word_288">terrestres</word>
   <word id="word_289">,</word>
   <word id="word_290">com</word>
   <word id="word_291">9</word>
   <word id="word_292">,</word>
   <word id="word_293">97</word>
   <word id="word_294">por</word>
   <word id="word_295">cento</word>
   <word id="word_296">;</word>
   <word id="word_297">sendo</word>
   <word id="word_298">a</word>
   <word id="word_299">segundo</word>
   <word id="word_300">em_</word>
   <word id="word_301">o</word>
   <word id="word_302">ramo</word>
   <word id="word_303">de</word>
   <word id="word_304">incêndios</word>
   <word id="word_305">,</word>
   <word id="word_306">com</word>
   <word id="word_307">10</word>
   <word id="word_308">,</word>
   <word id="word_309">2</word>
   <word id="word_310">por</word>
   <word id="word_311">cento</word>
   <word id="word_312">de_</word>
   <word id="word_313">o</word>
   <word id="word_314">total</word>
   <word id="word_315">.</word>
   <word id="word_316">Relevo</word>
   <word id="word_317">especial</word>
   <word id="word_318">merece</word>
   <word id="word_319">o</word>
   <word id="word_320">ramo</word>
   <word id="word_321">vida</word>
   <word id="word_322">,</word>
   <word id="word_323">onde</word>
   <word id="word_324">a</word>
   <word id="word_325">empresa</word>
   <word id="word_326">,</word>
   <word id="word_327">com</word>
   <word id="word_328">um</word>
   <word id="word_329">crescimento</word>
   <word id="word_330">de</word>
   <word id="word_331">56</word>
   <word id="word_332">,</word>
   <word id="word_333">1</word>
   <word id="word_334">por</word>
   <word id="word_335">cento</word>
   <word id="word_336">,</word>
   <word id="word_337">obteve</word>
   <word id="word_338">o</word>
   <word id="word_339">maior</word>
   <word id="word_340">aumento</word>
   <word id="word_341">percentual</word>
   <word id="word_342">de_</word>
   <word id="word_343">a</word>
   <word id="word_344">indústria</word>
   <word id="word_345">seguradora</word>
   <word id="word_346">.</word>
   <word id="word_347">Falências</word>
   <word id="word_348">aumentaram</word>
   <word id="word_349">em</word>
   <word id="word_350">86</word>
   <word id="word_351">Antes</word>
   <word id="word_352">de</word>
   <word id="word_353">entrar</word>
   <word id="word_354">em</word>
   <word id="word_355">vigor</word>
   <word id="word_356">a</word>
   <word id="word_357">legislação</word>
   <word id="word_358">que</word>
   <word id="word_359">deverá</word>
   <word id="word_360">aligeirar</word>
   <word id="word_361">o</word>
   <word id="word_362">direito</word>
   <word id="word_363">falimentar</word>
   <word id="word_364">português</word>
   <word id="word_365">,</word>
   <word id="word_366">1986</word>
   <word id="word_367">foi</word>
   <word id="word_368">já</word>
   <word id="word_369">um</word>
   <word id="word_370">ano</word>
   <word id="word_371">de</word>
   <word id="word_372">aumento</word>
   <word id="word_373">considerável</word>
   <word id="word_374">de_</word>
   <word id="word_375">as</word>
   <word id="word_376">falências</word>
   <word id="word_377">registadas</word>
   <word id="word_378">:</word>
   <word id="word_379">o</word>
   <word id="word_380">Diário</word>
   <word id="word_381">de_</word>
   <word id="word_382">a</word>
   <word id="word_383">República</word>
   <word id="word_384">publicou</word>
   <word id="word_385">,</word>
   <word id="word_386">a_</word>
   <word id="word_387">o</word>
   <word id="word_388">longo</word>
   <word id="word_389">de_</word>
   <word id="word_390">o</word>
   <word id="word_391">ano</word>
   <word id="word_392">,</word>
   <word id="word_393">195</word>
   <word id="word_394">sentenças</word>
   <word id="word_395">,</word>
   <word id="word_396">o</word>
   <word id="word_397">que</word>
   <word id="word_398">corresponde</word>
   <word id="word_399">a</word>
   <word id="word_400">um</word>
   <word id="word_401">aumento</word>
   <word id="word_402">de</word>
   <word id="word_403">12</word>
   <word id="word_404">por</word>
   <word id="word_405">cento</word>
   <word id="word_406">relativamente</word>
   <word id="word_407">a</word>
   <word id="word_408">1985</word>
   <word id="word_409">.</word>
   <word id="word_410">As</word>
   <word id="word_411">indústrias</word>
   <word id="word_412">têxteis</word>
   <word id="word_413">e</word>
   <word id="word_414">de</word>
   <word id="word_415">vestuário</word>
   <word id="word_416">e</word>
   <word id="word_417">o</word>
   <word id="word_418">Porto</word>
   <word id="word_419">foram</word>
   <word id="word_420">,</word>
   <word id="word_421">respectivamente</word>
   <word id="word_422">em</word>
   <word id="word_423">termos</word>
   <word id="word_424">sectoriais</word>
   <word id="word_425">e</word>
   <word id="word_426">regionais</word>
   <word id="word_427">,</word>
   <word id="word_428">as</word>
   <word id="word_429">áreas</word>
   <word id="word_430">mais</word>
   <word id="word_431">afectadas</word>
   <word id="word_432">.</word>
   <word id="word_433">Mais</word>
   <word id="word_434">de</word>
   <word id="word_435">15</word>
   <word id="word_436">por</word>
   <word id="word_437">cento</word>
   <word id="word_438">de_</word>
   <word id="word_439">as</word>
   <word id="word_440">empresas</word>
   <word id="word_441">que</word>
   <word id="word_442">viram</word>
   <word id="word_443">terminados</word>
   <word id="word_444">seus</word>
   <word id="word_445">processos</word>
   <word id="word_446">de</word>
   <word id="word_447">falência</word>
   <word id="word_448">pertenciam</word>
   <word id="word_449">,</word>
   <word id="word_450">com</word>
   <word id="word_451">efeito</word>
   <word id="word_452">,</word>
   <word id="word_453">a_</word>
   <word id="word_454">aquele</word>
   <word id="word_455">ramo</word>
   <word id="word_456">de_</word>
   <word id="word_457">a</word>
   <word id="word_458">actividade</word>
   <word id="word_459">industrial</word>
   <word id="word_460">e</word>
   <word id="word_461">31</word>
   <word id="word_462">por</word>
   <word id="word_463">cento</word>
   <word id="word_464">localizavam</word>
   <word id="word_465">-se</word>
   <word id="word_466">em_</word>
   <word id="word_467">o</word>
   <word id="word_468">distrito</word>
   <word id="word_469">de_</word>
   <word id="word_470">o</word>
   <word id="word_471">Porto</word>
   <word id="word_472">.</word>
   <word id="word_473">O</word>
   <word id="word_474">comércio</word>
   <word id="word_475">de</word>
   <word id="word_476">têxteis</word>
   <word id="word_477">,</word>
   <word id="word_478">vestuário</word>
   <word id="word_479">e</word>
   <word id="word_480">calçado</word>
   <word id="word_481">(</word>
   <word id="word_482">8</word>
   <word id="word_483">,</word>
   <word id="word_484">7</word>
   <word id="word_485">por</word>
   <word id="word_486">cento</word>
   <word id="word_487">)</word>
   <word id="word_488">,</word>
   <word id="word_489">o</word>
   <word id="word_490">comércio</word>
   <word id="word_491">e</word>
   <word id="word_492">utilidades</word>
   <word id="word_493">,</word>
   <word id="word_494">aparelhos</word>
   <word id="word_495">eléctricos</word>
   <word id="word_496">e</word>
   <word id="word_497">electrodomésticos</word>
   <word id="word_498">(</word>
   <word id="word_499">7</word>
   <word id="word_500">,</word>
   <word id="word_501">7</word>
   <word id="word_502">por</word>
   <word id="word_503">cento</word>
   <word id="word_504">)</word>
   <word id="word_505">e</word>
   <word id="word_506">a</word>
   <word id="word_507">construção</word>
   <word id="word_508">civil</word>
   <word id="word_509">(</word>
   <word id="word_510">6</word>
   <word id="word_511">,</word>
   <word id="word_512">2</word>
   <word id="word_513">por</word>
   <word id="word_514">cento</word>
   <word id="word_515">)</word>
   <word id="word_516">aparecem</word>
   <word id="word_517">,</word>
   <word id="word_518">de</word>
   <word id="word_519">seguida</word>
   <word id="word_520">,</word>
   <word id="word_521">como</word>
   <word id="word_522">ramos</word>
   <word id="word_523">de</word>
   <word id="word_524">maior</word>
   <word id="word_525">frequência</word>
   <word id="word_526">.</word>
   <word id="word_527">Em</word>
   <word id="word_528">termos</word>
   <word id="word_529">regionais</word>
   <word id="word_530">,</word>
   <word id="word_531">depois</word>
   <word id="word_532">de_</word>
   <word id="word_533">o</word>
   <word id="word_534">Porto</word>
   <word id="word_535">,</word>
   <word id="word_536">Lisboa</word>
   <word id="word_537">(</word>
   <word id="word_538">24</word>
   <word id="word_539">por</word>
   <word id="word_540">cento</word>
   <word id="word_541">)</word>
   <word id="word_542">,</word>
   <word id="word_543">Braga</word>
   <word id="word_544">(</word>
   <word id="word_545">12</word>
   <word id="word_546">por</word>
   <word id="word_547">cento</word>
   <word id="word_548">)</word>
   <word id="word_549">,</word>
   <word id="word_550">Aveiro</word>
   <word id="word_551">(</word>
   <word id="word_552">11</word>
   <word id="word_553">por</word>
   <word id="word_554">cento</word>
   <word id="word_555">)</word>
   <word id="word_556">e</word>
   <word id="word_557">Setúbal</word>
   <word id="word_558">(</word>
   <word id="word_559">5</word>
   <word id="word_560">por</word>
   <word id="word_561">cento</word>
   <word id="word_562">)</word>
   <word id="word_563">foram</word>
   <word id="word_564">as</word>
   <word id="word_565">zonas</word>
   <word id="word_566">onde</word>
   <word id="word_567">se</word>
   <word id="word_568">registaram</word>
   <word id="word_569">maior</word>
   <word id="word_570">número</word>
   <word id="word_571">de</word>
   <word id="word_572">processos</word>
   <word id="word_573">terminados</word>
   <word id="word_574">.</word>
   <word id="word_575">As</word>
   <word id="word_576">falências</word>
   <word id="word_577">não</word>
   <word id="word_578">apenas</word>
   <word id="word_579">aumentaram</word>
   <word id="word_580">como</word>
   <word id="word_581">passaram</word>
   <word id="word_582">a</word>
   <word id="word_583">afectar</word>
   <word id="word_584">empresas</word>
   <word id="word_585">de</word>
   <word id="word_586">maior</word>
   <word id="word_587">dimensão</word>
   <word id="word_588">.</word>
   <word id="word_589">Assim</word>
   <word id="word_590">,</word>
   <word id="word_591">verificou</word>
   <word id="word_592">-se</word>
   <word id="word_593">,</word>
   <word id="word_594">em</word>
   <word id="word_595">1986</word>
   <word id="word_596">,</word>
   <word id="word_597">um</word>
   <word id="word_598">aumento</word>
   <word id="word_599">de</word>
   <word id="word_600">três</word>
   <word id="word_601">pontos</word>
   <word id="word_602">percentuais</word>
   <word id="word_603">em_</word>
   <word id="word_604">o</word>
   <word id="word_605">número</word>
   <word id="word_606">de</word>
   <word id="word_607">empresas</word>
   <word id="word_608">falidas</word>
   <word id="word_609">com</word>
   <word id="word_610">capital</word>
   <word id="word_611">social</word>
   <word id="word_612">superior</word>
   <word id="word_613">a</word>
   <word id="word_614">10</word>
   <word id="word_615">mil</word>
   <word id="word_616">contos</word>
   <word id="word_617">e</word>
   <word id="word_618">cinco</word>
   <word id="word_619">pontos</word>
   <word id="word_620">,</word>
   <word id="word_621">o</word>
   <word id="word_622">número</word>
   <word id="word_623">de</word>
   <word id="word_624">empresas</word>
   <word id="word_625">que</word>
   <word id="word_626">empregavam</word>
   <word id="word_627">mais</word>
   <word id="word_628">de</word>
   <word id="word_629">cem</word>
   <word id="word_630">pessoas</word>
   <word id="word_631">.</word>
   <word id="word_632">Leite</word>
   <word id="word_633">açoriano</word>
   <word id="word_634">perde</word>
   <word id="word_635">clientes</word>
   <word id="word_636">Em</word>
   <word id="word_637">consequência</word>
   <word id="word_638">de_</word>
   <word id="word_639">o</word>
   <word id="word_640">diferendo</word>
   <word id="word_641">que</word>
   <word id="word_642">opõe</word>
   <word id="word_643">os</word>
   <word id="word_644">produtores</word>
   <word id="word_645">de</word>
   <word id="word_646">leite</word>
   <word id="word_647">de_</word>
   <word id="word_648">os</word>
   <word id="word_649">Açores</word>
   <word id="word_650">a_</word>
   <word id="word_651">o</word>
   <word id="word_652">Governo</word>
   <word id="word_653">central</word>
   <word id="word_654">,</word>
   <word id="word_655">devido</word>
   <word id="word_656">a_</word>
   <word id="word_657">o</word>
   <word id="word_658">subsídio</word>
   <word id="word_659">de</word>
   <word id="word_660">11</word>
   <word id="word_661">$</word>
   <word id="word_662">60</word>
   <word id="word_663">por</word>
   <word id="word_664">litro</word>
   <word id="word_665">concedido</word>
   <word id="word_666">a_</word>
   <word id="word_667">os</word>
   <word id="word_668">produtores</word>
   <word id="word_669">continentais</word>
   <word id="word_670">por_</word>
   <word id="word_671">a</word>
   <word id="word_672">Portaria</word>
   <word id="word_673">nº</word>
   <word id="word_674">733</word>
   <word id="word_675">-</word>
   <word id="word_676">C</word>
   <word id="word_677">/</word>
   <word id="word_678">86</word>
   <word id="word_679">,</word>
   <word id="word_680">de</word>
   <word id="word_681">4</word>
   <word id="word_682">de</word>
   <word id="word_683">Dezembro</word>
   <word id="word_684">,</word>
   <word id="word_685">a</word>
   <word id="word_686">Unicol</word>
   <word id="word_687">-</word>
   <word id="word_688">União</word>
   <word id="word_689">de</word>
   <word id="word_690">Cooperativas</word>
   <word id="word_691">Produtoras</word>
   <word id="word_692">de</word>
   <word id="word_693">Leite</word>
   <word id="word_694">de_</word>
   <word id="word_695">a</word>
   <word id="word_696">Ilha</word>
   <word id="word_697">Terceira</word>
   <word id="word_698">-</word>
   <word id="word_699">acaba</word>
   <word id="word_700">de</word>
   <word id="word_701">perder</word>
   <word id="word_702">o</word>
   <word id="word_703">seu</word>
   <word id="word_704">maior</word>
   <word id="word_705">cliente</word>
   <word id="word_706">,</word>
   <word id="word_707">a</word>
   <word id="word_708">Parafita</word>
   <word id="word_709">.</word>
   <word id="word_710">As</word>
   <word id="word_711">perspectivas</word>
   <word id="word_712">de</word>
   <word id="word_713">venda</word>
   <word id="word_714">de_</word>
   <word id="word_715">a</word>
   <word id="word_716">Unicol</word>
   <word id="word_717">a</word>
   <word id="word_718">esta</word>
   <word id="word_719">empresa</word>
   <word id="word_720">de_</word>
   <word id="word_721">o</word>
   <word id="word_722">continente</word>
   <word id="word_723">apontavam</word>
   <word id="word_724">para</word>
   <word id="word_725">as</word>
   <word id="word_726">mil</word>
   <word id="word_727">toneladas</word>
   <word id="word_728">de</word>
   <word id="word_729">leite</word>
   <word id="word_730">em</word>
   <word id="word_731">pó</word>
   <word id="word_732">durante</word>
   <word id="word_733">o</word>
   <word id="word_734">corrente</word>
   <word id="word_735">ano</word>
   <word id="word_736">,</word>
   <word id="word_737">o</word>
   <word id="word_738">que</word>
   <word id="word_739">representa</word>
   <word id="word_740">,</word>
   <word id="word_741">a</word>
   <word id="word_742">preços</word>
   <word id="word_743">de</word>
   <word id="word_744">intervenção</word>
   <word id="word_745">,</word>
   <word id="word_746">cerca</word>
   <word id="word_747">de</word>
   <word id="word_748">385</word>
   <word id="word_749">mil</word>
   <word id="word_750">contos</word>
   <word id="word_751">.</word>
   <word id="word_752">Entretanto</word>
   <word id="word_753">,</word>
   <word id="word_754">a</word>
   <word id="word_755">Região</word>
   <word id="word_756">Autónoma</word>
   <word id="word_757">de_</word>
   <word id="word_758">os</word>
   <word id="word_759">Açores</word>
   <word id="word_760">continua</word>
   <word id="word_761">a</word>
   <word id="word_762">pugnar</word>
   <word id="word_763">por_</word>
   <word id="word_764">a</word>
   <word id="word_765">igualdade</word>
   <word id="word_766">de</word>
   <word id="word_767">tratamento</word>
   <word id="word_768">em_</word>
   <word id="word_769">esta</word>
   <word id="word_770">matéria</word>
   <word id="word_771">entre</word>
   <word id="word_772">todas</word>
   <word id="word_773">as</word>
   <word id="word_774">regiões</word>
   <word id="word_775">de_</word>
   <word id="word_776">o</word>
   <word id="word_777">País</word>
   <word id="word_778">.</word>
   <word id="word_779">Por</word>
   <word id="word_780">isso</word>
   <word id="word_781">,</word>
   <word id="word_782">enviou</word>
   <word id="word_783">,</word>
   <word id="word_784">há</word>
   <word id="word_785">cerca</word>
   <word id="word_786">de</word>
   <word id="word_787">duas</word>
   <word id="word_788">semanas</word>
   <word id="word_789">,</word>
   <word id="word_790">uma</word>
   <word id="word_791">proposta</word>
   <word id="word_792">a_</word>
   <word id="word_793">o</word>
   <word id="word_794">Ministério</word>
   <word id="word_795">de_</word>
   <word id="word_796">a</word>
   <word id="word_797">Agricultura</word>
   <word id="word_798">em_</word>
   <word id="word_799">o</word>
   <word id="word_800">sentido</word>
   <word id="word_801">de</word>
   <word id="word_802">ver</word>
   <word id="word_803">concedido</word>
   <word id="word_804">a_</word>
   <word id="word_805">os</word>
   <word id="word_806">industriais</word>
   <word id="word_807">de</word>
   <word id="word_808">lacticínios</word>
   <word id="word_809">de_</word>
   <word id="word_810">o</word>
   <word id="word_811">arquipélago</word>
   <word id="word_812">o</word>
   <word id="word_813">mesmo</word>
   <word id="word_814">subsídio</word>
   <word id="word_815">de_</word>
   <word id="word_816">os</word>
   <word id="word_817">produtores</word>
   <word id="word_818">de_</word>
   <word id="word_819">o</word>
   <word id="word_820">continente</word>
   <word id="word_821">.</word>
   <word id="word_822">Embora</word>
   <word id="word_823">,</word>
   <word id="word_824">de</word>
   <word id="word_825">acordo</word>
   <word id="word_826">com</word>
   <word id="word_827">declarações</word>
   <word id="word_828">de_</word>
   <word id="word_829">o</word>
   <word id="word_830">secretário</word>
   <word id="word_831">regional</word>
   <word id="word_832">de_</word>
   <word id="word_833">a</word>
   <word id="word_834">Agricultura</word>
   <word id="word_835">,</word>
   <word id="word_836">Adolfo</word>
   <word id="word_837">Lima</word>
   <word id="word_838">,</word>
   <word id="word_839">os</word>
   <word id="word_840">Açores</word>
   <word id="word_841">preferissem</word>
   <word id="word_842">que</word>
   <word id="word_843">ninguém</word>
   <word id="word_844">fosse</word>
   <word id="word_845">subsidiado</word>
   <word id="word_846">.</word>
   <word id="word_847">A</word>
   <word id="word_848">Secretaria</word>
   <word id="word_849">Regional</word>
   <word id="word_850">de_</word>
   <word id="word_851">a</word>
   <word id="word_852">Agricultura</word>
   <word id="word_853">açoriana</word>
   <word id="word_854">espera</word>
   <word id="word_855">obter</word>
   <word id="word_856">uma</word>
   <word id="word_857">resposta</word>
   <word id="word_858">a_</word>
   <word id="word_859">as</word>
   <word id="word_860">suas</word>
   <word id="word_861">pretenções</word>
   <word id="word_862">até</word>
   <word id="word_863">o</word>
   <word id="word_864">final</word>
   <word id="word_865">de_</word>
   <word id="word_866">a</word>
   <word id="word_867">semana</word>
   <word id="word_868">.</word>
</words>
