<?xml version="1.0" encoding="UTF-8"?>
<!DOCTYPE words SYSTEM "words.dtd">
<words>
   <word id="word_1">O</word>
   <word id="word_2">LÍDER</word>
   <word id="word_3">Mikhail</word>
   <word id="word_4">Gorbachev</word>
   <word id="word_5">elogiou</word>
   <word id="word_6">as</word>
   <word id="word_7">relações</word>
   <word id="word_8">entre</word>
   <word id="word_9">as</word>
   <word id="word_10">diferentes</word>
   <word id="word_11">nacionalidades</word>
   <word id="word_12">em_</word>
   <word id="word_13">a</word>
   <word id="word_14">União</word>
   <word id="word_15">Soviética</word>
   <word id="word_16">,</word>
   <word id="word_17">mas</word>
   <word id="word_18">advertiu</word>
   <word id="word_19">contra</word>
   <word id="word_20">erros</word>
   <word id="word_21">políticos</word>
   <word id="word_22">de_</word>
   <word id="word_23">o</word>
   <word id="word_24">passado</word>
   <word id="word_25">,</word>
   <word id="word_26">anunciou</word>
   <word id="word_27">o</word>
   <word id="word_28">Pravda</word>
   <word id="word_29">.</word>
   <word id="word_30">Gorbachev</word>
   <word id="word_31">fez</word>
   <word id="word_32">as</word>
   <word id="word_33">declarações</word>
   <word id="word_34">perante</word>
   <word id="word_35">membros</word>
   <word id="word_36">partidários</word>
   <word id="word_37">e</word>
   <word id="word_38">governamentais</word>
   <word id="word_39">de_</word>
   <word id="word_40">a</word>
   <word id="word_41">Estónia</word>
   <word id="word_42">,</word>
   <word id="word_43">por</word>
   <word id="word_44">ocasião</word>
   <word id="word_45">de_</word>
   <word id="word_46">a</word>
   <word id="word_47">sua</word>
   <word id="word_48">viagem</word>
   <word id="word_49">de</word>
   <word id="word_50">cinco</word>
   <word id="word_51">dias</word>
   <word id="word_52">a_</word>
   <word id="word_53">as</word>
   <word id="word_54">repúblicas</word>
   <word id="word_55">bálticas</word>
   <word id="word_56">,</word>
   <word id="word_57">independentes</word>
   <word id="word_58">durante</word>
   <word id="word_59">as</word>
   <word id="word_60">duas</word>
   <word id="word_61">guerras</word>
   <word id="word_62">mundiais</word>
   <word id="word_63">.</word>
   <word id="word_64">"</word>
   <word id="word_65">O</word>
   <word id="word_66">florescimento</word>
   <word id="word_67">de</word>
   <word id="word_68">nações</word>
   <word id="word_69">e</word>
   <word id="word_70">nacionalidades</word>
   <word id="word_71">foi</word>
   <word id="word_72">garantido</word>
   <word id="word_73">por_</word>
   <word id="word_74">a</word>
   <word id="word_75">política</word>
   <word id="word_76">leninista</word>
   <word id="word_77">de</word>
   <word id="word_78">nacionalidades</word>
   <word id="word_79">.</word>
   <word id="word_80">É</word>
   <word id="word_81">evidente</word>
   <word id="word_82">que</word>
   <word id="word_83">houve</word>
   <word id="word_84">dificiências</word>
   <word id="word_85">e</word>
   <word id="word_86">erros</word>
   <word id="word_87">durante</word>
   <word id="word_88">esse</word>
   <word id="word_89">período</word>
   <word id="word_90">,</word>
   <word id="word_91">e</word>
   <word id="word_92">mesmo</word>
   <word id="word_93">agravamento</word>
   <word id="word_94">de_</word>
   <word id="word_95">a</word>
   <word id="word_96">situação</word>
   <word id="word_97">,</word>
   <word id="word_98">mas</word>
   <word id="word_99">nós</word>
   <word id="word_100">estamos</word>
   <word id="word_101">de_</word>
   <word id="word_102">isso</word>
   <word id="word_103">cientes</word>
   <word id="word_104">e</word>
   <word id="word_105">não</word>
   <word id="word_106">vamos</word>
   <word id="word_107">esquecê#</word>
   <word id="word_108">-los</word>
   <word id="word_109">"</word>
   <word id="word_110">,</word>
   <word id="word_111">disse</word>
   <word id="word_112">Gorbachev</word>
   <word id="word_113">.</word>
   <word id="word_114">"</word>
   <word id="word_115">Contudo</word>
   <word id="word_116">,</word>
   <word id="word_117">isto</word>
   <word id="word_118">não</word>
   <word id="word_119">transformou</word>
   <word id="word_120">o</word>
   <word id="word_121">principal</word>
   <word id="word_122">resultado</word>
   <word id="word_123">de_</word>
   <word id="word_124">os</word>
   <word id="word_125">esforços</word>
   <word id="word_126">de_</word>
   <word id="word_127">o</word>
   <word id="word_128">partido</word>
   <word id="word_129">para</word>
   <word id="word_130">congregar</word>
   <word id="word_131">nações</word>
   <word id="word_132">e</word>
   <word id="word_133">nacionalidades</word>
   <word id="word_134">diferentes</word>
   <word id="word_135">"</word>
   <word id="word_136">,</word>
   <word id="word_137">acrescentou</word>
   <word id="word_138">.</word>
   <word id="word_139">O</word>
   <word id="word_140">líder</word>
   <word id="word_141">soviético</word>
   <word id="word_142">afirmou</word>
   <word id="word_143">,</word>
   <word id="word_144">durante</word>
   <word id="word_145">o</word>
   <word id="word_146">plenário</word>
   <word id="word_147">de_</word>
   <word id="word_148">o</word>
   <word id="word_149">partido</word>
   <word id="word_150">,</word>
   <word id="word_151">em</word>
   <word id="word_152">27</word>
   <word id="word_153">de</word>
   <word id="word_154">Janeiro</word>
   <word id="word_155">,</word>
   <word id="word_156">a</word>
   <word id="word_157">necessidade</word>
   <word id="word_158">de</word>
   <word id="word_159">aniquilar</word>
   <word id="word_160">tendências</word>
   <word id="word_161">nacionalistas</word>
   <word id="word_162">extremas</word>
   <word id="word_163">,</word>
   <word id="word_164">registadas</word>
   <word id="word_165">em</word>
   <word id="word_166">algumas</word>
   <word id="word_167">zonas</word>
   <word id="word_168">de_</word>
   <word id="word_169">a</word>
   <word id="word_170">URSS</word>
   <word id="word_171">,</word>
   <word id="word_172">e</word>
   <word id="word_173">apelou</word>
   <word id="word_174">a</word>
   <word id="word_175">criação</word>
   <word id="word_176">de</word>
   <word id="word_177">um</word>
   <word id="word_178">programa</word>
   <word id="word_179">educativo</word>
   <word id="word_180">de</word>
   <word id="word_181">cariz</word>
   <word id="word_182">"</word>
   <word id="word_183">internacionalista</word>
   <word id="word_184">"</word>
   <word id="word_185">.</word>
   <word id="word_186">Estas</word>
   <word id="word_187">declarações</word>
   <word id="word_188">surgiram</word>
   <word id="word_189">dois</word>
   <word id="word_190">dias</word>
   <word id="word_191">após</word>
   <word id="word_192">a</word>
   <word id="word_193">ocorrência</word>
   <word id="word_194">de</word>
   <word id="word_195">incidentes</word>
   <word id="word_196">de</word>
   <word id="word_197">inspiração</word>
   <word id="word_198">nacionalista</word>
   <word id="word_199">em_</word>
   <word id="word_200">a</word>
   <word id="word_201">República</word>
   <word id="word_202">de_</word>
   <word id="word_203">o</word>
   <word id="word_204">Cazaquistão</word>
   <word id="word_205">,</word>
   <word id="word_206">em</word>
   <word id="word_207">Alma-Ata</word>
   <word id="word_208">,</word>
   <word id="word_209">devido</word>
   <word id="word_210">a_</word>
   <word id="word_211">a</word>
   <word id="word_212">substituição</word>
   <word id="word_213">de</word>
   <word id="word_214">um</word>
   <word id="word_215">líder</word>
   <word id="word_216">partidário</word>
   <word id="word_217">de</word>
   <word id="word_218">origem</word>
   <word id="word_219">"</word>
   <word id="word_220">cazakh</word>
   <word id="word_221">"</word>
   <word id="word_222">por</word>
   <word id="word_223">outro</word>
   <word id="word_224">de</word>
   <word id="word_225">etnia</word>
   <word id="word_226">russa</word>
   <word id="word_227">.</word>
   <word id="word_228">Entretanto</word>
   <word id="word_229">,</word>
   <word id="word_230">o</word>
   <word id="word_231">dissidente</word>
   <word id="word_232">judeu</word>
   <word id="word_233">Iossif</word>
   <word id="word_234">Begun</word>
   <word id="word_235">,</word>
   <word id="word_236">libertado</word>
   <word id="word_237">de</word>
   <word id="word_238">uma</word>
   <word id="word_239">prisão</word>
   <word id="word_240">soviética</word>
   <word id="word_241">,</word>
   <word id="word_242">afirmou</word>
   <word id="word_243">ontem</word>
   <word id="word_244">,</word>
   <word id="word_245">em_</word>
   <word id="word_246">uma</word>
   <word id="word_247">entrevista</word>
   <word id="word_248">,</word>
   <word id="word_249">que</word>
   <word id="word_250">gostaria</word>
   <word id="word_251">de</word>
   <word id="word_252">emigrar</word>
   <word id="word_253">para</word>
   <word id="word_254">Israel</word>
   <word id="word_255">,</word>
   <word id="word_256">concretizando</word>
   <word id="word_257">um</word>
   <word id="word_258">sonho</word>
   <word id="word_259">de</word>
   <word id="word_260">16</word>
   <word id="word_261">anos</word>
   <word id="word_262">.</word>
   <word id="word_263">"</word>
   <word id="word_264">Quero</word>
   <word id="word_265">reunir</word>
   <word id="word_266">-me</word>
   <word id="word_267">com</word>
   <word id="word_268">o</word>
   <word id="word_269">meu</word>
   <word id="word_270">povo</word>
   <word id="word_271">,</word>
   <word id="word_272">fazer</word>
   <word id="word_273">tudo</word>
   <word id="word_274">o</word>
   <word id="word_275">que</word>
   <word id="word_276">puder</word>
   <word id="word_277">por_</word>
   <word id="word_278">a</word>
   <word id="word_279">minha</word>
   <word id="word_280">nação</word>
   <word id="word_281">,</word>
   <word id="word_282">por_</word>
   <word id="word_283">a</word>
   <word id="word_284">tarefa</word>
   <word id="word_285">sagrada</word>
   <word id="word_286">de</word>
   <word id="word_287">alcançar</word>
   <word id="word_288">a</word>
   <word id="word_289">liberdade</word>
   <word id="word_290">de</word>
   <word id="word_291">todos</word>
   <word id="word_292">os</word>
   <word id="word_293">prisioneiros</word>
   <word id="word_294">de</word>
   <word id="word_295">Sião</word>
   <word id="word_296">"</word>
   <word id="word_297">,</word>
   <word id="word_298">disse</word>
   <word id="word_299">Begun</word>
   <word id="word_300">,</word>
   <word id="word_301">em</word>
   <word id="word_302">hebraico</word>
   <word id="word_303">,</word>
   <word id="word_304">a_</word>
   <word id="word_305">a</word>
   <word id="word_306">rádio</word>
   <word id="word_307">estatal</word>
   <word id="word_308">de</word>
   <word id="word_309">Israel</word>
   <word id="word_310">.</word>
</words>
