<?xml version="1.0" encoding="UTF-8"?>
<!DOCTYPE words SYSTEM "words.dtd">
<words>
   <word id="word_1">A</word>
   <word id="word_2">RENDIÇÃO</word>
   <word id="word_3">de_</word>
   <word id="word_4">os</word>
   <word id="word_5">militares</word>
   <word id="word_6">argentinos</word>
   <word id="word_7">sublevados</word>
   <word id="word_8">constitui</word>
   <word id="word_9">uma</word>
   <word id="word_10">vitória</word>
   <word id="word_11">pessoal</word>
   <word id="word_12">de_</word>
   <word id="word_13">o</word>
   <word id="word_14">presidente</word>
   <word id="word_15">Raul</word>
   <word id="word_16">Alfonsín</word>
   <word id="word_17">,</word>
   <word id="word_18">mas</word>
   <word id="word_19">a</word>
   <word id="word_20">solução</word>
   <word id="word_21">que</word>
   <word id="word_22">ainda</word>
   <word id="word_23">deve</word>
   <word id="word_24">ser</word>
   <word id="word_25">encontrada</word>
   <word id="word_26">para</word>
   <word id="word_27">a</word>
   <word id="word_28">crise</word>
   <word id="word_29">afectará</word>
   <word id="word_30">as</word>
   <word id="word_31">eleições</word>
   <word id="word_32">marcadas</word>
   <word id="word_33">para</word>
   <word id="word_34">6</word>
   <word id="word_35">de</word>
   <word id="word_36">Setembro</word>
   <word id="word_37">.</word>
   <word id="word_38">Partidos</word>
   <word id="word_39">políticos</word>
   <word id="word_40">,</word>
   <word id="word_41">sindicatos</word>
   <word id="word_42">e</word>
   <word id="word_43">organizações</word>
   <word id="word_44">civis</word>
   <word id="word_45">,</word>
   <word id="word_46">que</word>
   <word id="word_47">estiveram</word>
   <word id="word_48">mobilizados</word>
   <word id="word_49">durante</word>
   <word id="word_50">"</word>
   <word id="word_51">a</word>
   <word id="word_52">crise</word>
   <word id="word_53">de_</word>
   <word id="word_54">as</word>
   <word id="word_55">100</word>
   <word id="word_56">horas</word>
   <word id="word_57">"</word>
   <word id="word_58">em</word>
   <word id="word_59">"</word>
   <word id="word_60">defesa</word>
   <word id="word_61">de_</word>
   <word id="word_62">a</word>
   <word id="word_63">democracia</word>
   <word id="word_64">contra</word>
   <word id="word_65">a</word>
   <word id="word_66">ditadura</word>
   <word id="word_67">"</word>
   <word id="word_68">mostram</word>
   <word id="word_69">-se</word>
   <word id="word_70">preocupados</word>
   <word id="word_71">com</word>
   <word id="word_72">as</word>
   <word id="word_73">consequências</word>
   <word id="word_74">,</word>
   <word id="word_75">a</word>
   <word id="word_76">curto</word>
   <word id="word_77">e</word>
   <word id="word_78">médio</word>
   <word id="word_79">prazo</word>
   <word id="word_80">,</word>
   <word id="word_81">de_</word>
   <word id="word_82">a</word>
   <word id="word_83">situação</word>
   <word id="word_84">interna</word>
   <word id="word_85">em_</word>
   <word id="word_86">as</word>
   <word id="word_87">Forças</word>
   <word id="word_88">Armadas</word>
   <word id="word_89">argentinas</word>
   <word id="word_90">e</word>
   <word id="word_91">de_</word>
   <word id="word_92">as</word>
   <word id="word_93">possíveis</word>
   <word id="word_94">cedências</word>
   <word id="word_95">de</word>
   <word id="word_96">Alfonsín</word>
   <word id="word_97">a_</word>
   <word id="word_98">as</word>
   <word id="word_99">exigências</word>
   <word id="word_100">de_</word>
   <word id="word_101">os</word>
   <word id="word_102">revoltosos</word>
   <word id="word_103">.</word>
   <word id="word_104">Em_</word>
   <word id="word_105">a</word>
   <word id="word_106">alocução</word>
   <word id="word_107">que</word>
   <word id="word_108">dirigiu</word>
   <word id="word_109">,</word>
   <word id="word_110">domingo</word>
   <word id="word_111">a_</word>
   <word id="word_112">a</word>
   <word id="word_113">tarde</word>
   <word id="word_114">,</word>
   <word id="word_115">a_</word>
   <word id="word_116">os</word>
   <word id="word_117">manisfestantes</word>
   <word id="word_118">concentrados</word>
   <word id="word_119">em_</word>
   <word id="word_120">a</word>
   <word id="word_121">Praça</word>
   <word id="word_122">de</word>
   <word id="word_123">Maio</word>
   <word id="word_124">,</word>
   <word id="word_125">em_</word>
   <word id="word_126">o</word>
   <word id="word_127">centro</word>
   <word id="word_128">de</word>
   <word id="word_129">Buenos</word>
   <word id="word_130">Aires</word>
   <word id="word_131">,</word>
   <word id="word_132">Alfonsín</word>
   <word id="word_133">disse</word>
   <word id="word_134">que</word>
   <word id="word_135">os</word>
   <word id="word_136">militares</word>
   <word id="word_137">amotinados</word>
   <word id="word_138">se</word>
   <word id="word_139">renderam</word>
   <word id="word_140">"</word>
   <word id="word_141">incondicionalmente</word>
   <word id="word_142">"</word>
   <word id="word_143">depois</word>
   <word id="word_144">de_</word>
   <word id="word_145">a</word>
   <word id="word_146">sua</word>
   <word id="word_147">visita</word>
   <word id="word_148">a_</word>
   <word id="word_149">a</word>
   <word id="word_150">unidade</word>
   <word id="word_151">sublevada</word>
   <word id="word_152">.</word>
   <word id="word_153">Mas</word>
   <word id="word_154">esta</word>
   <word id="word_155">versão</word>
   <word id="word_156">é</word>
   <word id="word_157">desmentida</word>
   <word id="word_158">por</word>
   <word id="word_159">notícias</word>
   <word id="word_160">insistentes</word>
   <word id="word_161">acerca</word>
   <word id="word_162">de</word>
   <word id="word_163">"</word>
   <word id="word_164">negociações</word>
   <word id="word_165">"</word>
   <word id="word_166">efectuadas</word>
   <word id="word_167">por_</word>
   <word id="word_168">o</word>
   <word id="word_169">Chefe</word>
   <word id="word_170">de</word>
   <word id="word_171">Estado-Maior</word>
   <word id="word_172">de_</word>
   <word id="word_173">a</word>
   <word id="word_174">Força</word>
   <word id="word_175">Aérea</word>
   <word id="word_176">,</word>
   <word id="word_177">brigadeiro</word>
   <word id="word_178">Ernesto</word>
   <word id="word_179">Crespo</word>
   <word id="word_180">,</word>
   <word id="word_181">e</word>
   <word id="word_182">por_</word>
   <word id="word_183">a</word>
   <word id="word_184">exoneração</word>
   <word id="word_185">de_</word>
   <word id="word_186">o</word>
   <word id="word_187">Chefe</word>
   <word id="word_188">de</word>
   <word id="word_189">Estado-Maior</word>
   <word id="word_190">de_</word>
   <word id="word_191">o</word>
   <word id="word_192">Exército</word>
   <word id="word_193">,</word>
   <word id="word_194">Hector</word>
   <word id="word_195">Rios</word>
   <word id="word_196">Erenu</word>
   <word id="word_197">.</word>
   <word id="word_198">A</word>
   <word id="word_199">demissão</word>
   <word id="word_200">de</word>
   <word id="word_201">Rios</word>
   <word id="word_202">Erenu</word>
   <word id="word_203">era</word>
   <word id="word_204">uma</word>
   <word id="word_205">de_</word>
   <word id="word_206">as</word>
   <word id="word_207">exigências</word>
   <word id="word_208">formuladas</word>
   <word id="word_209">,</word>
   <word id="word_210">desde</word>
   <word id="word_211">o</word>
   <word id="word_212">início</word>
   <word id="word_213">,</word>
   <word id="word_214">por_</word>
   <word id="word_215">os</word>
   <word id="word_216">rebeldes</word>
   <word id="word_217">,</word>
   <word id="word_218">que</word>
   <word id="word_219">,</word>
   <word id="word_220">em_</word>
   <word id="word_221">o</word>
   <word id="word_222">sábado</word>
   <word id="word_223">,</word>
   <word id="word_224">apontavam</word>
   <word id="word_225">os</word>
   <word id="word_226">nomes</word>
   <word id="word_227">de_</word>
   <word id="word_228">o</word>
   <word id="word_229">general</word>
   <word id="word_230">Augusto</word>
   <word id="word_231">Vidal</word>
   <word id="word_232">e</word>
   <word id="word_233">de_</word>
   <word id="word_234">o</word>
   <word id="word_235">coronel</word>
   <word id="word_236">Isidro</word>
   <word id="word_237">Cáceres</word>
   <word id="word_238">como</word>
   <word id="word_239">possíveis</word>
   <word id="word_240">futuros</word>
   <word id="word_241">chefes</word>
   <word id="word_242">de_</word>
   <word id="word_243">o</word>
   <word id="word_244">Exército</word>
   <word id="word_245">"</word>
   <word id="word_246">aceitáveis</word>
   <word id="word_247">"</word>
   <word id="word_248">por</word>
   <word id="word_249">eles</word>
   <word id="word_250">próprios</word>
   <word id="word_251">.</word>
   <word id="word_252">a_</word>
   <word id="word_253">o</word>
   <word id="word_254">general</word>
   <word id="word_255">sucede</word>
   <word id="word_256">,</word>
   <word id="word_257">interinamente</word>
   <word id="word_258">,</word>
   <word id="word_259">o</word>
   <word id="word_260">ministro</word>
   <word id="word_261">de_</word>
   <word id="word_262">a</word>
   <word id="word_263">Defesa</word>
   <word id="word_264">Horácio</word>
   <word id="word_265">Jaunarena</word>
   <word id="word_266">,</word>
   <word id="word_267">"</word>
   <word id="word_268">a</word>
   <word id="word_269">título</word>
   <word id="word_270">excepcional</word>
   <word id="word_271">"</word>
   <word id="word_272">,</word>
   <word id="word_273">pois</word>
   <word id="word_274">é</word>
   <word id="word_275">um</word>
   <word id="word_276">civil</word>
   <word id="word_277">,</word>
   <word id="word_278">e</word>
   <word id="word_279">por</word>
   <word id="word_280">36</word>
   <word id="word_281">ou</word>
   <word id="word_282">48</word>
   <word id="word_283">horas</word>
   <word id="word_284">,</word>
   <word id="word_285">não</word>
   <word id="word_286">mais</word>
   <word id="word_287">,</word>
   <word id="word_288">até</word>
   <word id="word_289">que</word>
   <word id="word_290">Alfonsín</word>
   <word id="word_291">nomeie</word>
   <word id="word_292">novo</word>
   <word id="word_293">oficial</word>
   <word id="word_294">general</word>
   <word id="word_295">Alfonsín</word>
   <word id="word_296">averbou</word>
   <word id="word_297">,</word>
   <word id="word_298">é</word>
   <word id="word_299">certo</word>
   <word id="word_300">e</word>
   <word id="word_301">como</word>
   <word id="word_302">se</word>
   <word id="word_303">disse</word>
   <word id="word_304">,</word>
   <word id="word_305">uma</word>
   <word id="word_306">vitória</word>
   <word id="word_307">pessoal</word>
   <word id="word_308">,</word>
   <word id="word_309">ainda</word>
   <word id="word_310">realçada</word>
   <word id="word_311">por_</word>
   <word id="word_312">o</word>
   <word id="word_313">apoio</word>
   <word id="word_314">internacional</word>
   <word id="word_315">recebido</word>
   <word id="word_316">de_</word>
   <word id="word_317">os</word>
   <word id="word_318">Estados</word>
   <word id="word_319">Unidos</word>
   <word id="word_320">e</word>
   <word id="word_321">de_</word>
   <word id="word_322">a</word>
   <word id="word_323">maior</word>
   <word id="word_324">parte</word>
   <word id="word_325">de_</word>
   <word id="word_326">os</word>
   <word id="word_327">Governos</word>
   <word id="word_328">latino-americanos</word>
   <word id="word_329">e</word>
   <word id="word_330">europeus</word>
   <word id="word_331">,</word>
   <word id="word_332">entre</word>
   <word id="word_333">os</word>
   <word id="word_334">quais</word>
   <word id="word_335">o</word>
   <word id="word_336">português</word>
   <word id="word_337">.</word>
   <word id="word_338">Mas</word>
   <word id="word_339">a</word>
   <word id="word_340">população</word>
   <word id="word_341">argentina</word>
   <word id="word_342">e</word>
   <word id="word_343">os</word>
   <word id="word_344">partidos</word>
   <word id="word_345">e</word>
   <word id="word_346">sindicatos</word>
   <word id="word_347">de_</word>
   <word id="word_348">a</word>
   <word id="word_349">oposição</word>
   <word id="word_350">não</word>
   <word id="word_351">esperavam</word>
   <word id="word_352">passivamente</word>
   <word id="word_353">por_</word>
   <word id="word_354">a</word>
   <word id="word_355">solução</word>
   <word id="word_356">de_</word>
   <word id="word_357">a</word>
   <word id="word_358">crise</word>
   <word id="word_359">.</word>
   <word id="word_360">Verdadeiras</word>
   <word id="word_361">multidões</word>
   <word id="word_362">sairam</word>
   <word id="word_363">a_</word>
   <word id="word_364">a</word>
   <word id="word_365">rua</word>
   <word id="word_366">,</word>
   <word id="word_367">em</word>
   <word id="word_368">Buenos</word>
   <word id="word_369">Aires</word>
   <word id="word_370">e</word>
   <word id="word_371">em_</word>
   <word id="word_372">as</word>
   <word id="word_373">principais</word>
   <word id="word_374">cidades</word>
   <word id="word_375">argentinas</word>
   <word id="word_376">,</word>
   <word id="word_377">em_</word>
   <word id="word_378">uma</word>
   <word id="word_379">mobilização</word>
   <word id="word_380">sem</word>
   <word id="word_381">precedentes</word>
   <word id="word_382">,</word>
   <word id="word_383">não</word>
   <word id="word_384">apenas</word>
   <word id="word_385">para</word>
   <word id="word_386">apoiar</word>
   <word id="word_387">o</word>
   <word id="word_388">Governo</word>
   <word id="word_389">,</word>
   <word id="word_390">mas</word>
   <word id="word_391">em</word>
   <word id="word_392">defesa</word>
   <word id="word_393">de_</word>
   <word id="word_394">o</word>
   <word id="word_395">regime</word>
   <word id="word_396">e</word>
   <word id="word_397">de_</word>
   <word id="word_398">o</word>
   <word id="word_399">estado</word>
   <word id="word_400">de</word>
   <word id="word_401">direito</word>
   <word id="word_402">democrárico</word>
   <word id="word_403">.</word>
   <word id="word_404">Uma</word>
   <word id="word_405">capacidade</word>
   <word id="word_406">de</word>
   <word id="word_407">intervenção</word>
   <word id="word_408">autónoma</word>
   <word id="word_409">,</word>
   <word id="word_410">que</word>
   <word id="word_411">Alfonsín</word>
   <word id="word_412">deverá</word>
   <word id="word_413">ter</word>
   <word id="word_414">em</word>
   <word id="word_415">conta</word>
   <word id="word_416">para</word>
   <word id="word_417">as</word>
   <word id="word_418">batalhas</word>
   <word id="word_419">em</word>
   <word id="word_420">perspectiva</word>
   <word id="word_421">em_</word>
   <word id="word_422">os</word>
   <word id="word_423">próximos</word>
   <word id="word_424">meses</word>
   <word id="word_425">-</word>
   <word id="word_426">debate</word>
   <word id="word_427">de_</word>
   <word id="word_428">a</word>
   <word id="word_429">lei</word>
   <word id="word_430">sobre</word>
   <word id="word_431">o</word>
   <word id="word_432">Divórcio</word>
   <word id="word_433">,</word>
   <word id="word_434">projecto</word>
   <word id="word_435">de</word>
   <word id="word_436">transferências</word>
   <word id="word_437">de_</word>
   <word id="word_438">a</word>
   <word id="word_439">capital</word>
   <word id="word_440">federal</word>
   <word id="word_441">,</word>
   <word id="word_442">de</word>
   <word id="word_443">Buenos</word>
   <word id="word_444">Aires</word>
   <word id="word_445">para</word>
   <word id="word_446">nova</word>
   <word id="word_447">cidade</word>
   <word id="word_448">em_</word>
   <word id="word_449">o</word>
   <word id="word_450">centro</word>
   <word id="word_451">de_</word>
   <word id="word_452">o</word>
   <word id="word_453">país</word>
   <word id="word_454">,</word>
   <word id="word_455">e</word>
   <word id="word_456">também</word>
   <word id="word_457">as</word>
   <word id="word_458">lutas</word>
   <word id="word_459">laborais</word>
   <word id="word_460">contra</word>
   <word id="word_461">o</word>
   <word id="word_462">"</word>
   <word id="word_463">tecto</word>
   <word id="word_464">sindical</word>
   <word id="word_465">"</word>
   <word id="word_466">imposto</word>
   <word id="word_467">por_</word>
   <word id="word_468">o</word>
   <word id="word_469">"</word>
   <word id="word_470">plano</word>
   <word id="word_471">austral</word>
   <word id="word_472">"</word>
   <word id="word_473">e</word>
   <word id="word_474">como</word>
   <word id="word_475">uma</word>
   <word id="word_476">de_</word>
   <word id="word_477">as</word>
   <word id="word_478">condições</word>
   <word id="word_479">para</word>
   <word id="word_480">a</word>
   <word id="word_481">renegociação</word>
   <word id="word_482">,</word>
   <word id="word_483">recentemente</word>
   <word id="word_484">conseguida</word>
   <word id="word_485">,</word>
   <word id="word_486">de_</word>
   <word id="word_487">a</word>
   <word id="word_488">enorme</word>
   <word id="word_489">dívida</word>
   <word id="word_490">externa</word>
   <word id="word_491">Argentina</word>
   <word id="word_492">,</word>
   <word id="word_493">de</word>
   <word id="word_494">mais</word>
   <word id="word_495">de</word>
   <word id="word_496">50</word>
   <word id="word_497">000</word>
   <word id="word_498">milhões</word>
   <word id="word_499">de</word>
   <word id="word_500">dólares</word>
   <word id="word_501">.</word>
</words>
