<?xml version="1.0" encoding="UTF-8"?>
<!DOCTYPE words SYSTEM "words.dtd">
<words>
   <word id="word_1">OS</word>
   <word id="word_2">MINISTROS</word>
   <word id="word_3">de_</word>
   <word id="word_4">os</word>
   <word id="word_5">Negócios</word>
   <word id="word_6">Estrangeiros</word>
   <word id="word_7">de_</word>
   <word id="word_8">a</word>
   <word id="word_9">Comunidade</word>
   <word id="word_10">Europeia</word>
   <word id="word_11">debateram</word>
   <word id="word_12">ontem</word>
   <word id="word_13">informalmente</word>
   <word id="word_14">em</word>
   <word id="word_15">Bruxelas</word>
   <word id="word_16">as</word>
   <word id="word_17">propostas</word>
   <word id="word_18">de_</word>
   <word id="word_19">a</word>
   <word id="word_20">Comissão</word>
   <word id="word_21">Europeia</word>
   <word id="word_22">sobre</word>
   <word id="word_23">o</word>
   <word id="word_24">financiamento</word>
   <word id="word_25">futuro</word>
   <word id="word_26">e</word>
   <word id="word_27">reformas</word>
   <word id="word_28">de_</word>
   <word id="word_29">os</word>
   <word id="word_30">fundos</word>
   <word id="word_31">estruturais</word>
   <word id="word_32">e</word>
   <word id="word_33">de_</word>
   <word id="word_34">a</word>
   <word id="word_35">política</word>
   <word id="word_36">agrícola</word>
   <word id="word_37">comum</word>
   <word id="word_38">(</word>
   <word id="word_39">PAC</word>
   <word id="word_40">)</word>
   <word id="word_41">.</word>
   <word id="word_42">"</word>
   <word id="word_43">Fiquei</word>
   <word id="word_44">convencido</word>
   <word id="word_45">de</word>
   <word id="word_46">que</word>
   <word id="word_47">nada</word>
   <word id="word_48">de_</word>
   <word id="word_49">isto</word>
   <word id="word_50">se</word>
   <word id="word_51">vai</word>
   <word id="word_52">resolver</word>
   <word id="word_53">agora</word>
   <word id="word_54">,</word>
   <word id="word_55">mas</word>
   <word id="word_56">provavelmente</word>
   <word id="word_57">durante</word>
   <word id="word_58">a</word>
   <word id="word_59">presidência</word>
   <word id="word_60">de_</word>
   <word id="word_61">a</word>
   <word id="word_62">República</word>
   <word id="word_63">Federal</word>
   <word id="word_64">de_</word>
   <word id="word_65">a</word>
   <word id="word_66">Alemanha</word>
   <word id="word_67">,</word>
   <word id="word_68">de_</word>
   <word id="word_69">aqui</word>
   <word id="word_70">a</word>
   <word id="word_71">um</word>
   <word id="word_72">ano</word>
   <word id="word_73">"</word>
   <word id="word_74">,</word>
   <word id="word_75">afirmou</word>
   <word id="word_76">a_</word>
   <word id="word_77">a</word>
   <word id="word_78">Lusa</word>
   <word id="word_79">,</word>
   <word id="word_80">em_</word>
   <word id="word_81">o</word>
   <word id="word_82">final</word>
   <word id="word_83">,</word>
   <word id="word_84">o</word>
   <word id="word_85">ministro</word>
   <word id="word_86">de_</word>
   <word id="word_87">os</word>
   <word id="word_88">Negócios</word>
   <word id="word_89">Estrangeiros</word>
   <word id="word_90">,</word>
   <word id="word_91">Pires</word>
   <word id="word_92">de</word>
   <word id="word_93">Miranda</word>
   <word id="word_94">.</word>
   <word id="word_95">"</word>
   <word id="word_96">A</word>
   <word id="word_97">República</word>
   <word id="word_98">Federal</word>
   <word id="word_99">de_</word>
   <word id="word_100">a</word>
   <word id="word_101">Alemanha</word>
   <word id="word_102">,</word>
   <word id="word_103">que</word>
   <word id="word_104">é</word>
   <word id="word_105">a</word>
   <word id="word_106">chave</word>
   <word id="word_107">de</word>
   <word id="word_108">tudo</word>
   <word id="word_109">isso</word>
   <word id="word_110">,</word>
   <word id="word_111">pareceu</word>
   <word id="word_112">-me</word>
   <word id="word_113">bastante</word>
   <word id="word_114">preparada</word>
   <word id="word_115">para</word>
   <word id="word_116">o</word>
   <word id="word_117">compromisso</word>
   <word id="word_118">,</word>
   <word id="word_119">apesar</word>
   <word id="word_120">de</word>
   <word id="word_121">não</word>
   <word id="word_122">concordar</word>
   <word id="word_123">com</word>
   <word id="word_124">todas</word>
   <word id="word_125">as</word>
   <word id="word_126">propostas</word>
   <word id="word_127">em</word>
   <word id="word_128">análise</word>
   <word id="word_129">"</word>
   <word id="word_130">,</word>
   <word id="word_131">referiu</word>
   <word id="word_132">o</word>
   <word id="word_133">ministro</word>
   <word id="word_134">português</word>
   <word id="word_135">.</word>
   <word id="word_136">Em</word>
   <word id="word_137">matéria</word>
   <word id="word_138">de</word>
   <word id="word_139">financiamento</word>
   <word id="word_140">,</word>
   <word id="word_141">as</word>
   <word id="word_142">propostas</word>
   <word id="word_143">de_</word>
   <word id="word_144">a</word>
   <word id="word_145">Comissão</word>
   <word id="word_146">Europeia</word>
   <word id="word_147">apontam</word>
   <word id="word_148">para</word>
   <word id="word_149">um</word>
   <word id="word_150">sistema</word>
   <word id="word_151">de</word>
   <word id="word_152">recursos</word>
   <word id="word_153">próprios</word>
   <word id="word_154">"</word>
   <word id="word_155">suficientes</word>
   <word id="word_156">e</word>
   <word id="word_157">estáveis</word>
   <word id="word_158">"</word>
   <word id="word_159">que</word>
   <word id="word_160">,</word>
   <word id="word_161">passando</word>
   <word id="word_162">a</word>
   <word id="word_163">fazer</word>
   <word id="word_164">depender</word>
   <word id="word_165">,</word>
   <word id="word_166">em</word>
   <word id="word_167">parte</word>
   <word id="word_168">,</word>
   <word id="word_169">a</word>
   <word id="word_170">contribuição</word>
   <word id="word_171">de</word>
   <word id="word_172">cada</word>
   <word id="word_173">país</word>
   <word id="word_174">membro</word>
   <word id="word_175">,</word>
   <word id="word_176">de_</word>
   <word id="word_177">o</word>
   <word id="word_178">seu</word>
   <word id="word_179">produto</word>
   <word id="word_180">nacional</word>
   <word id="word_181">bruto</word>
   <word id="word_182">(</word>
   <word id="word_183">PNB</word>
   <word id="word_184">)</word>
   <word id="word_185">e</word>
   <word id="word_186">não</word>
   <word id="word_187">exclusivamente</word>
   <word id="word_188">de_</word>
   <word id="word_189">as</word>
   <word id="word_190">transacções</word>
   <word id="word_191">tributáveis</word>
   <word id="word_192">por_</word>
   <word id="word_193">o</word>
   <word id="word_194">Imposto</word>
   <word id="word_195">sobre</word>
   <word id="word_196">o</word>
   <word id="word_197">Valor</word>
   <word id="word_198">Acrescentado</word>
   <word id="word_199">,</word>
   <word id="word_200">torna</word>
   <word id="word_201">contribuintes</word>
   <word id="word_202">líquidos</word>
   <word id="word_203">os</word>
   <word id="word_204">"</word>
   <word id="word_205">pequenos</word>
   <word id="word_206">países</word>
   <word id="word_207">ricos</word>
   <word id="word_208">"</word>
   <word id="word_209">.</word>
   <word id="word_210">"</word>
   <word id="word_211">O</word>
   <word id="word_212">Reino</word>
   <word id="word_213">Unido</word>
   <word id="word_214">(</word>
   <word id="word_215">muito</word>
   <word id="word_216">crítico</word>
   <word id="word_217">)</word>
   <word id="word_218">e</word>
   <word id="word_219">a</word>
   <word id="word_220">Holanda</word>
   <word id="word_221">e</word>
   <word id="word_222">a</word>
   <word id="word_223">Dinamarca</word>
   <word id="word_224">(</word>
   <word id="word_225">reservados</word>
   <word id="word_226">,</word>
   <word id="word_227">mas</word>
   <word id="word_228">críticos</word>
   <word id="word_229">)</word>
   <word id="word_230">foram</word>
   <word id="word_231">os</word>
   <word id="word_232">únicos</word>
   <word id="word_233">países</word>
   <word id="word_234">que</word>
   <word id="word_235">me</word>
   <word id="word_236">pareceram</word>
   <word id="word_237">verdadeiramente</word>
   <word id="word_238">contrários</word>
   <word id="word_239">a_</word>
   <word id="word_240">as</word>
   <word id="word_241">propostas</word>
   <word id="word_242">"</word>
   <word id="word_243">-</word>
   <word id="word_244">afirmou</word>
   <word id="word_245">Pires</word>
   <word id="word_246">de</word>
   <word id="word_247">Miranda</word>
   <word id="word_248">.</word>
</words>
