<?xml version="1.0" encoding="UTF-8"?>
<!DOCTYPE words SYSTEM "words.dtd">
<words>
   <word id="word_1">a_</word>
   <word id="word_2">o</word>
   <word id="word_3">vencer</word>
   <word id="word_4">a</word>
   <word id="word_5">Académica</word>
   <word id="word_6">de</word>
   <word id="word_7">São</word>
   <word id="word_8">Mamede</word>
   <word id="word_9">por</word>
   <word id="word_10">21</word>
   <word id="word_11">-</word>
   <word id="word_12">11</word>
   <word id="word_13">,</word>
   <word id="word_14">em</word>
   <word id="word_15">partida</word>
   <word id="word_16">de_</word>
   <word id="word_17">a</word>
   <word id="word_18">última</word>
   <word id="word_19">jornada</word>
   <word id="word_20">de_</word>
   <word id="word_21">a</word>
   <word id="word_22">primeira</word>
   <word id="word_23">fase</word>
   <word id="word_24">de_</word>
   <word id="word_25">o</word>
   <word id="word_26">Nacional</word>
   <word id="word_27">de</word>
   <word id="word_28">Andebol</word>
   <word id="word_29">de_</word>
   <word id="word_30">a</word>
   <word id="word_31">I</word>
   <word id="word_32">Divisão</word>
   <word id="word_33">,</word>
   <word id="word_34">a</word>
   <word id="word_35">TAP</word>
   <word id="word_36">assegurou</word>
   <word id="word_37">a</word>
   <word id="word_38">sexta</word>
   <word id="word_39">posição</word>
   <word id="word_40">,</word>
   <word id="word_41">que</word>
   <word id="word_42">lhe</word>
   <word id="word_43">garante</word>
   <word id="word_44">a</word>
   <word id="word_45">presença</word>
   <word id="word_46">em_</word>
   <word id="word_47">a</word>
   <word id="word_48">fase</word>
   <word id="word_49">final</word>
   <word id="word_50">de_</word>
   <word id="word_51">a</word>
   <word id="word_52">competição</word>
   <word id="word_53">,</word>
   <word id="word_54">juntando</word>
   <word id="word_55">-se</word>
   <word id="word_56">assim</word>
   <word id="word_57">a_</word>
   <word id="word_58">as</word>
   <word id="word_59">equipas</word>
   <word id="word_60">de_</word>
   <word id="word_61">o</word>
   <word id="word_62">Académico</word>
   <word id="word_63">de</word>
   <word id="word_64">Braga</word>
   <word id="word_65">,</word>
   <word id="word_66">Sporting</word>
   <word id="word_67">,</word>
   <word id="word_68">Benfica</word>
   <word id="word_69">,</word>
   <word id="word_70">Belenenses</word>
   <word id="word_71">e</word>
   <word id="word_72">FC</word>
   <word id="word_73">Porto</word>
   <word id="word_74">,</word>
   <word id="word_75">antecipadamente</word>
   <word id="word_76">apuradas</word>
   <word id="word_77">.</word>
   <word id="word_78">De</word>
   <word id="word_79">nada</word>
   <word id="word_80">valeu</word>
   <word id="word_81">,</word>
   <word id="word_82">de_</word>
   <word id="word_83">essa</word>
   <word id="word_84">forma</word>
   <word id="word_85">,</word>
   <word id="word_86">a_</word>
   <word id="word_87">o</word>
   <word id="word_88">Salgueiros</word>
   <word id="word_89">o</word>
   <word id="word_90">triunfo</word>
   <word id="word_91">sobre</word>
   <word id="word_92">o</word>
   <word id="word_93">Boa-Hora</word>
   <word id="word_94">(</word>
   <word id="word_95">23</word>
   <word id="word_96">-</word>
   <word id="word_97">21</word>
   <word id="word_98">)</word>
   <word id="word_99">,</word>
   <word id="word_100">já</word>
   <word id="word_101">que</word>
   <word id="word_102">,</word>
   <word id="word_103">a_</word>
   <word id="word_104">o</word>
   <word id="word_105">terminar</word>
   <word id="word_106">com</word>
   <word id="word_107">o</word>
   <word id="word_108">mesmo</word>
   <word id="word_109">número</word>
   <word id="word_110">de</word>
   <word id="word_111">pontos</word>
   <word id="word_112">que</word>
   <word id="word_113">a</word>
   <word id="word_114">TAP</word>
   <word id="word_115">,</word>
   <word id="word_116">o</word>
   <word id="word_117">factor</word>
   <word id="word_118">de</word>
   <word id="word_119">desempate</word>
   <word id="word_120">foi</word>
   <word id="word_121">-lhe</word>
   <word id="word_122">desfavorável</word>
   <word id="word_123">.</word>
   <word id="word_124">Para</word>
   <word id="word_125">além</word>
   <word id="word_126">de</word>
   <word id="word_127">permitir</word>
   <word id="word_128">definir</word>
   <word id="word_129">o</word>
   <word id="word_130">lote</word>
   <word id="word_131">de_</word>
   <word id="word_132">as</word>
   <word id="word_133">equipas</word>
   <word id="word_134">que</word>
   <word id="word_135">disputarão</word>
   <word id="word_136">a</word>
   <word id="word_137">fase</word>
   <word id="word_138">final</word>
   <word id="word_139">,</word>
   <word id="word_140">cujo</word>
   <word id="word_141">o</word>
   <word id="word_142">início</word>
   <word id="word_143">está</word>
   <word id="word_144">marcado</word>
   <word id="word_145">para</word>
   <word id="word_146">o</word>
   <word id="word_147">dia</word>
   <word id="word_148">7</word>
   <word id="word_149">de</word>
   <word id="word_150">Março</word>
   <word id="word_151">,</word>
   <word id="word_152">a</word>
   <word id="word_153">derradeira</word>
   <word id="word_154">ronda</word>
   <word id="word_155">de_</word>
   <word id="word_156">a</word>
   <word id="word_157">fase</word>
   <word id="word_158">incial</word>
   <word id="word_159">ficou</word>
   <word id="word_160">ainda</word>
   <word id="word_161">marcada</word>
   <word id="word_162">por_</word>
   <word id="word_163">a</word>
   <word id="word_164">derrota</word>
   <word id="word_165">imposta</word>
   <word id="word_166">por_</word>
   <word id="word_167">o</word>
   <word id="word_168">Sporting</word>
   <word id="word_169">a_</word>
   <word id="word_170">o</word>
   <word id="word_171">Académico</word>
   <word id="word_172">de</word>
   <word id="word_173">Braga</word>
   <word id="word_174">,</word>
   <word id="word_175">líder</word>
   <word id="word_176">de_</word>
   <word id="word_177">a</word>
   <word id="word_178">prova</word>
   <word id="word_179">(</word>
   <word id="word_180">21</word>
   <word id="word_181">-</word>
   <word id="word_182">19</word>
   <word id="word_183">)</word>
   <word id="word_184">,</word>
   <word id="word_185">e</word>
   <word id="word_186">o</word>
   <word id="word_187">empate</word>
   <word id="word_188">cedido</word>
   <word id="word_189">por_</word>
   <word id="word_190">o</word>
   <word id="word_191">Benfica</word>
   <word id="word_192">ante</word>
   <word id="word_193">o</word>
   <word id="word_194">FC</word>
   <word id="word_195">Porto</word>
   <word id="word_196">(</word>
   <word id="word_197">21</word>
   <word id="word_198">-</word>
   <word id="word_199">21</word>
   <word id="word_200">)</word>
   <word id="word_201">.</word>
   <word id="word_202">Em_</word>
   <word id="word_203">a</word>
   <word id="word_204">partida</word>
   <word id="word_205">de</word>
   <word id="word_206">Alvalade</word>
   <word id="word_207">,</word>
   <word id="word_208">a</word>
   <word id="word_209">superioridade</word>
   <word id="word_210">sportinguista</word>
   <word id="word_211">nunca</word>
   <word id="word_212">esteve</word>
   <word id="word_213">em</word>
   <word id="word_214">dúvida</word>
   <word id="word_215">,</word>
   <word id="word_216">já</word>
   <word id="word_217">que</word>
   <word id="word_218">os</word>
   <word id="word_219">"</word>
   <word id="word_220">leões</word>
   <word id="word_221">"</word>
   <word id="word_222">,</word>
   <word id="word_223">após</word>
   <word id="word_224">a</word>
   <word id="word_225">igualdade</word>
   <word id="word_226">a</word>
   <word id="word_227">cinco</word>
   <word id="word_228">golos</word>
   <word id="word_229">,</word>
   <word id="word_230">adiantaram</word>
   <word id="word_231">-se</word>
   <word id="word_232">definitivamente</word>
   <word id="word_233">em_</word>
   <word id="word_234">o</word>
   <word id="word_235">marcador</word>
   <word id="word_236">.</word>
   <word id="word_237">A</word>
   <word id="word_238">sua</word>
   <word id="word_239">vantagem</word>
   <word id="word_240">estabeleceu</word>
   <word id="word_241">-se</word>
   <word id="word_242">então</word>
   <word id="word_243">entre</word>
   <word id="word_244">os</word>
   <word id="word_245">dois</word>
   <word id="word_246">e</word>
   <word id="word_247">três</word>
   <word id="word_248">tentos</word>
   <word id="word_249">,</word>
   <word id="word_250">embora</word>
   <word id="word_251">a_</word>
   <word id="word_252">os</word>
   <word id="word_253">23</word>
   <word id="word_254">minutos</word>
   <word id="word_255">(</word>
   <word id="word_256">12</word>
   <word id="word_257">-</word>
   <word id="word_258">7</word>
   <word id="word_259">)</word>
   <word id="word_260">e</word>
   <word id="word_261">a_</word>
   <word id="word_262">os</word>
   <word id="word_263">46</word>
   <word id="word_264">(</word>
   <word id="word_265">20</word>
   <word id="word_266">-</word>
   <word id="word_267">15</word>
   <word id="word_268">)</word>
   <word id="word_269">,</word>
   <word id="word_270">o</word>
   <word id="word_271">Sporting</word>
   <word id="word_272">tenha</word>
   <word id="word_273">chegado</word>
   <word id="word_274">a</word>
   <word id="word_275">desfrutar</word>
   <word id="word_276">de_</word>
   <word id="word_277">a</word>
   <word id="word_278">diferença</word>
   <word id="word_279">de</word>
   <word id="word_280">cinco</word>
   <word id="word_281">golos</word>
   <word id="word_282">.</word>
   <word id="word_283">Já</word>
   <word id="word_284">em_</word>
   <word id="word_285">o</word>
   <word id="word_286">decurso</word>
   <word id="word_287">de_</word>
   <word id="word_288">a</word>
   <word id="word_289">etapa</word>
   <word id="word_290">complementar</word>
   <word id="word_291">,</word>
   <word id="word_292">o</word>
   <word id="word_293">Académico</word>
   <word id="word_294">de</word>
   <word id="word_295">Braga</word>
   <word id="word_296">,</word>
   <word id="word_297">aproveitando</word>
   <word id="word_298">as</word>
   <word id="word_299">exclusões</word>
   <word id="word_300">de</word>
   <word id="word_301">alguns</word>
   <word id="word_302">jogadores</word>
   <word id="word_303">de_</word>
   <word id="word_304">a</word>
   <word id="word_305">"</word>
   <word id="word_306">casa</word>
   <word id="word_307">"</word>
   <word id="word_308">,</word>
   <word id="word_309">logrou</word>
   <word id="word_310">atenuar</word>
   <word id="word_311">a</word>
   <word id="word_312">marca</word>
   <word id="word_313">,</word>
   <word id="word_314">ainda</word>
   <word id="word_315">que</word>
   <word id="word_316">sem</word>
   <word id="word_317">pôr</word>
   <word id="word_318">em</word>
   <word id="word_319">causa</word>
   <word id="word_320">o</word>
   <word id="word_321">triunfo</word>
   <word id="word_322">sportinguista</word>
   <word id="word_323">.</word>
   <word id="word_324">Sob</word>
   <word id="word_325">a</word>
   <word id="word_326">arbitragem</word>
   <word id="word_327">de</word>
   <word id="word_328">Ramiro</word>
   <word id="word_329">Costa</word>
   <word id="word_330">e</word>
   <word id="word_331">Amado</word>
   <word id="word_332">Pinho</word>
   <word id="word_333">,</word>
   <word id="word_334">de</word>
   <word id="word_335">Lisboa</word>
   <word id="word_336">,</word>
   <word id="word_337">as</word>
   <word id="word_338">equipas</word>
   <word id="word_339">alinharam</word>
   <word id="word_340">e</word>
   <word id="word_341">marcaram</word>
   <word id="word_342">:</word>
   <word id="word_343">SPORTING</word>
   <word id="word_344">-</word>
   <word id="word_345">Carlos</word>
   <word id="word_346">Silva</word>
   <word id="word_347">;</word>
   <word id="word_348">Rui</word>
   <word id="word_349">Silva</word>
   <word id="word_350">(</word>
   <word id="word_351">4</word>
   <word id="word_352">)</word>
   <word id="word_353">,</word>
   <word id="word_354">Miranda</word>
   <word id="word_355">(</word>
   <word id="word_356">3</word>
   <word id="word_357">)</word>
   <word id="word_358">,</word>
   <word id="word_359">Sérgio</word>
   <word id="word_360">(</word>
   <word id="word_361">2</word>
   <word id="word_362">)</word>
   <word id="word_363">,</word>
   <word id="word_364">Carlos</word>
   <word id="word_365">José</word>
   <word id="word_366">(</word>
   <word id="word_367">2</word>
   <word id="word_368">)</word>
   <word id="word_369">,</word>
   <word id="word_370">Marques</word>
   <word id="word_371">(</word>
   <word id="word_372">5</word>
   <word id="word_373">)</word>
   <word id="word_374">,</word>
   <word id="word_375">Pires</word>
   <word id="word_376">(</word>
   <word id="word_377">1</word>
   <word id="word_378">)</word>
   <word id="word_379">,</word>
   <word id="word_380">Franco</word>
   <word id="word_381">(</word>
   <word id="word_382">4</word>
   <word id="word_383">)</word>
   <word id="word_384">e</word>
   <word id="word_385">Xavier</word>
   <word id="word_386">.</word>
   <word id="word_387">ACADÉMICO</word>
   <word id="word_388">DE</word>
   <word id="word_389">BRAGA</word>
   <word id="word_390">-</word>
   <word id="word_391">Figueiredo</word>
   <word id="word_392">(</word>
   <word id="word_393">Carlos</word>
   <word id="word_394">Ferreira</word>
   <word id="word_395">)</word>
   <word id="word_396">;</word>
   <word id="word_397">Jorge</word>
   <word id="word_398">Rodrigues</word>
   <word id="word_399">(</word>
   <word id="word_400">5</word>
   <word id="word_401">)</word>
   <word id="word_402">,</word>
   <word id="word_403">Luzia</word>
   <word id="word_404">(</word>
   <word id="word_405">4</word>
   <word id="word_406">)</word>
   <word id="word_407">,</word>
   <word id="word_408">Casaca</word>
   <word id="word_409">,</word>
   <word id="word_410">Rui</word>
   <word id="word_411">Ferreira</word>
   <word id="word_412">(</word>
   <word id="word_413">2</word>
   <word id="word_414">)</word>
   <word id="word_415">,</word>
   <word id="word_416">Alexandre</word>
   <word id="word_417">Barbosa</word>
   <word id="word_418">(</word>
   <word id="word_419">2</word>
   <word id="word_420">)</word>
   <word id="word_421">,</word>
   <word id="word_422">Luís</word>
   <word id="word_423">Graça</word>
   <word id="word_424">(</word>
   <word id="word_425">2</word>
   <word id="word_426">)</word>
   <word id="word_427">,</word>
   <word id="word_428">Rui</word>
   <word id="word_429">Aguiar</word>
   <word id="word_430">(</word>
   <word id="word_431">2</word>
   <word id="word_432">)</word>
   <word id="word_433">,</word>
   <word id="word_434">Areias</word>
   <word id="word_435">,</word>
   <word id="word_436">Tzanev</word>
   <word id="word_437">(</word>
   <word id="word_438">2</word>
   <word id="word_439">)</word>
   <word id="word_440">e</word>
   <word id="word_441">Félix</word>
   <word id="word_442">.</word>
   <word id="word_443">O</word>
   <word id="word_444">equilíbrio</word>
   <word id="word_445">reinou</word>
   <word id="word_446">em_</word>
   <word id="word_447">a</word>
   <word id="word_448">Luz</word>
   <word id="word_449">de</word>
   <word id="word_450">princípio</word>
   <word id="word_451">a</word>
   <word id="word_452">fim</word>
   <word id="word_453">,</word>
   <word id="word_454">com</word>
   <word id="word_455">benfiquistas</word>
   <word id="word_456">e</word>
   <word id="word_457">portistas</word>
   <word id="word_458">a</word>
   <word id="word_459">equivalerem</word>
   <word id="word_460">-se</word>
   <word id="word_461">em_</word>
   <word id="word_462">os</word>
   <word id="word_463">diversos</word>
   <word id="word_464">aspectos</word>
   <word id="word_465">de_</word>
   <word id="word_466">o</word>
   <word id="word_467">jogo</word>
   <word id="word_468">.</word>
   <word id="word_469">A</word>
   <word id="word_470">emotividade</word>
   <word id="word_471">esteve</word>
   <word id="word_472">,</word>
   <word id="word_473">assim</word>
   <word id="word_474">,</word>
   <word id="word_475">presente</word>
   <word id="word_476">até</word>
   <word id="word_477">final</word>
   <word id="word_478">,</word>
   <word id="word_479">com</word>
   <word id="word_480">o</word>
   <word id="word_481">resultado</word>
   <word id="word_482">a</word>
   <word id="word_483">ser</word>
   <word id="word_484">estabelecido</word>
   <word id="word_485">apenas</word>
   <word id="word_486">a</word>
   <word id="word_487">dois</word>
   <word id="word_488">segundos</word>
   <word id="word_489">de_</word>
   <word id="word_490">o</word>
   <word id="word_491">fim</word>
   <word id="word_492">,</word>
   <word id="word_493">em_</word>
   <word id="word_494">um</word>
   <word id="word_495">remate</word>
   <word id="word_496">de</word>
   <word id="word_497">João</word>
   <word id="word_498">Gonçalves</word>
   <word id="word_499">.</word>
   <word id="word_500">Sob</word>
   <word id="word_501">a</word>
   <word id="word_502">direcção</word>
   <word id="word_503">de</word>
   <word id="word_504">José</word>
   <word id="word_505">Ribeiro</word>
   <word id="word_506">(</word>
   <word id="word_507">Porto</word>
   <word id="word_508">)</word>
   <word id="word_509">e</word>
   <word id="word_510">José</word>
   <word id="word_511">Francisco</word>
   <word id="word_512">(</word>
   <word id="word_513">Lisboa</word>
   <word id="word_514">)</word>
   <word id="word_515">,</word>
   <word id="word_516">as</word>
   <word id="word_517">equipas</word>
   <word id="word_518">alinharam</word>
   <word id="word_519">e</word>
   <word id="word_520">marcaram</word>
   <word id="word_521">:</word>
   <word id="word_522">BENFICA</word>
   <word id="word_523">-</word>
   <word id="word_524">Presado</word>
   <word id="word_525">(</word>
   <word id="word_526">Santa</word>
   <word id="word_527">Bárbara</word>
   <word id="word_528">)</word>
   <word id="word_529">;</word>
   <word id="word_530">Miranda</word>
   <word id="word_531">,</word>
   <word id="word_532">Paulo</word>
   <word id="word_533">Bunz</word>
   <word id="word_534">(</word>
   <word id="word_535">4</word>
   <word id="word_536">)</word>
   <word id="word_537">,</word>
   <word id="word_538">Vasco</word>
   <word id="word_539">Vasconcelos</word>
   <word id="word_540">(</word>
   <word id="word_541">3</word>
   <word id="word_542">)</word>
   <word id="word_543">,</word>
   <word id="word_544">Luís</word>
   <word id="word_545">Lopes</word>
   <word id="word_546">(</word>
   <word id="word_547">1</word>
   <word id="word_548">)</word>
   <word id="word_549">,</word>
   <word id="word_550">Salgado</word>
   <word id="word_551">,</word>
   <word id="word_552">Silvestre</word>
   <word id="word_553">Paris</word>
   <word id="word_554">(</word>
   <word id="word_555">2</word>
   <word id="word_556">)</word>
   <word id="word_557">,</word>
   <word id="word_558">Mário</word>
   <word id="word_559">Gentil</word>
   <word id="word_560">(</word>
   <word id="word_561">6</word>
   <word id="word_562">)</word>
   <word id="word_563">,</word>
   <word id="word_564">João</word>
   <word id="word_565">Lopes</word>
   <word id="word_566">e</word>
   <word id="word_567">João</word>
   <word id="word_568">Gonçalves</word>
   <word id="word_569">(</word>
   <word id="word_570">5</word>
   <word id="word_571">)</word>
   <word id="word_572">.</word>
   <word id="word_573">FC</word>
   <word id="word_574">Porto</word>
   <word id="word_575">-</word>
   <word id="word_576">Rodrigo</word>
   <word id="word_577">;</word>
   <word id="word_578">Comédias</word>
   <word id="word_579">,</word>
   <word id="word_580">Mário</word>
   <word id="word_581">Santos</word>
   <word id="word_582">,</word>
   <word id="word_583">Pavlovic</word>
   <word id="word_584">(</word>
   <word id="word_585">5</word>
   <word id="word_586">)</word>
   <word id="word_587">,</word>
   <word id="word_588">Tó</word>
   <word id="word_589">Leite</word>
   <word id="word_590">(</word>
   <word id="word_591">1</word>
   <word id="word_592">)</word>
   <word id="word_593">,</word>
   <word id="word_594">Jorge</word>
   <word id="word_595">Umberto</word>
   <word id="word_596">(</word>
   <word id="word_597">1</word>
   <word id="word_598">)</word>
   <word id="word_599">,</word>
   <word id="word_600">Pires</word>
   <word id="word_601">(</word>
   <word id="word_602">5</word>
   <word id="word_603">)</word>
   <word id="word_604">,</word>
   <word id="word_605">Armando</word>
   <word id="word_606">Jorge</word>
   <word id="word_607">(</word>
   <word id="word_608">5</word>
   <word id="word_609">)</word>
   <word id="word_610">,</word>
   <word id="word_611">Lars</word>
   <word id="word_612">(</word>
   <word id="word_613">4</word>
   <word id="word_614">)</word>
   <word id="word_615">,</word>
   <word id="word_616">José</word>
   <word id="word_617">Fernando</word>
   <word id="word_618">e</word>
   <word id="word_619">Jorge</word>
   <word id="word_620">Rebelo</word>
   <word id="word_621">.</word>
   <word id="word_622">Em_</word>
   <word id="word_623">os</word>
   <word id="word_624">restantes</word>
   <word id="word_625">jogos</word>
   <word id="word_626">de_</word>
   <word id="word_627">a</word>
   <word id="word_628">jornada</word>
   <word id="word_629">,</word>
   <word id="word_630">verificaram</word>
   <word id="word_631">-se</word>
   <word id="word_632">os</word>
   <word id="word_633">seguintes</word>
   <word id="word_634">desfechos</word>
   <word id="word_635">:</word>
   <word id="word_636">Sanjoanense</word>
   <word id="word_637">-</word>
   <word id="word_638">Vitória</word>
   <word id="word_639">de</word>
   <word id="word_640">Setúbal</word>
   <word id="word_641">,</word>
   <word id="word_642">12</word>
   <word id="word_643">-</word>
   <word id="word_644">32</word>
   <word id="word_645">e</word>
   <word id="word_646">Académico</word>
   <word id="word_647">de_</word>
   <word id="word_648">o</word>
   <word id="word_649">Porto</word>
   <word id="word_650">-</word>
   <word id="word_651">Belenenses</word>
   <word id="word_652">,</word>
   <word id="word_653">26</word>
   <word id="word_654">-</word>
   <word id="word_655">34</word>
   <word id="word_656">.</word>
   <word id="word_657">A</word>
   <word id="word_658">classificação</word>
   <word id="word_659">final</word>
   <word id="word_660">ficou</word>
   <word id="word_661">assim</word>
   <word id="word_662">ordenada</word>
   <word id="word_663">:</word>
   <word id="word_664">1</word>
   <word id="word_665">.</word>
   <word id="word_666">Académico</word>
   <word id="word_667">de</word>
   <word id="word_668">Braga</word>
   <word id="word_669">,</word>
   <word id="word_670">61</word>
   <word id="word_671">pontos</word>
   <word id="word_672">;</word>
   <word id="word_673">2</word>
   <word id="word_674">.</word>
   <word id="word_675">Sporting</word>
   <word id="word_676">,</word>
   <word id="word_677">57</word>
   <word id="word_678">;</word>
   <word id="word_679">3</word>
   <word id="word_680">.</word>
   <word id="word_681">Benfica</word>
   <word id="word_682">,</word>
   <word id="word_683">56</word>
   <word id="word_684">;</word>
   <word id="word_685">4</word>
   <word id="word_686">.</word>
   <word id="word_687">Belenenses</word>
   <word id="word_688">,</word>
   <word id="word_689">56</word>
   <word id="word_690">;</word>
   <word id="word_691">5</word>
   <word id="word_692">.</word>
   <word id="word_693">FC</word>
   <word id="word_694">Porto</word>
   <word id="word_695">,</word>
   <word id="word_696">53</word>
   <word id="word_697">;</word>
   <word id="word_698">6</word>
   <word id="word_699">.</word>
   <word id="word_700">TAP</word>
   <word id="word_701">.</word>
   <word id="word_702">44</word>
   <word id="word_703">;</word>
   <word id="word_704">7</word>
   <word id="word_705">.</word>
   <word id="word_706">Salgueiros</word>
   <word id="word_707">,</word>
   <word id="word_708">44</word>
   <word id="word_709">;</word>
   <word id="word_710">8</word>
   <word id="word_711">.</word>
   <word id="word_712">Vitória</word>
   <word id="word_713">de</word>
   <word id="word_714">Setubal</word>
   <word id="word_715">,</word>
   <word id="word_716">42</word>
   <word id="word_717">;</word>
   <word id="word_718">9</word>
   <word id="word_719">.</word>
   <word id="word_720">São</word>
   <word id="word_721">Mamede</word>
   <word id="word_722">,</word>
   <word id="word_723">35</word>
   <word id="word_724">;</word>
   <word id="word_725">10</word>
   <word id="word_726">.</word>
   <word id="word_727">Boa-Hora</word>
   <word id="word_728">,</word>
   <word id="word_729">32</word>
   <word id="word_730">;</word>
   <word id="word_731">11</word>
   <word id="word_732">.</word>
   <word id="word_733">Académico</word>
   <word id="word_734">de_</word>
   <word id="word_735">o</word>
   <word id="word_736">Porto</word>
   <word id="word_737">25</word>
   <word id="word_738">;</word>
   <word id="word_739">12</word>
   <word id="word_740">Sanjoanense</word>
   <word id="word_741">,</word>
   <word id="word_742">24</word>
   <word id="word_743">.</word>
</words>
