<?xml version="1.0" encoding="UTF-8"?>
<!DOCTYPE words SYSTEM "words.dtd">
<words>
   <word id="word_1">WERNER</word>
   <word id="word_2">FORNOS</word>
   <word id="word_3">,</word>
   <word id="word_4">presidente</word>
   <word id="word_5">de_</word>
   <word id="word_6">o</word>
   <word id="word_7">organismo</word>
   <word id="word_8">privado</word>
   <word id="word_9">Population</word>
   <word id="word_10">Instituteú</word>
   <word id="word_11">,</word>
   <word id="word_12">afirma</word>
   <word id="word_13">que</word>
   <word id="word_14">as</word>
   <word id="word_15">principais</word>
   <word id="word_16">consequências</word>
   <word id="word_17">de_</word>
   <word id="word_18">o</word>
   <word id="word_19">superpovoamento</word>
   <word id="word_20">de_</word>
   <word id="word_21">o</word>
   <word id="word_22">globo</word>
   <word id="word_23">serão</word>
   <word id="word_24">as</word>
   <word id="word_25">fomes</word>
   <word id="word_26">e</word>
   <word id="word_27">as</word>
   <word id="word_28">doenças</word>
   <word id="word_29">que</word>
   <word id="word_30">atingirão</word>
   <word id="word_31">populações</word>
   <word id="word_32">sem</word>
   <word id="word_33">recursos</word>
   <word id="word_34">,</word>
   <word id="word_35">a</word>
   <word id="word_36">eliminação</word>
   <word id="word_37">de_</word>
   <word id="word_38">as</word>
   <word id="word_39">áreas</word>
   <word id="word_40">arborizadas</word>
   <word id="word_41">de_</word>
   <word id="word_42">o</word>
   <word id="word_43">planeta</word>
   <word id="word_44">,</word>
   <word id="word_45">a</word>
   <word id="word_46">destruição</word>
   <word id="word_47">de_</word>
   <word id="word_48">os</word>
   <word id="word_49">"</word>
   <word id="word_50">habitats</word>
   <word id="word_51">"</word>
   <word id="word_52">naturais</word>
   <word id="word_53">,</word>
   <word id="word_54">o</word>
   <word id="word_55">agravamento</word>
   <word id="word_56">de_</word>
   <word id="word_57">o</word>
   <word id="word_58">fenómeno</word>
   <word id="word_59">de_</word>
   <word id="word_60">as</word>
   <word id="word_61">chuvas</word>
   <word id="word_62">ácidas</word>
   <word id="word_63">.</word>
   <word id="word_64">A</word>
   <word id="word_65">publicação</word>
   <word id="word_66">deste</word>
   <word id="word_67">estudo</word>
   <word id="word_68">,</word>
   <word id="word_69">intitulado</word>
   <word id="word_70">"</word>
   <word id="word_71">Um</word>
   <word id="word_72">plano</word>
   <word id="word_73">para</word>
   <word id="word_74">estabilização</word>
   <word id="word_75">de_</word>
   <word id="word_76">a</word>
   <word id="word_77">população</word>
   <word id="word_78">mundial</word>
   <word id="word_79">"</word>
   <word id="word_80">,</word>
   <word id="word_81">coincide</word>
   <word id="word_82">com</word>
   <word id="word_83">o</word>
   <word id="word_84">início</word>
   <word id="word_85">de_</word>
   <word id="word_86">a</word>
   <word id="word_87">Semana</word>
   <word id="word_88">de_</word>
   <word id="word_89">a</word>
   <word id="word_90">População</word>
   <word id="word_91">(</word>
   <word id="word_92">World</word>
   <word id="word_93">Population</word>
   <word id="word_94">Awareness</word>
   <word id="word_95">Week</word>
   <word id="word_96">)</word>
   <word id="word_97">.</word>
   <word id="word_98">Mais</word>
   <word id="word_99">de</word>
   <word id="word_100">mil</word>
   <word id="word_101">milhões</word>
   <word id="word_102">de</word>
   <word id="word_103">pessoas</word>
   <word id="word_104">nascerão</word>
   <word id="word_105">em_</word>
   <word id="word_106">os</word>
   <word id="word_107">próximos</word>
   <word id="word_108">dez</word>
   <word id="word_109">anos</word>
   <word id="word_110">,</word>
   <word id="word_111">sublinha</word>
   <word id="word_112">Werner</word>
   <word id="word_113">Fornos</word>
   <word id="word_114">,</word>
   <word id="word_115">cujo</word>
   <word id="word_116">relatório</word>
   <word id="word_117">surgiu</word>
   <word id="word_118">alguns</word>
   <word id="word_119">dias</word>
   <word id="word_120">depois</word>
   <word id="word_121">de</word>
   <word id="word_122">um</word>
   <word id="word_123">outro</word>
   <word id="word_124">estudo</word>
   <word id="word_125">,</word>
   <word id="word_126">também</word>
   <word id="word_127">publicado</word>
   <word id="word_128">por</word>
   <word id="word_129">um</word>
   <word id="word_130">instituto</word>
   <word id="word_131">norte-americano</word>
   <word id="word_132">de_</word>
   <word id="word_133">o</word>
   <word id="word_134">sector</word>
   <word id="word_135">privado</word>
   <word id="word_136">,</word>
   <word id="word_137">o</word>
   <word id="word_138">Population</word>
   <word id="word_139">Reference</word>
   <word id="word_140">Bureau</word>
   <word id="word_141">,</word>
   <word id="word_142">que</word>
   <word id="word_143">indica</word>
   <word id="word_144">que</word>
   <word id="word_145">a</word>
   <word id="word_146">taxa</word>
   <word id="word_147">de</word>
   <word id="word_148">natalidade</word>
   <word id="word_149">,</word>
   <word id="word_150">depois</word>
   <word id="word_151">de</word>
   <word id="word_152">uma</word>
   <word id="word_153">fase</word>
   <word id="word_154">de</word>
   <word id="word_155">estagnação</word>
   <word id="word_156">,</word>
   <word id="word_157">voltou</word>
   <word id="word_158">a</word>
   <word id="word_159">crescer</word>
   <word id="word_160">.</word>
   <word id="word_161">O</word>
   <word id="word_162">presidente</word>
   <word id="word_163">de_</word>
   <word id="word_164">o</word>
   <word id="word_165">Population</word>
   <word id="word_166">Institute</word>
   <word id="word_167">afirma</word>
   <word id="word_168">que</word>
   <word id="word_169">a</word>
   <word id="word_170">natalidade</word>
   <word id="word_171">,</word>
   <word id="word_172">em</word>
   <word id="word_173">baixa</word>
   <word id="word_174">em_</word>
   <word id="word_175">os</word>
   <word id="word_176">países</word>
   <word id="word_177">ricos</word>
   <word id="word_178">,</word>
   <word id="word_179">continua</word>
   <word id="word_180">a</word>
   <word id="word_181">aumentar</word>
   <word id="word_182">acentuadamente</word>
   <word id="word_183">em_</word>
   <word id="word_184">os</word>
   <word id="word_185">países</word>
   <word id="word_186">pobres</word>
   <word id="word_187">,</word>
   <word id="word_188">precisamente</word>
   <word id="word_189">os</word>
   <word id="word_190">que</word>
   <word id="word_191">não</word>
   <word id="word_192">são</word>
   <word id="word_193">capazes</word>
   <word id="word_194">de</word>
   <word id="word_195">suportar</word>
   <word id="word_196">um</word>
   <word id="word_197">forte</word>
   <word id="word_198">aumento</word>
   <word id="word_199">populacional</word>
   <word id="word_200">,</word>
   <word id="word_201">Sublinha</word>
   <word id="word_202">que</word>
   <word id="word_203">,</word>
   <word id="word_204">só</word>
   <word id="word_205">em_</word>
   <word id="word_206">o</word>
   <word id="word_207">ano</word>
   <word id="word_208">de</word>
   <word id="word_209">1986</word>
   <word id="word_210">,</word>
   <word id="word_211">a</word>
   <word id="word_212">população</word>
   <word id="word_213">mundial</word>
   <word id="word_214">registou</word>
   <word id="word_215">um</word>
   <word id="word_216">acréscimo</word>
   <word id="word_217">de</word>
   <word id="word_218">87</word>
   <word id="word_219">milhões</word>
   <word id="word_220">de</word>
   <word id="word_221">pessoas</word>
   <word id="word_222">,</word>
   <word id="word_223">o</word>
   <word id="word_224">equivalente</word>
   <word id="word_225">a</word>
   <word id="word_226">16</word>
   <word id="word_227">vezes</word>
   <word id="word_228">os</word>
   <word id="word_229">habitantes</word>
   <word id="word_230">de</word>
   <word id="word_231">um</word>
   <word id="word_232">país</word>
   <word id="word_233">como</word>
   <word id="word_234">El</word>
   <word id="word_235">Salvador</word>
   <word id="word_236">.</word>
   <word id="word_237">Segundo</word>
   <word id="word_238">Werner</word>
   <word id="word_239">Fornos</word>
   <word id="word_240">,</word>
   <word id="word_241">trata</word>
   <word id="word_242">-se</word>
   <word id="word_243">de</word>
   <word id="word_244">"</word>
   <word id="word_245">uma</word>
   <word id="word_246">explosão</word>
   <word id="word_247">silenciosa</word>
   <word id="word_248">"</word>
   <word id="word_249">e</word>
   <word id="word_250">,</word>
   <word id="word_251">em_</word>
   <word id="word_252">a</word>
   <word id="word_253">sua</word>
   <word id="word_254">opinião</word>
   <word id="word_255">,</word>
   <word id="word_256">os</word>
   <word id="word_257">Estados</word>
   <word id="word_258">Unidos</word>
   <word id="word_259">deveriam</word>
   <word id="word_260">aumentar</word>
   <word id="word_261">o</word>
   <word id="word_262">seu</word>
   <word id="word_263">orçamento</word>
   <word id="word_264">de</word>
   <word id="word_265">auxílio</word>
   <word id="word_266">a_</word>
   <word id="word_267">os</word>
   <word id="word_268">países</word>
   <word id="word_269">que</word>
   <word id="word_270">integram</word>
   <word id="word_271">a</word>
   <word id="word_272">ONU</word>
   <word id="word_273">de</word>
   <word id="word_274">200</word>
   <word id="word_275">milhões</word>
   <word id="word_276">para</word>
   <word id="word_277">750</word>
   <word id="word_278">milhões</word>
   <word id="word_279">de</word>
   <word id="word_280">dólares</word>
   <word id="word_281">,</word>
   <word id="word_282">em_</word>
   <word id="word_283">os</word>
   <word id="word_284">próximos</word>
   <word id="word_285">três</word>
   <word id="word_286">anos</word>
   <word id="word_287">.</word>
   <word id="word_288">Esboçando</word>
   <word id="word_289">uma</word>
   <word id="word_290">breve</word>
   <word id="word_291">história</word>
   <word id="word_292">de_</word>
   <word id="word_293">o</word>
   <word id="word_294">crescimento</word>
   <word id="word_295">demográfico</word>
   <word id="word_296">,</word>
   <word id="word_297">o</word>
   <word id="word_298">presidente</word>
   <word id="word_299">de_</word>
   <word id="word_300">o</word>
   <word id="word_301">instituto</word>
   <word id="word_302">lembrou</word>
   <word id="word_303">que</word>
   <word id="word_304">o</word>
   <word id="word_305">patamar</word>
   <word id="word_306">de_</word>
   <word id="word_307">o</word>
   <word id="word_308">primeiro</word>
   <word id="word_309">milhar</word>
   <word id="word_310">de</word>
   <word id="word_311">milhões</word>
   <word id="word_312">de</word>
   <word id="word_313">habitantes</word>
   <word id="word_314">foi</word>
   <word id="word_315">ultrapassado</word>
   <word id="word_316">em</word>
   <word id="word_317">1830</word>
   <word id="word_318">e</word>
   <word id="word_319">que</word>
   <word id="word_320">,</word>
   <word id="word_321">um</word>
   <word id="word_322">século</word>
   <word id="word_323">depois</word>
   <word id="word_324">,</word>
   <word id="word_325">a</word>
   <word id="word_326">população</word>
   <word id="word_327">mundial</word>
   <word id="word_328">atingia</word>
   <word id="word_329">os</word>
   <word id="word_330">dois</word>
   <word id="word_331">milhares</word>
   <word id="word_332">de</word>
   <word id="word_333">milhões</word>
   <word id="word_334">.</word>
   <word id="word_335">A</word>
   <word id="word_336">partir</word>
   <word id="word_337">de</word>
   <word id="word_338">1930</word>
   <word id="word_339">,</word>
   <word id="word_340">bastaram</word>
   <word id="word_341">30</word>
   <word id="word_342">anos</word>
   <word id="word_343">para</word>
   <word id="word_344">atingir</word>
   <word id="word_345">os</word>
   <word id="word_346">três</word>
   <word id="word_347">milhares</word>
   <word id="word_348">e</word>
   <word id="word_349">a</word>
   <word id="word_350">década</word>
   <word id="word_351">e</word>
   <word id="word_352">meia</word>
   <word id="word_353">que</word>
   <word id="word_354">medeia</word>
   <word id="word_355">entre</word>
   <word id="word_356">1960</word>
   <word id="word_357">e</word>
   <word id="word_358">1975</word>
   <word id="word_359">foi</word>
   <word id="word_360">suficiente</word>
   <word id="word_361">para</word>
   <word id="word_362">se</word>
   <word id="word_363">chegar</word>
   <word id="word_364">a_</word>
   <word id="word_365">os</word>
   <word id="word_366">quatro</word>
   <word id="word_367">milhares</word>
   <word id="word_368">de</word>
   <word id="word_369">milhões</word>
   <word id="word_370">.</word>
   <word id="word_371">Actualmente</word>
   <word id="word_372">,</word>
   <word id="word_373">a</word>
   <word id="word_374">população</word>
   <word id="word_375">mundial</word>
   <word id="word_376">é</word>
   <word id="word_377">de</word>
   <word id="word_378">5000</word>
   <word id="word_379">milhões</word>
   <word id="word_380">,</word>
   <word id="word_381">prevendo</word>
   <word id="word_382">o</word>
   <word id="word_383">relatório</word>
   <word id="word_384">que</word>
   <word id="word_385">seja</word>
   <word id="word_386">de</word>
   <word id="word_387">6000</word>
   <word id="word_388">milhões</word>
   <word id="word_389">em</word>
   <word id="word_390">1996</word>
   <word id="word_391">e</word>
   <word id="word_392">de</word>
   <word id="word_393">6200</word>
   <word id="word_394">milhões</word>
   <word id="word_395">em_</word>
   <word id="word_396">o</word>
   <word id="word_397">ano</word>
   <word id="word_398">2000</word>
   <word id="word_399">.</word>
</words>
