<?xml version="1.0" encoding="UTF-8"?>
<!DOCTYPE words SYSTEM "words.dtd">
<words>
   <word id="word_1">O</word>
   <word id="word_2">PRESIDENTE</word>
   <word id="word_3">de_</word>
   <word id="word_4">o</word>
   <word id="word_5">Tribunal</word>
   <word id="word_6">Constitucional</word>
   <word id="word_7">,</word>
   <word id="word_8">Marques</word>
   <word id="word_9">Guedes</word>
   <word id="word_10">,</word>
   <word id="word_11">disse</word>
   <word id="word_12">ter</word>
   <word id="word_13">tido</word>
   <word id="word_14">com</word>
   <word id="word_15">Mário</word>
   <word id="word_16">Soares</word>
   <word id="word_17">uma</word>
   <word id="word_18">"</word>
   <word id="word_19">conversa</word>
   <word id="word_20">pessoal</word>
   <word id="word_21">e</word>
   <word id="word_22">privada</word>
   <word id="word_23">"</word>
   <word id="word_24">,</word>
   <word id="word_25">em</word>
   <word id="word_26">que</word>
   <word id="word_27">"</word>
   <word id="word_28">não</word>
   <word id="word_29">foi</word>
   <word id="word_30">tratado</word>
   <word id="word_31">qualquer</word>
   <word id="word_32">tema</word>
   <word id="word_33">relacionado</word>
   <word id="word_34">com</word>
   <word id="word_35">a</word>
   <word id="word_36">saída</word>
   <word id="word_37">de_</word>
   <word id="word_38">a</word>
   <word id="word_39">crise</word>
   <word id="word_40">"</word>
   <word id="word_41">,</word>
   <word id="word_42">reservando</word>
   <word id="word_43">a</word>
   <word id="word_44">sua</word>
   <word id="word_45">opinão</word>
   <word id="word_46">a</word>
   <word id="word_47">esse</word>
   <word id="word_48">respeito</word>
   <word id="word_49">para</word>
   <word id="word_50">a</word>
   <word id="word_51">reunião</word>
   <word id="word_52">de_</word>
   <word id="word_53">o</word>
   <word id="word_54">Conselho</word>
   <word id="word_55">de</word>
   <word id="word_56">Estado</word>
   <word id="word_57">de</word>
   <word id="word_58">amanhã</word>
   <word id="word_59">.</word>
   <word id="word_60">O</word>
   <word id="word_61">Provedor</word>
   <word id="word_62">de</word>
   <word id="word_63">Justiça</word>
   <word id="word_64">,</word>
   <word id="word_65">Almeida</word>
   <word id="word_66">Ribeiro</word>
   <word id="word_67">,</word>
   <word id="word_68">disse</word>
   <word id="word_69">deixar</word>
   <word id="word_70">para</word>
   <word id="word_71">a</word>
   <word id="word_72">reunião</word>
   <word id="word_73">de_</word>
   <word id="word_74">o</word>
   <word id="word_75">Conselho</word>
   <word id="word_76">de</word>
   <word id="word_77">Estado</word>
   <word id="word_78">a</word>
   <word id="word_79">declaração</word>
   <word id="word_80">que</word>
   <word id="word_81">entenda</word>
   <word id="word_82">dever</word>
   <word id="word_83">fazer</word>
   <word id="word_84">e</word>
   <word id="word_85">justificou</word>
   <word id="word_86">o</word>
   <word id="word_87">seu</word>
   <word id="word_88">silêncio</word>
   <word id="word_89">sobre</word>
   <word id="word_90">a</word>
   <word id="word_91">crise</word>
   <word id="word_92">com</word>
   <word id="word_93">a</word>
   <word id="word_94">alegação</word>
   <word id="word_95">de</word>
   <word id="word_96">que</word>
   <word id="word_97">"</word>
   <word id="word_98">não</word>
   <word id="word_99">exercendo</word>
   <word id="word_100">um</word>
   <word id="word_101">cargo</word>
   <word id="word_102">político</word>
   <word id="word_103">também</word>
   <word id="word_104">não</word>
   <word id="word_105">fazia</word>
   <word id="word_106">declarações</word>
   <word id="word_107">políticas</word>
   <word id="word_108">"</word>
   <word id="word_109">.</word>
   <word id="word_110">Por</word>
   <word id="word_111">último</word>
   <word id="word_112">,</word>
   <word id="word_113">o</word>
   <word id="word_114">governador</word>
   <word id="word_115">de_</word>
   <word id="word_116">o</word>
   <word id="word_117">Banco</word>
   <word id="word_118">de</word>
   <word id="word_119">Portugal</word>
   <word id="word_120">,</word>
   <word id="word_121">Tavares</word>
   <word id="word_122">Moreira</word>
   <word id="word_123">,</word>
   <word id="word_124">afirmou</word>
   <word id="word_125">que</word>
   <word id="word_126">teve</word>
   <word id="word_127">"</word>
   <word id="word_128">uma</word>
   <word id="word_129">conversa</word>
   <word id="word_130">interessante</word>
   <word id="word_131">sobre</word>
   <word id="word_132">a</word>
   <word id="word_133">situação</word>
   <word id="word_134">económica</word>
   <word id="word_135">em</word>
   <word id="word_136">geral</word>
   <word id="word_137">"</word>
   <word id="word_138">com</word>
   <word id="word_139">o</word>
   <word id="word_140">Presidente</word>
   <word id="word_141">de_</word>
   <word id="word_142">a</word>
   <word id="word_143">República</word>
   <word id="word_144">,</word>
   <word id="word_145">com</word>
   <word id="word_146">quem</word>
   <word id="word_147">analisou</word>
   <word id="word_148">ainda</word>
   <word id="word_149">alguns</word>
   <word id="word_150">indicadores</word>
   <word id="word_151">económicos</word>
   <word id="word_152">.</word>
   <word id="word_153">Também</word>
   <word id="word_154">uma</word>
   <word id="word_155">delegação</word>
   <word id="word_156">de_</word>
   <word id="word_157">a</word>
   <word id="word_158">UDP</word>
   <word id="word_159">,</word>
   <word id="word_160">chefiada</word>
   <word id="word_161">por</word>
   <word id="word_162">Mário</word>
   <word id="word_163">Tomé</word>
   <word id="word_164">,</word>
   <word id="word_165">foi</word>
   <word id="word_166">ontem</word>
   <word id="word_167">a_</word>
   <word id="word_168">a</word>
   <word id="word_169">tarde</word>
   <word id="word_170">recebida</word>
   <word id="word_171">,</word>
   <word id="word_172">a</word>
   <word id="word_173">seu</word>
   <word id="word_174">pedido</word>
   <word id="word_175">,</word>
   <word id="word_176">por</word>
   <word id="word_177">Mário</word>
   <word id="word_178">Soares</word>
   <word id="word_179">.</word>
   <word id="word_180">À</word>
   <word id="word_181">saída</word>
   <word id="word_182">de_</word>
   <word id="word_183">a</word>
   <word id="word_184">audiência</word>
   <word id="word_185">Mário</word>
   <word id="word_186">Tomé</word>
   <word id="word_187">disse</word>
   <word id="word_188">que</word>
   <word id="word_189">o</word>
   <word id="word_190">seu</word>
   <word id="word_191">partido</word>
   <word id="word_192">pediu</word>
   <word id="word_193">a_</word>
   <word id="word_194">o</word>
   <word id="word_195">Presidente</word>
   <word id="word_196">de_</word>
   <word id="word_197">a</word>
   <word id="word_198">República</word>
   <word id="word_199">para</word>
   <word id="word_200">indigitar</word>
   <word id="word_201">"</word>
   <word id="word_202">o</word>
   <word id="word_203">PS</word>
   <word id="word_204">para</word>
   <word id="word_205">formar</word>
   <word id="word_206">Governo</word>
   <word id="word_207">"</word>
   <word id="word_208">como</word>
   <word id="word_209">forma</word>
   <word id="word_210">"</word>
   <word id="word_211">imediata</word>
   <word id="word_212">e</word>
   <word id="word_213">viável</word>
   <word id="word_214">de</word>
   <word id="word_215">"</word>
   <word id="word_216">tirar</word>
   <word id="word_217">a</word>
   <word id="word_218">direita</word>
   <word id="word_219">de_</word>
   <word id="word_220">o</word>
   <word id="word_221">Poder</word>
   <word id="word_222">"</word>
   <word id="word_223">O</word>
   <word id="word_224">ex-deputado</word>
   <word id="word_225">a_</word>
   <word id="word_226">a</word>
   <word id="word_227">Assembleia</word>
   <word id="word_228">de_</word>
   <word id="word_229">a</word>
   <word id="word_230">República</word>
   <word id="word_231">sublinhou</word>
   <word id="word_232">ainda</word>
   <word id="word_233">que</word>
   <word id="word_234">"</word>
   <word id="word_235">não</word>
   <word id="word_236">há</word>
   <word id="word_237">qualquer</word>
   <word id="word_238">contradição</word>
   <word id="word_239">"</word>
   <word id="word_240">entre</word>
   <word id="word_241">o</word>
   <word id="word_242">facto</word>
   <word id="word_243">de</word>
   <word id="word_244">anteriormente</word>
   <word id="word_245">a</word>
   <word id="word_246">UDP</word>
   <word id="word_247">ter</word>
   <word id="word_248">reinvidicado</word>
   <word id="word_249">a</word>
   <word id="word_250">realização</word>
   <word id="word_251">de</word>
   <word id="word_252">eleições</word>
   <word id="word_253">e</word>
   <word id="word_254">em_</word>
   <word id="word_255">o</word>
   <word id="word_256">presente</word>
   <word id="word_257">mostrar</word>
   <word id="word_258">oposição</word>
   <word id="word_259">a_</word>
   <word id="word_260">a</word>
   <word id="word_261">convocação</word>
   <word id="word_262">de</word>
   <word id="word_263">legislativas</word>
   <word id="word_264">.</word>
   <word id="word_265">Por</word>
   <word id="word_266">seu</word>
   <word id="word_267">lado</word>
   <word id="word_268">,</word>
   <word id="word_269">uma</word>
   <word id="word_270">delegação</word>
   <word id="word_271">conjunta</word>
   <word id="word_272">de_</word>
   <word id="word_273">a</word>
   <word id="word_274">Confederação</word>
   <word id="word_275">de_</word>
   <word id="word_276">os</word>
   <word id="word_277">Agricultores</word>
   <word id="word_278">Portugueses</word>
   <word id="word_279">(</word>
   <word id="word_280">CAP</word>
   <word id="word_281">)</word>
   <word id="word_282">,</word>
   <word id="word_283">Confederação</word>
   <word id="word_284">de_</word>
   <word id="word_285">a</word>
   <word id="word_286">Indústria</word>
   <word id="word_287">Portuguesa</word>
   <word id="word_288">(</word>
   <word id="word_289">CIP</word>
   <word id="word_290">)</word>
   <word id="word_291">e</word>
   <word id="word_292">Confederação</word>
   <word id="word_293">de_</word>
   <word id="word_294">o</word>
   <word id="word_295">Comércio</word>
   <word id="word_296">Português</word>
   <word id="word_297">(</word>
   <word id="word_298">CCP</word>
   <word id="word_299">)</word>
   <word id="word_300">deslocou</word>
   <word id="word_301">-se</word>
   <word id="word_302">ontem</word>
   <word id="word_303">a_</word>
   <word id="word_304">as</word>
   <word id="word_305">sedes</word>
   <word id="word_306">nacionais</word>
   <word id="word_307">de_</word>
   <word id="word_308">o</word>
   <word id="word_309">PSD</word>
   <word id="word_310">e</word>
   <word id="word_311">de_</word>
   <word id="word_312">o</word>
   <word id="word_313">CDS</word>
   <word id="word_314">,</word>
   <word id="word_315">para</word>
   <word id="word_316">darem</word>
   <word id="word_317">a</word>
   <word id="word_318">conhecer</word>
   <word id="word_319">a</word>
   <word id="word_320">sua</word>
   <word id="word_321">posição</word>
   <word id="word_322">face</word>
   <word id="word_323">a_</word>
   <word id="word_324">a</word>
   <word id="word_325">actual</word>
   <word id="word_326">situação</word>
   <word id="word_327">política</word>
   <word id="word_328">.</word>
   <word id="word_329">À</word>
   <word id="word_330">saída</word>
   <word id="word_331">de_</word>
   <word id="word_332">a</word>
   <word id="word_333">audiência</word>
   <word id="word_334">com</word>
   <word id="word_335">os</word>
   <word id="word_336">sociais-democratas</word>
   <word id="word_337">(</word>
   <word id="word_338">representados</word>
   <word id="word_339">por</word>
   <word id="word_340">Fernando</word>
   <word id="word_341">Nogueira</word>
   <word id="word_342">,</word>
   <word id="word_343">Eurico</word>
   <word id="word_344">de</word>
   <word id="word_345">Melo</word>
   <word id="word_346">,</word>
   <word id="word_347">Dias</word>
   <word id="word_348">Loureiro</word>
   <word id="word_349">e</word>
   <word id="word_350">Victor</word>
   <word id="word_351">Crespo</word>
   <word id="word_352">)</word>
   <word id="word_353">,</word>
   <word id="word_354">o</word>
   <word id="word_355">responsável</word>
   <word id="word_356">de_</word>
   <word id="word_357">a</word>
   <word id="word_358">CAP</word>
   <word id="word_359">,</word>
   <word id="word_360">Rosado</word>
   <word id="word_361">Fernandes</word>
   <word id="word_362">,</word>
   <word id="word_363">salientou</word>
   <word id="word_364">a</word>
   <word id="word_365">preocupação</word>
   <word id="word_366">de_</word>
   <word id="word_367">os</word>
   <word id="word_368">parceiros</word>
   <word id="word_369">sociais</word>
   <word id="word_370">face</word>
   <word id="word_371">a_</word>
   <word id="word_372">a</word>
   <word id="word_373">actual</word>
   <word id="word_374">situação</word>
   <word id="word_375">política</word>
   <word id="word_376">.</word>
   <word id="word_377">"</word>
   <word id="word_378">Temos</word>
   <word id="word_379">que</word>
   <word id="word_380">resolver</word>
   <word id="word_381">a</word>
   <word id="word_382">crise</word>
   <word id="word_383">o</word>
   <word id="word_384">mais</word>
   <word id="word_385">depressa</word>
   <word id="word_386">possível</word>
   <word id="word_387">pois</word>
   <word id="word_388">a</word>
   <word id="word_389">nossa</word>
   <word id="word_390">integração</word>
   <word id="word_391">em_</word>
   <word id="word_392">a</word>
   <word id="word_393">Europa</word>
   <word id="word_394">tem</word>
   <word id="word_395">de</word>
   <word id="word_396">continuar</word>
   <word id="word_397">e</word>
   <word id="word_398">os</word>
   <word id="word_399">investimentos</word>
   <word id="word_400">nacionais</word>
   <word id="word_401">têm</word>
   <word id="word_402">que</word>
   <word id="word_403">ser</word>
   <word id="word_404">feitos</word>
   <word id="word_405">"</word>
   <word id="word_406">disse</word>
   <word id="word_407">o</word>
   <word id="word_408">responsável</word>
   <word id="word_409">de_</word>
   <word id="word_410">a</word>
   <word id="word_411">CAP</word>
   <word id="word_412">,</word>
   <word id="word_413">que</word>
   <word id="word_414">se</word>
   <word id="word_415">fazia</word>
   <word id="word_416">acompanhar</word>
   <word id="word_417">por_</word>
   <word id="word_418">o</word>
   <word id="word_419">presidente</word>
   <word id="word_420">de_</word>
   <word id="word_421">a</word>
   <word id="word_422">CIP</word>
   <word id="word_423">,</word>
   <word id="word_424">Ferraz</word>
   <word id="word_425">de_</word>
   <word id="word_426">a</word>
   <word id="word_427">Costa</word>
   <word id="word_428">,</word>
   <word id="word_429">e</word>
   <word id="word_430">por_</word>
   <word id="word_431">o</word>
   <word id="word_432">responsável</word>
   <word id="word_433">de_</word>
   <word id="word_434">a</word>
   <word id="word_435">CCP</word>
   <word id="word_436">,</word>
   <word id="word_437">Crespo</word>
   <word id="word_438">de</word>
   <word id="word_439">Carvalho</word>
   <word id="word_440">.</word>
   <word id="word_441">Rosado</word>
   <word id="word_442">Fernandes</word>
   <word id="word_443">acrescentou</word>
   <word id="word_444">que</word>
   <word id="word_445">"</word>
   <word id="word_446">embora</word>
   <word id="word_447">o</word>
   <word id="word_448">objectivo</word>
   <word id="word_449">principal</word>
   <word id="word_450">deste</word>
   <word id="word_451">encontro</word>
   <word id="word_452">fosse</word>
   <word id="word_453">a</word>
   <word id="word_454">análise</word>
   <word id="word_455">de_</word>
   <word id="word_456">a</word>
   <word id="word_457">crise</word>
   <word id="word_458">política</word>
   <word id="word_459">"</word>
   <word id="word_460">foram</word>
   <word id="word_461">igualmente</word>
   <word id="word_462">abordados</word>
   <word id="word_463">temas</word>
   <word id="word_464">relacionados</word>
   <word id="word_465">com</word>
   <word id="word_466">a</word>
   <word id="word_467">revisão</word>
   <word id="word_468">constitucional</word>
   <word id="word_469">,</word>
   <word id="word_470">o</word>
   <word id="word_471">que</word>
   <word id="word_472">considerou</word>
   <word id="word_473">"</word>
   <word id="word_474">normal</word>
   <word id="word_475">em_</word>
   <word id="word_476">um</word>
   <word id="word_477">período</word>
   <word id="word_478">em</word>
   <word id="word_479">que</word>
   <word id="word_480">se</word>
   <word id="word_481">estão</word>
   <word id="word_482">a</word>
   <word id="word_483">desenhar</word>
   <word id="word_484">eleições</word>
   <word id="word_485">"</word>
   <word id="word_486">e</word>
   <word id="word_487">esta</word>
   <word id="word_488">alteração</word>
   <word id="word_489">"</word>
   <word id="word_490">poderá</word>
   <word id="word_491">ficar</word>
   <word id="word_492">em</word>
   <word id="word_493">perigo</word>
   <word id="word_494">"</word>
   <word id="word_495">.</word>
   <word id="word_496">Resumindo</word>
   <word id="word_497">a</word>
   <word id="word_498">posição</word>
   <word id="word_499">de_</word>
   <word id="word_500">as</word>
   <word id="word_501">três</word>
   <word id="word_502">confederações</word>
   <word id="word_503">em_</word>
   <word id="word_504">esta</word>
   <word id="word_505">matéria</word>
   <word id="word_506">,</word>
   <word id="word_507">Rosado</word>
   <word id="word_508">Fernandes</word>
   <word id="word_509">disse</word>
   <word id="word_510">que</word>
   <word id="word_511">"</word>
   <word id="word_512">a</word>
   <word id="word_513">parte</word>
   <word id="word_514">económica</word>
   <word id="word_515">de_</word>
   <word id="word_516">a</word>
   <word id="word_517">Constituição</word>
   <word id="word_518">tem</word>
   <word id="word_519">de</word>
   <word id="word_520">ser</word>
   <word id="word_521">revista</word>
   <word id="word_522">,</word>
   <word id="word_523">porque</word>
   <word id="word_524">não</word>
   <word id="word_525">pode</word>
   <word id="word_526">ser</word>
   <word id="word_527">muito</word>
   <word id="word_528">diferente</word>
   <word id="word_529">de_</word>
   <word id="word_530">as</word>
   <word id="word_531">europeias</word>
   <word id="word_532">"</word>
   <word id="word_533">.</word>
   <word id="word_534">Igualmente</word>
   <word id="word_535">anunciado</word>
   <word id="word_536">para</word>
   <word id="word_537">ontem</word>
   <word id="word_538">estava</word>
   <word id="word_539">um</word>
   <word id="word_540">encontro</word>
   <word id="word_541">de_</word>
   <word id="word_542">os</word>
   <word id="word_543">parceiros</word>
   <word id="word_544">sociais</word>
   <word id="word_545">com</word>
   <word id="word_546">membros</word>
   <word id="word_547">de_</word>
   <word id="word_548">o</word>
   <word id="word_549">PS</word>
   <word id="word_550">,</word>
   <word id="word_551">o</word>
   <word id="word_552">que</word>
   <word id="word_553">não</word>
   <word id="word_554">se</word>
   <word id="word_555">veio</word>
   <word id="word_556">a</word>
   <word id="word_557">realizar</word>
   <word id="word_558">,</word>
   <word id="word_559">dada</word>
   <word id="word_560">a</word>
   <word id="word_561">audiência</word>
   <word id="word_562">ter</word>
   <word id="word_563">sido</word>
   <word id="word_564">apenas</word>
   <word id="word_565">formulado</word>
   <word id="word_566">por_</word>
   <word id="word_567">a</word>
   <word id="word_568">Confederação</word>
   <word id="word_569">de_</word>
   <word id="word_570">o</word>
   <word id="word_571">Comércio</word>
   <word id="word_572">.</word>
   <word id="word_573">Apesar</word>
   <word id="word_574">deste</word>
   <word id="word_575">incidente</word>
   <word id="word_576">,</word>
   <word id="word_577">que</word>
   <word id="word_578">Ferraz</word>
   <word id="word_579">de_</word>
   <word id="word_580">a</word>
   <word id="word_581">Costa</word>
   <word id="word_582">se</word>
   <word id="word_583">escusou</word>
   <word id="word_584">a</word>
   <word id="word_585">comentar</word>
   <word id="word_586">a_</word>
   <word id="word_587">o</word>
   <word id="word_588">DN</word>
   <word id="word_589">,</word>
   <word id="word_590">uma</word>
   <word id="word_591">delegação</word>
   <word id="word_592">de_</word>
   <word id="word_593">a</word>
   <word id="word_594">CCP</word>
   <word id="word_595">,</word>
   <word id="word_596">chefiada</word>
   <word id="word_597">por</word>
   <word id="word_598">Crespo</word>
   <word id="word_599">Carvalho</word>
   <word id="word_600">,</word>
   <word id="word_601">foi</word>
   <word id="word_602">recebida</word>
   <word id="word_603">ontem</word>
   <word id="word_604">em_</word>
   <word id="word_605">a</word>
   <word id="word_606">sede</word>
   <word id="word_607">de_</word>
   <word id="word_608">os</word>
   <word id="word_609">socialistas</word>
   <word id="word_610">.</word>
   <word id="word_611">Entretanto</word>
   <word id="word_612">,</word>
   <word id="word_613">a_</word>
   <word id="word_614">a</word>
   <word id="word_615">hora</word>
   <word id="word_616">de</word>
   <word id="word_617">fecho</word>
   <word id="word_618">de_</word>
   <word id="word_619">a</word>
   <word id="word_620">nossa</word>
   <word id="word_621">edição</word>
   <word id="word_622">,</word>
   <word id="word_623">decorria</word>
   <word id="word_624">,</word>
   <word id="word_625">em_</word>
   <word id="word_626">o</word>
   <word id="word_627">Largo</word>
   <word id="word_628">de_</word>
   <word id="word_629">o</word>
   <word id="word_630">Rato</word>
   <word id="word_631">,</word>
   <word id="word_632">um</word>
   <word id="word_633">encontro</word>
   <word id="word_634">de_</word>
   <word id="word_635">o</word>
   <word id="word_636">líder</word>
   <word id="word_637">socialista</word>
   <word id="word_638">,</word>
   <word id="word_639">Víctor</word>
   <word id="word_640">Constâncio</word>
   <word id="word_641">,</word>
   <word id="word_642">com</word>
   <word id="word_643">os</word>
   <word id="word_644">secretários</word>
   <word id="word_645">coordenadores</word>
   <word id="word_646">de_</word>
   <word id="word_647">as</word>
   <word id="word_648">federações</word>
   <word id="word_649">distritais</word>
   <word id="word_650">de_</word>
   <word id="word_651">o</word>
   <word id="word_652">PS</word>
   <word id="word_653">.</word>
   <word id="word_654">Segundo</word>
   <word id="word_655">o</word>
   <word id="word_656">DN</word>
   <word id="word_657">apurou</word>
   <word id="word_658">,</word>
   <word id="word_659">o</word>
   <word id="word_660">encontro</word>
   <word id="word_661">visava</word>
   <word id="word_662">dar</word>
   <word id="word_663">instruções</word>
   <word id="word_664">a_</word>
   <word id="word_665">as</word>
   <word id="word_666">distritais</word>
   <word id="word_667">socialistas</word>
   <word id="word_668">sobre</word>
   <word id="word_669">o</word>
   <word id="word_670">modo</word>
   <word id="word_671">de</word>
   <word id="word_672">preparar</word>
   <word id="word_673">as</word>
   <word id="word_674">bases</word>
   <word id="word_675">para</word>
   <word id="word_676">a</word>
   <word id="word_677">eventualidade</word>
   <word id="word_678">de</word>
   <word id="word_679">Mário</word>
   <word id="word_680">Soares</word>
   <word id="word_681">decidir</word>
   <word id="word_682">convocar</word>
   <word id="word_683">eleições</word>
   <word id="word_684">antecipadas</word>
   <word id="word_685">,</word>
   <word id="word_686">evitando</word>
   <word id="word_687">,</word>
   <word id="word_688">assim</word>
   <word id="word_689">,</word>
   <word id="word_690">o</word>
   <word id="word_691">surgimento</word>
   <word id="word_692">de</word>
   <word id="word_693">movimentos</word>
   <word id="word_694">em_</word>
   <word id="word_695">o</word>
   <word id="word_696">interior</word>
   <word id="word_697">de_</word>
   <word id="word_698">o</word>
   <word id="word_699">partido</word>
   <word id="word_700">constestando</word>
   <word id="word_701">o</word>
   <word id="word_702">antigo</word>
   <word id="word_703">secretário-geral</word>
   <word id="word_704">.</word>
</words>
