<?xml version="1.0" encoding="UTF-8"?>
<!DOCTYPE words SYSTEM "words.dtd">
<words>
   <word id="word_1">A</word>
   <word id="word_2">terciarização</word>
   <word id="word_3">de_</word>
   <word id="word_4">a</word>
   <word id="word_5">economia</word>
   <word id="word_6">anda</word>
   <word id="word_7">em_</word>
   <word id="word_8">as</word>
   <word id="word_9">bocas</word>
   <word id="word_10">de_</word>
   <word id="word_11">o</word>
   <word id="word_12">mundo</word>
   <word id="word_13">.</word>
   <word id="word_14">A</word>
   <word id="word_15">medir</word>
   <word id="word_16">por_</word>
   <word id="word_17">o</word>
   <word id="word_18">entusiasmo</word>
   <word id="word_19">com</word>
   <word id="word_20">que</word>
   <word id="word_21">muitos</word>
   <word id="word_22">pronunciam</word>
   <word id="word_23">em_</word>
   <word id="word_24">este</word>
   <word id="word_25">fenómeno</word>
   <word id="word_26">o</word>
   <word id="word_27">regresso</word>
   <word id="word_28">de</word>
   <word id="word_29">D.</word>
   <word id="word_30">Sebastião</word>
   <word id="word_31">e</word>
   <word id="word_32">a</word>
   <word id="word_33">arrancada</word>
   <word id="word_34">definitiva</word>
   <word id="word_35">para</word>
   <word id="word_36">o</word>
   <word id="word_37">desenvolvimento</word>
   <word id="word_38">,</word>
   <word id="word_39">seriamos</word>
   <word id="word_40">levados</word>
   <word id="word_41">a</word>
   <word id="word_42">crer</word>
   <word id="word_43">que</word>
   <word id="word_44">qualquer</word>
   <word id="word_45">sinal</word>
   <word id="word_46">de</word>
   <word id="word_47">perda</word>
   <word id="word_48">de</word>
   <word id="word_49">velocidade</word>
   <word id="word_50">em_</word>
   <word id="word_51">a</word>
   <word id="word_52">actividade</word>
   <word id="word_53">industrial</word>
   <word id="word_54">ou</word>
   <word id="word_55">de</word>
   <word id="word_56">redução</word>
   <word id="word_57">de</word>
   <word id="word_58">importância</word>
   <word id="word_59">de_</word>
   <word id="word_60">o</word>
   <word id="word_61">sector</word>
   <word id="word_62">primário</word>
   <word id="word_63">em_</word>
   <word id="word_64">a</word>
   <word id="word_65">composição</word>
   <word id="word_66">de_</word>
   <word id="word_67">o</word>
   <word id="word_68">Produto</word>
   <word id="word_69">Interno</word>
   <word id="word_70">Bruto</word>
   <word id="word_71">seriam</word>
   <word id="word_72">sintomas</word>
   <word id="word_73">de</word>
   <word id="word_74">progresso</word>
   <word id="word_75">.</word>
   <word id="word_76">Abusa</word>
   <word id="word_77">-se</word>
   <word id="word_78">de_</word>
   <word id="word_79">o</word>
   <word id="word_80">exemplo</word>
   <word id="word_81">americano</word>
   <word id="word_82">.</word>
   <word id="word_83">Diz</word>
   <word id="word_84">-se</word>
   <word id="word_85">:</word>
   <word id="word_86">"</word>
   <word id="word_87">Enquanto</word>
   <word id="word_88">a</word>
   <word id="word_89">Europa</word>
   <word id="word_90">perde</word>
   <word id="word_91">empregos</word>
   <word id="word_92">,</word>
   <word id="word_93">os</word>
   <word id="word_94">EUA</word>
   <word id="word_95">criam</word>
   <word id="word_96">-nos</word>
   <word id="word_97">!</word>
   <word id="word_98">Onde</word>
   <word id="word_99">?</word>
   <word id="word_100">Em_</word>
   <word id="word_101">o</word>
   <word id="word_102">sector</word>
   <word id="word_103">terciário</word>
   <word id="word_104">,</word>
   <word id="word_105">compensando</word>
   <word id="word_106">de_</word>
   <word id="word_107">essa</word>
   <word id="word_108">forma</word>
   <word id="word_109">o</word>
   <word id="word_110">desemprego</word>
   <word id="word_111">gerado</word>
   <word id="word_112">em_</word>
   <word id="word_113">as</word>
   <word id="word_114">indústrias</word>
   <word id="word_115">.</word>
   <word id="word_116">Para</word>
   <word id="word_117">que</word>
   <word id="word_118">servem</word>
   <word id="word_119">os</word>
   <word id="word_120">exemplos</word>
   <word id="word_121">?</word>
   <word id="word_122">"</word>
   <word id="word_123">Só</word>
   <word id="word_124">que</word>
   <word id="word_125">qualquer</word>
   <word id="word_126">comparação</word>
   <word id="word_127">entre</word>
   <word id="word_128">os</word>
   <word id="word_129">EUA</word>
   <word id="word_130">e</word>
   <word id="word_131">Portugal</word>
   <word id="word_132">,</word>
   <word id="word_133">em_</word>
   <word id="word_134">este</word>
   <word id="word_135">campo</word>
   <word id="word_136">,</word>
   <word id="word_137">é</word>
   <word id="word_138">,</word>
   <word id="word_139">por_</word>
   <word id="word_140">o</word>
   <word id="word_141">menos</word>
   <word id="word_142">delirante</word>
   <word id="word_143">.</word>
   <word id="word_144">Os</word>
   <word id="word_145">EUA</word>
   <word id="word_146">bem</word>
   <word id="word_147">podem</word>
   <word id="word_148">ter</word>
   <word id="word_149">em_</word>
   <word id="word_150">o</word>
   <word id="word_151">sector</word>
   <word id="word_152">de_</word>
   <word id="word_153">os</word>
   <word id="word_154">serviços</word>
   <word id="word_155">a</word>
   <word id="word_156">sua</word>
   <word id="word_157">actual</word>
   <word id="word_158">"</word>
   <word id="word_159">bolsa</word>
   <word id="word_160">de</word>
   <word id="word_161">emprego</word>
   <word id="word_162">"</word>
   <word id="word_163">não</word>
   <word id="word_164">deixaram</word>
   <word id="word_165">,</word>
   <word id="word_166">por</word>
   <word id="word_167">isso</word>
   <word id="word_168">,</word>
   <word id="word_169">de</word>
   <word id="word_170">ter</word>
   <word id="word_171">entrado</word>
   <word id="word_172">em</word>
   <word id="word_173">estado</word>
   <word id="word_174">de</word>
   <word id="word_175">alarme</word>
   <word id="word_176">por_</word>
   <word id="word_177">a</word>
   <word id="word_178">fraca</word>
   <word id="word_179">performance</word>
   <word id="word_180">competitivo</word>
   <word id="word_181">de_</word>
   <word id="word_182">a</word>
   <word id="word_183">sua</word>
   <word id="word_184">indústria</word>
   <word id="word_185">em</word>
   <word id="word_186">face</word>
   <word id="word_187">a</word>
   <word id="word_188">países</word>
   <word id="word_189">como</word>
   <word id="word_190">o</word>
   <word id="word_191">Japão</word>
   <word id="word_192">e</word>
   <word id="word_193">a</word>
   <word id="word_194">RFA</word>
   <word id="word_195">.</word>
   <word id="word_196">Para</word>
   <word id="word_197">além</word>
   <word id="word_198">de_</word>
   <word id="word_199">isso</word>
   <word id="word_200">falta</word>
   <word id="word_201">acrescentar</word>
   <word id="word_202">um</word>
   <word id="word_203">"</word>
   <word id="word_204">pequeno</word>
   <word id="word_205">"</word>
   <word id="word_206">detalhe</word>
   <word id="word_207">que</word>
   <word id="word_208">fará</word>
   <word id="word_209">,</word>
   <word id="word_210">por</word>
   <word id="word_211">si</word>
   <word id="word_212">só</word>
   <word id="word_213">,</word>
   <word id="word_214">a</word>
   <word id="word_215">distância</word>
   <word id="word_216">a</word>
   <word id="word_217">que</word>
   <word id="word_218">estamos</word>
   <word id="word_219">de_</word>
   <word id="word_220">essa</word>
   <word id="word_221">América</word>
   <word id="word_222">mítica</word>
   <word id="word_223">:</word>
   <word id="word_224">os</word>
   <word id="word_225">EUA</word>
   <word id="word_226">têm</word>
   <word id="word_227">apenas</word>
   <word id="word_228">3</word>
   <word id="word_229">,</word>
   <word id="word_230">3</word>
   <word id="word_231">por</word>
   <word id="word_232">cento</word>
   <word id="word_233">de_</word>
   <word id="word_234">a</word>
   <word id="word_235">sua</word>
   <word id="word_236">população</word>
   <word id="word_237">activa</word>
   <word id="word_238">empregue</word>
   <word id="word_239">em_</word>
   <word id="word_240">o</word>
   <word id="word_241">sector</word>
   <word id="word_242">primário</word>
   <word id="word_243">,</word>
   <word id="word_244">mas</word>
   <word id="word_245">alimentam</word>
   <word id="word_246">mais</word>
   <word id="word_247">250</word>
   <word id="word_248">milhões</word>
   <word id="word_249">de</word>
   <word id="word_250">habitantes</word>
   <word id="word_251">bem</word>
   <word id="word_252">nutridos</word>
   <word id="word_253">,</word>
   <word id="word_254">sendo</word>
   <word id="word_255">a_</word>
   <word id="word_256">o</word>
   <word id="word_257">mesmo</word>
   <word id="word_258">tempo</word>
   <word id="word_259">o</word>
   <word id="word_260">maior</word>
   <word id="word_261">exportador</word>
   <word id="word_262">mundial</word>
   <word id="word_263">de</word>
   <word id="word_264">alimentos</word>
   <word id="word_265">.</word>
   <word id="word_266">Portugal</word>
   <word id="word_267">,</word>
   <word id="word_268">por_</word>
   <word id="word_269">o</word>
   <word id="word_270">contrário</word>
   <word id="word_271">,</word>
   <word id="word_272">apesar</word>
   <word id="word_273">de</word>
   <word id="word_274">empregar</word>
   <word id="word_275">em_</word>
   <word id="word_276">esse</word>
   <word id="word_277">sector</word>
   <word id="word_278">23</word>
   <word id="word_279">por</word>
   <word id="word_280">cento</word>
   <word id="word_281">de_</word>
   <word id="word_282">a</word>
   <word id="word_283">sua</word>
   <word id="word_284">população</word>
   <word id="word_285">,</word>
   <word id="word_286">importa</word>
   <word id="word_287">metade</word>
   <word id="word_288">de_</word>
   <word id="word_289">os</word>
   <word id="word_290">produtos</word>
   <word id="word_291">alimentares</word>
   <word id="word_292">que</word>
   <word id="word_293">consome</word>
   <word id="word_294">.</word>
   <word id="word_295">Tal</word>
   <word id="word_296">importação</word>
   <word id="word_297">faz</word>
   <word id="word_298">mais</word>
   <word id="word_299">de</word>
   <word id="word_300">15</word>
   <word id="word_301">por</word>
   <word id="word_302">cento</word>
   <word id="word_303">de_</word>
   <word id="word_304">o</word>
   <word id="word_305">seu</word>
   <word id="word_306">défice</word>
   <word id="word_307">comercial</word>
   <word id="word_308">.</word>
   <word id="word_309">Os</word>
   <word id="word_310">desníveis</word>
   <word id="word_311">de</word>
   <word id="word_312">produtividade</word>
   <word id="word_313">entre</word>
   <word id="word_314">a</word>
   <word id="word_315">nossa</word>
   <word id="word_316">agricultura</word>
   <word id="word_317">e</word>
   <word id="word_318">a</word>
   <word id="word_319">americana</word>
   <word id="word_320">falam</word>
   <word id="word_321">por</word>
   <word id="word_322">sí</word>
   <word id="word_323">.</word>
   <word id="word_324">Mira</word>
   <word id="word_325">Amaral</word>
   <word id="word_326">,</word>
   <word id="word_327">em_</word>
   <word id="word_328">um</word>
   <word id="word_329">recente</word>
   <word id="word_330">seminário</word>
   <word id="word_331">dedicado</word>
   <word id="word_332">justamente</word>
   <word id="word_333">a_</word>
   <word id="word_334">os</word>
   <word id="word_335">problemas</word>
   <word id="word_336">de_</word>
   <word id="word_337">a</word>
   <word id="word_338">teciarização</word>
   <word id="word_339">de_</word>
   <word id="word_340">a</word>
   <word id="word_341">economia</word>
   <word id="word_342">,</word>
   <word id="word_343">pôs</word>
   <word id="word_344">o</word>
   <word id="word_345">dedo</word>
   <word id="word_346">em_</word>
   <word id="word_347">a</word>
   <word id="word_348">ferida</word>
   <word id="word_349">:</word>
   <word id="word_350">"</word>
   <word id="word_351">A</word>
   <word id="word_352">inovação</word>
   <word id="word_353">não</word>
   <word id="word_354">se</word>
   <word id="word_355">faz</word>
   <word id="word_356">só</word>
   <word id="word_357">em_</word>
   <word id="word_358">o</word>
   <word id="word_359">higt-tec</word>
   <word id="word_360">;</word>
   <word id="word_361">faz</word>
   <word id="word_362">-se</word>
   <word id="word_363">também</word>
   <word id="word_364">em_</word>
   <word id="word_365">os</word>
   <word id="word_366">sectores</word>
   <word id="word_367">tradicionais</word>
   <word id="word_368">.</word>
   <word id="word_369">"</word>
   <word id="word_370">O</word>
   <word id="word_371">grave</word>
   <word id="word_372">défice</word>
   <word id="word_373">alimentar</word>
   <word id="word_374">de_</word>
   <word id="word_375">a</word>
   <word id="word_376">economia</word>
   <word id="word_377">portuguesa</word>
   <word id="word_378">permite</word>
   <word id="word_379">afirmar</word>
   <word id="word_380">mais</word>
   <word id="word_381">:</word>
   <word id="word_382">qualquer</word>
   <word id="word_383">miragem</word>
   <word id="word_384">de</word>
   <word id="word_385">desenvolvimento</word>
   <word id="word_386">com</word>
   <word id="word_387">concentração</word>
   <word id="word_388">em_</word>
   <word id="word_389">as</word>
   <word id="word_390">chamadas</word>
   <word id="word_391">actividades</word>
   <word id="word_392">de</word>
   <word id="word_393">ponta</word>
   <word id="word_394">,</word>
   <word id="word_395">sem</word>
   <word id="word_396">o</word>
   <word id="word_397">complemento</word>
   <word id="word_398">proporcional</word>
   <word id="word_399">de_</word>
   <word id="word_400">a</word>
   <word id="word_401">produtividade</word>
   <word id="word_402">em_</word>
   <word id="word_403">o</word>
   <word id="word_404">sector</word>
   <word id="word_405">primário</word>
   <word id="word_406">,</word>
   <word id="word_407">mormente</word>
   <word id="word_408">em_</word>
   <word id="word_409">o</word>
   <word id="word_410">de_</word>
   <word id="word_411">a</word>
   <word id="word_412">actividade</word>
   <word id="word_413">agro-alimentar</word>
   <word id="word_414">,</word>
   <word id="word_415">está</word>
   <word id="word_416">condenado</word>
   <word id="word_417">a_</word>
   <word id="word_418">o</word>
   <word id="word_419">malogro</word>
   <word id="word_420">.</word>
   <word id="word_421">As</word>
   <word id="word_422">carências</word>
   <word id="word_423">por</word>
   <word id="word_424">resolver</word>
   <word id="word_425">acabarão</word>
   <word id="word_426">sempre</word>
   <word id="word_427">por</word>
   <word id="word_428">pedir</word>
   <word id="word_429">mais</word>
   <word id="word_430">e</word>
   <word id="word_431">mais</word>
   <word id="word_432">recursos</word>
   <word id="word_433">gerados</word>
   <word id="word_434">em_</word>
   <word id="word_435">outros</word>
   <word id="word_436">sectores</word>
   <word id="word_437">para</word>
   <word id="word_438">compensação</word>
   <word id="word_439">de_</word>
   <word id="word_440">os</word>
   <word id="word_441">equilíbrios</word>
   <word id="word_442">mínimos</word>
   <word id="word_443">de_</word>
   <word id="word_444">a</word>
   <word id="word_445">economia</word>
   <word id="word_446">,</word>
   <word id="word_447">comprometendo</word>
   <word id="word_448">a</word>
   <word id="word_449">própria</word>
   <word id="word_450">possibilidade</word>
   <word id="word_451">de</word>
   <word id="word_452">expansão</word>
   <word id="word_453">futura</word>
   <word id="word_454">de_</word>
   <word id="word_455">a</word>
   <word id="word_456">indústria</word>
   <word id="word_457">e</word>
   <word id="word_458">de_</word>
   <word id="word_459">os</word>
   <word id="word_460">serviços</word>
   <word id="word_461">.</word>
   <word id="word_462">Tal</word>
   <word id="word_463">como</word>
   <word id="word_464">em_</word>
   <word id="word_465">a</word>
   <word id="word_466">história</word>
   <word id="word_467">de_</word>
   <word id="word_468">os</word>
   <word id="word_469">países</word>
   <word id="word_470">desenvolvidos</word>
   <word id="word_471">todas</word>
   <word id="word_472">as</word>
   <word id="word_473">ruidosas</word>
   <word id="word_474">revoluções</word>
   <word id="word_475">industirais</word>
   <word id="word_476">foram</word>
   <word id="word_477">acompanhadas</word>
   <word id="word_478">sempre</word>
   <word id="word_479">por</word>
   <word id="word_480">silenciosos</word>
   <word id="word_481">movimentos</word>
   <word id="word_482">de</word>
   <word id="word_483">imparável</word>
   <word id="word_484">expansão</word>
   <word id="word_485">,</word>
   <word id="word_486">em</word>
   <word id="word_487">termos</word>
   <word id="word_488">de</word>
   <word id="word_489">produtividade</word>
   <word id="word_490">,</word>
   <word id="word_491">de_</word>
   <word id="word_492">os</word>
   <word id="word_493">sectores</word>
   <word id="word_494">entrados</word>
   <word id="word_495">em</word>
   <word id="word_496">"</word>
   <word id="word_497">decadência</word>
   <word id="word_498">"</word>
   <word id="word_499">,</word>
   <word id="word_500">também</word>
   <word id="word_501">a</word>
   <word id="word_502">desejável</word>
   <word id="word_503">terciarização</word>
   <word id="word_504">de_</word>
   <word id="word_505">a</word>
   <word id="word_506">economia</word>
   <word id="word_507">portuguesa</word>
   <word id="word_508">só</word>
   <word id="word_509">deixará</word>
   <word id="word_510">de</word>
   <word id="word_511">ser</word>
   <word id="word_512">um</word>
   <word id="word_513">fantasma</word>
   <word id="word_514">,</word>
   <word id="word_515">para</word>
   <word id="word_516">passar</word>
   <word id="word_517">a</word>
   <word id="word_518">ser</word>
   <word id="word_519">uma</word>
   <word id="word_520">realidade</word>
   <word id="word_521">,</word>
   <word id="word_522">quando</word>
   <word id="word_523">o</word>
   <word id="word_524">País</word>
   <word id="word_525">resolver</word>
   <word id="word_526">o</word>
   <word id="word_527">que</word>
   <word id="word_528">para</word>
   <word id="word_529">traz</word>
   <word id="word_530">ficou</word>
   <word id="word_531">por</word>
   <word id="word_532">se</word>
   <word id="word_533">cumprir</word>
   <word id="word_534">:</word>
   <word id="word_535">um</word>
   <word id="word_536">campo</word>
   <word id="word_537">agrícola</word>
   <word id="word_538">capaz</word>
   <word id="word_539">,</word>
   <word id="word_540">se</word>
   <word id="word_541">não</word>
   <word id="word_542">de</word>
   <word id="word_543">trazer</word>
   <word id="word_544">a</word>
   <word id="word_545">auto-suficiência</word>
   <word id="word_546">alimentar</word>
   <word id="word_547">,</word>
   <word id="word_548">por_</word>
   <word id="word_549">o</word>
   <word id="word_550">menos</word>
   <word id="word_551">de_</word>
   <word id="word_552">a</word>
   <word id="word_553">vitalidade</word>
   <word id="word_554">suficiente</word>
   <word id="word_555">para</word>
   <word id="word_556">,</word>
   <word id="word_557">por</word>
   <word id="word_558">meio</word>
   <word id="word_559">de_</word>
   <word id="word_560">a</word>
   <word id="word_561">compensação</word>
   <word id="word_562">de_</word>
   <word id="word_563">os</word>
   <word id="word_564">seus</word>
   <word id="word_565">défices</word>
   <word id="word_566">e</word>
   <word id="word_567">seus</word>
   <word id="word_568">excedentes</word>
   <word id="word_569">competitivos</word>
   <word id="word_570">em_</word>
   <word id="word_571">os</word>
   <word id="word_572">mercados</word>
   <word id="word_573">externos</word>
   <word id="word_574">,</word>
   <word id="word_575">libertar</word>
   <word id="word_576">os</word>
   <word id="word_577">meios</word>
   <word id="word_578">necessários</word>
   <word id="word_579">a_</word>
   <word id="word_580">a</word>
   <word id="word_581">expansão</word>
   <word id="word_582">de_</word>
   <word id="word_583">a</word>
   <word id="word_584">economia</word>
   <word id="word_585">como</word>
   <word id="word_586">um</word>
   <word id="word_587">todo</word>
   <word id="word_588">.</word>
   <word id="word_589">Chama</word>
   <word id="word_590">-se</word>
   <word id="word_591">a</word>
   <word id="word_592">isso</word>
   <word id="word_593">resolver</word>
   <word id="word_594">o</word>
   <word id="word_595">passado</word>
   <word id="word_596">para</word>
   <word id="word_597">pôr</word>
   <word id="word_598">a</word>
   <word id="word_599">funcionar</word>
   <word id="word_600">o</word>
   <word id="word_601">futuro</word>
   <word id="word_602">.</word>
</words>
