<?xml version="1.0" encoding="UTF-8"?>
<!DOCTYPE words SYSTEM "words.dtd">
<words>
   <word id="word_1">UM</word>
   <word id="word_2">GRUPO</word>
   <word id="word_3">de</word>
   <word id="word_4">cientistas</word>
   <word id="word_5">de_</word>
   <word id="word_6">a</word>
   <word id="word_7">Universidade</word>
   <word id="word_8">de</word>
   <word id="word_9">Oxford</word>
   <word id="word_10">(</word>
   <word id="word_11">Inglaterra</word>
   <word id="word_12">)</word>
   <word id="word_13">desenvolveu</word>
   <word id="word_14">um</word>
   <word id="word_15">novo</word>
   <word id="word_16">medicamento</word>
   <word id="word_17">que</word>
   <word id="word_18">tem</word>
   <word id="word_19">todas</word>
   <word id="word_20">as</word>
   <word id="word_21">probabilidades</word>
   <word id="word_22">de</word>
   <word id="word_23">ser</word>
   <word id="word_24">eficaz</word>
   <word id="word_25">em_</word>
   <word id="word_26">a</word>
   <word id="word_27">luta</word>
   <word id="word_28">contra</word>
   <word id="word_29">a</word>
   <word id="word_30">Sida</word>
   <word id="word_31">.</word>
   <word id="word_32">A</word>
   <word id="word_33">informação</word>
   <word id="word_34">foi</word>
   <word id="word_35">prestada</word>
   <word id="word_36">,</word>
   <word id="word_37">em</word>
   <word id="word_38">Londres</word>
   <word id="word_39">,</word>
   <word id="word_40">por</word>
   <word id="word_41">uma</word>
   <word id="word_42">equipa</word>
   <word id="word_43">de_</word>
   <word id="word_44">o</word>
   <word id="word_45">departamento</word>
   <word id="word_46">de</word>
   <word id="word_47">Bioquímica</word>
   <word id="word_48">de_</word>
   <word id="word_49">a</word>
   <word id="word_50">Universidade</word>
   <word id="word_51">,</word>
   <word id="word_52">chefiada</word>
   <word id="word_53">por</word>
   <word id="word_54">Alan</word>
   <word id="word_55">Kingsman</word>
   <word id="word_56">e</word>
   <word id="word_57">a</word>
   <word id="word_58">mulher</word>
   <word id="word_59">,</word>
   <word id="word_60">que</word>
   <word id="word_61">desenvolveu</word>
   <word id="word_62">um</word>
   <word id="word_63">vírus</word>
   <word id="word_64">que</word>
   <word id="word_65">possui</word>
   <word id="word_66">todas</word>
   <word id="word_67">as</word>
   <word id="word_68">características</word>
   <word id="word_69">de_</word>
   <word id="word_70">aquele</word>
   <word id="word_71">que</word>
   <word id="word_72">provoca</word>
   <word id="word_73">a</word>
   <word id="word_74">síndroma</word>
   <word id="word_75">de</word>
   <word id="word_76">imunodeficiência</word>
   <word id="word_77">adquirida</word>
   <word id="word_78">,</word>
   <word id="word_79">mas</word>
   <word id="word_80">não</word>
   <word id="word_81">é</word>
   <word id="word_82">infeccioso</word>
   <word id="word_83">.</word>
   <word id="word_84">O</word>
   <word id="word_85">referido</word>
   <word id="word_86">vírus</word>
   <word id="word_87">poderia</word>
   <word id="word_88">ser</word>
   <word id="word_89">injectado</word>
   <word id="word_90">em_</word>
   <word id="word_91">o</word>
   <word id="word_92">corpo</word>
   <word id="word_93">humano</word>
   <word id="word_94">como</word>
   <word id="word_95">vacina</word>
   <word id="word_96">,</word>
   <word id="word_97">o</word>
   <word id="word_98">que</word>
   <word id="word_99">obrigaria</word>
   <word id="word_100">o</word>
   <word id="word_101">organismo</word>
   <word id="word_102">a</word>
   <word id="word_103">produzir</word>
   <word id="word_104">anticorpos</word>
   <word id="word_105">.</word>
   <word id="word_106">"</word>
   <word id="word_107">Não</word>
   <word id="word_108">tem</word>
   <word id="word_109">nenhum</word>
   <word id="word_110">de_</word>
   <word id="word_111">os</word>
   <word id="word_112">componentes</word>
   <word id="word_113">perigosos</word>
   <word id="word_114">de_</word>
   <word id="word_115">o</word>
   <word id="word_116">vírus</word>
   <word id="word_117">de_</word>
   <word id="word_118">a</word>
   <word id="word_119">Sida</word>
   <word id="word_120">e</word>
   <word id="word_121">nem</word>
   <word id="word_122">tão-pouco</word>
   <word id="word_123">se</word>
   <word id="word_124">reproduz</word>
   <word id="word_125">,</word>
   <word id="word_126">mas</word>
   <word id="word_127">possui</word>
   <word id="word_128">todas</word>
   <word id="word_129">as</word>
   <word id="word_130">propriedades</word>
   <word id="word_131">de</word>
   <word id="word_132">um</word>
   <word id="word_133">estimulador</word>
   <word id="word_134">perfeito</word>
   <word id="word_135">de_</word>
   <word id="word_136">o</word>
   <word id="word_137">sistema</word>
   <word id="word_138">imunitário</word>
   <word id="word_139">"</word>
   <word id="word_140">disseram</word>
   <word id="word_141">os</word>
   <word id="word_142">responsáveis</word>
   <word id="word_143">.</word>
   <word id="word_144">Os</word>
   <word id="word_145">investigadores</word>
   <word id="word_146">puseram</word>
   <word id="word_147">-se</word>
   <word id="word_148">em</word>
   <word id="word_149">contacto</word>
   <word id="word_150">com</word>
   <word id="word_151">uma</word>
   <word id="word_152">companhia</word>
   <word id="word_153">,</word>
   <word id="word_154">a</word>
   <word id="word_155">British</word>
   <word id="word_156">Bio</word>
   <word id="word_157">Techonlogy</word>
   <word id="word_158">que</word>
   <word id="word_159">vai</word>
   <word id="word_160">financiar</word>
   <word id="word_161">o</word>
   <word id="word_162">projecto</word>
   <word id="word_163">.</word>
   <word id="word_164">Por</word>
   <word id="word_165">outro</word>
   <word id="word_166">lado</word>
   <word id="word_167">,</word>
   <word id="word_168">sete</word>
   <word id="word_169">especialista</word>
   <word id="word_170">de_</word>
   <word id="word_171">a</word>
   <word id="word_172">Organização</word>
   <word id="word_173">Mundial</word>
   <word id="word_174">de</word>
   <word id="word_175">Saúde</word>
   <word id="word_176">(</word>
   <word id="word_177">OMS</word>
   <word id="word_178">)</word>
   <word id="word_179">estudaram</word>
   <word id="word_180">,</word>
   <word id="word_181">em</word>
   <word id="word_182">Copenhaga</word>
   <word id="word_183">,</word>
   <word id="word_184">o</word>
   <word id="word_185">problema</word>
   <word id="word_186">de_</word>
   <word id="word_187">a</word>
   <word id="word_188">Sida</word>
   <word id="word_189">infantil</word>
   <word id="word_190">,</word>
   <word id="word_191">formas</word>
   <word id="word_192">de</word>
   <word id="word_193">transmissão</word>
   <word id="word_194">,</word>
   <word id="word_195">diagnóstico</word>
   <word id="word_196">pré-natal</word>
   <word id="word_197">e</word>
   <word id="word_198">tratamento</word>
   <word id="word_199">.</word>
   <word id="word_200">O</word>
   <word id="word_201">representante</word>
   <word id="word_202">espanhol</word>
   <word id="word_203">de_</word>
   <word id="word_204">a</word>
   <word id="word_205">OMS</word>
   <word id="word_206">para</word>
   <word id="word_207">o</word>
   <word id="word_208">programa</word>
   <word id="word_209">especial</word>
   <word id="word_210">de</word>
   <word id="word_211">estudo</word>
   <word id="word_212">de_</word>
   <word id="word_213">a</word>
   <word id="word_214">Sida</word>
   <word id="word_215">infantil</word>
   <word id="word_216">,</word>
   <word id="word_217">em</word>
   <word id="word_218">Valência</word>
   <word id="word_219">,</word>
   <word id="word_220">Cipriano</word>
   <word id="word_221">Canosa</word>
   <word id="word_222">,</word>
   <word id="word_223">afirmou</word>
   <word id="word_224">que</word>
   <word id="word_225">em_</word>
   <word id="word_226">as</word>
   <word id="word_227">reuniões</word>
   <word id="word_228">foi</word>
   <word id="word_229">avaliada</word>
   <word id="word_230">a</word>
   <word id="word_231">dimensão</word>
   <word id="word_232">de_</word>
   <word id="word_233">o</word>
   <word id="word_234">problema</word>
   <word id="word_235">de_</word>
   <word id="word_236">o</word>
   <word id="word_237">vírus</word>
   <word id="word_238">VIH</word>
   <word id="word_239">e</word>
   <word id="word_240">propostas</word>
   <word id="word_241">recomendações</word>
   <word id="word_242">que</word>
   <word id="word_243">serão</word>
   <word id="word_244">reveladas</word>
   <word id="word_245">em</word>
   <word id="word_246">breve</word>
   <word id="word_247">por_</word>
   <word id="word_248">a</word>
   <word id="word_249">referida</word>
   <word id="word_250">organização</word>
   <word id="word_251">.</word>
   <word id="word_252">Informações</word>
   <word id="word_253">prestadas</word>
   <word id="word_254">em_</word>
   <word id="word_255">os</word>
   <word id="word_256">encontros</word>
   <word id="word_257">admitem</word>
   <word id="word_258">que</word>
   <word id="word_259">entre</word>
   <word id="word_260">30</word>
   <word id="word_261">e</word>
   <word id="word_262">50</word>
   <word id="word_263">por</word>
   <word id="word_264">cento</word>
   <word id="word_265">de_</word>
   <word id="word_266">as</word>
   <word id="word_267">crianças</word>
   <word id="word_268">cujas</word>
   <word id="word_269">mães</word>
   <word id="word_270">são</word>
   <word id="word_271">portadoras</word>
   <word id="word_272">de_</word>
   <word id="word_273">o</word>
   <word id="word_274">vírus</word>
   <word id="word_275">possam</word>
   <word id="word_276">,</word>
   <word id="word_277">posteriormente</word>
   <word id="word_278">,</word>
   <word id="word_279">desenvolver</word>
   <word id="word_280">a</word>
   <word id="word_281">doença</word>
   <word id="word_282">.</word>
   <word id="word_283">"</word>
   <word id="word_284">Dado</word>
   <word id="word_285">o</word>
   <word id="word_286">sensacionalismo</word>
   <word id="word_287">que</word>
   <word id="word_288">frequentemente</word>
   <word id="word_289">acompanha</word>
   <word id="word_290">a</word>
   <word id="word_291">existência</word>
   <word id="word_292">de_</word>
   <word id="word_293">a</word>
   <word id="word_294">Sida</word>
   <word id="word_295">e</word>
   <word id="word_296">as</word>
   <word id="word_297">reacções</word>
   <word id="word_298">negativas</word>
   <word id="word_299">por</word>
   <word id="word_300">parte</word>
   <word id="word_301">de_</word>
   <word id="word_302">o</word>
   <word id="word_303">público</word>
   <word id="word_304">mal</word>
   <word id="word_305">informado</word>
   <word id="word_306">,</word>
   <word id="word_307">o</word>
   <word id="word_308">pacientes</word>
   <word id="word_309">e</word>
   <word id="word_310">pessoas</word>
   <word id="word_311">infectadas</word>
   <word id="word_312">devem</word>
   <word id="word_313">permanecer</word>
   <word id="word_314">em_</word>
   <word id="word_315">o</word>
   <word id="word_316">anonimato</word>
   <word id="word_317">"</word>
   <word id="word_318">defenderam</word>
   <word id="word_319">os</word>
   <word id="word_320">especialistas</word>
   <word id="word_321">presentes</word>
   <word id="word_322">.</word>
   <word id="word_323">Os</word>
   <word id="word_324">investigadores</word>
   <word id="word_325">afirmaram</word>
   <word id="word_326">que</word>
   <word id="word_327">em_</word>
   <word id="word_328">um</word>
   <word id="word_329">período</word>
   <word id="word_330">de</word>
   <word id="word_331">cinco</word>
   <word id="word_332">anos</word>
   <word id="word_333">deverão</word>
   <word id="word_334">existir</word>
   <word id="word_335">cerca</word>
   <word id="word_336">de</word>
   <word id="word_337">cem</word>
   <word id="word_338">milhões</word>
   <word id="word_339">de</word>
   <word id="word_340">pessoas</word>
   <word id="word_341">infectadas</word>
   <word id="word_342">por_</word>
   <word id="word_343">o</word>
   <word id="word_344">vírus</word>
   <word id="word_345">,</word>
   <word id="word_346">sendo</word>
   <word id="word_347">que</word>
   <word id="word_348">uma</word>
   <word id="word_349">parte</word>
   <word id="word_350">significativa</word>
   <word id="word_351">será</word>
   <word id="word_352">de</word>
   <word id="word_353">mulheres</word>
   <word id="word_354">cujos</word>
   <word id="word_355">filhos</word>
   <word id="word_356">podem</word>
   <word id="word_357">ter</word>
   <word id="word_358">sido</word>
   <word id="word_359">infectados</word>
   <word id="word_360">.</word>
   <word id="word_361">Fidel</word>
   <word id="word_362">Castro</word>
   <word id="word_363">garantiu</word>
   <word id="word_364">que</word>
   <word id="word_365">Cuba</word>
   <word id="word_366">está</word>
   <word id="word_367">bem</word>
   <word id="word_368">preparada</word>
   <word id="word_369">para</word>
   <word id="word_370">a</word>
   <word id="word_371">luta</word>
   <word id="word_372">contra</word>
   <word id="word_373">a</word>
   <word id="word_374">Sida</word>
   <word id="word_375">e</word>
   <word id="word_376">que</word>
   <word id="word_377">existem</word>
   <word id="word_378">108</word>
   <word id="word_379">casos</word>
   <word id="word_380">oficialmente</word>
   <word id="word_381">conhecidos</word>
   <word id="word_382">.</word>
   <word id="word_383">Castro</word>
   <word id="word_384">disse</word>
   <word id="word_385">que</word>
   <word id="word_386">as</word>
   <word id="word_387">autoridades</word>
   <word id="word_388">"</word>
   <word id="word_389">já</word>
   <word id="word_390">têm</word>
   <word id="word_391">informação</word>
   <word id="word_392">suficiente</word>
   <word id="word_393">sobre</word>
   <word id="word_394">a</word>
   <word id="word_395">doença</word>
   <word id="word_396">em_</word>
   <word id="word_397">o</word>
   <word id="word_398">país</word>
   <word id="word_399">"</word>
   <word id="word_400">e</word>
   <word id="word_401">foram</word>
   <word id="word_402">gastos</word>
   <word id="word_403">mais</word>
   <word id="word_404">de</word>
   <word id="word_405">cem</word>
   <word id="word_406">mil</word>
   <word id="word_407">contos</word>
   <word id="word_408">em</word>
   <word id="word_409">equipamentos</word>
   <word id="word_410">e</word>
   <word id="word_411">montados</word>
   <word id="word_412">42</word>
   <word id="word_413">laboratórios</word>
   <word id="word_414">.</word>
   <word id="word_415">Acrescentou</word>
   <word id="word_416">que</word>
   <word id="word_417">650</word>
   <word id="word_418">mil</word>
   <word id="word_419">cubanos</word>
   <word id="word_420">já</word>
   <word id="word_421">se</word>
   <word id="word_422">sujeitaram</word>
   <word id="word_423">a_</word>
   <word id="word_424">os</word>
   <word id="word_425">testes</word>
   <word id="word_426">e</word>
   <word id="word_427">108</word>
   <word id="word_428">foram</word>
   <word id="word_429">positivos</word>
   <word id="word_430">.</word>
</words>
