<?xml version="1.0" encoding="UTF-8"?>
<!DOCTYPE words SYSTEM "words.dtd">
<words>
   <word id="word_1">João</word>
   <word id="word_2">Campos</word>
   <word id="word_3">cuja</word>
   <word id="word_4">autorização</word>
   <word id="word_5">de</word>
   <word id="word_6">participação</word>
   <word id="word_7">em_</word>
   <word id="word_8">os</word>
   <word id="word_9">Mundiais</word>
   <word id="word_10">de</word>
   <word id="word_11">atletismo</word>
   <word id="word_12">esteve</word>
   <word id="word_13">em</word>
   <word id="word_14">dúvida</word>
   <word id="word_15">até</word>
   <word id="word_16">anteontem</word>
   <word id="word_17">,</word>
   <word id="word_18">informou</word>
   <word id="word_19">a</word>
   <word id="word_20">Federação</word>
   <word id="word_21">de_</word>
   <word id="word_22">a</word>
   <word id="word_23">sua</word>
   <word id="word_24">indisponibilidade</word>
   <word id="word_25">para</word>
   <word id="word_26">integrar</word>
   <word id="word_27">a</word>
   <word id="word_28">comitiva</word>
   <word id="word_29">nacional</word>
   <word id="word_30">que</word>
   <word id="word_31">parte</word>
   <word id="word_32">esta</word>
   <word id="word_33">tarde</word>
   <word id="word_34">para</word>
   <word id="word_35">Roma</word>
   <word id="word_36">.</word>
   <word id="word_37">O</word>
   <word id="word_38">atleta</word>
   <word id="word_39">benfiquista</word>
   <word id="word_40">conseguiu</word>
   <word id="word_41">os</word>
   <word id="word_42">mínimos</word>
   <word id="word_43">de</word>
   <word id="word_44">participação</word>
   <word id="word_45">já</word>
   <word id="word_46">fora</word>
   <word id="word_47">de_</word>
   <word id="word_48">o</word>
   <word id="word_49">tempo</word>
   <word id="word_50">regulamentar</word>
   <word id="word_51">,</word>
   <word id="word_52">mas</word>
   <word id="word_53">a</word>
   <word id="word_54">Federação</word>
   <word id="word_55">conseguiu</word>
   <word id="word_56">fazer</word>
   <word id="word_57">as</word>
   <word id="word_58">diligências</word>
   <word id="word_59">necessárias</word>
   <word id="word_60">para</word>
   <word id="word_61">a</word>
   <word id="word_62">sua</word>
   <word id="word_63">inscrição</word>
   <word id="word_64">.</word>
   <word id="word_65">"</word>
   <word id="word_66">A</word>
   <word id="word_67">resposta</word>
   <word id="word_68">tardia</word>
   <word id="word_69">de_</word>
   <word id="word_70">a</word>
   <word id="word_71">Federação</word>
   <word id="word_72">Internacional</word>
   <word id="word_73">e</word>
   <word id="word_74">a</word>
   <word id="word_75">falta</word>
   <word id="word_76">de</word>
   <word id="word_77">motivação</word>
   <word id="word_78">de_</word>
   <word id="word_79">o</word>
   <word id="word_80">atleta</word>
   <word id="word_81">pesaram</word>
   <word id="word_82">em_</word>
   <word id="word_83">a</word>
   <word id="word_84">sua</word>
   <word id="word_85">decisão</word>
   <word id="word_86">"</word>
   <word id="word_87">,</word>
   <word id="word_88">disse</word>
   <word id="word_89">Manuel</word>
   <word id="word_90">Viegas</word>
   <word id="word_91">,</word>
   <word id="word_92">vice-presidente</word>
   <word id="word_93">de_</word>
   <word id="word_94">a</word>
   <word id="word_95">Federação</word>
   <word id="word_96">Nacional</word>
   <word id="word_97">e</word>
   <word id="word_98">chefe</word>
   <word id="word_99">de_</word>
   <word id="word_100">a</word>
   <word id="word_101">comitiva</word>
   <word id="word_102">que</word>
   <word id="word_103">hoje</word>
   <word id="word_104">mesmo</word>
   <word id="word_105">segue</word>
   <word id="word_106">para</word>
   <word id="word_107">a</word>
   <word id="word_108">Itália</word>
   <word id="word_109">.</word>
   <word id="word_110">"</word>
   <word id="word_111">Lamentamos</word>
   <word id="word_112">que</word>
   <word id="word_113">assim</word>
   <word id="word_114">seja</word>
   <word id="word_115">mas</word>
   <word id="word_116">compreendemos</word>
   <word id="word_117">e</word>
   <word id="word_118">respeitamos</word>
   <word id="word_119">a</word>
   <word id="word_120">posição</word>
   <word id="word_121">de_</word>
   <word id="word_122">o</word>
   <word id="word_123">atleta</word>
   <word id="word_124">,</word>
   <word id="word_125">que</word>
   <word id="word_126">nos</word>
   <word id="word_127">informou</word>
   <word id="word_128">ter</word>
   <word id="word_129">deixado</word>
   <word id="word_130">de</word>
   <word id="word_131">treinar</word>
   <word id="word_132">.</word>
   <word id="word_133">Está</word>
   <word id="word_134">em</word>
   <word id="word_135">férias</word>
   <word id="word_136">e</word>
   <word id="word_137">não</word>
   <word id="word_138">se</word>
   <word id="word_139">sente</word>
   <word id="word_140">motivado</word>
   <word id="word_141">para</word>
   <word id="word_142">,</word>
   <word id="word_143">em_</word>
   <word id="word_144">esta</word>
   <word id="word_145">altura</word>
   <word id="word_146">,</word>
   <word id="word_147">ir</word>
   <word id="word_148">a_</word>
   <word id="word_149">o</word>
   <word id="word_150">Campeonato</word>
   <word id="word_151">de_</word>
   <word id="word_152">o</word>
   <word id="word_153">Mundo</word>
   <word id="word_154">"</word>
   <word id="word_155">,</word>
   <word id="word_156">acrescentou</word>
   <word id="word_157">aquele</word>
   <word id="word_158">dirigente</word>
   <word id="word_159">.</word>
   <word id="word_160">Assim</word>
   <word id="word_161">a</word>
   <word id="word_162">representação</word>
   <word id="word_163">portuguesa</word>
   <word id="word_164">em_</word>
   <word id="word_165">os</word>
   <word id="word_166">cinco</word>
   <word id="word_167">mil</word>
   <word id="word_168">metros</word>
   <word id="word_169">ficará</word>
   <word id="word_170">entregue</word>
   <word id="word_171">a_</word>
   <word id="word_172">os</word>
   <word id="word_173">irmãos</word>
   <word id="word_174">Domingos</word>
   <word id="word_175">e</word>
   <word id="word_176">Dionísio</word>
   <word id="word_177">Castro</word>
   <word id="word_178">,</word>
   <word id="word_179">que</word>
   <word id="word_180">integram</word>
   <word id="word_181">a</word>
   <word id="word_182">comitiva</word>
   <word id="word_183">de</word>
   <word id="word_184">23</word>
   <word id="word_185">elementos</word>
   <word id="word_186">.</word>
   <word id="word_187">O</word>
   <word id="word_188">italiano</word>
   <word id="word_189">Primo</word>
   <word id="word_190">Nebiolo</word>
   <word id="word_191">foi</word>
   <word id="word_192">ontem</word>
   <word id="word_193">reeleito</word>
   <word id="word_194">,</word>
   <word id="word_195">por</word>
   <word id="word_196">aclamação</word>
   <word id="word_197">,</word>
   <word id="word_198">presidente</word>
   <word id="word_199">de_</word>
   <word id="word_200">a</word>
   <word id="word_201">Federação</word>
   <word id="word_202">Internacional</word>
   <word id="word_203">de</word>
   <word id="word_204">Atletismo</word>
   <word id="word_205">,</word>
   <word id="word_206">em_</word>
   <word id="word_207">o</word>
   <word id="word_208">congresso</word>
   <word id="word_209">que</word>
   <word id="word_210">se</word>
   <word id="word_211">iniciou</word>
   <word id="word_212">em</word>
   <word id="word_213">Roma</word>
   <word id="word_214">.</word>
   <word id="word_215">Também</word>
   <word id="word_216">por</word>
   <word id="word_217">aclamação</word>
   <word id="word_218">,</word>
   <word id="word_219">foram</word>
   <word id="word_220">reconduzidos</word>
   <word id="word_221">os</word>
   <word id="word_222">quatro</word>
   <word id="word_223">vice-presidentes</word>
   <word id="word_224">.</word>
   <word id="word_225">o</word>
   <word id="word_226">soviético</word>
   <word id="word_227">Leonid</word>
   <word id="word_228">Khomenkov</word>
   <word id="word_229">,</word>
   <word id="word_230">o</word>
   <word id="word_231">norte-americano</word>
   <word id="word_232">Ollan</word>
   <word id="word_233">Cassel</word>
   <word id="word_234">,</word>
   <word id="word_235">o</word>
   <word id="word_236">senegalês</word>
   <word id="word_237">Lamine</word>
   <word id="word_238">Diack</word>
   <word id="word_239">e</word>
   <word id="word_240">o</word>
   <word id="word_241">sueco</word>
   <word id="word_242">Arne</word>
   <word id="word_243">Ljungqvist</word>
   <word id="word_244">.</word>
</words>
