<?xml version="1.0" encoding="UTF-8"?>
<!DOCTYPE words SYSTEM "words.dtd">
<words>
   <word id="word_1">O</word>
   <word id="word_2">mercado</word>
   <word id="word_3">português</word>
   <word id="word_4">de</word>
   <word id="word_5">automóveis</word>
   <word id="word_6">ligeiros</word>
   <word id="word_7">,</word>
   <word id="word_8">de</word>
   <word id="word_9">passageiros</word>
   <word id="word_10">e</word>
   <word id="word_11">mistos</word>
   <word id="word_12">,</word>
   <word id="word_13">ultrapassou</word>
   <word id="word_14">em</word>
   <word id="word_15">1986</word>
   <word id="word_16">,</word>
   <word id="word_17">e</word>
   <word id="word_18">por_</word>
   <word id="word_19">a</word>
   <word id="word_20">primeira</word>
   <word id="word_21">vez</word>
   <word id="word_22">,</word>
   <word id="word_23">as</word>
   <word id="word_24">100</word>
   <word id="word_25">mil</word>
   <word id="word_26">unidades</word>
   <word id="word_27">,</word>
   <word id="word_28">devendo</word>
   <word id="word_29">mesmo</word>
   <word id="word_30">exceder</word>
   <word id="word_31">as</word>
   <word id="word_32">106</word>
   <word id="word_33">mil</word>
   <word id="word_34">unidades</word>
   <word id="word_35">,</word>
   <word id="word_36">contra</word>
   <word id="word_37">93</word>
   <word id="word_38">786</word>
   <word id="word_39">em</word>
   <word id="word_40">1985</word>
   <word id="word_41">,</word>
   <word id="word_42">já</word>
   <word id="word_43">então</word>
   <word id="word_44">um</word>
   <word id="word_45">ano</word>
   <word id="word_46">"</word>
   <word id="word_47">record</word>
   <word id="word_48">"</word>
   <word id="word_49">.</word>
   <word id="word_50">É</word>
   <word id="word_51">evidente</word>
   <word id="word_52">que</word>
   <word id="word_53">o</word>
   <word id="word_54">aumento</word>
   <word id="word_55">real</word>
   <word id="word_56">de</word>
   <word id="word_57">poder</word>
   <word id="word_58">de</word>
   <word id="word_59">compra</word>
   <word id="word_60">,</word>
   <word id="word_61">registado</word>
   <word id="word_62">por_</word>
   <word id="word_63">a</word>
   <word id="word_64">maioria</word>
   <word id="word_65">de_</word>
   <word id="word_66">os</word>
   <word id="word_67">portugueses</word>
   <word id="word_68">em_</word>
   <word id="word_69">o</word>
   <word id="word_70">ano</word>
   <word id="word_71">que</word>
   <word id="word_72">a</word>
   <word id="word_73">breves</word>
   <word id="word_74">dias</word>
   <word id="word_75">findou</word>
   <word id="word_76">,</word>
   <word id="word_77">teve</word>
   <word id="word_78">algo</word>
   <word id="word_79">a</word>
   <word id="word_80">ver</word>
   <word id="word_81">com</word>
   <word id="word_82">este</word>
   <word id="word_83">excelente</word>
   <word id="word_84">resultado</word>
   <word id="word_85">.</word>
   <word id="word_86">Não</word>
   <word id="word_87">terá</word>
   <word id="word_88">,</word>
   <word id="word_89">porém</word>
   <word id="word_90">,</word>
   <word id="word_91">sido</word>
   <word id="word_92">esta</word>
   <word id="word_93">a</word>
   <word id="word_94">causa</word>
   <word id="word_95">principal</word>
   <word id="word_96">,</word>
   <word id="word_97">visto</word>
   <word id="word_98">que</word>
   <word id="word_99">tratando</word>
   <word id="word_100">-se</word>
   <word id="word_101">de_</word>
   <word id="word_102">o</word>
   <word id="word_103">único</word>
   <word id="word_104">mercado</word>
   <word id="word_105">de_</word>
   <word id="word_106">a</word>
   <word id="word_107">Europa</word>
   <word id="word_108">Ocidental</word>
   <word id="word_109">em</word>
   <word id="word_110">que</word>
   <word id="word_111">a</word>
   <word id="word_112">oferta</word>
   <word id="word_113">está</word>
   <word id="word_114">contingentada</word>
   <word id="word_115">,</word>
   <word id="word_116">e</word>
   <word id="word_117">desde</word>
   <word id="word_118">há</word>
   <word id="word_119">10</word>
   <word id="word_120">anos</word>
   <word id="word_121">,</word>
   <word id="word_122">foi</word>
   <word id="word_123">fundamentalmente</word>
   <word id="word_124">por</word>
   <word id="word_125">via</word>
   <word id="word_126">de_</word>
   <word id="word_127">o</word>
   <word id="word_128">aumento</word>
   <word id="word_129">de_</word>
   <word id="word_130">a</word>
   <word id="word_131">oferta</word>
   <word id="word_132">de</word>
   <word id="word_133">automóveis</word>
   <word id="word_134">que</word>
   <word id="word_135">as</word>
   <word id="word_136">vendas</word>
   <word id="word_137">se</word>
   <word id="word_138">situaram</word>
   <word id="word_139">em_</word>
   <word id="word_140">o</word>
   <word id="word_141">novo</word>
   <word id="word_142">resultado</word>
   <word id="word_143">"</word>
   <word id="word_144">record</word>
   <word id="word_145">"</word>
   <word id="word_146">.</word>
   <word id="word_147">E</word>
   <word id="word_148">se</word>
   <word id="word_149">em</word>
   <word id="word_150">1986</word>
   <word id="word_151">maior</word>
   <word id="word_152">pudesse</word>
   <word id="word_153">ter</word>
   <word id="word_154">sido</word>
   <word id="word_155">a</word>
   <word id="word_156">oferta</word>
   <word id="word_157">de</word>
   <word id="word_158">veículos</word>
   <word id="word_159">novos</word>
   <word id="word_160">de</word>
   <word id="word_161">muitas</word>
   <word id="word_162">de_</word>
   <word id="word_163">as</word>
   <word id="word_164">marcas</word>
   <word id="word_165">,</word>
   <word id="word_166">maiores</word>
   <word id="word_167">seriam</word>
   <word id="word_168">as</word>
   <word id="word_169">vendas</word>
   <word id="word_170">.</word>
   <word id="word_171">Temos</word>
   <word id="word_172">para</word>
   <word id="word_173">nós</word>
   <word id="word_174">que</word>
   <word id="word_175">,</word>
   <word id="word_176">considerando</word>
   <word id="word_177">o</word>
   <word id="word_178">poder</word>
   <word id="word_179">de</word>
   <word id="word_180">compra</word>
   <word id="word_181">de_</word>
   <word id="word_182">os</word>
   <word id="word_183">Portugueses</word>
   <word id="word_184">,</word>
   <word id="word_185">a</word>
   <word id="word_186">qualidade</word>
   <word id="word_187">de_</word>
   <word id="word_188">os</word>
   <word id="word_189">nossos</word>
   <word id="word_190">transportes</word>
   <word id="word_191">públicos</word>
   <word id="word_192">,</word>
   <word id="word_193">a</word>
   <word id="word_194">dimensão</word>
   <word id="word_195">(</word>
   <word id="word_196">1</word>
   <word id="word_197">milhão</word>
   <word id="word_198">185</word>
   <word id="word_199">mil</word>
   <word id="word_200">)</word>
   <word id="word_201">e</word>
   <word id="word_202">a</word>
   <word id="word_203">idade</word>
   <word id="word_204">de_</word>
   <word id="word_205">o</word>
   <word id="word_206">nosso</word>
   <word id="word_207">parque</word>
   <word id="word_208">de</word>
   <word id="word_209">automóveis</word>
   <word id="word_210">em</word>
   <word id="word_211">circulação</word>
   <word id="word_212">(</word>
   <word id="word_213">34</word>
   <word id="word_214">,</word>
   <word id="word_215">2</word>
   <word id="word_216">%</word>
   <word id="word_217">de_</word>
   <word id="word_218">os</word>
   <word id="word_219">automóveis</word>
   <word id="word_220">de</word>
   <word id="word_221">passageiros</word>
   <word id="word_222">e</word>
   <word id="word_223">mistos</word>
   <word id="word_224">têm</word>
   <word id="word_225">mais</word>
   <word id="word_226">de</word>
   <word id="word_227">10</word>
   <word id="word_228">anos</word>
   <word id="word_229">)</word>
   <word id="word_230">,</word>
   <word id="word_231">o</word>
   <word id="word_232">mercado</word>
   <word id="word_233">português</word>
   <word id="word_234">poderia</word>
   <word id="word_235">ter</word>
   <word id="word_236">absorvido</word>
   <word id="word_237">,</word>
   <word id="word_238">em</word>
   <word id="word_239">regime</word>
   <word id="word_240">de</word>
   <word id="word_241">liberalização</word>
   <word id="word_242">,</word>
   <word id="word_243">cerca</word>
   <word id="word_244">de</word>
   <word id="word_245">120</word>
   <word id="word_246">mil</word>
   <word id="word_247">automóveis</word>
   <word id="word_248">novos</word>
   <word id="word_249">.</word>
   <word id="word_250">De</word>
   <word id="word_251">entre</word>
   <word id="word_252">as</word>
   <word id="word_253">causas</word>
   <word id="word_254">de</word>
   <word id="word_255">aumento</word>
   <word id="word_256">de_</word>
   <word id="word_257">a</word>
   <word id="word_258">oferta</word>
   <word id="word_259">registado</word>
   <word id="word_260">em</word>
   <word id="word_261">1986</word>
   <word id="word_262">,</word>
   <word id="word_263">anotem</word>
   <word id="word_264">-se</word>
   <word id="word_265">alguns</word>
   <word id="word_266">aspectos</word>
   <word id="word_267">resultantes</word>
   <word id="word_268">de_</word>
   <word id="word_269">o</word>
   <word id="word_270">acordado</word>
   <word id="word_271">com</word>
   <word id="word_272">a</word>
   <word id="word_273">CEE</word>
   <word id="word_274">e</word>
   <word id="word_275">integrado</word>
   <word id="word_276">em_</word>
   <word id="word_277">o</word>
   <word id="word_278">Tratado</word>
   <word id="word_279">de</word>
   <word id="word_280">Adesão</word>
   <word id="word_281">(</word>
   <word id="word_282">período</word>
   <word id="word_283">transitório</word>
   <word id="word_284">86</word>
   <word id="word_285">-</word>
   <word id="word_286">87</word>
   <word id="word_287">,</word>
   <word id="word_288">após</word>
   <word id="word_289">o</word>
   <word id="word_290">que</word>
   <word id="word_291">se</word>
   <word id="word_292">seguirá</word>
   <word id="word_293">a</word>
   <word id="word_294">liberalização</word>
   <word id="word_295">de_</word>
   <word id="word_296">o</word>
   <word id="word_297">nosso</word>
   <word id="word_298">mercado</word>
   <word id="word_299">)</word>
   <word id="word_300">,</word>
   <word id="word_301">bem</word>
   <word id="word_302">como</word>
   <word id="word_303">o</word>
   <word id="word_304">saudável</word>
   <word id="word_305">crescimento</word>
   <word id="word_306">(</word>
   <word id="word_307">já</word>
   <word id="word_308">esperado</word>
   <word id="word_309">)</word>
   <word id="word_310">de_</word>
   <word id="word_311">as</word>
   <word id="word_312">exportações</word>
   <word id="word_313">de</word>
   <word id="word_314">produtos</word>
   <word id="word_315">nacionais</word>
   <word id="word_316">destinados</word>
   <word id="word_317">a_</word>
   <word id="word_318">a</word>
   <word id="word_319">indústria</word>
   <word id="word_320">automóvel</word>
   <word id="word_321">europeia</word>
   <word id="word_322">,</word>
   <word id="word_323">as</word>
   <word id="word_324">quais</word>
   <word id="word_325">permitem</word>
   <word id="word_326">,</word>
   <word id="word_327">a_</word>
   <word id="word_328">as</word>
   <word id="word_329">respectivas</word>
   <word id="word_330">marcas</word>
   <word id="word_331">,</word>
   <word id="word_332">que</word>
   <word id="word_333">façam</word>
   <word id="word_334">em</word>
   <word id="word_335">Portugal</word>
   <word id="word_336">importações</word>
   <word id="word_337">adicionais</word>
   <word id="word_338">de</word>
   <word id="word_339">automóveis</word>
   <word id="word_340">.</word>
   <word id="word_341">Para</word>
   <word id="word_342">1987</word>
   <word id="word_343">temos</word>
   <word id="word_344">como</word>
   <word id="word_345">perspectiva</word>
   <word id="word_346">um</word>
   <word id="word_347">novo</word>
   <word id="word_348">acréscimo</word>
   <word id="word_349">de</word>
   <word id="word_350">vendas</word>
   <word id="word_351">de</word>
   <word id="word_352">automóveis</word>
   <word id="word_353">em</word>
   <word id="word_354">Portugal</word>
   <word id="word_355">,</word>
   <word id="word_356">mas</word>
   <word id="word_357">em</word>
   <word id="word_358">dimensão</word>
   <word id="word_359">que</word>
   <word id="word_360">ainda</word>
   <word id="word_361">não</word>
   <word id="word_362">é</word>
   <word id="word_363">totalmente</word>
   <word id="word_364">passível</word>
   <word id="word_365">de</word>
   <word id="word_366">quantificação</word>
   <word id="word_367">,</word>
   <word id="word_368">em_</word>
   <word id="word_369">a</word>
   <word id="word_370">medida</word>
   <word id="word_371">em</word>
   <word id="word_372">que</word>
   <word id="word_373">certos</word>
   <word id="word_374">aspectos</word>
   <word id="word_375">ligados</word>
   <word id="word_376">a_</word>
   <word id="word_377">a</word>
   <word id="word_378">oferta</word>
   <word id="word_379">e</word>
   <word id="word_380">de</word>
   <word id="word_381">importância</word>
   <word id="word_382">não</word>
   <word id="word_383">despicienda</word>
   <word id="word_384">,</word>
   <word id="word_385">não</word>
   <word id="word_386">se</word>
   <word id="word_387">encontram</word>
   <word id="word_388">ainda</word>
   <word id="word_389">totalmente</word>
   <word id="word_390">clarificados</word>
   <word id="word_391">.</word>
   <word id="word_392">Tais</word>
   <word id="word_393">aspectos</word>
   <word id="word_394">podem</word>
   <word id="word_395">vir</word>
   <word id="word_396">a</word>
   <word id="word_397">influenciar</word>
   <word id="word_398">a</word>
   <word id="word_399">oferta</word>
   <word id="word_400">em</word>
   <word id="word_401">mais</word>
   <word id="word_402">alguns</word>
   <word id="word_403">milhares</word>
   <word id="word_404">de</word>
   <word id="word_405">unidades</word>
   <word id="word_406">,</word>
   <word id="word_407">por_</word>
   <word id="word_408">o</word>
   <word id="word_409">que</word>
   <word id="word_410">esperamos</word>
   <word id="word_411">,</word>
   <word id="word_412">para</word>
   <word id="word_413">bem</word>
   <word id="word_414">quer</word>
   <word id="word_415">de_</word>
   <word id="word_416">os</word>
   <word id="word_417">respectivos</word>
   <word id="word_418">operadores</word>
   <word id="word_419">económicos</word>
   <word id="word_420">quer</word>
   <word id="word_421">de_</word>
   <word id="word_422">os</word>
   <word id="word_423">consumidores</word>
   <word id="word_424">,</word>
   <word id="word_425">que</word>
   <word id="word_426">tudo</word>
   <word id="word_427">se</word>
   <word id="word_428">clarifique</word>
   <word id="word_429">em_</word>
   <word id="word_430">o</word>
   <word id="word_431">sentido</word>
   <word id="word_432">de_</word>
   <word id="word_433">a</word>
   <word id="word_434">maior</word>
   <word id="word_435">oferta</word>
   <word id="word_436">possível</word>
   <word id="word_437">.</word>
   <word id="word_438">Seria</word>
   <word id="word_439">um</word>
   <word id="word_440">belo</word>
   <word id="word_441">presente</word>
   <word id="word_442">para</word>
   <word id="word_443">os</word>
   <word id="word_444">Portugueses</word>
   <word id="word_445">,</word>
   <word id="word_446">trazido</word>
   <word id="word_447">em</word>
   <word id="word_448">época</word>
   <word id="word_449">de</word>
   <word id="word_450">Reis</word>
   <word id="word_451">Magos</word>
   <word id="word_452">!</word>
</words>
