<?xml version="1.0" encoding="UTF-8"?>
<!DOCTYPE words SYSTEM "words.dtd">
<words>
   <word id="word_1">PARTE</word>
   <word id="word_2">de_</word>
   <word id="word_3">as</word>
   <word id="word_4">instalações</word>
   <word id="word_5">de_</word>
   <word id="word_6">a</word>
   <word id="word_7">ex-cadeia</word>
   <word id="word_8">política</word>
   <word id="word_9">de_</word>
   <word id="word_10">a</word>
   <word id="word_11">Fortaleza</word>
   <word id="word_12">de</word>
   <word id="word_13">Peniche</word>
   <word id="word_14">vão</word>
   <word id="word_15">,</word>
   <word id="word_16">a</word>
   <word id="word_17">partir</word>
   <word id="word_18">de_</word>
   <word id="word_19">o</word>
   <word id="word_20">dia</word>
   <word id="word_21">25</word>
   <word id="word_22">,</word>
   <word id="word_23">servir</word>
   <word id="word_24">de</word>
   <word id="word_25">cenário</word>
   <word id="word_26">a_</word>
   <word id="word_27">o</word>
   <word id="word_28">filme</word>
   <word id="word_29">francês</word>
   <word id="word_30">Contraint</word>
   <word id="word_31">par</word>
   <word id="word_32">Corps</word>
   <word id="word_33">realizado</word>
   <word id="word_34">por</word>
   <word id="word_35">Serge</word>
   <word id="word_36">Leroy</word>
   <word id="word_37">.</word>
   <word id="word_38">As</word>
   <word id="word_39">filmagens</word>
   <word id="word_40">que</word>
   <word id="word_41">decorrerão</word>
   <word id="word_42">até</word>
   <word id="word_43">a_</word>
   <word id="word_44">os</word>
   <word id="word_45">finais</word>
   <word id="word_46">de_</word>
   <word id="word_47">o</word>
   <word id="word_48">próximo</word>
   <word id="word_49">mês</word>
   <word id="word_50">,</word>
   <word id="word_51">baseiam</word>
   <word id="word_52">-se</word>
   <word id="word_53">em_</word>
   <word id="word_54">a</word>
   <word id="word_55">história</word>
   <word id="word_56">verídica</word>
   <word id="word_57">de</word>
   <word id="word_58">uma</word>
   <word id="word_59">jovem</word>
   <word id="word_60">francesa</word>
   <word id="word_61">que</word>
   <word id="word_62">estando</word>
   <word id="word_63">de</word>
   <word id="word_64">férias</word>
   <word id="word_65">em_</word>
   <word id="word_66">a</word>
   <word id="word_67">Grécia</word>
   <word id="word_68">é</word>
   <word id="word_69">presa</word>
   <word id="word_70">e</word>
   <word id="word_71">julgada</word>
   <word id="word_72">.</word>
   <word id="word_73">A</word>
   <word id="word_74">maior</word>
   <word id="word_75">parte</word>
   <word id="word_76">de_</word>
   <word id="word_77">o</word>
   <word id="word_78">filme</word>
   <word id="word_79">relata</word>
   <word id="word_80">peripécias</word>
   <word id="word_81">passadas</word>
   <word id="word_82">em_</word>
   <word id="word_83">uma</word>
   <word id="word_84">prisão</word>
   <word id="word_85">de</word>
   <word id="word_86">mulheres</word>
   <word id="word_87">.</word>
   <word id="word_88">Para</word>
   <word id="word_89">o</word>
   <word id="word_90">efeito</word>
   <word id="word_91">,</word>
   <word id="word_92">em</word>
   <word id="word_93">dois</word>
   <word id="word_94">de_</word>
   <word id="word_95">os</word>
   <word id="word_96">pavilhões</word>
   <word id="word_97">de_</word>
   <word id="word_98">a</word>
   <word id="word_99">Fortaleza</word>
   <word id="word_100">,</word>
   <word id="word_101">em_</word>
   <word id="word_102">os</word>
   <word id="word_103">pátios</word>
   <word id="word_104">exteriores</word>
   <word id="word_105">e</word>
   <word id="word_106">em</word>
   <word id="word_107">toda</word>
   <word id="word_108">zona</word>
   <word id="word_109">de_</word>
   <word id="word_110">as</word>
   <word id="word_111">cozinhas</word>
   <word id="word_112">e</word>
   <word id="word_113">antigas</word>
   <word id="word_114">casernas</word>
   <word id="word_115">de_</word>
   <word id="word_116">a</word>
   <word id="word_117">ex-cadeia</word>
   <word id="word_118">,</word>
   <word id="word_119">está</word>
   <word id="word_120">-se</word>
   <word id="word_121">a</word>
   <word id="word_122">proceder</word>
   <word id="word_123">a</word>
   <word id="word_124">arranjos</word>
   <word id="word_125">.</word>
   <word id="word_126">Contudo</word>
   <word id="word_127">,</word>
   <word id="word_128">o</word>
   <word id="word_129">acesso</word>
   <word id="word_130">de_</word>
   <word id="word_131">os</word>
   <word id="word_132">visitantes</word>
   <word id="word_133">a_</word>
   <word id="word_134">o</word>
   <word id="word_135">Museu</word>
   <word id="word_136">de</word>
   <word id="word_137">Peniche</word>
   <word id="word_138">,</word>
   <word id="word_139">instalado</word>
   <word id="word_140">em_</word>
   <word id="word_141">a</word>
   <word id="word_142">Fortaleza</word>
   <word id="word_143">,</word>
   <word id="word_144">não</word>
   <word id="word_145">será</word>
   <word id="word_146">prejudicado</word>
   <word id="word_147">,</word>
   <word id="word_148">visto</word>
   <word id="word_149">que</word>
   <word id="word_150">a</word>
   <word id="word_151">rodagem</word>
   <word id="word_152">de_</word>
   <word id="word_153">a</word>
   <word id="word_154">película</word>
   <word id="word_155">será</word>
   <word id="word_156">feita</word>
   <word id="word_157">em</word>
   <word id="word_158">espaços</word>
   <word id="word_159">ainda</word>
   <word id="word_160">não</word>
   <word id="word_161">utilizados</word>
   <word id="word_162">.</word>
</words>
