<?xml version="1.0" encoding="UTF-8"?>
<!DOCTYPE words SYSTEM "words.dtd">
<words>
   <word id="word_1">A</word>
   <word id="word_2">INTRODUÇÃO</word>
   <word id="word_3">de_</word>
   <word id="word_4">as</word>
   <word id="word_5">novas</word>
   <word id="word_6">tecnologias</word>
   <word id="word_7">tem</word>
   <word id="word_8">contribuido</word>
   <word id="word_9">para</word>
   <word id="word_10">que</word>
   <word id="word_11">um</word>
   <word id="word_12">em</word>
   <word id="word_13">cada</word>
   <word id="word_14">cinco</word>
   <word id="word_15">desempregados</word>
   <word id="word_16">provenha</word>
   <word id="word_17">de_</word>
   <word id="word_18">o</word>
   <word id="word_19">sector</word>
   <word id="word_20">de_</word>
   <word id="word_21">os</word>
   <word id="word_22">escritórios</word>
   <word id="word_23">,</word>
   <word id="word_24">concluíram</word>
   <word id="word_25">os</word>
   <word id="word_26">participantes</word>
   <word id="word_27">em_</word>
   <word id="word_28">o</word>
   <word id="word_29">Encontro</word>
   <word id="word_30">Nacional</word>
   <word id="word_31">de</word>
   <word id="word_32">Trabalhadores</word>
   <word id="word_33">de_</word>
   <word id="word_34">o</word>
   <word id="word_35">sector</word>
   <word id="word_36">.</word>
   <word id="word_37">em_</word>
   <word id="word_38">esta</word>
   <word id="word_39">reunião</word>
   <word id="word_40">,</word>
   <word id="word_41">que</word>
   <word id="word_42">se</word>
   <word id="word_43">realizou</word>
   <word id="word_44">simultaneamente</word>
   <word id="word_45">com</word>
   <word id="word_46">iniciativas</word>
   <word id="word_47">idênticas</word>
   <word id="word_48">em</word>
   <word id="word_49">Lisboa</word>
   <word id="word_50">,</word>
   <word id="word_51">Porto</word>
   <word id="word_52">e</word>
   <word id="word_53">Setúbal</word>
   <word id="word_54">,</word>
   <word id="word_55">os</word>
   <word id="word_56">trabalhadores</word>
   <word id="word_57">criticaram</word>
   <word id="word_58">as</word>
   <word id="word_59">empresas</word>
   <word id="word_60">"</word>
   <word id="word_61">por</word>
   <word id="word_62">não</word>
   <word id="word_63">terem</word>
   <word id="word_64">feito</word>
   <word id="word_65">o</word>
   <word id="word_66">mínimo</word>
   <word id="word_67">esforço</word>
   <word id="word_68">"</word>
   <word id="word_69">em</word>
   <word id="word_70">actividades</word>
   <word id="word_71">de</word>
   <word id="word_72">formação</word>
   <word id="word_73">profissional</word>
   <word id="word_74">que</word>
   <word id="word_75">minorassem</word>
   <word id="word_76">os</word>
   <word id="word_77">efeitos</word>
   <word id="word_78">de_</word>
   <word id="word_79">a</word>
   <word id="word_80">introdução</word>
   <word id="word_81">de_</word>
   <word id="word_82">a</word>
   <word id="word_83">informática</word>
   <word id="word_84">.</word>
   <word id="word_85">"</word>
   <word id="word_86">de_</word>
   <word id="word_87">os</word>
   <word id="word_88">70</word>
   <word id="word_89">por</word>
   <word id="word_90">cento</word>
   <word id="word_91">de</word>
   <word id="word_92">empresas</word>
   <word id="word_93">de_</word>
   <word id="word_94">a</word>
   <word id="word_95">região</word>
   <word id="word_96">de</word>
   <word id="word_97">Coimbra</word>
   <word id="word_98">que</word>
   <word id="word_99">introduziram</word>
   <word id="word_100">a</word>
   <word id="word_101">informática</word>
   <word id="word_102">em_</word>
   <word id="word_103">o</word>
   <word id="word_104">seu</word>
   <word id="word_105">funcionamento</word>
   <word id="word_106">,</word>
   <word id="word_107">a</word>
   <word id="word_108">grande</word>
   <word id="word_109">maioria</word>
   <word id="word_110">não</word>
   <word id="word_111">se</word>
   <word id="word_112">preocupou</word>
   <word id="word_113">com</word>
   <word id="word_114">a</word>
   <word id="word_115">formação</word>
   <word id="word_116">profissional</word>
   <word id="word_117">de_</word>
   <word id="word_118">os</word>
   <word id="word_119">trabalhadores</word>
   <word id="word_120">"</word>
   <word id="word_121">,</word>
   <word id="word_122">disse</word>
   <word id="word_123">Carlos</word>
   <word id="word_124">Cidade</word>
   <word id="word_125">,</word>
   <word id="word_126">de_</word>
   <word id="word_127">a</word>
   <word id="word_128">União</word>
   <word id="word_129">de_</word>
   <word id="word_130">os</word>
   <word id="word_131">Sindicatos</word>
   <word id="word_132">de</word>
   <word id="word_133">Coimbra</word>
   <word id="word_134">Os</word>
   <word id="word_135">participantes</word>
   <word id="word_136">de_</word>
   <word id="word_137">o</word>
   <word id="word_138">encontro</word>
   <word id="word_139">,</word>
   <word id="word_140">promovido</word>
   <word id="word_141">por_</word>
   <word id="word_142">a</word>
   <word id="word_143">Federação</word>
   <word id="word_144">Portuguesa</word>
   <word id="word_145">de_</word>
   <word id="word_146">os</word>
   <word id="word_147">Sindicatos</word>
   <word id="word_148">de_</word>
   <word id="word_149">o</word>
   <word id="word_150">Comércio</word>
   <word id="word_151">,</word>
   <word id="word_152">Escritórios</word>
   <word id="word_153">e</word>
   <word id="word_154">Serviços</word>
   <word id="word_155">,</word>
   <word id="word_156">exigiram</word>
   <word id="word_157">"</word>
   <word id="word_158">a</word>
   <word id="word_159">criação</word>
   <word id="word_160">de</word>
   <word id="word_161">novas</word>
   <word id="word_162">categorias</word>
   <word id="word_163">profissionais</word>
   <word id="word_164">que</word>
   <word id="word_165">ainda</word>
   <word id="word_166">não</word>
   <word id="word_167">tem</word>
   <word id="word_168">correspondência</word>
   <word id="word_169">em_</word>
   <word id="word_170">a</word>
   <word id="word_171">contratação</word>
   <word id="word_172">colectiva</word>
   <word id="word_173">"</word>
   <word id="word_174">,</word>
   <word id="word_175">e</word>
   <word id="word_176">que</word>
   <word id="word_177">estão</word>
   <word id="word_178">directamente</word>
   <word id="word_179">relacionadas</word>
   <word id="word_180">com</word>
   <word id="word_181">a</word>
   <word id="word_182">introdução</word>
   <word id="word_183">de_</word>
   <word id="word_184">a</word>
   <word id="word_185">informática</word>
   <word id="word_186">.</word>
   <word id="word_187">O</word>
   <word id="word_188">secretário-geral</word>
   <word id="word_189">de_</word>
   <word id="word_190">a</word>
   <word id="word_191">Federação</word>
   <word id="word_192">Europeia</word>
   <word id="word_193">de_</word>
   <word id="word_194">o</word>
   <word id="word_195">Sindicatos</word>
   <word id="word_196">de_</word>
   <word id="word_197">a</word>
   <word id="word_198">Alimentação</word>
   <word id="word_199">,</word>
   <word id="word_200">Gerard</word>
   <word id="word_201">Fosse</word>
   <word id="word_202">,</word>
   <word id="word_203">alertou</word>
   <word id="word_204">para</word>
   <word id="word_205">as</word>
   <word id="word_206">consequências</word>
   <word id="word_207">em_</word>
   <word id="word_208">o</word>
   <word id="word_209">emprego</word>
   <word id="word_210">de_</word>
   <word id="word_211">a</word>
   <word id="word_212">introdução</word>
   <word id="word_213">de</word>
   <word id="word_214">novas</word>
   <word id="word_215">tecnologias</word>
   <word id="word_216">em_</word>
   <word id="word_217">aquele</word>
   <word id="word_218">sector</word>
   <word id="word_219">.</word>
   <word id="word_220">Em_</word>
   <word id="word_221">a</word>
   <word id="word_222">abertura</word>
   <word id="word_223">de_</word>
   <word id="word_224">o</word>
   <word id="word_225">III</word>
   <word id="word_226">Congresso</word>
   <word id="word_227">de_</word>
   <word id="word_228">o</word>
   <word id="word_229">Sindicato</word>
   <word id="word_230">Democrático</word>
   <word id="word_231">de</word>
   <word id="word_232">Hotelaria</word>
   <word id="word_233">,</word>
   <word id="word_234">Alimentação</word>
   <word id="word_235">e</word>
   <word id="word_236">Turismo</word>
   <word id="word_237">,</word>
   <word id="word_238">em</word>
   <word id="word_239">Lisboa</word>
   <word id="word_240">,</word>
   <word id="word_241">Gerard</word>
   <word id="word_242">Fosse</word>
   <word id="word_243">afirmou</word>
   <word id="word_244">que</word>
   <word id="word_245">para</word>
   <word id="word_246">atenuar</word>
   <word id="word_247">os</word>
   <word id="word_248">efeitos</word>
   <word id="word_249">negativos</word>
   <word id="word_250">sobre</word>
   <word id="word_251">o</word>
   <word id="word_252">emprego</word>
   <word id="word_253">de_</word>
   <word id="word_254">a</word>
   <word id="word_255">introdução</word>
   <word id="word_256">de</word>
   <word id="word_257">novas</word>
   <word id="word_258">tecnologias</word>
   <word id="word_259">é</word>
   <word id="word_260">necessário</word>
   <word id="word_261">um</word>
   <word id="word_262">esforço</word>
   <word id="word_263">em_</word>
   <word id="word_264">o</word>
   <word id="word_265">domínio</word>
   <word id="word_266">de_</word>
   <word id="word_267">a</word>
   <word id="word_268">formação</word>
   <word id="word_269">profissional</word>
   <word id="word_270">.</word>
   <word id="word_271">Este</word>
   <word id="word_272">dirigente</word>
   <word id="word_273">sindical</word>
   <word id="word_274">,</word>
   <word id="word_275">que</word>
   <word id="word_276">é</word>
   <word id="word_277">também</word>
   <word id="word_278">secretário-geral</word>
   <word id="word_279">de_</word>
   <word id="word_280">a</word>
   <word id="word_281">federação</word>
   <word id="word_282">sindical</word>
   <word id="word_283">francesa</word>
   <word id="word_284">Force</word>
   <word id="word_285">Ouvrière</word>
   <word id="word_286">,</word>
   <word id="word_287">disse</word>
   <word id="word_288">ainda</word>
   <word id="word_289">que</word>
   <word id="word_290">a</word>
   <word id="word_291">entrada</word>
   <word id="word_292">de</word>
   <word id="word_293">Portugal</word>
   <word id="word_294">em_</word>
   <word id="word_295">a</word>
   <word id="word_296">Comunidade</word>
   <word id="word_297">Europeia</word>
   <word id="word_298">criou</word>
   <word id="word_299">problemas</word>
   <word id="word_300">em_</word>
   <word id="word_301">o</word>
   <word id="word_302">sector</word>
   <word id="word_303">agrícola</word>
   <word id="word_304">de_</word>
   <word id="word_305">o</word>
   <word id="word_306">seu</word>
   <word id="word_307">país</word>
   <word id="word_308">.</word>
</words>
