<?xml version="1.0" encoding="UTF-8"?>
<!DOCTYPE words SYSTEM "words.dtd">
<words>
   <word id="word_1">A</word>
   <word id="word_2">Associação</word>
   <word id="word_3">Nacional</word>
   <word id="word_4">de_</word>
   <word id="word_5">os</word>
   <word id="word_6">Empreiteiros</word>
   <word id="word_7">de</word>
   <word id="word_8">Obras</word>
   <word id="word_9">Públicas</word>
   <word id="word_10">(</word>
   <word id="word_11">AENOP</word>
   <word id="word_12">)</word>
   <word id="word_13">admitiu</word>
   <word id="word_14">,</word>
   <word id="word_15">embora</word>
   <word id="word_16">com</word>
   <word id="word_17">reservas</word>
   <word id="word_18">,</word>
   <word id="word_19">que</word>
   <word id="word_20">a</word>
   <word id="word_21">produtividade</word>
   <word id="word_22">de_</word>
   <word id="word_23">o</word>
   <word id="word_24">trabalho</word>
   <word id="word_25">em_</word>
   <word id="word_26">o</word>
   <word id="word_27">sector</word>
   <word id="word_28">de_</word>
   <word id="word_29">a</word>
   <word id="word_30">construção</word>
   <word id="word_31">possa</word>
   <word id="word_32">aumentar</word>
   <word id="word_33">este</word>
   <word id="word_34">ano</word>
   <word id="word_35">três</word>
   <word id="word_36">por</word>
   <word id="word_37">cento</word>
   <word id="word_38">,</word>
   <word id="word_39">relativamente</word>
   <word id="word_40">a</word>
   <word id="word_41">1986</word>
   <word id="word_42">.</word>
   <word id="word_43">Para</word>
   <word id="word_44">este</word>
   <word id="word_45">ano</word>
   <word id="word_46">,</word>
   <word id="word_47">o</word>
   <word id="word_48">Governo</word>
   <word id="word_49">prevê</word>
   <word id="word_50">uma</word>
   <word id="word_51">melhoria</word>
   <word id="word_52">de_</word>
   <word id="word_53">a</word>
   <word id="word_54">produtividade</word>
   <word id="word_55">global</word>
   <word id="word_56">também</word>
   <word id="word_57">de_</word>
   <word id="word_58">a</word>
   <word id="word_59">ordem</word>
   <word id="word_60">de_</word>
   <word id="word_61">o</word>
   <word id="word_62">três</word>
   <word id="word_63">por</word>
   <word id="word_64">cento</word>
   <word id="word_65">.</word>
   <word id="word_66">A</word>
   <word id="word_67">ANEOP</word>
   <word id="word_68">salienta</word>
   <word id="word_69">que</word>
   <word id="word_70">as</word>
   <word id="word_71">reservas</word>
   <word id="word_72">sobre</word>
   <word id="word_73">estes</word>
   <word id="word_74">indicadores</word>
   <word id="word_75">resultam</word>
   <word id="word_76">de_</word>
   <word id="word_77">a</word>
   <word id="word_78">escassa</word>
   <word id="word_79">informação</word>
   <word id="word_80">disponível</word>
   <word id="word_81">sobre</word>
   <word id="word_82">1986</word>
   <word id="word_83">,</word>
   <word id="word_84">ano</word>
   <word id="word_85">em</word>
   <word id="word_86">que</word>
   <word id="word_87">se</word>
   <word id="word_88">pensa</word>
   <word id="word_89">que</word>
   <word id="word_90">a</word>
   <word id="word_91">produtividade</word>
   <word id="word_92">de_</word>
   <word id="word_93">o</word>
   <word id="word_94">trabalho</word>
   <word id="word_95">em_</word>
   <word id="word_96">o</word>
   <word id="word_97">sector</word>
   <word id="word_98">de_</word>
   <word id="word_99">a</word>
   <word id="word_100">construção</word>
   <word id="word_101">civil</word>
   <word id="word_102">tenha</word>
   <word id="word_103">subido</word>
   <word id="word_104">3,9</word>
   <word id="word_105">por</word>
   <word id="word_106">cento</word>
   <word id="word_107">relativamente</word>
   <word id="word_108">a</word>
   <word id="word_109">1985</word>
   <word id="word_110">.</word>
   <word id="word_111">O</word>
   <word id="word_112">mesmo</word>
   <word id="word_113">documento</word>
   <word id="word_114">informa</word>
   <word id="word_115">que</word>
   <word id="word_116">a</word>
   <word id="word_117">produtividade</word>
   <word id="word_118">em_</word>
   <word id="word_119">o</word>
   <word id="word_120">sector</word>
   <word id="word_121">em</word>
   <word id="word_122">1985</word>
   <word id="word_123">evoluiu</word>
   <word id="word_124">de</word>
   <word id="word_125">forma</word>
   <word id="word_126">mais</word>
   <word id="word_127">desfavorável</word>
   <word id="word_128">que</word>
   <word id="word_129">em_</word>
   <word id="word_130">o</word>
   <word id="word_131">conjunto</word>
   <word id="word_132">de_</word>
   <word id="word_133">a</word>
   <word id="word_134">economia</word>
   <word id="word_135">portuguesa</word>
   <word id="word_136">,</word>
   <word id="word_137">passando</word>
   <word id="word_138">de</word>
   <word id="word_139">98,8</word>
   <word id="word_140">pontos</word>
   <word id="word_141">em</word>
   <word id="word_142">1984</word>
   <word id="word_143">para</word>
   <word id="word_144">95,7</word>
   <word id="word_145">.</word>
   <word id="word_146">Este</word>
   <word id="word_147">índice</word>
   <word id="word_148">foi</word>
   <word id="word_149">calculado</word>
   <word id="word_150">por_</word>
   <word id="word_151">a</word>
   <word id="word_152">ANEOP</word>
   <word id="word_153">tendo</word>
   <word id="word_154">por</word>
   <word id="word_155">base</word>
   <word id="word_156">o</word>
   <word id="word_157">ano</word>
   <word id="word_158">de</word>
   <word id="word_159">1982</word>
   <word id="word_160">.</word>
   <word id="word_161">A</word>
   <word id="word_162">associação</word>
   <word id="word_163">revela</word>
   <word id="word_164">ainda</word>
   <word id="word_165">que</word>
   <word id="word_166">a</word>
   <word id="word_167">produtividade</word>
   <word id="word_168">de_</word>
   <word id="word_169">o</word>
   <word id="word_170">trabalho</word>
   <word id="word_171">em_</word>
   <word id="word_172">o</word>
   <word id="word_173">sector</word>
   <word id="word_174">aumentou</word>
   <word id="word_175">1,9</word>
   <word id="word_176">por</word>
   <word id="word_177">cento</word>
   <word id="word_178">em</word>
   <word id="word_179">1985</word>
   <word id="word_180">,</word>
   <word id="word_181">último</word>
   <word id="word_182">ano</word>
   <word id="word_183">para</word>
   <word id="word_184">o</word>
   <word id="word_185">qual</word>
   <word id="word_186">se</word>
   <word id="word_187">dispõe</word>
   <word id="word_188">de</word>
   <word id="word_189">indicadores</word>
   <word id="word_190">estatísticos</word>
   <word id="word_191">,</word>
   <word id="word_192">contra</word>
   <word id="word_193">mais</word>
   <word id="word_194">de</word>
   <word id="word_195">4,1</word>
   <word id="word_196">por</word>
   <word id="word_197">cento</word>
   <word id="word_198">relativamente</word>
   <word id="word_199">a_</word>
   <word id="word_200">a</word>
   <word id="word_201">produtividade</word>
   <word id="word_202">média</word>
   <word id="word_203">em</word>
   <word id="word_204">Portugal</word>
   <word id="word_205">.</word>
   <word id="word_206">Em_</word>
   <word id="word_207">o</word>
   <word id="word_208">sector</word>
   <word id="word_209">de_</word>
   <word id="word_210">a</word>
   <word id="word_211">construção</word>
   <word id="word_212">civil</word>
   <word id="word_213">a</word>
   <word id="word_214">produtividade</word>
   <word id="word_215">de_</word>
   <word id="word_216">o</word>
   <word id="word_217">trabalho</word>
   <word id="word_218">em</word>
   <word id="word_219">1983</word>
   <word id="word_220">aumentou</word>
   <word id="word_221">dois</word>
   <word id="word_222">por</word>
   <word id="word_223">cento</word>
   <word id="word_224">,</word>
   <word id="word_225">(</word>
   <word id="word_226">contra</word>
   <word id="word_227">um</word>
   <word id="word_228">decréscimo</word>
   <word id="word_229">de</word>
   <word id="word_230">5,3</word>
   <word id="word_231">por</word>
   <word id="word_232">cento</word>
   <word id="word_233">de_</word>
   <word id="word_234">a</word>
   <word id="word_235">produtividade</word>
   <word id="word_236">de_</word>
   <word id="word_237">o</word>
   <word id="word_238">país</word>
   <word id="word_239">)</word>
   <word id="word_240">e</word>
   <word id="word_241">,</word>
   <word id="word_242">em</word>
   <word id="word_243">1984</word>
   <word id="word_244">registou</word>
   <word id="word_245">em</word>
   <word id="word_246">acréscimo</word>
   <word id="word_247">de</word>
   <word id="word_248">7,9</word>
   <word id="word_249">por</word>
   <word id="word_250">cento</word>
   <word id="word_251">(</word>
   <word id="word_252">contra</word>
   <word id="word_253">0,2</word>
   <word id="word_254">por</word>
   <word id="word_255">cento</word>
   <word id="word_256">)</word>
   <word id="word_257">.</word>
   <word id="word_258">O</word>
   <word id="word_259">documento</word>
   <word id="word_260">analisa</word>
   <word id="word_261">a</word>
   <word id="word_262">competitividade</word>
   <word id="word_263">de_</word>
   <word id="word_264">os</word>
   <word id="word_265">salários</word>
   <word id="word_266">reais</word>
   <word id="word_267">em_</word>
   <word id="word_268">o</word>
   <word id="word_269">sector</word>
   <word id="word_270">de_</word>
   <word id="word_271">a</word>
   <word id="word_272">construção</word>
   <word id="word_273">,</word>
   <word id="word_274">referindo</word>
   <word id="word_275">que</word>
   <word id="word_276">em_</word>
   <word id="word_277">os</word>
   <word id="word_278">últimos</word>
   <word id="word_279">anos</word>
   <word id="word_280">o</word>
   <word id="word_281">seu</word>
   <word id="word_282">nível</word>
   <word id="word_283">tem</word>
   <word id="word_284">vindo</word>
   <word id="word_285">a</word>
   <word id="word_286">baixar</word>
   <word id="word_287">,</word>
   <word id="word_288">tendência</word>
   <word id="word_289">que</word>
   <word id="word_290">foi</word>
   <word id="word_291">invertida</word>
   <word id="word_292">em</word>
   <word id="word_293">1986</word>
   <word id="word_294">e</word>
   <word id="word_295">1987</word>
   <word id="word_296">.</word>
   <word id="word_297">Reportando</word>
   <word id="word_298">-se</word>
   <word id="word_299">a_</word>
   <word id="word_300">o</word>
   <word id="word_301">período</word>
   <word id="word_302">de</word>
   <word id="word_303">crise</word>
   <word id="word_304">em_</word>
   <word id="word_305">a</word>
   <word id="word_306">construção</word>
   <word id="word_307">civil</word>
   <word id="word_308">,</word>
   <word id="word_309">a</word>
   <word id="word_310">ANEOP</word>
   <word id="word_311">considera</word>
   <word id="word_312">que</word>
   <word id="word_313">os</word>
   <word id="word_314">trabalhadores</word>
   <word id="word_315">de_</word>
   <word id="word_316">o</word>
   <word id="word_317">sector</word>
   <word id="word_318">,</word>
   <word id="word_319">foram</word>
   <word id="word_320">ainda</word>
   <word id="word_321">,</word>
   <word id="word_322">apesar</word>
   <word id="word_323">de</word>
   <word id="word_324">tudo</word>
   <word id="word_325">,</word>
   <word id="word_326">relativamente</word>
   <word id="word_327">privilegiados</word>
   <word id="word_328">.</word>
   <word id="word_329">Em_</word>
   <word id="word_330">o</word>
   <word id="word_331">final</word>
   <word id="word_332">de</word>
   <word id="word_333">1985</word>
   <word id="word_334">,</word>
   <word id="word_335">o</word>
   <word id="word_336">poder</word>
   <word id="word_337">de</word>
   <word id="word_338">compra</word>
   <word id="word_339">de_</word>
   <word id="word_340">os</word>
   <word id="word_341">trabalhadores</word>
   <word id="word_342">desceu</word>
   <word id="word_343">6,4</word>
   <word id="word_344">por</word>
   <word id="word_345">cento</word>
   <word id="word_346">,</word>
   <word id="word_347">quando</word>
   <word id="word_348">comparado</word>
   <word id="word_349">com</word>
   <word id="word_350">1980</word>
   <word id="word_351">,</word>
   <word id="word_352">enquanto</word>
   <word id="word_353">os</word>
   <word id="word_354">trabalhadores</word>
   <word id="word_355">de_</word>
   <word id="word_356">a</word>
   <word id="word_357">indústria</word>
   <word id="word_358">transformadora</word>
   <word id="word_359">,</word>
   <word id="word_360">em_</word>
   <word id="word_361">o</word>
   <word id="word_362">mesmo</word>
   <word id="word_363">período</word>
   <word id="word_364">,</word>
   <word id="word_365">perderam</word>
   <word id="word_366">15,4</word>
   <word id="word_367">por</word>
   <word id="word_368">cento</word>
   <word id="word_369">de_</word>
   <word id="word_370">o</word>
   <word id="word_371">seu</word>
   <word id="word_372">poder</word>
   <word id="word_373">aquisitivo</word>
   <word id="word_374">.</word>
</words>
