<?xml version="1.0" encoding="UTF-8"?>
<!DOCTYPE words SYSTEM "words.dtd">
<words>
   <word id="word_1">Espalhou</word>
   <word id="word_2">,</word>
   <word id="word_3">cuidadosamente</word>
   <word id="word_4">,</word>
   <word id="word_5">o</word>
   <word id="word_6">tabaco</word>
   <word id="word_7">sobre</word>
   <word id="word_8">a</word>
   <word id="word_9">mortalha</word>
   <word id="word_10">de</word>
   <word id="word_11">papel</word>
   <word id="word_12">,</word>
   <word id="word_13">em_</word>
   <word id="word_14">um</word>
   <word id="word_15">gesto</word>
   <word id="word_16">milhentas</word>
   <word id="word_17">vezes</word>
   <word id="word_18">repetido</word>
   <word id="word_19">,</word>
   <word id="word_20">e</word>
   <word id="word_21">enrolou</word>
   <word id="word_22">o</word>
   <word id="word_23">cigarro</word>
   <word id="word_24">,</word>
   <word id="word_25">com</word>
   <word id="word_26">uma</word>
   <word id="word_27">ciência</word>
   <word id="word_28">dir-CL-ia</word>
   <word id="word_29">-se</word>
   <word id="word_30">milenar</word>
   <word id="word_31">.</word>
   <word id="word_32">Depois</word>
   <word id="word_33">,</word>
   <word id="word_34">lambeu</word>
   <word id="word_35">o</word>
   <word id="word_36">bordo</word>
   <word id="word_37">gomado</word>
   <word id="word_38">,</word>
   <word id="word_39">colou</word>
   <word id="word_40">-o</word>
   <word id="word_41">com</word>
   <word id="word_42">pequenos</word>
   <word id="word_43">apertos</word>
   <word id="word_44">de</word>
   <word id="word_45">dedo</word>
   <word id="word_46">,</word>
   <word id="word_47">e</word>
   <word id="word_48">remirou</word>
   <word id="word_49">,</word>
   <word id="word_50">com</word>
   <word id="word_51">ar</word>
   <word id="word_52">apreciador</word>
   <word id="word_53">,</word>
   <word id="word_54">a</word>
   <word id="word_55">obra</word>
   <word id="word_56">concluída</word>
   <word id="word_57">.</word>
   <word id="word_58">Aquilo</word>
   <word id="word_59">sim</word>
   <word id="word_60">,</word>
   <word id="word_61">aquilo</word>
   <word id="word_62">era</word>
   <word id="word_63">um</word>
   <word id="word_64">fumante</word>
   <word id="word_65">,</word>
   <word id="word_66">nada</word>
   <word id="word_67">de_</word>
   <word id="word_68">essas</word>
   <word id="word_69">coisas</word>
   <word id="word_70">novas</word>
   <word id="word_71">,</word>
   <word id="word_72">laites</word>
   <word id="word_73">e</word>
   <word id="word_74">extra-longos</word>
   <word id="word_75">,</word>
   <word id="word_76">pendurados</word>
   <word id="word_77">em</word>
   <word id="word_78">filtros</word>
   <word id="word_79">complicadíssimos</word>
   <word id="word_80">,</word>
   <word id="word_81">com</word>
   <word id="word_82">bolinhas</word>
   <word id="word_83">de</word>
   <word id="word_84">carvão</word>
   <word id="word_85">e</word>
   <word id="word_86">sintéticos</word>
   <word id="word_87">a_</word>
   <word id="word_88">a</word>
   <word id="word_89">mistura</word>
   <word id="word_90">.</word>
   <word id="word_91">de_</word>
   <word id="word_92">o</word>
   <word id="word_93">outro</word>
   <word id="word_94">lado</word>
   <word id="word_95">de_</word>
   <word id="word_96">o</word>
   <word id="word_97">rio</word>
   <word id="word_98">vinha</word>
   <word id="word_99">um</word>
   <word id="word_100">novelo</word>
   <word id="word_101">gigante</word>
   <word id="word_102">de</word>
   <word id="word_103">nuvens</word>
   <word id="word_104">negras</word>
   <word id="word_105">,</word>
   <word id="word_106">acastelando</word>
   <word id="word_107">-se</word>
   <word id="word_108">,</word>
   <word id="word_109">preságio</word>
   <word id="word_110">de</word>
   <word id="word_111">tormenta-de-fim-de-Verão</word>
   <word id="word_112">,</word>
   <word id="word_113">e</word>
   <word id="word_114">dois</word>
   <word id="word_115">catraios</word>
   <word id="word_116">,</word>
   <word id="word_117">sentados</word>
   <word id="word_118">em_</word>
   <word id="word_119">a</word>
   <word id="word_120">beira</word>
   <word id="word_121">de_</word>
   <word id="word_122">o</word>
   <word id="word_123">cais</word>
   <word id="word_124">,</word>
   <word id="word_125">desfolhavam</word>
   <word id="word_126">,</word>
   <word id="word_127">avidamente</word>
   <word id="word_128">,</word>
   <word id="word_129">revistas</word>
   <word id="word_130">de</word>
   <word id="word_131">banda</word>
   <word id="word_132">desenhada</word>
   <word id="word_133">,</word>
   <word id="word_134">que</word>
   <word id="word_135">retiravam</word>
   <word id="word_136">de</word>
   <word id="word_137">um</word>
   <word id="word_138">montão</word>
   <word id="word_139">de_</word>
   <word id="word_140">elas</word>
   <word id="word_141">que</word>
   <word id="word_142">tinham</word>
   <word id="word_143">de_</word>
   <word id="word_144">o</word>
   <word id="word_145">lado</word>
   <word id="word_146">.</word>
   <word id="word_147">Era</word>
   <word id="word_148">bom</word>
   <word id="word_149">ser</word>
   <word id="word_150">miúdo</word>
   <word id="word_151">,</word>
   <word id="word_152">lembrava</word>
   <word id="word_153">-se</word>
   <word id="word_154">ainda</word>
   <word id="word_155">de</word>
   <word id="word_156">que</word>
   <word id="word_157">era</word>
   <word id="word_158">bom</word>
   <word id="word_159">,</word>
   <word id="word_160">não</word>
   <word id="word_161">se</word>
   <word id="word_162">lembrava</word>
   <word id="word_163">exactamente</word>
   <word id="word_164">de</word>
   <word id="word_165">como</word>
   <word id="word_166">fora</word>
   <word id="word_167">miúdo</word>
   <word id="word_168">,</word>
   <word id="word_169">tinha</word>
   <word id="word_170">um</word>
   <word id="word_171">vago</word>
   <word id="word_172">recordar</word>
   <word id="word_173">,</word>
   <word id="word_174">sem</word>
   <word id="word_175">fronteiras</word>
   <word id="word_176">definidas</word>
   <word id="word_177">,</word>
   <word id="word_178">de</word>
   <word id="word_179">uma</word>
   <word id="word_180">vassoura</word>
   <word id="word_181">tremendamente</word>
   <word id="word_182">grande</word>
   <word id="word_183">para</word>
   <word id="word_184">varrer</word>
   <word id="word_185">a</word>
   <word id="word_186">carvoaria</word>
   <word id="word_187">de_</word>
   <word id="word_188">o</word>
   <word id="word_189">Lopes</word>
   <word id="word_190">e</word>
   <word id="word_191">de</word>
   <word id="word_192">um</word>
   <word id="word_193">pião</word>
   <word id="word_194">de</word>
   <word id="word_195">bico</word>
   <word id="word_196">rombo</word>
   <word id="word_197">com</word>
   <word id="word_198">que</word>
   <word id="word_199">jogava</word>
   <word id="word_200">a_</word>
   <word id="word_201">a</word>
   <word id="word_202">descasca</word>
   <word id="word_203">.</word>
   <word id="word_204">Mais</word>
   <word id="word_205">de_</word>
   <word id="word_206">o</word>
   <word id="word_207">que</word>
   <word id="word_208">isso</word>
   <word id="word_209">...</word>
   <word id="word_210">Essa</word>
   <word id="word_211">era</word>
   <word id="word_212">a</word>
   <word id="word_213">grande</word>
   <word id="word_214">diferença</word>
   <word id="word_215">,</word>
   <word id="word_216">de</word>
   <word id="word_217">um</word>
   <word id="word_218">Tourais</word>
   <word id="word_219">alapado</word>
   <word id="word_220">entre</word>
   <word id="word_221">granitos</word>
   <word id="word_222">e</word>
   <word id="word_223">uma</word>
   <word id="word_224">Lisboa</word>
   <word id="word_225">desbotada</word>
   <word id="word_226">e</word>
   <word id="word_227">paralelipipédica</word>
   <word id="word_228">.</word>
   <word id="word_229">Essa</word>
   <word id="word_230">era</word>
   <word id="word_231">a</word>
   <word id="word_232">grande</word>
   <word id="word_233">diferença</word>
   <word id="word_234">.</word>
   <word id="word_235">Um</word>
   <word id="word_236">pião</word>
   <word id="word_237">rombo</word>
   <word id="word_238">,</word>
   <word id="word_239">que</word>
   <word id="word_240">as</word>
   <word id="word_241">vassouras</word>
   <word id="word_242">são</word>
   <word id="word_243">sempre</word>
   <word id="word_244">opressivamente</word>
   <word id="word_245">iguais</word>
   <word id="word_246">,</word>
   <word id="word_247">omnipresentes</word>
   <word id="word_248">,</word>
   <word id="word_249">misturas</word>
   <word id="word_250">de</word>
   <word id="word_251">gaivotas</word>
   <word id="word_252">e</word>
   <word id="word_253">piaçaba</word>
   <word id="word_254">,</word>
   <word id="word_255">de</word>
   <word id="word_256">risca</word>
   <word id="word_257">a_</word>
   <word id="word_258">o</word>
   <word id="word_259">meio</word>
   <word id="word_260">,</word>
   <word id="word_261">insossas</word>
   <word id="word_262">,</word>
   <word id="word_263">esgrouviadas</word>
   <word id="word_264">.</word>
   <word id="word_265">Riscou</word>
   <word id="word_266">um</word>
   <word id="word_267">fósforo</word>
   <word id="word_268">e</word>
   <word id="word_269">acendeu</word>
   <word id="word_270">o</word>
   <word id="word_271">cigarro</word>
   <word id="word_272">.</word>
   <word id="word_273">Um</word>
   <word id="word_274">hausto</word>
   <word id="word_275">longo</word>
   <word id="word_276">,</word>
   <word id="word_277">até</word>
   <word id="word_278">a_</word>
   <word id="word_279">o</word>
   <word id="word_280">fundo</word>
   <word id="word_281">de_</word>
   <word id="word_282">a</word>
   <word id="word_283">caixa</word>
   <word id="word_284">de_</word>
   <word id="word_285">o</word>
   <word id="word_286">peito</word>
   <word id="word_287">,</word>
   <word id="word_288">eram</word>
   <word id="word_289">horas</word>
   <word id="word_290">de</word>
   <word id="word_291">se</word>
   <word id="word_292">ir</word>
   <word id="word_293">chegando</word>
   <word id="word_294">até</word>
   <word id="word_295">a_</word>
   <word id="word_296">o</word>
   <word id="word_297">hospício</word>
   <word id="word_298">,</word>
   <word id="word_299">Marvila</word>
   <word id="word_300">não</word>
   <word id="word_301">estava</word>
   <word id="word_302">propriamente</word>
   <word id="word_303">a_</word>
   <word id="word_304">o</word>
   <word id="word_305">pé</word>
   <word id="word_306">de_</word>
   <word id="word_307">a</word>
   <word id="word_308">porta</word>
   <word id="word_309">.</word>
   <word id="word_310">O</word>
   <word id="word_311">cigarrito</word>
   <word id="word_312">era</word>
   <word id="word_313">uma</word>
   <word id="word_314">consolação</word>
   <word id="word_315">,</word>
   <word id="word_316">pouca</word>
   <word id="word_317">,</word>
   <word id="word_318">mas</word>
   <word id="word_319">mesmo</word>
   <word id="word_320">assim</word>
   <word id="word_321">.</word>
   <word id="word_322">Tossicou</word>
   <word id="word_323">.</word>
   <word id="word_324">Em_</word>
   <word id="word_325">os</word>
   <word id="word_326">últimos</word>
   <word id="word_327">tempos</word>
   <word id="word_328">,</word>
   <word id="word_329">aquele</word>
   <word id="word_330">pigarro</word>
   <word id="word_331">matinal</word>
   <word id="word_332">persistia</word>
   <word id="word_333">por_</word>
   <word id="word_334">o</word>
   <word id="word_335">dia</word>
   <word id="word_336">fora</word>
   <word id="word_337">,</word>
   <word id="word_338">não</word>
   <word id="word_339">o</word>
   <word id="word_340">abandonava</word>
   <word id="word_341">a_</word>
   <word id="word_342">a</word>
   <word id="word_343">noite</word>
   <word id="word_344">,</word>
   <word id="word_345">talvez</word>
   <word id="word_346">aquele</word>
   <word id="word_347">senhor</word>
   <word id="word_348">doutor</word>
   <word id="word_349">de</word>
   <word id="word_350">laço</word>
   <word id="word_351">que</word>
   <word id="word_352">falava</word>
   <word id="word_353">em_</word>
   <word id="word_354">a</word>
   <word id="word_355">televisão</word>
   <word id="word_356">e</word>
   <word id="word_357">escrevia</word>
   <word id="word_358">em_</word>
   <word id="word_359">o</word>
   <word id="word_360">Notícias</word>
   <word id="word_361">tivesse</word>
   <word id="word_362">razão</word>
   <word id="word_363">.</word>
   <word id="word_364">Mas</word>
   <word id="word_365">,</word>
   <word id="word_366">cos</word>
   <word id="word_367">diabos</word>
   <word id="word_368">,</word>
   <word id="word_369">se</word>
   <word id="word_370">não</word>
   <word id="word_371">tinha</word>
   <word id="word_372">mais</word>
   <word id="word_373">vício</word>
   <word id="word_374">nenhum</word>
   <word id="word_375">,</word>
   <word id="word_376">apenas</word>
   <word id="word_377">o</word>
   <word id="word_378">de_</word>
   <word id="word_379">a</word>
   <word id="word_380">beata</word>
   <word id="word_381">pendurada</word>
   <word id="word_382">em_</word>
   <word id="word_383">o</word>
   <word id="word_384">canto</word>
   <word id="word_385">de_</word>
   <word id="word_386">o</word>
   <word id="word_387">lábio</word>
   <word id="word_388">ressequido</word>
   <word id="word_389">.</word>
   <word id="word_390">Foi</word>
   <word id="word_391">a_</word>
   <word id="word_392">o</word>
   <word id="word_393">atravessar</word>
   <word id="word_394">a</word>
   <word id="word_395">rua</word>
   <word id="word_396">que</word>
   <word id="word_397">o</word>
   <word id="word_398">autocarro</word>
   <word id="word_399">o</word>
   <word id="word_400">apanhou</word>
   <word id="word_401">,</word>
   <word id="word_402">um</word>
   <word id="word_403">laranja</word>
   <word id="word_404">sem</word>
   <word id="word_405">sabor</word>
   <word id="word_406">especial</word>
   <word id="word_407">,</word>
   <word id="word_408">resfolegante</word>
   <word id="word_409">,</word>
   <word id="word_410">silencioso</word>
   <word id="word_411">.</word>
   <word id="word_412">Não</word>
   <word id="word_413">lhe</word>
   <word id="word_414">deve</word>
   <word id="word_415">ter</word>
   <word id="word_416">custado</word>
   <word id="word_417">muito</word>
   <word id="word_418">,</word>
   <word id="word_419">nada</word>
   <word id="word_420">mesmo</word>
   <word id="word_421">,</word>
   <word id="word_422">não</word>
   <word id="word_423">se</word>
   <word id="word_424">apercebeu</word>
   <word id="word_425">,</word>
   <word id="word_426">ficou</word>
   <word id="word_427">um</word>
   <word id="word_428">santinho</word>
   <word id="word_429">,</word>
   <word id="word_430">enrodilhado</word>
   <word id="word_431">e</word>
   <word id="word_432">apagado</word>
   <word id="word_433">.</word>
   <word id="word_434">Como</word>
   <word id="word_435">o</word>
   <word id="word_436">cigarro</word>
   <word id="word_437">.</word>
   <word id="word_438">Um</word>
   <word id="word_439">laranja</word>
   <word id="word_440">que</word>
   <word id="word_441">trazia</word>
   <word id="word_442">estampado</word>
   <word id="word_443">em</word>
   <word id="word_444">letras</word>
   <word id="word_445">garrafais</word>
   <word id="word_446">um</word>
   <word id="word_447">anúncio</word>
   <word id="word_448">de</word>
   <word id="word_449">uma</word>
   <word id="word_450">qualquer</word>
   <word id="word_451">marca</word>
   <word id="word_452">de</word>
   <word id="word_453">cigarros</word>
   <word id="word_454">.</word>
   <word id="word_455">Com</word>
   <word id="word_456">a</word>
   <word id="word_457">menção</word>
   <word id="word_458">preventiva</word>
   <word id="word_459">e</word>
   <word id="word_460">obrigatória</word>
   <word id="word_461">:</word>
   <word id="word_462">"</word>
   <word id="word_463">O</word>
   <word id="word_464">Governo</word>
   <word id="word_465">adverte</word>
   <word id="word_466">que</word>
   <word id="word_467">o</word>
   <word id="word_468">uso</word>
   <word id="word_469">de_</word>
   <word id="word_470">o</word>
   <word id="word_471">tabaco</word>
   <word id="word_472">pode</word>
   <word id="word_473">prejudicar</word>
   <word id="word_474">a</word>
   <word id="word_475">saúde</word>
   <word id="word_476">.</word>
   <word id="word_477">"</word>
</words>
