<?xml version="1.0" encoding="UTF-8"?>
<!DOCTYPE words SYSTEM "words.dtd">
<words>
   <word id="word_1">A</word>
   <word id="word_2">REVELAÇÃO</word>
   <word id="word_3">foi</word>
   <word id="word_4">feita</word>
   <word id="word_5">já</word>
   <word id="word_6">a_</word>
   <word id="word_7">a</word>
   <word id="word_8">hora</word>
   <word id="word_9">de_</word>
   <word id="word_10">o</word>
   <word id="word_11">almoço</word>
   <word id="word_12">por</word>
   <word id="word_13">um</word>
   <word id="word_14">responsável</word>
   <word id="word_15">de_</word>
   <word id="word_16">a</word>
   <word id="word_17">cooperativa</word>
   <word id="word_18">,</word>
   <word id="word_19">o</word>
   <word id="word_20">sr.</word>
   <word id="word_21">Luís</word>
   <word id="word_22">,</word>
   <word id="word_23">como</word>
   <word id="word_24">respeitosamente</word>
   <word id="word_25">o</word>
   <word id="word_26">tratam</word>
   <word id="word_27">,</word>
   <word id="word_28">que</word>
   <word id="word_29">durante</word>
   <word id="word_30">grande</word>
   <word id="word_31">parte</word>
   <word id="word_32">de_</word>
   <word id="word_33">a</word>
   <word id="word_34">manhã</word>
   <word id="word_35">fez</word>
   <word id="word_36">um</word>
   <word id="word_37">relato</word>
   <word id="word_38">de_</word>
   <word id="word_39">os</word>
   <word id="word_40">problemas</word>
   <word id="word_41">com</word>
   <word id="word_42">que</word>
   <word id="word_43">os</word>
   <word id="word_44">trabalhadores</word>
   <word id="word_45">se</word>
   <word id="word_46">defrontam</word>
   <word id="word_47">.</word>
   <word id="word_48">A</word>
   <word id="word_49">ausência</word>
   <word id="word_50">de</word>
   <word id="word_51">qualquer</word>
   <word id="word_52">vínculo</word>
   <word id="word_53">jurídico</word>
   <word id="word_54">a_</word>
   <word id="word_55">a</word>
   <word id="word_56">terra</word>
   <word id="word_57">que</word>
   <word id="word_58">culitvam</word>
   <word id="word_59">,</word>
   <word id="word_60">a</word>
   <word id="word_61">falta</word>
   <word id="word_62">de</word>
   <word id="word_63">apoios</word>
   <word id="word_64">financeiros</word>
   <word id="word_65">,</word>
   <word id="word_66">a</word>
   <word id="word_67">multiplicação</word>
   <word id="word_68">de</word>
   <word id="word_69">reservas</word>
   <word id="word_70">sem</word>
   <word id="word_71">contrapartidas</word>
   <word id="word_72">financeiras</word>
   <word id="word_73">por_</word>
   <word id="word_74">os</word>
   <word id="word_75">benefícios</word>
   <word id="word_76">realizados</word>
   <word id="word_77">,</word>
   <word id="word_78">tudo</word>
   <word id="word_79">sob</word>
   <word id="word_80">um</word>
   <word id="word_81">pano</word>
   <word id="word_82">de</word>
   <word id="word_83">fundo</word>
   <word id="word_84">de</word>
   <word id="word_85">desemprego</word>
   <word id="word_86">crescente</word>
   <word id="word_87">,</word>
   <word id="word_88">constituiu</word>
   <word id="word_89">o</word>
   <word id="word_90">"</word>
   <word id="word_91">quadro</word>
   <word id="word_92">negro</word>
   <word id="word_93">"</word>
   <word id="word_94">que</word>
   <word id="word_95">foi</word>
   <word id="word_96">traçado</word>
   <word id="word_97">.</word>
   <word id="word_98">"</word>
   <word id="word_99">Um</word>
   <word id="word_100">Estado</word>
   <word id="word_101">de</word>
   <word id="word_102">direito</word>
   <word id="word_103">não</word>
   <word id="word_104">pode</word>
   <word id="word_105">admitir</word>
   <word id="word_106">situações</word>
   <word id="word_107">de_</word>
   <word id="word_108">estas</word>
   <word id="word_109">"</word>
   <word id="word_110">,</word>
   <word id="word_111">diria</word>
   <word id="word_112">Ramalho</word>
   <word id="word_113">Eanes</word>
   <word id="word_114">depois</word>
   <word id="word_115">de</word>
   <word id="word_116">ouvir</word>
   <word id="word_117">a</word>
   <word id="word_118">minuciosa</word>
   <word id="word_119">exposição</word>
   <word id="word_120">.</word>
   <word id="word_121">Em_</word>
   <word id="word_122">o</word>
   <word id="word_123">entender</word>
   <word id="word_124">de_</word>
   <word id="word_125">o</word>
   <word id="word_126">presidente</word>
   <word id="word_127">de_</word>
   <word id="word_128">os</word>
   <word id="word_129">renovadores</word>
   <word id="word_130">democráticos</word>
   <word id="word_131">,</word>
   <word id="word_132">compete</word>
   <word id="word_133">a_</word>
   <word id="word_134">o</word>
   <word id="word_135">Estado</word>
   <word id="word_136">proporcionar</word>
   <word id="word_137">"</word>
   <word id="word_138">segurança</word>
   <word id="word_139">e</word>
   <word id="word_140">justiça</word>
   <word id="word_141">"</word>
   <word id="word_142">,</word>
   <word id="word_143">condições</word>
   <word id="word_144">"</word>
   <word id="word_145">indispensáveis</word>
   <word id="word_146">a_</word>
   <word id="word_147">o</word>
   <word id="word_148">bem-estar</word>
   <word id="word_149">"</word>
   <word id="word_150">.</word>
   <word id="word_151">em_</word>
   <word id="word_152">esse</word>
   <word id="word_153">sentido</word>
   <word id="word_154">,</word>
   <word id="word_155">defendeu</word>
   <word id="word_156">como</word>
   <word id="word_157">prioridade</word>
   <word id="word_158">a</word>
   <word id="word_159">concessão</word>
   <word id="word_160">de</word>
   <word id="word_161">um</word>
   <word id="word_162">contrato</word>
   <word id="word_163">de</word>
   <word id="word_164">arrendamento</word>
   <word id="word_165">a_</word>
   <word id="word_166">as</word>
   <word id="word_167">cooperativas</word>
   <word id="word_168">,</word>
   <word id="word_169">o</word>
   <word id="word_170">que</word>
   <word id="word_171">em_</word>
   <word id="word_172">a</word>
   <word id="word_173">sua</word>
   <word id="word_174">opinião</word>
   <word id="word_175">,</word>
   <word id="word_176">promoveria</word>
   <word id="word_177">um</word>
   <word id="word_178">maior</word>
   <word id="word_179">"</word>
   <word id="word_180">empenhamento</word>
   <word id="word_181">"</word>
   <word id="word_182">de_</word>
   <word id="word_183">os</word>
   <word id="word_184">trabalhadores</word>
   <word id="word_185">com</word>
   <word id="word_186">um</word>
   <word id="word_187">consequente</word>
   <word id="word_188">aumento</word>
   <word id="word_189">de_</word>
   <word id="word_190">a</word>
   <word id="word_191">riqueza</word>
   <word id="word_192">individual</word>
   <word id="word_193">e</word>
   <word id="word_194">colectiva</word>
   <word id="word_195">.</word>
   <word id="word_196">em_</word>
   <word id="word_197">uma</word>
   <word id="word_198">área</word>
   <word id="word_199">de</word>
   <word id="word_200">forte</word>
   <word id="word_201">implantação</word>
   <word id="word_202">de_</word>
   <word id="word_203">a</word>
   <word id="word_204">APU</word>
   <word id="word_205">,</word>
   <word id="word_206">Eanes</word>
   <word id="word_207">falou</word>
   <word id="word_208">apenas</word>
   <word id="word_209">uma</word>
   <word id="word_210">vez</word>
   <word id="word_211">de_</word>
   <word id="word_212">o</word>
   <word id="word_213">PRD</word>
   <word id="word_214">(</word>
   <word id="word_215">de</word>
   <word id="word_216">forma</word>
   <word id="word_217">deliberada</word>
   <word id="word_218">,</word>
   <word id="word_219">conforme</word>
   <word id="word_220">esclareceu</word>
   <word id="word_221">)</word>
   <word id="word_222">e</word>
   <word id="word_223">para</word>
   <word id="word_224">sublinhar</word>
   <word id="word_225">que</word>
   <word id="word_226">o</word>
   <word id="word_227">seu</word>
   <word id="word_228">partido</word>
   <word id="word_229">olha</word>
   <word id="word_230">os</word>
   <word id="word_231">problemas</word>
   <word id="word_232">em_</word>
   <word id="word_233">uma</word>
   <word id="word_234">"</word>
   <word id="word_235">perspectiva</word>
   <word id="word_236">eminentemente</word>
   <word id="word_237">nacional</word>
   <word id="word_238">e</word>
   <word id="word_239">marcadamente</word>
   <word id="word_240">patriótica</word>
   <word id="word_241">"</word>
   <word id="word_242">,</word>
   <word id="word_243">o</word>
   <word id="word_244">que</word>
   <word id="word_245">em_</word>
   <word id="word_246">a</word>
   <word id="word_247">zona</word>
   <word id="word_248">de_</word>
   <word id="word_249">a</word>
   <word id="word_250">reforma</word>
   <word id="word_251">agrária</word>
   <word id="word_252">se</word>
   <word id="word_253">traduz</word>
   <word id="word_254">por_</word>
   <word id="word_255">a</word>
   <word id="word_256">criação</word>
   <word id="word_257">de</word>
   <word id="word_258">condições</word>
   <word id="word_259">para</word>
   <word id="word_260">um</word>
   <word id="word_261">aumento</word>
   <word id="word_262">de</word>
   <word id="word_263">produtividade</word>
   <word id="word_264">,</word>
   <word id="word_265">de_</word>
   <word id="word_266">a</word>
   <word id="word_267">qual</word>
   <word id="word_268">resulte</word>
   <word id="word_269">uma</word>
   <word id="word_270">"</word>
   <word id="word_271">menor</word>
   <word id="word_272">dependência</word>
   <word id="word_273">de_</word>
   <word id="word_274">o</word>
   <word id="word_275">exterior</word>
   <word id="word_276">"</word>
   <word id="word_277">.</word>
   <word id="word_278">Ramalho</word>
   <word id="word_279">Eanes</word>
   <word id="word_280">não</word>
   <word id="word_281">falou</word>
   <word id="word_282">explicitamente</word>
   <word id="word_283">de_</word>
   <word id="word_284">a</word>
   <word id="word_285">reorganização</word>
   <word id="word_286">de_</word>
   <word id="word_287">o</word>
   <word id="word_288">sector</word>
   <word id="word_289">agrícola</word>
   <word id="word_290">,</word>
   <word id="word_291">mas</word>
   <word id="word_292">deixou</word>
   <word id="word_293">um</word>
   <word id="word_294">subentendido</word>
   <word id="word_295">a_</word>
   <word id="word_296">o</word>
   <word id="word_297">declarar</word>
   <word id="word_298">que</word>
   <word id="word_299">a</word>
   <word id="word_300">manter</word>
   <word id="word_301">-se</word>
   <word id="word_302">o</word>
   <word id="word_303">actual</word>
   <word id="word_304">estado</word>
   <word id="word_305">de</word>
   <word id="word_306">coisas</word>
   <word id="word_307">em_</word>
   <word id="word_308">esta</word>
   <word id="word_309">área</word>
   <word id="word_310">sensível</word>
   <word id="word_311">,</word>
   <word id="word_312">"</word>
   <word id="word_313">Portugal</word>
   <word id="word_314">vai</word>
   <word id="word_315">entrar</word>
   <word id="word_316">menos</word>
   <word id="word_317">em_</word>
   <word id="word_318">a</word>
   <word id="word_319">CEE</word>
   <word id="word_320">e</word>
   <word id="word_321">a</word>
   <word id="word_322">CEE</word>
   <word id="word_323">vai</word>
   <word id="word_324">entrar</word>
   <word id="word_325">mais</word>
   <word id="word_326">em</word>
   <word id="word_327">Portugal</word>
   <word id="word_328">"</word>
   <word id="word_329">.</word>
   <word id="word_330">E</word>
   <word id="word_331">,</word>
   <word id="word_332">para</word>
   <word id="word_333">exprimir</word>
   <word id="word_334">a</word>
   <word id="word_335">ideia</word>
   <word id="word_336">de</word>
   <word id="word_337">que</word>
   <word id="word_338">não</word>
   <word id="word_339">entra</word>
   <word id="word_340">em_</word>
   <word id="word_341">a</word>
   <word id="word_342">"</word>
   <word id="word_343">demagogia</word>
   <word id="word_344">fácil</word>
   <word id="word_345">"</word>
   <word id="word_346">(</word>
   <word id="word_347">foi</word>
   <word id="word_348">assim</word>
   <word id="word_349">que</word>
   <word id="word_350">um</word>
   <word id="word_351">militante</word>
   <word id="word_352">de_</word>
   <word id="word_353">o</word>
   <word id="word_354">PRD</word>
   <word id="word_355">a</word>
   <word id="word_356">traduziu</word>
   <word id="word_357">)</word>
   <word id="word_358">,</word>
   <word id="word_359">de</word>
   <word id="word_360">exigir</word>
   <word id="word_361">que</word>
   <word id="word_362">se</word>
   <word id="word_363">faça</word>
   <word id="word_364">tudo</word>
   <word id="word_365">de</word>
   <word id="word_366">uma</word>
   <word id="word_367">só</word>
   <word id="word_368">vez</word>
   <word id="word_369">,</word>
   <word id="word_370">socorreu</word>
   <word id="word_371">-se</word>
   <word id="word_372">de</word>
   <word id="word_373">um</word>
   <word id="word_374">ditado</word>
   <word id="word_375">chinês</word>
   <word id="word_376">:</word>
   <word id="word_377">"</word>
   <word id="word_378">Quando</word>
   <word id="word_379">não</word>
   <word id="word_380">se</word>
   <word id="word_381">pode</word>
   <word id="word_382">varrer</word>
   <word id="word_383">a</word>
   <word id="word_384">rua</word>
   <word id="word_385">toda</word>
   <word id="word_386">,</word>
   <word id="word_387">varre</word>
   <word id="word_388">-se</word>
   <word id="word_389">a</word>
   <word id="word_390">parte</word>
   <word id="word_391">de_</word>
   <word id="word_392">a</word>
   <word id="word_393">rua</word>
   <word id="word_394">que</word>
   <word id="word_395">está</word>
   <word id="word_396">a_</word>
   <word id="word_397">a</word>
   <word id="word_398">frente</word>
   <word id="word_399">de_</word>
   <word id="word_400">a</word>
   <word id="word_401">nossa</word>
   <word id="word_402">porta</word>
   <word id="word_403">"</word>
   <word id="word_404">.</word>
   <word id="word_405">E</word>
   <word id="word_406">-</word>
   <word id="word_407">acrescentou</word>
   <word id="word_408">-</word>
   <word id="word_409">como</word>
   <word id="word_410">o</word>
   <word id="word_411">exemplo</word>
   <word id="word_412">muitas</word>
   <word id="word_413">vezes</word>
   <word id="word_414">frutifica</word>
   <word id="word_415">,</word>
   <word id="word_416">"</word>
   <word id="word_417">os</word>
   <word id="word_418">outros</word>
   <word id="word_419">começam</word>
   <word id="word_420">a</word>
   <word id="word_421">varrer</word>
   <word id="word_422">a</word>
   <word id="word_423">sua</word>
   <word id="word_424">porta</word>
   <word id="word_425">e</word>
   <word id="word_426">um</word>
   <word id="word_427">dia</word>
   <word id="word_428">está</word>
   <word id="word_429">a</word>
   <word id="word_430">rua</word>
   <word id="word_431">toda</word>
   <word id="word_432">varrida</word>
   <word id="word_433">...</word>
   <word id="word_434">"</word>
   <word id="word_435">A</word>
   <word id="word_436">deslocação</word>
   <word id="word_437">a</word>
   <word id="word_438">Valongo</word>
   <word id="word_439">constituiu</word>
   <word id="word_440">um</word>
   <word id="word_441">ponto</word>
   <word id="word_442">final</word>
   <word id="word_443">de_</word>
   <word id="word_444">a</word>
   <word id="word_445">presença</word>
   <word id="word_446">de</word>
   <word id="word_447">Eanes</word>
   <word id="word_448">em_</word>
   <word id="word_449">o</word>
   <word id="word_450">distrito</word>
   <word id="word_451">de</word>
   <word id="word_452">Portalegre</word>
   <word id="word_453">(</word>
   <word id="word_454">a</word>
   <word id="word_455">parte</word>
   <word id="word_456">de_</word>
   <word id="word_457">a</word>
   <word id="word_458">tarde</word>
   <word id="word_459">foi</word>
   <word id="word_460">dedicada</word>
   <word id="word_461">a</word>
   <word id="word_462">uma</word>
   <word id="word_463">reunião</word>
   <word id="word_464">com</word>
   <word id="word_465">as</word>
   <word id="word_466">estruturas</word>
   <word id="word_467">locais</word>
   <word id="word_468">de_</word>
   <word id="word_469">o</word>
   <word id="word_470">partido</word>
   <word id="word_471">)</word>
   <word id="word_472">.</word>
   <word id="word_473">Em_</word>
   <word id="word_474">o</word>
   <word id="word_475">dia</word>
   <word id="word_476">anterior</word>
   <word id="word_477">,</word>
   <word id="word_478">tinha</word>
   <word id="word_479">mantido</word>
   <word id="word_480">contactos</word>
   <word id="word_481">com</word>
   <word id="word_482">as</word>
   <word id="word_483">populações</word>
   <word id="word_484">de</word>
   <word id="word_485">Alpalhão</word>
   <word id="word_486">,</word>
   <word id="word_487">Gavião</word>
   <word id="word_488">e</word>
   <word id="word_489">Ponte</word>
   <word id="word_490">de</word>
   <word id="word_491">Sôr</word>
   <word id="word_492">,</word>
   <word id="word_493">todos</word>
   <word id="word_494">de</word>
   <word id="word_495">uma</word>
   <word id="word_496">"</word>
   <word id="word_497">forma</word>
   <word id="word_498">muito</word>
   <word id="word_499">discreta</word>
   <word id="word_500">,</word>
   <word id="word_501">porque</word>
   <word id="word_502">o</word>
   <word id="word_503">senhor</word>
   <word id="word_504">general</word>
   <word id="word_505">não</word>
   <word id="word_506">gosta</word>
   <word id="word_507">de</word>
   <word id="word_508">alarido</word>
   <word id="word_509">"</word>
   <word id="word_510">(</word>
   <word id="word_511">conforme</word>
   <word id="word_512">explicou</word>
   <word id="word_513">um</word>
   <word id="word_514">militante</word>
   <word id="word_515">de</word>
   <word id="word_516">Portalegre</word>
   <word id="word_517">)</word>
   <word id="word_518">.</word>
   <word id="word_519">De</word>
   <word id="word_520">facto</word>
   <word id="word_521">,</word>
   <word id="word_522">a</word>
   <word id="word_523">reduzida</word>
   <word id="word_524">comitiva</word>
   <word id="word_525">de</word>
   <word id="word_526">Eanes</word>
   <word id="word_527">(</word>
   <word id="word_528">de_</word>
   <word id="word_529">a</word>
   <word id="word_530">direcção</word>
   <word id="word_531">nacional</word>
   <word id="word_532">apenas</word>
   <word id="word_533">Hermínio</word>
   <word id="word_534">Martinho</word>
   <word id="word_535">o</word>
   <word id="word_536">acompanhava</word>
   <word id="word_537">)</word>
   <word id="word_538">deslocou</word>
   <word id="word_539">-se</word>
   <word id="word_540">sem</word>
   <word id="word_541">qualquer</word>
   <word id="word_542">carro</word>
   <word id="word_543">de</word>
   <word id="word_544">som</word>
   <word id="word_545">nem</word>
   <word id="word_546">cartazes</word>
   <word id="word_547">de</word>
   <word id="word_548">propaganda</word>
   <word id="word_549">e</word>
   <word id="word_550">,</word>
   <word id="word_551">quando</word>
   <word id="word_552">falou</word>
   <word id="word_553">,</word>
   <word id="word_554">Ramalho</word>
   <word id="word_555">Eanes</word>
   <word id="word_556">preocupou</word>
   <word id="word_557">-se</word>
   <word id="word_558">em</word>
   <word id="word_559">neutralizar</word>
   <word id="word_560">a</word>
   <word id="word_561">ideia</word>
   <word id="word_562">de</word>
   <word id="word_563">que</word>
   <word id="word_564">se</word>
   <word id="word_565">encontra</word>
   <word id="word_566">em</word>
   <word id="word_567">campanha</word>
   <word id="word_568">eleitoral</word>
   <word id="word_569">.</word>
   <word id="word_570">"</word>
   <word id="word_571">Estou</word>
   <word id="word_572">aqui</word>
   <word id="word_573">para</word>
   <word id="word_574">colher</word>
   <word id="word_575">intentos</word>
   <word id="word_576">,</word>
   <word id="word_577">para</word>
   <word id="word_578">fazer</word>
   <word id="word_579">um</word>
   <word id="word_580">estudo</word>
   <word id="word_581">de_</word>
   <word id="word_582">a</word>
   <word id="word_583">situação</word>
   <word id="word_584">,</word>
   <word id="word_585">afirmou</word>
   <word id="word_586">com</word>
   <word id="word_587">alguma</word>
   <word id="word_588">insistência</word>
   <word id="word_589">,</word>
   <word id="word_590">em_</word>
   <word id="word_591">o</word>
   <word id="word_592">que</word>
   <word id="word_593">pode</word>
   <word id="word_594">ser</word>
   <word id="word_595">considerada</word>
   <word id="word_596">uma</word>
   <word id="word_597">tentativa</word>
   <word id="word_598">de</word>
   <word id="word_599">afirmação</word>
   <word id="word_600">de</word>
   <word id="word_601">um</word>
   <word id="word_602">"</word>
   <word id="word_603">modo</word>
   <word id="word_604">diferente</word>
   <word id="word_605">de</word>
   <word id="word_606">estar</word>
   <word id="word_607">política</word>
   <word id="word_608">"</word>
   <word id="word_609">.</word>
   <word id="word_610">Por</word>
   <word id="word_611">acaso</word>
   <word id="word_612">,</word>
   <word id="word_613">ou</word>
   <word id="word_614">talvez</word>
   <word id="word_615">não</word>
   <word id="word_616">,</word>
   <word id="word_617">um</word>
   <word id="word_618">apoiante</word>
   <word id="word_619">renovador</word>
   <word id="word_620">democrático</word>
   <word id="word_621">ilustrava</word>
   <word id="word_622">o</word>
   <word id="word_623">objectivo</word>
   <word id="word_624">de</word>
   <word id="word_625">uma</word>
   <word id="word_626">maneira</word>
   <word id="word_627">frontal</word>
   <word id="word_628">:</word>
   <word id="word_629">"</word>
   <word id="word_630">Nós</word>
   <word id="word_631">cá</word>
   <word id="word_632">não</word>
   <word id="word_633">temos</word>
   <word id="word_634">bandas</word>
   <word id="word_635">nem</word>
   <word id="word_636">ranchos</word>
   <word id="word_637">folclóricos</word>
   <word id="word_638">nem</word>
   <word id="word_639">grandes</word>
   <word id="word_640">cartazes</word>
   <word id="word_641">de</word>
   <word id="word_642">propaganda</word>
   <word id="word_643">,</word>
   <word id="word_644">como</word>
   <word id="word_645">o</word>
   <word id="word_646">PS</word>
   <word id="word_647">.</word>
   <word id="word_648">Somos</word>
   <word id="word_649">diferentes</word>
   <word id="word_650">.</word>
   <word id="word_651">"</word>
</words>
