<?xml version="1.0" encoding="UTF-8"?>
<!DOCTYPE words SYSTEM "words.dtd">
<words>
   <word id="word_1">RESPONDENDO</word>
   <word id="word_2">a_</word>
   <word id="word_3">as</word>
   <word id="word_4">críticas</word>
   <word id="word_5">de_</word>
   <word id="word_6">a</word>
   <word id="word_7">oposição</word>
   <word id="word_8">parlamentar</word>
   <word id="word_9">sobre</word>
   <word id="word_10">a</word>
   <word id="word_11">deslocação</word>
   <word id="word_12">a</word>
   <word id="word_13">Banguecoque</word>
   <word id="word_14">,</word>
   <word id="word_15">o</word>
   <word id="word_16">chefe</word>
   <word id="word_17">de_</word>
   <word id="word_18">o</word>
   <word id="word_19">Governo</word>
   <word id="word_20">referiu</word>
   <word id="word_21">que</word>
   <word id="word_22">"</word>
   <word id="word_23">o</word>
   <word id="word_24">povo</word>
   <word id="word_25">português</word>
   <word id="word_26">sabe</word>
   <word id="word_27">que</word>
   <word id="word_28">o</word>
   <word id="word_29">que</word>
   <word id="word_30">foi</word>
   <word id="word_31">dito</word>
   <word id="word_32">não</word>
   <word id="word_33">joga</word>
   <word id="word_34">"</word>
   <word id="word_35">com</word>
   <word id="word_36">a</word>
   <word id="word_37">sua</word>
   <word id="word_38">pessoa</word>
   <word id="word_39">e</word>
   <word id="word_40">recordou</word>
   <word id="word_41">o</word>
   <word id="word_42">anterior</word>
   <word id="word_43">cancelamento</word>
   <word id="word_44">,</word>
   <word id="word_45">de</word>
   <word id="word_46">"</word>
   <word id="word_47">última</word>
   <word id="word_48">hora</word>
   <word id="word_49">"</word>
   <word id="word_50">,</word>
   <word id="word_51">de</word>
   <word id="word_52">uma</word>
   <word id="word_53">visita</word>
   <word id="word_54">a_</word>
   <word id="word_55">a</word>
   <word id="word_56">Tailândia</word>
   <word id="word_57">de_</word>
   <word id="word_58">o</word>
   <word id="word_59">então</word>
   <word id="word_60">primeiro-ministro</word>
   <word id="word_61">Mário</word>
   <word id="word_62">Soares</word>
   <word id="word_63">.</word>
   <word id="word_64">Falando</word>
   <word id="word_65">a_</word>
   <word id="word_66">os</word>
   <word id="word_67">jornalistas</word>
   <word id="word_68">em_</word>
   <word id="word_69">uma</word>
   <word id="word_70">conferência</word>
   <word id="word_71">de</word>
   <word id="word_72">Imprensa</word>
   <word id="word_73">realizada</word>
   <word id="word_74">em_</word>
   <word id="word_75">a</word>
   <word id="word_76">Embaixada</word>
   <word id="word_77">de</word>
   <word id="word_78">Portugal</word>
   <word id="word_79">,</word>
   <word id="word_80">Cavaco</word>
   <word id="word_81">e</word>
   <word id="word_82">Silva</word>
   <word id="word_83">contra-atacou</word>
   <word id="word_84">:</word>
   <word id="word_85">"</word>
   <word id="word_86">O</word>
   <word id="word_87">que</word>
   <word id="word_88">foi</word>
   <word id="word_89">dito</word>
   <word id="word_90">em_</word>
   <word id="word_91">a</word>
   <word id="word_92">Assembleia</word>
   <word id="word_93">não</word>
   <word id="word_94">me</word>
   <word id="word_95">preocupou</word>
   <word id="word_96">,</word>
   <word id="word_97">sabia</word>
   <word id="word_98">o</word>
   <word id="word_99">interesse</word>
   <word id="word_100">e</word>
   <word id="word_101">a</word>
   <word id="word_102">conveniência</word>
   <word id="word_103">para</word>
   <word id="word_104">o</word>
   <word id="word_105">Estado</word>
   <word id="word_106">português</word>
   <word id="word_107">de_</word>
   <word id="word_108">esta</word>
   <word id="word_109">paragem</word>
   <word id="word_110">de</word>
   <word id="word_111">36</word>
   <word id="word_112">horas</word>
   <word id="word_113">e</word>
   <word id="word_114">,</word>
   <word id="word_115">além</word>
   <word id="word_116">de_</word>
   <word id="word_117">isso</word>
   <word id="word_118">,</word>
   <word id="word_119">o</word>
   <word id="word_120">Presidente</word>
   <word id="word_121">de_</word>
   <word id="word_122">a</word>
   <word id="word_123">República</word>
   <word id="word_124">sempre</word>
   <word id="word_125">insistiu</word>
   <word id="word_126">com_</word>
   <word id="word_127">mim</word>
   <word id="word_128">para</word>
   <word id="word_129">não</word>
   <word id="word_130">alterar</word>
   <word id="word_131">o</word>
   <word id="word_132">programa</word>
   <word id="word_133">.</word>
   <word id="word_134">"</word>
   <word id="word_135">O</word>
   <word id="word_136">ênfase</word>
   <word id="word_137">económico</word>
   <word id="word_138">concedido</word>
   <word id="word_139">por_</word>
   <word id="word_140">a</word>
   <word id="word_141">parte</word>
   <word id="word_142">portuguesa</word>
   <word id="word_143">a</word>
   <word id="word_144">esta</word>
   <word id="word_145">visita</word>
   <word id="word_146">encontra</word>
   <word id="word_147">um</word>
   <word id="word_148">enquadramento</word>
   <word id="word_149">que</word>
   <word id="word_150">tem</word>
   <word id="word_151">também</word>
   <word id="word_152">a</word>
   <word id="word_153">ver</word>
   <word id="word_154">com</word>
   <word id="word_155">a</word>
   <word id="word_156">integração</word>
   <word id="word_157">de_</word>
   <word id="word_158">os</word>
   <word id="word_159">dois</word>
   <word id="word_160">países</word>
   <word id="word_161">em</word>
   <word id="word_162">associações</word>
   <word id="word_163">internacionais</word>
   <word id="word_164">,</word>
   <word id="word_165">a</word>
   <word id="word_166">CEE</word>
   <word id="word_167">e</word>
   <word id="word_168">a</word>
   <word id="word_169">ASEAN</word>
   <word id="word_170">.</word>
   <word id="word_171">Portugal</word>
   <word id="word_172">esta</word>
   <word id="word_173">interessado</word>
   <word id="word_174">em</word>
   <word id="word_175">aumentar</word>
   <word id="word_176">as</word>
   <word id="word_177">compras</word>
   <word id="word_178">de</word>
   <word id="word_179">mandioca</word>
   <word id="word_180">(</word>
   <word id="word_181">mais</word>
   <word id="word_182">barata</word>
   <word id="word_183">de_</word>
   <word id="word_184">o</word>
   <word id="word_185">que</word>
   <word id="word_186">o</word>
   <word id="word_187">milho</word>
   <word id="word_188">)</word>
   <word id="word_189">,</word>
   <word id="word_190">que</word>
   <word id="word_191">hoje</word>
   <word id="word_192">representam</word>
   <word id="word_193">já</word>
   <word id="word_194">nove</word>
   <word id="word_195">milhões</word>
   <word id="word_196">de</word>
   <word id="word_197">contos</word>
   <word id="word_198">anuais</word>
   <word id="word_199">,</word>
   <word id="word_200">mas</word>
   <word id="word_201">o</word>
   <word id="word_202">comércio</word>
   <word id="word_203">bilateral</word>
   <word id="word_204">depende</word>
   <word id="word_205">de_</word>
   <word id="word_206">o</word>
   <word id="word_207">sistemas</word>
   <word id="word_208">de</word>
   <word id="word_209">quotas</word>
   <word id="word_210">acordado</word>
   <word id="word_211">por_</word>
   <word id="word_212">a</word>
   <word id="word_213">Comunidade</word>
   <word id="word_214">Europeia</word>
   <word id="word_215">e</word>
   <word id="word_216">por_</word>
   <word id="word_217">as</word>
   <word id="word_218">associações</word>
   <word id="word_219">de_</word>
   <word id="word_220">os</word>
   <word id="word_221">países</word>
   <word id="word_222">de_</word>
   <word id="word_223">o</word>
   <word id="word_224">Sudeste</word>
   <word id="word_225">Asiático</word>
   <word id="word_226">.</word>
   <word id="word_227">A</word>
   <word id="word_228">balança</word>
   <word id="word_229">altamente</word>
   <word id="word_230">deficitária</word>
   <word id="word_231">para</word>
   <word id="word_232">Portugal</word>
   <word id="word_233">poderá</word>
   <word id="word_234">ser</word>
   <word id="word_235">reequilibrada</word>
   <word id="word_236">com</word>
   <word id="word_237">acréscimo</word>
   <word id="word_238">em_</word>
   <word id="word_239">as</word>
   <word id="word_240">vendas</word>
   <word id="word_241">,</word>
   <word id="word_242">nomeadamente</word>
   <word id="word_243">de</word>
   <word id="word_244">cortiça</word>
   <word id="word_245">e</word>
   <word id="word_246">vinhos</word>
   <word id="word_247">,</word>
   <word id="word_248">mas</word>
   <word id="word_249">é</word>
   <word id="word_250">sobretudo</word>
   <word id="word_251">de_</word>
   <word id="word_252">a</word>
   <word id="word_253">criação</word>
   <word id="word_254">de</word>
   <word id="word_255">um</word>
   <word id="word_256">consulado</word>
   <word id="word_257">honorário</word>
   <word id="word_258">associado</word>
   <word id="word_259">a</word>
   <word id="word_260">uma</word>
   <word id="word_261">experiência</word>
   <word id="word_262">comercial</word>
   <word id="word_263">que</word>
   <word id="word_264">Lisboa</word>
   <word id="word_265">espera</word>
   <word id="word_266">melhores</word>
   <word id="word_267">resultado</word>
   <word id="word_268">.</word>
   <word id="word_269">Segundo</word>
   <word id="word_270">Cavaco</word>
   <word id="word_271">e</word>
   <word id="word_272">Silva</word>
   <word id="word_273">,</word>
   <word id="word_274">a_</word>
   <word id="word_275">os</word>
   <word id="word_276">governantes</word>
   <word id="word_277">"</word>
   <word id="word_278">cabe</word>
   <word id="word_279">aplanar</word>
   <word id="word_280">o</word>
   <word id="word_281">caminho</word>
   <word id="word_282">para</word>
   <word id="word_283">os</word>
   <word id="word_284">homens</word>
   <word id="word_285">de</word>
   <word id="word_286">negócios</word>
   <word id="word_287">e</word>
   <word id="word_288">facilitar</word>
   <word id="word_289">os</word>
   <word id="word_290">contactos</word>
   <word id="word_291">"</word>
   <word id="word_292">.</word>
   <word id="word_293">Sendo</word>
   <word id="word_294">esse</word>
   <word id="word_295">o</word>
   <word id="word_296">espírito</word>
   <word id="word_297">de_</word>
   <word id="word_298">a</word>
   <word id="word_299">decisão</word>
   <word id="word_300">ontem</word>
   <word id="word_301">anunciada</word>
   <word id="word_302">em</word>
   <word id="word_303">Banguecoque</word>
   <word id="word_304">:</word>
   <word id="word_305">nomear</word>
   <word id="word_306">cônsul</word>
   <word id="word_307">honorário</word>
   <word id="word_308">um</word>
   <word id="word_309">cidadão</word>
   <word id="word_310">tailandês</word>
   <word id="word_311">prestigiado</word>
   <word id="word_312">,</word>
   <word id="word_313">associando</word>
   <word id="word_314">posteriormente</word>
   <word id="word_315">a_</word>
   <word id="word_316">as</word>
   <word id="word_317">suas</word>
   <word id="word_318">tarefas</word>
   <word id="word_319">um</word>
   <word id="word_320">técnico</word>
   <word id="word_321">local</word>
   <word id="word_322">,</word>
   <word id="word_323">com</word>
   <word id="word_324">bons</word>
   <word id="word_325">conhecimentos</word>
   <word id="word_326">de_</word>
   <word id="word_327">as</word>
   <word id="word_328">particularidades</word>
   <word id="word_329">de_</word>
   <word id="word_330">o</word>
   <word id="word_331">mercado</word>
   <word id="word_332">depois</word>
   <word id="word_333">de</word>
   <word id="word_334">um</word>
   <word id="word_335">"</word>
   <word id="word_336">estágio</word>
   <word id="word_337">"</word>
   <word id="word_338">prévio</word>
   <word id="word_339">em</word>
   <word id="word_340">Lisboa</word>
   <word id="word_341">.</word>
   <word id="word_342">As</word>
   <word id="word_343">conversações</word>
   <word id="word_344">de</word>
   <word id="word_345">ontem</word>
   <word id="word_346">abordaram</word>
   <word id="word_347">igualmente</word>
   <word id="word_348">as</word>
   <word id="word_349">possibilidades</word>
   <word id="word_350">de</word>
   <word id="word_351">acordos</word>
   <word id="word_352">aéreos</word>
   <word id="word_353">(</word>
   <word id="word_354">ainda</word>
   <word id="word_355">a</word>
   <word id="word_356">pretenção</word>
   <word id="word_357">de_</word>
   <word id="word_358">a</word>
   <word id="word_359">TAP</word>
   <word id="word_360">em</word>
   <word id="word_361">alargar</word>
   <word id="word_362">as</word>
   <word id="word_363">rotas</word>
   <word id="word_364">a_</word>
   <word id="word_365">o</word>
   <word id="word_366">Oriente</word>
   <word id="word_367">)</word>
   <word id="word_368">e</word>
   <word id="word_369">turístico</word>
   <word id="word_370">.</word>
   <word id="word_371">Projectos</word>
   <word id="word_372">tailandeses</word>
   <word id="word_373">financiados</word>
   <word id="word_374">por</word>
   <word id="word_375">instituições</word>
   <word id="word_376">comunitárias</word>
   <word id="word_377">poderão</word>
   <word id="word_378">também</word>
   <word id="word_379">beneficiar</word>
   <word id="word_380">Portugal</word>
   <word id="word_381">,</word>
   <word id="word_382">como</word>
   <word id="word_383">deverá</word>
   <word id="word_384">acontecer</word>
   <word id="word_385">com</word>
   <word id="word_386">um</word>
   <word id="word_387">programa</word>
   <word id="word_388">de</word>
   <word id="word_389">construção</word>
   <word id="word_390">de</word>
   <word id="word_391">estaleiros</word>
   <word id="word_392">e</word>
   <word id="word_393">de</word>
   <word id="word_394">um</word>
   <word id="word_395">porto</word>
   <word id="word_396">de</word>
   <word id="word_397">águas</word>
   <word id="word_398">profundas</word>
   <word id="word_399">,</word>
   <word id="word_400">abrindo</word>
   <word id="word_401">-se</word>
   <word id="word_402">aqui</word>
   <word id="word_403">boas</word>
   <word id="word_404">perspectivas</word>
   <word id="word_405">para</word>
   <word id="word_406">participação</word>
   <word id="word_407">de</word>
   <word id="word_408">empresas</word>
   <word id="word_409">portuguesas</word>
   <word id="word_410">.</word>
   <word id="word_411">A</word>
   <word id="word_412">habitual</word>
   <word id="word_413">análise</word>
   <word id="word_414">que</word>
   <word id="word_415">é</word>
   <word id="word_416">feita</word>
   <word id="word_417">,</word>
   <word id="word_418">em</word>
   <word id="word_419">encontros</word>
   <word id="word_420">a</word>
   <word id="word_421">este</word>
   <word id="word_422">nível</word>
   <word id="word_423">,</word>
   <word id="word_424">de_</word>
   <word id="word_425">a</word>
   <word id="word_426">política</word>
   <word id="word_427">internacional</word>
   <word id="word_428">"</word>
   <word id="word_429">suscitou</word>
   <word id="word_430">largos</word>
   <word id="word_431">pontos</word>
   <word id="word_432">de</word>
   <word id="word_433">convergência</word>
   <word id="word_434">.</word>
   <word id="word_435">Baguecoque</word>
   <word id="word_436">encontrou</word>
   <word id="word_437">apoio</word>
   <word id="word_438">,</word>
   <word id="word_439">de_</word>
   <word id="word_440">a</word>
   <word id="word_441">parte</word>
   <word id="word_442">portuguesa</word>
   <word id="word_443">,</word>
   <word id="word_444">para</word>
   <word id="word_445">as</word>
   <word id="word_446">suas</word>
   <word id="word_447">teses</word>
   <word id="word_448">relativamente</word>
   <word id="word_449">a_</word>
   <word id="word_450">a</word>
   <word id="word_451">ocupação</word>
   <word id="word_452">de_</word>
   <word id="word_453">o</word>
   <word id="word_454">Camboja</word>
   <word id="word_455">por</word>
   <word id="word_456">tropas</word>
   <word id="word_457">vietnamitas</word>
   <word id="word_458">,</word>
   <word id="word_459">mas</word>
   <word id="word_460">Portugal</word>
   <word id="word_461">deparou</word>
   <word id="word_462">,</word>
   <word id="word_463">como</word>
   <word id="word_464">seria</word>
   <word id="word_465">de</word>
   <word id="word_466">esperar</word>
   <word id="word_467">,</word>
   <word id="word_468">apenas</word>
   <word id="word_469">com</word>
   <word id="word_470">"</word>
   <word id="word_471">compreensão</word>
   <word id="word_472">"</word>
   <word id="word_473">face</word>
   <word id="word_474">a_</word>
   <word id="word_475">o</word>
   <word id="word_476">problema</word>
   <word id="word_477">de</word>
   <word id="word_478">Timor</word>
   <word id="word_479">.</word>
   <word id="word_480">A</word>
   <word id="word_481">Tailândia</word>
   <word id="word_482">é</word>
   <word id="word_483">um</word>
   <word id="word_484">país</word>
   <word id="word_485">parceiro</word>
   <word id="word_486">de_</word>
   <word id="word_487">a</word>
   <word id="word_488">Indonésia</word>
   <word id="word_489">em_</word>
   <word id="word_490">a</word>
   <word id="word_491">ASEAN</word>
   <word id="word_492">e</word>
   <word id="word_493">tem</word>
   <word id="word_494">votado</word>
   <word id="word_495">a_</word>
   <word id="word_496">o</word>
   <word id="word_497">lado</word>
   <word id="word_498">de</word>
   <word id="word_499">Jacarta</word>
   <word id="word_500">quando</word>
   <word id="word_501">está</word>
   <word id="word_502">em</word>
   <word id="word_503">causa</word>
   <word id="word_504">Timor</word>
   <word id="word_505">.</word>
   <word id="word_506">O</word>
   <word id="word_507">objectivo</word>
   <word id="word_508">,</word>
   <word id="word_509">disse</word>
   <word id="word_510">Cavaco</word>
   <word id="word_511">Silva</word>
   <word id="word_512">,</word>
   <word id="word_513">foi</word>
   <word id="word_514">sensibilizar</word>
   <word id="word_515">a</word>
   <word id="word_516">Tailândia</word>
   <word id="word_517">e</word>
   <word id="word_518">,</word>
   <word id="word_519">indirectamente</word>
   <word id="word_520">,</word>
   <word id="word_521">outros</word>
   <word id="word_522">países</word>
   <word id="word_523">de_</word>
   <word id="word_524">esta</word>
   <word id="word_525">área</word>
   <word id="word_526">,</word>
   <word id="word_527">"</word>
   <word id="word_528">para</word>
   <word id="word_529">pressionarem</word>
   <word id="word_530">a</word>
   <word id="word_531">Indonésia</word>
   <word id="word_532">em_</word>
   <word id="word_533">o</word>
   <word id="word_534">sentido</word>
   <word id="word_535">de</word>
   <word id="word_536">encontrar</word>
   <word id="word_537">para</word>
   <word id="word_538">Timor</word>
   <word id="word_539">uma</word>
   <word id="word_540">solução</word>
   <word id="word_541">aceitável</word>
   <word id="word_542">por</word>
   <word id="word_543">Portugal</word>
   <word id="word_544">e</word>
   <word id="word_545">por_</word>
   <word id="word_546">a</word>
   <word id="word_547">comunidade</word>
   <word id="word_548">internacional</word>
   <word id="word_549">"</word>
   <word id="word_550">.</word>
   <word id="word_551">Lisboa</word>
   <word id="word_552">"</word>
   <word id="word_553">não</word>
   <word id="word_554">aceita</word>
   <word id="word_555">a</word>
   <word id="word_556">presente</word>
   <word id="word_557">situação</word>
   <word id="word_558">de</word>
   <word id="word_559">violação</word>
   <word id="word_560">de_</word>
   <word id="word_561">os</word>
   <word id="word_562">direitos</word>
   <word id="word_563">humanos</word>
   <word id="word_564">"</word>
   <word id="word_565">e</word>
   <word id="word_566">considera</word>
   <word id="word_567">"</word>
   <word id="word_568">uma</word>
   <word id="word_569">farsa</word>
   <word id="word_570">"</word>
   <word id="word_571">eleições</word>
   <word id="word_572">em_</word>
   <word id="word_573">o</word>
   <word id="word_574">território</word>
   <word id="word_575">.</word>
   <word id="word_576">Timor</word>
   <word id="word_577">"</word>
   <word id="word_578">não</word>
   <word id="word_579">é</word>
   <word id="word_580">,</word>
   <word id="word_581">todavia</word>
   <word id="word_582">,</word>
   <word id="word_583">obstáculo</word>
   <word id="word_584">a_</word>
   <word id="word_585">as</word>
   <word id="word_586">boas</word>
   <word id="word_587">relações</word>
   <word id="word_588">entre</word>
   <word id="word_589">os</word>
   <word id="word_590">dois</word>
   <word id="word_591">países</word>
   <word id="word_592">"</word>
   <word id="word_593">.</word>
   <word id="word_594">Durante</word>
   <word id="word_595">os</word>
   <word id="word_596">encontros</word>
   <word id="word_597">de</word>
   <word id="word_598">ontem</word>
   <word id="word_599">foi</word>
   <word id="word_600">,</word>
   <word id="word_601">por</word>
   <word id="word_602">sinal</word>
   <word id="word_603">,</word>
   <word id="word_604">salientado</word>
   <word id="word_605">o</word>
   <word id="word_606">recente</word>
   <word id="word_607">perdão</word>
   <word id="word_608">real</word>
   <word id="word_609">tailandês</word>
   <word id="word_610">para</word>
   <word id="word_611">um</word>
   <word id="word_612">português</word>
   <word id="word_613">condenado</word>
   <word id="word_614">por</word>
   <word id="word_615">tráfico</word>
   <word id="word_616">de</word>
   <word id="word_617">droga</word>
   <word id="word_618">,</word>
   <word id="word_619">iniciativa</word>
   <word id="word_620">saudada</word>
   <word id="word_621">por_</word>
   <word id="word_622">a</word>
   <word id="word_623">delegação</word>
   <word id="word_624">portuguesa</word>
   <word id="word_625">,</word>
   <word id="word_626">que</word>
   <word id="word_627">manifestou</word>
   <word id="word_628">esperança</word>
   <word id="word_629">em_</word>
   <word id="word_630">o</word>
   <word id="word_631">seu</word>
   <word id="word_632">alargamento</word>
   <word id="word_633">a</word>
   <word id="word_634">uma</word>
   <word id="word_635">cidadã</word>
   <word id="word_636">em_</word>
   <word id="word_637">as</word>
   <word id="word_638">mesmas</word>
   <word id="word_639">condições</word>
   <word id="word_640">.</word>
   <word id="word_641">O</word>
   <word id="word_642">bom</word>
   <word id="word_643">momento</word>
   <word id="word_644">de_</word>
   <word id="word_645">o</word>
   <word id="word_646">relacionamento</word>
   <word id="word_647">bilateral</word>
   <word id="word_648">esteve</word>
   <word id="word_649">patente</word>
   <word id="word_650">em_</word>
   <word id="word_651">o</word>
   <word id="word_652">misto</word>
   <word id="word_653">de</word>
   <word id="word_654">cortesia</word>
   <word id="word_655">oriental</word>
   <word id="word_656">e</word>
   <word id="word_657">solenidade</word>
   <word id="word_658">com</word>
   <word id="word_659">que</word>
   <word id="word_660">a</word>
   <word id="word_661">comitiva</word>
   <word id="word_662">oficial</word>
   <word id="word_663">foi</word>
   <word id="word_664">acolhida</word>
   <word id="word_665">em</word>
   <word id="word_666">Banguecoque</word>
   <word id="word_667">,</word>
   <word id="word_668">uma</word>
   <word id="word_669">cidade</word>
   <word id="word_670">que</word>
   <word id="word_671">deixa</word>
   <word id="word_672">adivinhar</word>
   <word id="word_673">uma</word>
   <word id="word_674">economia</word>
   <word id="word_675">em</word>
   <word id="word_676">pleno</word>
   <word id="word_677">desenvolvimento</word>
   <word id="word_678">onde</word>
   <word id="word_679">arranha-céus</word>
   <word id="word_680">modernos</word>
   <word id="word_681">alternam</word>
   <word id="word_682">com</word>
   <word id="word_683">a</word>
   <word id="word_684">arquitectura</word>
   <word id="word_685">tradicional</word>
   <word id="word_686">O</word>
   <word id="word_687">reino</word>
   <word id="word_688">de_</word>
   <word id="word_689">o</word>
   <word id="word_690">Sião</word>
   <word id="word_691">,</word>
   <word id="word_692">onde</word>
   <word id="word_693">os</word>
   <word id="word_694">Portugueses</word>
   <word id="word_695">foram</word>
   <word id="word_696">os</word>
   <word id="word_697">primeiros</word>
   <word id="word_698">europeus</word>
   <word id="word_699">a</word>
   <word id="word_700">chegar</word>
   <word id="word_701">,</word>
   <word id="word_702">em</word>
   <word id="word_703">1511</word>
   <word id="word_704">,</word>
   <word id="word_705">é</word>
   <word id="word_706">hoje</word>
   <word id="word_707">um</word>
   <word id="word_708">país</word>
   <word id="word_709">com</word>
   <word id="word_710">uma</word>
   <word id="word_711">agricultura</word>
   <word id="word_712">rica</word>
   <word id="word_713">,</word>
   <word id="word_714">que</word>
   <word id="word_715">exporta</word>
   <word id="word_716">produtos</word>
   <word id="word_717">alimentares</word>
   <word id="word_718">,</word>
   <word id="word_719">dependendo</word>
   <word id="word_720">directamente</word>
   <word id="word_721">ou</word>
   <word id="word_722">indirectamente</word>
   <word id="word_723">de_</word>
   <word id="word_724">o</word>
   <word id="word_725">sector</word>
   <word id="word_726">primário</word>
   <word id="word_727">a</word>
   <word id="word_728">grande</word>
   <word id="word_729">maioria</word>
   <word id="word_730">de_</word>
   <word id="word_731">a</word>
   <word id="word_732">sua</word>
   <word id="word_733">população</word>
   <word id="word_734">.</word>
   <word id="word_735">Com</word>
   <word id="word_736">uma</word>
   <word id="word_737">inflação</word>
   <word id="word_738">de</word>
   <word id="word_739">dois</word>
   <word id="word_740">por</word>
   <word id="word_741">cento</word>
   <word id="word_742">,</word>
   <word id="word_743">um</word>
   <word id="word_744">crescimento</word>
   <word id="word_745">anual</word>
   <word id="word_746">de</word>
   <word id="word_747">PIB</word>
   <word id="word_748">de</word>
   <word id="word_749">quatro</word>
   <word id="word_750">por</word>
   <word id="word_751">cento</word>
   <word id="word_752">,</word>
   <word id="word_753">a</word>
   <word id="word_754">Tailândia</word>
   <word id="word_755">superou</word>
   <word id="word_756">algumas</word>
   <word id="word_757">de_</word>
   <word id="word_758">as</word>
   <word id="word_759">dificuldades</word>
   <word id="word_760">típicas</word>
   <word id="word_761">de_</word>
   <word id="word_762">os</word>
   <word id="word_763">países</word>
   <word id="word_764">em</word>
   <word id="word_765">vias</word>
   <word id="word_766">de</word>
   <word id="word_767">desenvolvimento</word>
   <word id="word_768">e</word>
   <word id="word_769">lança</word>
   <word id="word_770">-se</word>
   <word id="word_771">agora</word>
   <word id="word_772">em_</word>
   <word id="word_773">o</word>
   <word id="word_774">domínio</word>
   <word id="word_775">de_</word>
   <word id="word_776">a</word>
   <word id="word_777">abertura</word>
   <word id="word_778">a_</word>
   <word id="word_779">o</word>
   <word id="word_780">investimento</word>
   <word id="word_781">estrangeiro</word>
   <word id="word_782">,</word>
   <word id="word_783">procurando</word>
   <word id="word_784">tirar</word>
   <word id="word_785">proveito</word>
   <word id="word_786">de_</word>
   <word id="word_787">as</word>
   <word id="word_788">nuvens</word>
   <word id="word_789">sobre</word>
   <word id="word_790">o</word>
   <word id="word_791">futuro</word>
   <word id="word_792">de</word>
   <word id="word_793">Hong</word>
   <word id="word_794">Kong</word>
   <word id="word_795">e</word>
   <word id="word_796">de</word>
   <word id="word_797">alguns</word>
   <word id="word_798">problemas</word>
   <word id="word_799">recentes</word>
   <word id="word_800">surgidos</word>
   <word id="word_801">em</word>
   <word id="word_802">Singapura</word>
   <word id="word_803">com</word>
   <word id="word_804">investidores</word>
   <word id="word_805">externos</word>
   <word id="word_806">.</word>
   <word id="word_807">Um</word>
   <word id="word_808">paraíso</word>
   <word id="word_809">em_</word>
   <word id="word_810">o</word>
   <word id="word_811">Sudeste</word>
   <word id="word_812">Asiático</word>
   <word id="word_813">,</word>
   <word id="word_814">como</word>
   <word id="word_815">parece</word>
   <word id="word_816">sugerir</word>
   <word id="word_817">um</word>
   <word id="word_818">primeiro</word>
   <word id="word_819">contacto</word>
   <word id="word_820">com</word>
   <word id="word_821">Banguecoque</word>
   <word id="word_822">?</word>
   <word id="word_823">Os</word>
   <word id="word_824">que</word>
   <word id="word_825">cá</word>
   <word id="word_826">vivem</word>
   <word id="word_827">há</word>
   <word id="word_828">muitos</word>
   <word id="word_829">anos</word>
   <word id="word_830">dizem</word>
   <word id="word_831">que</word>
   <word id="word_832">a</word>
   <word id="word_833">província</word>
   <word id="word_834">dá</word>
   <word id="word_835">uma</word>
   <word id="word_836">imagem</word>
   <word id="word_837">mais</word>
   <word id="word_838">consentânea</word>
   <word id="word_839">com</word>
   <word id="word_840">a</word>
   <word id="word_841">realidade</word>
   <word id="word_842">nacional</word>
   <word id="word_843">,</word>
   <word id="word_844">subsistindo</word>
   <word id="word_845">problemas</word>
   <word id="word_846">de</word>
   <word id="word_847">distribuição</word>
   <word id="word_848">de</word>
   <word id="word_849">riqueza</word>
   <word id="word_850">,</word>
   <word id="word_851">assistência</word>
   <word id="word_852">social</word>
   <word id="word_853">e</word>
   <word id="word_854">de</word>
   <word id="word_855">saúde</word>
   <word id="word_856">.</word>
   <word id="word_857">A</word>
   <word id="word_858">relativa</word>
   <word id="word_859">estabilidade</word>
   <word id="word_860">política</word>
   <word id="word_861">terá</word>
   <word id="word_862">auxiliado</word>
   <word id="word_863">o</word>
   <word id="word_864">progresso</word>
   <word id="word_865">de_</word>
   <word id="word_866">os</word>
   <word id="word_867">últimos</word>
   <word id="word_868">anos</word>
   <word id="word_869">.</word>
   <word id="word_870">Fortemente</word>
   <word id="word_871">dominada</word>
   <word id="word_872">por_</word>
   <word id="word_873">os</word>
   <word id="word_874">militares</word>
   <word id="word_875">,</word>
   <word id="word_876">a</word>
   <word id="word_877">política</word>
   <word id="word_878">tailandesa</word>
   <word id="word_879">é</word>
   <word id="word_880">uma</word>
   <word id="word_881">"</word>
   <word id="word_882">democracia</word>
   <word id="word_883">"</word>
   <word id="word_884">com</word>
   <word id="word_885">limitações</word>
   <word id="word_886">semelhantes</word>
   <word id="word_887">a_</word>
   <word id="word_888">as</word>
   <word id="word_889">de</word>
   <word id="word_890">outros</word>
   <word id="word_891">regimes</word>
   <word id="word_892">de_</word>
   <word id="word_893">esta</word>
   <word id="word_894">zona</word>
   <word id="word_895">de_</word>
   <word id="word_896">o</word>
   <word id="word_897">mundo</word>
   <word id="word_898">.</word>
   <word id="word_899">Assenta</word>
   <word id="word_900">em</word>
   <word id="word_901">maiorias</word>
   <word id="word_902">resultantes</word>
   <word id="word_903">de</word>
   <word id="word_904">coligações</word>
   <word id="word_905">multipartidárias</word>
   <word id="word_906">,</word>
   <word id="word_907">onde</word>
   <word id="word_908">os</word>
   <word id="word_909">líderes</word>
   <word id="word_910">são</word>
   <word id="word_911">frequentemente</word>
   <word id="word_912">generais</word>
   <word id="word_913">.</word>
   <word id="word_914">À</word>
   <word id="word_915">margem</word>
   <word id="word_916">e</word>
   <word id="word_917">acima</word>
   <word id="word_918">de_</word>
   <word id="word_919">a</word>
   <word id="word_920">confrontação</word>
   <word id="word_921">política</word>
   <word id="word_922">,</word>
   <word id="word_923">por</word>
   <word id="word_924">vezes</word>
   <word id="word_925">assaz</word>
   <word id="word_926">contundente</word>
   <word id="word_927">em</word>
   <word id="word_928">termos</word>
   <word id="word_929">verbais</word>
   <word id="word_930">,</word>
   <word id="word_931">prevalece</word>
   <word id="word_932">a</word>
   <word id="word_933">instituição</word>
   <word id="word_934">real</word>
   <word id="word_935">,</word>
   <word id="word_936">profundamente</word>
   <word id="word_937">respeitada</word>
   <word id="word_938">também</word>
   <word id="word_939">por_</word>
   <word id="word_940">a</word>
   <word id="word_941">sua</word>
   <word id="word_942">coincidente</word>
   <word id="word_943">autoridade</word>
   <word id="word_944">religiosa</word>
   <word id="word_945">.</word>
</words>
