<?xml version="1.0" encoding="UTF-8"?>
<!DOCTYPE words SYSTEM "words.dtd">
<words>
   <word id="word_1">Há</word>
   <word id="word_2">um</word>
   <word id="word_3">dia</word>
   <word id="word_4">em</word>
   <word id="word_5">que</word>
   <word id="word_6">todo</word>
   <word id="word_7">o</word>
   <word id="word_8">escritor</word>
   <word id="word_9">se</word>
   <word id="word_10">encontra</word>
   <word id="word_11">com_</word>
   <word id="word_12">si</word>
   <word id="word_13">mesmo</word>
   <word id="word_14">.</word>
   <word id="word_15">É</word>
   <word id="word_16">o</word>
   <word id="word_17">dia</word>
   <word id="word_18">em</word>
   <word id="word_19">que</word>
   <word id="word_20">se</word>
   <word id="word_21">percebe</word>
   <word id="word_22">que</word>
   <word id="word_23">todas</word>
   <word id="word_24">as</word>
   <word id="word_25">descrições</word>
   <word id="word_26">que</word>
   <word id="word_27">fez</word>
   <word id="word_28">de_</word>
   <word id="word_29">os</word>
   <word id="word_30">outros</word>
   <word id="word_31">,</word>
   <word id="word_32">em</word>
   <word id="word_33">especial</word>
   <word id="word_34">as</word>
   <word id="word_35">mais</word>
   <word id="word_36">duras</word>
   <word id="word_37">,</word>
   <word id="word_38">as</word>
   <word id="word_39">mais</word>
   <word id="word_40">cruéis</word>
   <word id="word_41">e</word>
   <word id="word_42">as</word>
   <word id="word_43">mais</word>
   <word id="word_44">distantes</word>
   <word id="word_45">(</word>
   <word id="word_46">em_</word>
   <word id="word_47">a</word>
   <word id="word_48">aparência</word>
   <word id="word_49">)</word>
   <word id="word_50">de</word>
   <word id="word_51">si</word>
   <word id="word_52">são</word>
   <word id="word_53">o</word>
   <word id="word_54">reflexo</word>
   <word id="word_55">de_</word>
   <word id="word_56">a</word>
   <word id="word_57">sua</word>
   <word id="word_58">imagem</word>
   <word id="word_59">,</word>
   <word id="word_60">são</word>
   <word id="word_61">a</word>
   <word id="word_62">caracterização</word>
   <word id="word_63">sublimada</word>
   <word id="word_64">de_</word>
   <word id="word_65">a</word>
   <word id="word_66">sua</word>
   <word id="word_67">própria</word>
   <word id="word_68">pessoa</word>
   <word id="word_69">,</word>
   <word id="word_70">os</word>
   <word id="word_71">níveis</word>
   <word id="word_72">mais</word>
   <word id="word_73">escondidos</word>
   <word id="word_74">e</word>
   <word id="word_75">mais</word>
   <word id="word_76">inconfessáveis</word>
   <word id="word_77">-</word>
   <word id="word_78">por</word>
   <word id="word_79">isso</word>
   <word id="word_80">mais</word>
   <word id="word_81">brutalmente</word>
   <word id="word_82">afastados</word>
   <word id="word_83">para</word>
   <word id="word_84">outrem</word>
   <word id="word_85">-</word>
   <word id="word_86">de_</word>
   <word id="word_87">o</word>
   <word id="word_88">seu</word>
   <word id="word_89">ser</word>
   <word id="word_90">.</word>
   <word id="word_91">É</word>
   <word id="word_92">um</word>
   <word id="word_93">dia</word>
   <word id="word_94">trágico</word>
   <word id="word_95">e</word>
   <word id="word_96">aterrador</word>
   <word id="word_97">.</word>
   <word id="word_98">Pergunta</word>
   <word id="word_99">-se</word>
   <word id="word_100">como</word>
   <word id="word_101">é</word>
   <word id="word_102">possível</word>
   <word id="word_103">?</word>
   <word id="word_104">Cisma</word>
   <word id="word_105">-se</word>
   <word id="word_106">:</word>
   <word id="word_107">como</word>
   <word id="word_108">poderá</word>
   <word id="word_109">ser</word>
   <word id="word_110">o</word>
   <word id="word_111">mundo</word>
   <word id="word_112">tão</word>
   <word id="word_113">louco</word>
   <word id="word_114">?</word>
   <word id="word_115">Pensa</word>
   <word id="word_116">-se</word>
   <word id="word_117">:</word>
   <word id="word_118">meu</word>
   <word id="word_119">deus</word>
   <word id="word_120">,</word>
   <word id="word_121">o</word>
   <word id="word_122">que</word>
   <word id="word_123">dirá</word>
   <word id="word_124">este</word>
   <word id="word_125">,</word>
   <word id="word_126">aquele</word>
   <word id="word_127">e</word>
   <word id="word_128">aquele_</word>
   <word id="word_129">outro</word>
   <word id="word_130">de_</word>
   <word id="word_131">os</word>
   <word id="word_132">"</word>
   <word id="word_133">retratos</word>
   <word id="word_134">"</word>
   <word id="word_135">que</word>
   <word id="word_136">de_</word>
   <word id="word_137">eles</word>
   <word id="word_138">elaborei</word>
   <word id="word_139">?</word>
   <word id="word_140">Conclui</word>
   <word id="word_141">-se</word>
   <word id="word_142">:</word>
   <word id="word_143">claro</word>
   <word id="word_144">,</word>
   <word id="word_145">fazer</word>
   <word id="word_146">o</word>
   <word id="word_147">retrato</word>
   <word id="word_148">de_</word>
   <word id="word_149">os</word>
   <word id="word_150">outros</word>
   <word id="word_151">é</word>
   <word id="word_152">fazer</word>
   <word id="word_153">também</word>
   <word id="word_154">o</word>
   <word id="word_155">nosso</word>
   <word id="word_156">auto-retrato</word>
   <word id="word_157">.</word>
   <word id="word_158">E</word>
   <word id="word_159">depois</word>
   <word id="word_160">escreve</word>
   <word id="word_161">-se</word>
   <word id="word_162">:</word>
   <word id="word_163">a</word>
   <word id="word_164">vida</word>
   <word id="word_165">de_</word>
   <word id="word_166">o</word>
   <word id="word_167">escritor</word>
   <word id="word_168">é</word>
   <word id="word_169">a</word>
   <word id="word_170">sua</word>
   <word id="word_171">obra</word>
   <word id="word_172">.</word>
   <word id="word_173">Começa</word>
   <word id="word_174">-se</word>
   <word id="word_175">a</word>
   <word id="word_176">furar</word>
   <word id="word_177">"</word>
   <word id="word_178">The</word>
   <word id="word_179">Wall</word>
   <word id="word_180">"</word>
   <word id="word_181">,</word>
   <word id="word_182">sem</word>
   <word id="word_183">medo</word>
   <word id="word_184">,</word>
   <word id="word_185">com</word>
   <word id="word_186">o</word>
   <word id="word_187">menor</word>
   <word id="word_188">medo</word>
   <word id="word_189">possível</word>
   <word id="word_190">.</word>
   <word id="word_191">A</word>
   <word id="word_192">corrida</word>
   <word id="word_193">alucinante</word>
   <word id="word_194">recomeça</word>
   <word id="word_195">de</word>
   <word id="word_196">novo</word>
   <word id="word_197">.</word>
   <word id="word_198">É</word>
   <word id="word_199">preciso</word>
   <word id="word_200">despejar</word>
   <word id="word_201">,</word>
   <word id="word_202">despejar</word>
   <word id="word_203">,</word>
   <word id="word_204">despejar</word>
   <word id="word_205">.</word>
   <word id="word_206">Reconstruirmo</word>
   <word id="word_207">-nos</word>
   <word id="word_208">.</word>
   <word id="word_209">Ressucitar</word>
   <word id="word_210">.</word>
   <word id="word_211">Os</word>
   <word id="word_212">testes</word>
   <word id="word_213">,</word>
   <word id="word_214">os</word>
   <word id="word_215">exames</word>
   <word id="word_216">,</word>
   <word id="word_217">os</word>
   <word id="word_218">encontros</word>
   <word id="word_219">,</word>
   <word id="word_220">a</word>
   <word id="word_221">família</word>
   <word id="word_222">,</word>
   <word id="word_223">que</word>
   <word id="word_224">esperem</word>
   <word id="word_225">:</word>
   <word id="word_226">é</word>
   <word id="word_227">a</word>
   <word id="word_228">vida</word>
   <word id="word_229">que</word>
   <word id="word_230">está</word>
   <word id="word_231">em</word>
   <word id="word_232">jogo</word>
   <word id="word_233">.</word>
   <word id="word_234">É</word>
   <word id="word_235">a</word>
   <word id="word_236">morte</word>
   <word id="word_237">que</word>
   <word id="word_238">se</word>
   <word id="word_239">vislumbra</word>
   <word id="word_240">,</word>
   <word id="word_241">a_</word>
   <word id="word_242">a</word>
   <word id="word_243">frente</word>
   <word id="word_244">de</word>
   <word id="word_245">cada</word>
   <word id="word_246">palavra</word>
   <word id="word_247">,</word>
   <word id="word_248">diante</word>
   <word id="word_249">de</word>
   <word id="word_250">cada</word>
   <word id="word_251">travessão</word>
   <word id="word_252">.</word>
   <word id="word_253">Olha</word>
   <word id="word_254">-se</word>
   <word id="word_255">a</word>
   <word id="word_256">vida</word>
   <word id="word_257">,</word>
   <word id="word_258">olha</word>
   <word id="word_259">-se</word>
   <word id="word_260">o</word>
   <word id="word_261">mundo</word>
   <word id="word_262">,</word>
   <word id="word_263">olha</word>
   <word id="word_264">-se</word>
   <word id="word_265">o</word>
   <word id="word_266">eu</word>
   <word id="word_267">.</word>
   <word id="word_268">You</word>
   <word id="word_269">and</word>
   <word id="word_270">me</word>
   <word id="word_271">Together</word>
   <word id="word_272">fightin</word>
   <word id="word_273">for</word>
   <word id="word_274">our</word>
   <word id="word_275">...</word>
   <word id="word_276">love</word>
   <word id="word_277">?</word>
   <word id="word_278">world</word>
   <word id="word_279">?</word>
   <word id="word_280">peace</word>
   <word id="word_281">?</word>
   <word id="word_282">glory</word>
   <word id="word_283">?</word>
   <word id="word_284">wisdom</word>
   <word id="word_285">?</word>
   <word id="word_286">freedom</word>
   <word id="word_287">?</word>
   <word id="word_288">I</word>
   <word id="word_289">don</word>
   <word id="word_290">'</word>
   <word id="word_291">t</word>
   <word id="word_292">know</word>
   <word id="word_293">,</word>
   <word id="word_294">that</word>
   <word id="word_295">'</word>
   <word id="word_296">s</word>
   <word id="word_297">not</word>
   <word id="word_298">the</word>
   <word id="word_299">point</word>
   <word id="word_300">,</word>
   <word id="word_301">the</word>
   <word id="word_302">problem</word>
   <word id="word_303">is</word>
   <word id="word_304">te_</word>
   <word id="word_305">o</word>
   <word id="word_306">survive</word>
   <word id="word_307">.</word>
   <word id="word_308">Until</word>
   <word id="word_309">the</word>
   <word id="word_310">battle</word>
   <word id="word_311">is</word>
   <word id="word_312">own</word>
   <word id="word_313">,</word>
   <word id="word_314">we</word>
   <word id="word_315">'</word>
   <word id="word_316">ll</word>
   <word id="word_317">have</word>
   <word id="word_318">te_</word>
   <word id="word_319">o</word>
   <word id="word_320">fight</word>
   <word id="word_321">on</word>
   <word id="word_322">and</word>
   <word id="word_323">on</word>
   <word id="word_324">.</word>
   <word id="word_325">A</word>
   <word id="word_326">literatura</word>
   <word id="word_327">é</word>
   <word id="word_328">uma</word>
   <word id="word_329">de_</word>
   <word id="word_330">as</word>
   <word id="word_331">artes</word>
   <word id="word_332">mais</word>
   <word id="word_333">nobres</word>
   <word id="word_334">e</word>
   <word id="word_335">sagradas</word>
   <word id="word_336">que</word>
   <word id="word_337">existem</word>
   <word id="word_338">.</word>
   <word id="word_339">Mais</word>
   <word id="word_340">de_</word>
   <word id="word_341">o</word>
   <word id="word_342">que</word>
   <word id="word_343">um</word>
   <word id="word_344">meio</word>
   <word id="word_345">de</word>
   <word id="word_346">sucesso</word>
   <word id="word_347">ou</word>
   <word id="word_348">de</word>
   <word id="word_349">alienação</word>
   <word id="word_350">de</word>
   <word id="word_351">massas</word>
   <word id="word_352">,</word>
   <word id="word_353">é</word>
   <word id="word_354">sobretudo</word>
   <word id="word_355">um</word>
   <word id="word_356">sistema</word>
   <word id="word_357">de</word>
   <word id="word_358">encontro</word>
   <word id="word_359">e</word>
   <word id="word_360">oxigenção</word>
   <word id="word_361">pessoal</word>
   <word id="word_362">.</word>
   <word id="word_363">Os</word>
   <word id="word_364">grandes</word>
   <word id="word_365">escritores</word>
   <word id="word_366">distinguem</word>
   <word id="word_367">-se</word>
   <word id="word_368">mais</word>
   <word id="word_369">por_</word>
   <word id="word_370">a</word>
   <word id="word_371">dignidade</word>
   <word id="word_372">que</word>
   <word id="word_373">põem</word>
   <word id="word_374">em_</word>
   <word id="word_375">a</word>
   <word id="word_376">escrita</word>
   <word id="word_377">de_</word>
   <word id="word_378">o</word>
   <word id="word_379">que</word>
   <word id="word_380">por_</word>
   <word id="word_381">a</word>
   <word id="word_382">proximidade</word>
   <word id="word_383">a_</word>
   <word id="word_384">a</word>
   <word id="word_385">fama</word>
   <word id="word_386">ou</word>
   <word id="word_387">a_</word>
   <word id="word_388">o</word>
   <word id="word_389">proveito</word>
   <word id="word_390">.</word>
   <word id="word_391">E</word>
   <word id="word_392">essa</word>
   <word id="word_393">dignidade</word>
   <word id="word_394">radica</word>
   <word id="word_395">,</word>
   <word id="word_396">como</word>
   <word id="word_397">se</word>
   <word id="word_398">demonstra</word>
   <word id="word_399">,</word>
   <word id="word_400">em_</word>
   <word id="word_401">uma</word>
   <word id="word_402">necessidade</word>
   <word id="word_403">absoluta</word>
   <word id="word_404">de</word>
   <word id="word_405">encontro</word>
   <word id="word_406">com_</word>
   <word id="word_407">si</word>
   <word id="word_408">mesmos</word>
   <word id="word_409">.</word>
   <word id="word_410">Depois</word>
   <word id="word_411">há</word>
   <word id="word_412">o</word>
   <word id="word_413">génio</word>
   <word id="word_414">,</word>
   <word id="word_415">mas</word>
   <word id="word_416">isso</word>
   <word id="word_417">é</word>
   <word id="word_418">outra</word>
   <word id="word_419">história</word>
   <word id="word_420">.</word>
   <word id="word_421">Questão</word>
   <word id="word_422">de</word>
   <word id="word_423">outros</word>
   <word id="word_424">encontros</word>
   <word id="word_425">.</word>
   <word id="word_426">Questão</word>
   <word id="word_427">de</word>
   <word id="word_428">Sherlock</word>
   <word id="word_429">Holmes</word>
   <word id="word_430">.</word>
</words>
