<?xml version="1.0" encoding="UTF-8"?>
<!DOCTYPE words SYSTEM "words.dtd">
<words>
   <word id="word_1">O</word>
   <word id="word_2">GENERAL</word>
   <word id="word_3">Ramalho</word>
   <word id="word_4">Eanes</word>
   <word id="word_5">afirmou</word>
   <word id="word_6">ontem</word>
   <word id="word_7">ter</word>
   <word id="word_8">"</word>
   <word id="word_9">admitido</word>
   <word id="word_10">e</word>
   <word id="word_11">até</word>
   <word id="word_12">forçado</word>
   <word id="word_13">o</word>
   <word id="word_14">debate</word>
   <word id="word_15">em_</word>
   <word id="word_16">o</word>
   <word id="word_17">interior</word>
   <word id="word_18">de_</word>
   <word id="word_19">a</word>
   <word id="word_20">Comissão</word>
   <word id="word_21">Directiva</word>
   <word id="word_22">sobre</word>
   <word id="word_23">a</word>
   <word id="word_24">substituição</word>
   <word id="word_25">de_</word>
   <word id="word_26">a</word>
   <word id="word_27">liderança</word>
   <word id="word_28">de_</word>
   <word id="word_29">o</word>
   <word id="word_30">PRD</word>
   <word id="word_31">"</word>
   <word id="word_32">.</word>
   <word id="word_33">Em_</word>
   <word id="word_34">o</word>
   <word id="word_35">entanto</word>
   <word id="word_36">,</word>
   <word id="word_37">precisou</word>
   <word id="word_38">,</word>
   <word id="word_39">em</word>
   <word id="word_40">conferência</word>
   <word id="word_41">de</word>
   <word id="word_42">Imprensa</word>
   <word id="word_43">,</word>
   <word id="word_44">em</word>
   <word id="word_45">Portalegre</word>
   <word id="word_46">"</word>
   <word id="word_47">não</word>
   <word id="word_48">ter</word>
   <word id="word_49">pedido</word>
   <word id="word_50">a</word>
   <word id="word_51">demissão</word>
   <word id="word_52">porque</word>
   <word id="word_53">nem</word>
   <word id="word_54">tal</word>
   <word id="word_55">é</word>
   <word id="word_56">possível</word>
   <word id="word_57">em</word>
   <word id="word_58">termos</word>
   <word id="word_59">estatutários</word>
   <word id="word_60">"</word>
   <word id="word_61">.</word>
   <word id="word_62">Eanes</word>
   <word id="word_63">fez</word>
   <word id="word_64">um</word>
   <word id="word_65">longo</word>
   <word id="word_66">historial</word>
   <word id="word_67">sobre</word>
   <word id="word_68">as</word>
   <word id="word_69">suas</word>
   <word id="word_70">posições</word>
   <word id="word_71">em</word>
   <word id="word_72">matéria</word>
   <word id="word_73">de_</word>
   <word id="word_74">a</word>
   <word id="word_75">Lei</word>
   <word id="word_76">de_</word>
   <word id="word_77">a</word>
   <word id="word_78">Rádio</word>
   <word id="word_79">,</word>
   <word id="word_80">sublinhando</word>
   <word id="word_81">ter</word>
   <word id="word_82">apoiado</word>
   <word id="word_83">a</word>
   <word id="word_84">inclusão</word>
   <word id="word_85">em_</word>
   <word id="word_86">o</word>
   <word id="word_87">próprio</word>
   <word id="word_88">diploma</word>
   <word id="word_89">de</word>
   <word id="word_90">mecanismos</word>
   <word id="word_91">de</word>
   <word id="word_92">indemnização</word>
   <word id="word_93">a_</word>
   <word id="word_94">a</word>
   <word id="word_95">Rádio</word>
   <word id="word_96">Renascença</word>
   <word id="word_97">.</word>
   <word id="word_98">"</word>
   <word id="word_99">Isto</word>
   <word id="word_100">não</word>
   <word id="word_101">que</word>
   <word id="word_102">dizer</word>
   <word id="word_103">que</word>
   <word id="word_104">tenha</word>
   <word id="word_105">concordado</word>
   <word id="word_106">com</word>
   <word id="word_107">o</word>
   <word id="word_108">despacho</word>
   <word id="word_109">de</word>
   <word id="word_110">Anselmo</word>
   <word id="word_111">Rodrigues</word>
   <word id="word_112">,</word>
   <word id="word_113">a_</word>
   <word id="word_114">o</word>
   <word id="word_115">contrário</word>
   <word id="word_116">de_</word>
   <word id="word_117">o</word>
   <word id="word_118">que</word>
   <word id="word_119">foi</word>
   <word id="word_120">afirmado</word>
   <word id="word_121">,</word>
   <word id="word_122">mas</word>
   <word id="word_123">que</word>
   <word id="word_124">considero</word>
   <word id="word_125">terem</word>
   <word id="word_126">sido</word>
   <word id="word_127">defraudadas</word>
   <word id="word_128">as</word>
   <word id="word_129">legítimas</word>
   <word id="word_130">expectativas</word>
   <word id="word_131">de_</word>
   <word id="word_132">a</word>
   <word id="word_133">RR</word>
   <word id="word_134">criadas</word>
   <word id="word_135">por_</word>
   <word id="word_136">o</word>
   <word id="word_137">despacho</word>
   <word id="word_138">"</word>
   <word id="word_139">,</word>
   <word id="word_140">justificou</word>
   <word id="word_141">.</word>
   <word id="word_142">O</word>
   <word id="word_143">presidente</word>
   <word id="word_144">de_</word>
   <word id="word_145">o</word>
   <word id="word_146">PRD</word>
   <word id="word_147">considerou</word>
   <word id="word_148">que</word>
   <word id="word_149">as</word>
   <word id="word_150">notícias</word>
   <word id="word_151">de_</word>
   <word id="word_152">a</word>
   <word id="word_153">sua</word>
   <word id="word_154">demissão</word>
   <word id="word_155">se</word>
   <word id="word_156">situam</word>
   <word id="word_157">em_</word>
   <word id="word_158">uma</word>
   <word id="word_159">"</word>
   <word id="word_160">linha</word>
   <word id="word_161">de</word>
   <word id="word_162">ataque</word>
   <word id="word_163">a_</word>
   <word id="word_164">o</word>
   <word id="word_165">partido</word>
   <word id="word_166">"</word>
   <word id="word_167">,</word>
   <word id="word_168">a</word>
   <word id="word_169">exemplo</word>
   <word id="word_170">de_</word>
   <word id="word_171">o</word>
   <word id="word_172">que</word>
   <word id="word_173">em_</word>
   <word id="word_174">o</word>
   <word id="word_175">passado</word>
   <word id="word_176">aconteceu</word>
   <word id="word_177">com</word>
   <word id="word_178">a</word>
   <word id="word_179">sua</word>
   <word id="word_180">entrada</word>
   <word id="word_181">ou</word>
   <word id="word_182">com</word>
   <word id="word_183">a</word>
   <word id="word_184">evolução</word>
   <word id="word_185">eleitoral</word>
   <word id="word_186">de_</word>
   <word id="word_187">os</word>
   <word id="word_188">renovadores</word>
   <word id="word_189">democráticos</word>
   <word id="word_190">Eanes</word>
   <word id="word_191">criticou</word>
   <word id="word_192">Cavaco</word>
   <word id="word_193">e</word>
   <word id="word_194">Silva</word>
   <word id="word_195">por</word>
   <word id="word_196">estar</word>
   <word id="word_197">a</word>
   <word id="word_198">preparar</word>
   <word id="word_199">o</word>
   <word id="word_200">País</word>
   <word id="word_201">para</word>
   <word id="word_202">a</word>
   <word id="word_203">perspectiva</word>
   <word id="word_204">de</word>
   <word id="word_205">eleições</word>
   <word id="word_206">antecipadas</word>
   <word id="word_207">,</word>
   <word id="word_208">posição</word>
   <word id="word_209">que</word>
   <word id="word_210">disse</word>
   <word id="word_211">não</word>
   <word id="word_212">compreender</word>
   <word id="word_213">,</word>
   <word id="word_214">vinda</word>
   <word id="word_215">de</word>
   <word id="word_216">um</word>
   <word id="word_217">homem</word>
   <word id="word_218">que</word>
   <word id="word_219">qualificou</word>
   <word id="word_220">como</word>
   <word id="word_221">"</word>
   <word id="word_222">um</word>
   <word id="word_223">político</word>
   <word id="word_224">hábil</word>
   <word id="word_225">e</word>
   <word id="word_226">de</word>
   <word id="word_227">grande</word>
   <word id="word_228">qualidade</word>
   <word id="word_229">"</word>
   <word id="word_230">.</word>
   <word id="word_231">O</word>
   <word id="word_232">presidente</word>
   <word id="word_233">de_</word>
   <word id="word_234">o</word>
   <word id="word_235">PRD</word>
   <word id="word_236">declarou</word>
   <word id="word_237">ainda</word>
   <word id="word_238">haver</word>
   <word id="word_239">uma</word>
   <word id="word_240">grande</word>
   <word id="word_241">clareza</word>
   <word id="word_242">em_</word>
   <word id="word_243">a</word>
   <word id="word_244">posição</word>
   <word id="word_245">de_</word>
   <word id="word_246">o</word>
   <word id="word_247">partido</word>
   <word id="word_248">quanto</word>
   <word id="word_249">a_</word>
   <word id="word_250">a</word>
   <word id="word_251">necessidade</word>
   <word id="word_252">de</word>
   <word id="word_253">substituição</word>
   <word id="word_254">de_</word>
   <word id="word_255">o</word>
   <word id="word_256">actual</word>
   <word id="word_257">Governo</word>
   <word id="word_258">,</word>
   <word id="word_259">preocupação</word>
   <word id="word_260">essa</word>
   <word id="word_261">que</word>
   <word id="word_262">considerou</word>
   <word id="word_263">não</word>
   <word id="word_264">haver</word>
   <word id="word_265">por</word>
   <word id="word_266">parte</word>
   <word id="word_267">de_</word>
   <word id="word_268">o</word>
   <word id="word_269">Partido</word>
   <word id="word_270">Socialista</word>
   <word id="word_271">.</word>
   <word id="word_272">Eanes</word>
   <word id="word_273">recordou</word>
   <word id="word_274">,</word>
   <word id="word_275">a</word>
   <word id="word_276">este</word>
   <word id="word_277">propósito</word>
   <word id="word_278">,</word>
   <word id="word_279">as</word>
   <word id="word_280">várias</word>
   <word id="word_281">modalidades</word>
   <word id="word_282">que</word>
   <word id="word_283">tinha</word>
   <word id="word_284">proposto</word>
   <word id="word_285">a_</word>
   <word id="word_286">o</word>
   <word id="word_287">PS</word>
   <word id="word_288">para</word>
   <word id="word_289">um</word>
   <word id="word_290">Governo</word>
   <word id="word_291">de</word>
   <word id="word_292">alternativa</word>
   <word id="word_293">,</word>
   <word id="word_294">mas</word>
   <word id="word_295">que</word>
   <word id="word_296">face</word>
   <word id="word_297">a_</word>
   <word id="word_298">a</word>
   <word id="word_299">recusa</word>
   <word id="word_300">de_</word>
   <word id="word_301">aquele</word>
   <word id="word_302">partido</word>
   <word id="word_303">"</word>
   <word id="word_304">nunca</word>
   <word id="word_305">mais</word>
   <word id="word_306">manifestámos</word>
   <word id="word_307">interesse</word>
   <word id="word_308">em</word>
   <word id="word_309">as</word>
   <word id="word_310">renovar</word>
   <word id="word_311">"</word>
   <word id="word_312">.</word>
   <word id="word_313">Também</word>
   <word id="word_314">Hermínio</word>
   <word id="word_315">Martinho</word>
   <word id="word_316">abordou</word>
   <word id="word_317">o</word>
   <word id="word_318">mesmo</word>
   <word id="word_319">tema</word>
   <word id="word_320">,</word>
   <word id="word_321">tendo</word>
   <word id="word_322">tecido</word>
   <word id="word_323">considerações</word>
   <word id="word_324">bastantes</word>
   <word id="word_325">críticas</word>
   <word id="word_326">relativamente</word>
   <word id="word_327">a_</word>
   <word id="word_328">o</word>
   <word id="word_329">Governo</word>
   <word id="word_330">(</word>
   <word id="word_331">"</word>
   <word id="word_332">não</word>
   <word id="word_333">fez</word>
   <word id="word_334">nenhuma</word>
   <word id="word_335">de_</word>
   <word id="word_336">as</word>
   <word id="word_337">reformas</word>
   <word id="word_338">estruturais</word>
   <word id="word_339">a</word>
   <word id="word_340">que</word>
   <word id="word_341">se</word>
   <word id="word_342">comprometeu</word>
   <word id="word_343">"</word>
   <word id="word_344">)</word>
   <word id="word_345">,</word>
   <word id="word_346">a_</word>
   <word id="word_347">o</word>
   <word id="word_348">mesmo</word>
   <word id="word_349">tempo</word>
   <word id="word_350">que</word>
   <word id="word_351">acusou</word>
   <word id="word_352">os</word>
   <word id="word_353">socialistas</word>
   <word id="word_354">de</word>
   <word id="word_355">colaborarem</word>
   <word id="word_356">com</word>
   <word id="word_357">a</word>
   <word id="word_358">sua</word>
   <word id="word_359">manutenção</word>
   <word id="word_360">.</word>
   <word id="word_361">em_</word>
   <word id="word_362">essa</word>
   <word id="word_363">perspectiva</word>
   <word id="word_364">,</word>
   <word id="word_365">classificou</word>
   <word id="word_366">tanto</word>
   <word id="word_367">o</word>
   <word id="word_368">PSD</word>
   <word id="word_369">como</word>
   <word id="word_370">o</word>
   <word id="word_371">PS</word>
   <word id="word_372">como</word>
   <word id="word_373">adversários</word>
   <word id="word_374">políticos</word>
   <word id="word_375">principais</word>
   <word id="word_376">de_</word>
   <word id="word_377">o</word>
   <word id="word_378">PRD</word>
   <word id="word_379">,</word>
   <word id="word_380">justificando</word>
   <word id="word_381">que</word>
   <word id="word_382">essa</word>
   <word id="word_383">posição</word>
   <word id="word_384">é</word>
   <word id="word_385">perfeitamente</word>
   <word id="word_386">natural</word>
   <word id="word_387">,</word>
   <word id="word_388">visto</word>
   <word id="word_389">que</word>
   <word id="word_390">"</word>
   <word id="word_391">queremos</word>
   <word id="word_392">crescer</word>
   <word id="word_393">tanto</word>
   <word id="word_394">a_</word>
   <word id="word_395">a</word>
   <word id="word_396">esquerda</word>
   <word id="word_397">como</word>
   <word id="word_398">a</word>
   <word id="word_399">direita</word>
   <word id="word_400">"</word>
   <word id="word_401">.</word>
   <word id="word_402">"</word>
   <word id="word_403">Esta</word>
   <word id="word_404">é</word>
   <word id="word_405">uma</word>
   <word id="word_406">posição</word>
   <word id="word_407">que</word>
   <word id="word_408">afirmamos</word>
   <word id="word_409">claramente</word>
   <word id="word_410">"</word>
   <word id="word_411">,</word>
   <word id="word_412">reiterou</word>
   <word id="word_413">o</word>
   <word id="word_414">vice-presidente</word>
   <word id="word_415">de_</word>
   <word id="word_416">os</word>
   <word id="word_417">renovadores</word>
   <word id="word_418">democráticos</word>
   <word id="word_419">,</word>
   <word id="word_420">o</word>
   <word id="word_421">qual</word>
   <word id="word_422">prometeu</word>
   <word id="word_423">que</word>
   <word id="word_424">através</word>
   <word id="word_425">de_</word>
   <word id="word_426">a</word>
   <word id="word_427">actividade</word>
   <word id="word_428">a</word>
   <word id="word_429">desenvolver</word>
   <word id="word_430">por_</word>
   <word id="word_431">o</word>
   <word id="word_432">PRD</word>
   <word id="word_433">"</word>
   <word id="word_434">não</word>
   <word id="word_435">restarão</word>
   <word id="word_436">dúvidas</word>
   <word id="word_437">a</word>
   <word id="word_438">ninguém</word>
   <word id="word_439">sobre</word>
   <word id="word_440">a</word>
   <word id="word_441">nossa</word>
   <word id="word_442">estratégia</word>
   <word id="word_443">"</word>
   <word id="word_444">.</word>
</words>
