<?xml version="1.0" encoding="UTF-8"?>
<!DOCTYPE words SYSTEM "words.dtd">
<words>
   <word id="word_1">"</word>
   <word id="word_2">O</word>
   <word id="word_3">crescimento</word>
   <word id="word_4">ecómico</word>
   <word id="word_5">não</word>
   <word id="word_6">é</word>
   <word id="word_7">mera</word>
   <word id="word_8">função</word>
   <word id="word_9">de_</word>
   <word id="word_10">as</word>
   <word id="word_11">taxas</word>
   <word id="word_12">de</word>
   <word id="word_13">acumulação</word>
   <word id="word_14">de</word>
   <word id="word_15">meios</word>
   <word id="word_16">produtivos</word>
   <word id="word_17">"</word>
   <word id="word_18">referiu</word>
   <word id="word_19">Xavier</word>
   <word id="word_20">Pintado</word>
   <word id="word_21">,</word>
   <word id="word_22">em</word>
   <word id="word_23">conferência</word>
   <word id="word_24">proferida</word>
   <word id="word_25">em_</word>
   <word id="word_26">a</word>
   <word id="word_27">Fundação</word>
   <word id="word_28">Portugal</word>
   <word id="word_29">Século</word>
   <word id="word_30">XXI</word>
   <word id="word_31">;</word>
   <word id="word_32">por_</word>
   <word id="word_33">o</word>
   <word id="word_34">contrário</word>
   <word id="word_35">,</word>
   <word id="word_36">o</word>
   <word id="word_37">desenvolvimento</word>
   <word id="word_38">só</word>
   <word id="word_39">pode</word>
   <word id="word_40">"</word>
   <word id="word_41">ser</word>
   <word id="word_42">consequência</word>
   <word id="word_43">de_</word>
   <word id="word_44">o</word>
   <word id="word_45">grau</word>
   <word id="word_46">de</word>
   <word id="word_47">eficiência</word>
   <word id="word_48">em_</word>
   <word id="word_49">a</word>
   <word id="word_50">utilização</word>
   <word id="word_51">de_</word>
   <word id="word_52">os</word>
   <word id="word_53">recursos</word>
   <word id="word_54">disponíveis</word>
   <word id="word_55">"</word>
   <word id="word_56">.</word>
   <word id="word_57">em_</word>
   <word id="word_58">uma</word>
   <word id="word_59">palestra</word>
   <word id="word_60">subordinada</word>
   <word id="word_61">a_</word>
   <word id="word_62">o</word>
   <word id="word_63">tema</word>
   <word id="word_64">"</word>
   <word id="word_65">Estará</word>
   <word id="word_66">Portugal</word>
   <word id="word_67">condenado</word>
   <word id="word_68">a</word>
   <word id="word_69">ser</word>
   <word id="word_70">um</word>
   <word id="word_71">país</word>
   <word id="word_72">pobre</word>
   <word id="word_73">-</word>
   <word id="word_74">lições</word>
   <word id="word_75">ds</word>
   <word id="word_76">experiência</word>
   <word id="word_77">histórica</word>
   <word id="word_78">de_</word>
   <word id="word_79">o</word>
   <word id="word_80">desenvolvimento</word>
   <word id="word_81">económico</word>
   <word id="word_82">"</word>
   <word id="word_83">,</word>
   <word id="word_84">Xavier</word>
   <word id="word_85">Pintado</word>
   <word id="word_86">estabeleceu</word>
   <word id="word_87">um</word>
   <word id="word_88">paralelo</word>
   <word id="word_89">entre</word>
   <word id="word_90">os</word>
   <word id="word_91">casos</word>
   <word id="word_92">de</word>
   <word id="word_93">crescimento</word>
   <word id="word_94">de_</word>
   <word id="word_95">a</word>
   <word id="word_96">Coreia</word>
   <word id="word_97">de_</word>
   <word id="word_98">o</word>
   <word id="word_99">Sul</word>
   <word id="word_100">e</word>
   <word id="word_101">de_</word>
   <word id="word_102">o</word>
   <word id="word_103">Uruguai</word>
   <word id="word_104">.</word>
   <word id="word_105">De</word>
   <word id="word_106">acordo</word>
   <word id="word_107">com</word>
   <word id="word_108">aquele</word>
   <word id="word_109">economista</word>
   <word id="word_110">,</word>
   <word id="word_111">em_</word>
   <word id="word_112">a</word>
   <word id="word_113">década</word>
   <word id="word_114">de</word>
   <word id="word_115">60</word>
   <word id="word_116">,</word>
   <word id="word_117">o</word>
   <word id="word_118">produto</word>
   <word id="word_119">interno</word>
   <word id="word_120">bruto</word>
   <word id="word_121">resultante</word>
   <word id="word_122">de</word>
   <word id="word_123">um</word>
   <word id="word_124">milhão</word>
   <word id="word_125">de</word>
   <word id="word_126">doláres</word>
   <word id="word_127">de</word>
   <word id="word_128">investimento</word>
   <word id="word_129">em_</word>
   <word id="word_130">o</word>
   <word id="word_131">primeiro</word>
   <word id="word_132">de_</word>
   <word id="word_133">aqueles</word>
   <word id="word_134">paises</word>
   <word id="word_135">era</word>
   <word id="word_136">14</word>
   <word id="word_137">vezes</word>
   <word id="word_138">mais</word>
   <word id="word_139">elevada</word>
   <word id="word_140">de</word>
   <word id="word_141">que</word>
   <word id="word_142">em_</word>
   <word id="word_143">o</word>
   <word id="word_144">último</word>
   <word id="word_145">.</word>
   <word id="word_146">Xavier</word>
   <word id="word_147">Pintado</word>
   <word id="word_148">apontou</word>
   <word id="word_149">como</word>
   <word id="word_150">motivos</word>
   <word id="word_151">de_</word>
   <word id="word_152">essa</word>
   <word id="word_153">diferença</word>
   <word id="word_154">o</word>
   <word id="word_155">facto</word>
   <word id="word_156">de</word>
   <word id="word_157">o</word>
   <word id="word_158">investimento</word>
   <word id="word_159">em_</word>
   <word id="word_160">a</word>
   <word id="word_161">Coreia</word>
   <word id="word_162">ser</word>
   <word id="word_163">basicamente</word>
   <word id="word_164">realizado</word>
   <word id="word_165">por</word>
   <word id="word_166">empresários</word>
   <word id="word_167">privados</word>
   <word id="word_168">em</word>
   <word id="word_169">regime</word>
   <word id="word_170">de</word>
   <word id="word_171">concorrência</word>
   <word id="word_172">com</word>
   <word id="word_173">o</word>
   <word id="word_174">exterior</word>
   <word id="word_175">,</word>
   <word id="word_176">a_</word>
   <word id="word_177">o</word>
   <word id="word_178">passo</word>
   <word id="word_179">que</word>
   <word id="word_180">em_</word>
   <word id="word_181">o</word>
   <word id="word_182">Uruguai</word>
   <word id="word_183">,</word>
   <word id="word_184">o</word>
   <word id="word_185">investimento</word>
   <word id="word_186">era</word>
   <word id="word_187">sobretudo</word>
   <word id="word_188">dirigido</word>
   <word id="word_189">a</word>
   <word id="word_190">indústrias</word>
   <word id="word_191">de</word>
   <word id="word_192">capital</word>
   <word id="word_193">intensivo</word>
   <word id="word_194">,</word>
   <word id="word_195">visando</word>
   <word id="word_196">a</word>
   <word id="word_197">substituição</word>
   <word id="word_198">de</word>
   <word id="word_199">importações</word>
   <word id="word_200">,</word>
   <word id="word_201">com</word>
   <word id="word_202">protecção</word>
   <word id="word_203">e</word>
   <word id="word_204">subsídios</word>
   <word id="word_205">de_</word>
   <word id="word_206">o</word>
   <word id="word_207">Estado</word>
   <word id="word_208">.</word>
   <word id="word_209">Foi</word>
   <word id="word_210">justamente</word>
   <word id="word_211">o</word>
   <word id="word_212">modelo</word>
   <word id="word_213">coreano</word>
   <word id="word_214">que</word>
   <word id="word_215">o</word>
   <word id="word_216">conferencista</word>
   <word id="word_217">advogou</word>
   <word id="word_218">como</word>
   <word id="word_219">o</word>
   <word id="word_220">mais</word>
   <word id="word_221">adequado</word>
   <word id="word_222">a</word>
   <word id="word_223">Portugal</word>
   <word id="word_224">.</word>
   <word id="word_225">"</word>
   <word id="word_226">Não</word>
   <word id="word_227">é</word>
   <word id="word_228">suficiente</word>
   <word id="word_229">uma</word>
   <word id="word_230">política</word>
   <word id="word_231">que</word>
   <word id="word_232">incentive</word>
   <word id="word_233">a</word>
   <word id="word_234">poupança</word>
   <word id="word_235">:</word>
   <word id="word_236">precisamos</word>
   <word id="word_237">de</word>
   <word id="word_238">uma</word>
   <word id="word_239">estratégia</word>
   <word id="word_240">de</word>
   <word id="word_241">desenvolvimento</word>
   <word id="word_242">em</word>
   <word id="word_243">regime</word>
   <word id="word_244">de</word>
   <word id="word_245">concorência</word>
   <word id="word_246">com</word>
   <word id="word_247">o</word>
   <word id="word_248">exterior</word>
   <word id="word_249">e</word>
   <word id="word_250">de</word>
   <word id="word_251">mais</word>
   <word id="word_252">investimento</word>
   <word id="word_253">privado</word>
   <word id="word_254">.</word>
   <word id="word_255">"</word>
   <word id="word_256">Salientou</word>
   <word id="word_257">que</word>
   <word id="word_258">"</word>
   <word id="word_259">os</word>
   <word id="word_260">maiores</word>
   <word id="word_261">desperdícios</word>
   <word id="word_262">de</word>
   <word id="word_263">recursos</word>
   <word id="word_264">se</word>
   <word id="word_265">verificam</word>
   <word id="word_266">em</word>
   <word id="word_267">projectos</word>
   <word id="word_268">governamentais</word>
   <word id="word_269">,</word>
   <word id="word_270">suportados</word>
   <word id="word_271">por_</word>
   <word id="word_272">os</word>
   <word id="word_273">contribuintes</word>
   <word id="word_274">"</word>
   <word id="word_275">e</word>
   <word id="word_276">deu</word>
   <word id="word_277">como</word>
   <word id="word_278">exemplo</word>
   <word id="word_279">de</word>
   <word id="word_280">má</word>
   <word id="word_281">gestão</word>
   <word id="word_282">de</word>
   <word id="word_283">meios</word>
   <word id="word_284">"</word>
   <word id="word_285">a</word>
   <word id="word_286">sustentação</word>
   <word id="word_287">de</word>
   <word id="word_288">postos</word>
   <word id="word_289">de</word>
   <word id="word_290">trabalho</word>
   <word id="word_291">a_</word>
   <word id="word_292">a</word>
   <word id="word_293">custa</word>
   <word id="word_294">de_</word>
   <word id="word_295">a</word>
   <word id="word_296">protecção</word>
   <word id="word_297">de</word>
   <word id="word_298">empresas</word>
   <word id="word_299">ou</word>
   <word id="word_300">sectores</word>
   <word id="word_301">inviáveis</word>
   <word id="word_302">"</word>
   <word id="word_303">.</word>
   <word id="word_304">Particularmente</word>
   <word id="word_305">importante</word>
   <word id="word_306">para</word>
   <word id="word_307">qualquer</word>
   <word id="word_308">iniciativa</word>
   <word id="word_309">concertada</word>
   <word id="word_310">de</word>
   <word id="word_311">desenvolvimento</word>
   <word id="word_312">,</word>
   <word id="word_313">acrescentou</word>
   <word id="word_314">,</word>
   <word id="word_315">"</word>
   <word id="word_316">é</word>
   <word id="word_317">o</word>
   <word id="word_318">factor</word>
   <word id="word_319">cultural</word>
   <word id="word_320">"</word>
   <word id="word_321">.</word>
   <word id="word_322">"</word>
   <word id="word_323">O</word>
   <word id="word_324">investimento</word>
   <word id="word_325">em</word>
   <word id="word_326">capital</word>
   <word id="word_327">humano</word>
   <word id="word_328">é</word>
   <word id="word_329">de</word>
   <word id="word_330">todos</word>
   <word id="word_331">o</word>
   <word id="word_332">mais</word>
   <word id="word_333">reprodutivo</word>
   <word id="word_334">.</word>
   <word id="word_335">"</word>
   <word id="word_336">Como</word>
   <word id="word_337">condição</word>
   <word id="word_338">indispensável</word>
   <word id="word_339">para</word>
   <word id="word_340">o</word>
   <word id="word_341">estabelecimento</word>
   <word id="word_342">de</word>
   <word id="word_343">um</word>
   <word id="word_344">quadro</word>
   <word id="word_345">efectivo</word>
   <word id="word_346">onde</word>
   <word id="word_347">possa</word>
   <word id="word_348">ter</word>
   <word id="word_349">lugar</word>
   <word id="word_350">um</word>
   <word id="word_351">processo</word>
   <word id="word_352">de</word>
   <word id="word_353">desenvolvimento</word>
   <word id="word_354">e</word>
   <word id="word_355">crescimento</word>
   <word id="word_356">económico</word>
   <word id="word_357">,</word>
   <word id="word_358">Xavier</word>
   <word id="word_359">Pintado</word>
   <word id="word_360">sublinhou</word>
   <word id="word_361">a</word>
   <word id="word_362">importância</word>
   <word id="word_363">decisiva</word>
   <word id="word_364">de_</word>
   <word id="word_365">a</word>
   <word id="word_366">"</word>
   <word id="word_367">existência</word>
   <word id="word_368">de</word>
   <word id="word_369">um</word>
   <word id="word_370">elevado</word>
   <word id="word_371">grau</word>
   <word id="word_372">de</word>
   <word id="word_373">consenso</word>
   <word id="word_374">social</word>
   <word id="word_375">,</word>
   <word id="word_376">um</word>
   <word id="word_377">enquadramento</word>
   <word id="word_378">institucional</word>
   <word id="word_379">claro</word>
   <word id="word_380">,</word>
   <word id="word_381">uma</word>
   <word id="word_382">administração</word>
   <word id="word_383">pública</word>
   <word id="word_384">eficiente</word>
   <word id="word_385">e</word>
   <word id="word_386">não</word>
   <word id="word_387">impeditiva</word>
   <word id="word_388">"</word>
   <word id="word_389">.</word>
   <word id="word_390">Xavier</word>
   <word id="word_391">Pintado</word>
   <word id="word_392">,</word>
   <word id="word_393">para</word>
   <word id="word_394">além</word>
   <word id="word_395">de_</word>
   <word id="word_396">a</word>
   <word id="word_397">actividade</word>
   <word id="word_398">docente</word>
   <word id="word_399">,</word>
   <word id="word_400">desempenhou</word>
   <word id="word_401">a_</word>
   <word id="word_402">o</word>
   <word id="word_403">longo</word>
   <word id="word_404">de_</word>
   <word id="word_405">a</word>
   <word id="word_406">sua</word>
   <word id="word_407">carreira</word>
   <word id="word_408">diversos</word>
   <word id="word_409">cargos</word>
   <word id="word_410">,</word>
   <word id="word_411">de</word>
   <word id="word_412">entre</word>
   <word id="word_413">os</word>
   <word id="word_414">quais</word>
   <word id="word_415">se</word>
   <word id="word_416">destaca</word>
   <word id="word_417">a</word>
   <word id="word_418">de</word>
   <word id="word_419">consultor</word>
   <word id="word_420">,</word>
   <word id="word_421">a</word>
   <word id="word_422">vários</word>
   <word id="word_423">títulos</word>
   <word id="word_424">,</word>
   <word id="word_425">de_</word>
   <word id="word_426">a</word>
   <word id="word_427">EFTA</word>
   <word id="word_428">,</word>
   <word id="word_429">actividade</word>
   <word id="word_430">que</word>
   <word id="word_431">o</word>
   <word id="word_432">levou</word>
   <word id="word_433">a</word>
   <word id="word_434">residir</word>
   <word id="word_435">em</word>
   <word id="word_436">Genebra</word>
   <word id="word_437">.</word>
</words>
