<?xml version="1.0" encoding="UTF-8"?>
<!DOCTYPE words SYSTEM "words.dtd">
<words>
   <word id="word_1">OS</word>
   <word id="word_2">PAVOROSOS</word>
   <word id="word_3">incêndios</word>
   <word id="word_4">que</word>
   <word id="word_5">destruiram</word>
   <word id="word_6">edifícios</word>
   <word id="word_7">em_</word>
   <word id="word_8">o</word>
   <word id="word_9">Rossio</word>
   <word id="word_10">são</word>
   <word id="word_11">apenas</word>
   <word id="word_12">alguns</word>
   <word id="word_13">de_</word>
   <word id="word_14">os</word>
   <word id="word_15">acontecimentos</word>
   <word id="word_16">históricos</word>
   <word id="word_17">de</word>
   <word id="word_18">uma</word>
   <word id="word_19">praça</word>
   <word id="word_20">que</word>
   <word id="word_21">sofreu</word>
   <word id="word_22">radicais</word>
   <word id="word_23">transformações</word>
   <word id="word_24">a_</word>
   <word id="word_25">o</word>
   <word id="word_26">longo</word>
   <word id="word_27">de_</word>
   <word id="word_28">os</word>
   <word id="word_29">anos</word>
   <word id="word_30">desde</word>
   <word id="word_31">que</word>
   <word id="word_32">as</word>
   <word id="word_33">muralhas</word>
   <word id="word_34">fernandinas</word>
   <word id="word_35">foram</word>
   <word id="word_36">ultrapassadas</word>
   <word id="word_37">,</word>
   <word id="word_38">dando</word>
   <word id="word_39">lugar</word>
   <word id="word_40">a_</word>
   <word id="word_41">o</word>
   <word id="word_42">panorama</word>
   <word id="word_43">que</word>
   <word id="word_44">a</word>
   <word id="word_45">reforma</word>
   <word id="word_46">pombalina</word>
   <word id="word_47">,</word>
   <word id="word_48">em_</word>
   <word id="word_49">o</word>
   <word id="word_50">plano</word>
   <word id="word_51">arquitetónico</word>
   <word id="word_52">,</word>
   <word id="word_53">planea</word>
   <word id="word_54">tal</word>
   <word id="word_55">como</word>
   <word id="word_56">a</word>
   <word id="word_57">vemos</word>
   <word id="word_58">hoje</word>
   <word id="word_59">.</word>
   <word id="word_60">Os</word>
   <word id="word_61">cinco</word>
   <word id="word_62">séculos</word>
   <word id="word_63">de</word>
   <word id="word_64">história</word>
   <word id="word_65">de</word>
   <word id="word_66">um</word>
   <word id="word_67">largo</word>
   <word id="word_68">,</word>
   <word id="word_69">que</word>
   <word id="word_70">tem</word>
   <word id="word_71">papel</word>
   <word id="word_72">fulcral</word>
   <word id="word_73">em_</word>
   <word id="word_74">a</word>
   <word id="word_75">vida</word>
   <word id="word_76">de_</word>
   <word id="word_77">a</word>
   <word id="word_78">cidade</word>
   <word id="word_79">,</word>
   <word id="word_80">desde</word>
   <word id="word_81">que</word>
   <word id="word_82">o</word>
   <word id="word_83">Castelo</word>
   <word id="word_84">de</word>
   <word id="word_85">São</word>
   <word id="word_86">Jorge</word>
   <word id="word_87">começou</word>
   <word id="word_88">a</word>
   <word id="word_89">ser</word>
   <word id="word_90">pequeno</word>
   <word id="word_91">para</word>
   <word id="word_92">capital</word>
   <word id="word_93">de_</word>
   <word id="word_94">o</word>
   <word id="word_95">reino</word>
   <word id="word_96">(</word>
   <word id="word_97">e</word>
   <word id="word_98">de</word>
   <word id="word_99">que</word>
   <word id="word_100">foram</word>
   <word id="word_101">eventos</word>
   <word id="word_102">de</word>
   <word id="word_103">maior</word>
   <word id="word_104">importância</word>
   <word id="word_105">os</word>
   <word id="word_106">relacionados</word>
   <word id="word_107">com</word>
   <word id="word_108">a</word>
   <word id="word_109">Revolução</word>
   <word id="word_110">de</word>
   <word id="word_111">1383</word>
   <word id="word_112">e</word>
   <word id="word_113">a</word>
   <word id="word_114">restauração</word>
   <word id="word_115">de_</word>
   <word id="word_116">a</word>
   <word id="word_117">independência</word>
   <word id="word_118">em</word>
   <word id="word_119">1640</word>
   <word id="word_120">)</word>
   <word id="word_121">,</word>
   <word id="word_122">foram</word>
   <word id="word_123">o</word>
   <word id="word_124">tema</word>
   <word id="word_125">de_</word>
   <word id="word_126">o</word>
   <word id="word_127">"</word>
   <word id="word_128">passeio</word>
   <word id="word_129">de</word>
   <word id="word_130">domingo</word>
   <word id="word_131">"</word>
   <word id="word_132">de_</word>
   <word id="word_133">o</word>
   <word id="word_134">Centro</word>
   <word id="word_135">Nacional</word>
   <word id="word_136">de</word>
   <word id="word_137">Cultura</word>
   <word id="word_138">,</word>
   <word id="word_139">ontem</word>
   <word id="word_140">orientado</word>
   <word id="word_141">por_</word>
   <word id="word_142">o</word>
   <word id="word_143">Jornalista</word>
   <word id="word_144">António</word>
   <word id="word_145">Valdemar</word>
   <word id="word_146">,</word>
   <word id="word_147">nosso</word>
   <word id="word_148">camarada</word>
   <word id="word_149">de</word>
   <word id="word_150">Redacção</word>
   <word id="word_151">,</word>
   <word id="word_152">que</word>
   <word id="word_153">se</word>
   <word id="word_154">deteve</word>
   <word id="word_155">preferencialmente</word>
   <word id="word_156">em_</word>
   <word id="word_157">os</word>
   <word id="word_158">períodos</word>
   <word id="word_159">seiscentista</word>
   <word id="word_160">e</word>
   <word id="word_161">setecentista</word>
   <word id="word_162">.</word>
   <word id="word_163">António</word>
   <word id="word_164">Valdemar</word>
   <word id="word_165">sintetizou</word>
   <word id="word_166">em_</word>
   <word id="word_167">o</word>
   <word id="word_168">tema</word>
   <word id="word_169">"</word>
   <word id="word_170">Restauração</word>
   <word id="word_171">e</word>
   <word id="word_172">iluminismo</word>
   <word id="word_173">,</word>
   <word id="word_174">terramoto</word>
   <word id="word_175">e</word>
   <word id="word_176">reconstrução</word>
   <word id="word_177">"</word>
   <word id="word_178">a</word>
   <word id="word_179">imensidão</word>
   <word id="word_180">de</word>
   <word id="word_181">motivos</word>
   <word id="word_182">de</word>
   <word id="word_183">que</word>
   <word id="word_184">pode</word>
   <word id="word_185">socorrer</word>
   <word id="word_186">-se</word>
   <word id="word_187">para</word>
   <word id="word_188">analisar</word>
   <word id="word_189">aquele</word>
   <word id="word_190">longo</word>
   <word id="word_191">período</word>
   <word id="word_192">.</word>
   <word id="word_193">Por</word>
   <word id="word_194">exemplo</word>
   <word id="word_195">,</word>
   <word id="word_196">o</word>
   <word id="word_197">Hospital</word>
   <word id="word_198">de</word>
   <word id="word_199">Todos</word>
   <word id="word_200">-os</word>
   <word id="word_201">Santos</word>
   <word id="word_202">foi</word>
   <word id="word_203">instituição</word>
   <word id="word_204">primacial</word>
   <word id="word_205">de_</word>
   <word id="word_206">o</word>
   <word id="word_207">sistema</word>
   <word id="word_208">de</word>
   <word id="word_209">saúde</word>
   <word id="word_210">de_</word>
   <word id="word_211">o</word>
   <word id="word_212">antigo</word>
   <word id="word_213">regime</word>
   <word id="word_214">,</word>
   <word id="word_215">criado</word>
   <word id="word_216">a_</word>
   <word id="word_217">a</word>
   <word id="word_218">luz</word>
   <word id="word_219">de_</word>
   <word id="word_220">a</word>
   <word id="word_221">orientação</word>
   <word id="word_222">que</word>
   <word id="word_223">levou</word>
   <word id="word_224">também</word>
   <word id="word_225">a_</word>
   <word id="word_226">a</word>
   <word id="word_227">edificação</word>
   <word id="word_228">de_</word>
   <word id="word_229">o</word>
   <word id="word_230">Hospital</word>
   <word id="word_231">de_</word>
   <word id="word_232">as</word>
   <word id="word_233">Caldas</word>
   <word id="word_234">:</word>
   <word id="word_235">visou</word>
   <word id="word_236">concentrar</word>
   <word id="word_237">em_</word>
   <word id="word_238">um</word>
   <word id="word_239">só</word>
   <word id="word_240">estabelecimento</word>
   <word id="word_241">numerosos</word>
   <word id="word_242">pequenos</word>
   <word id="word_243">hospitais</word>
   <word id="word_244">.</word>
   <word id="word_245">Ardeu</word>
   <word id="word_246">em</word>
   <word id="word_247">dois</word>
   <word id="word_248">clamorosos</word>
   <word id="word_249">fogos</word>
   <word id="word_250">,</word>
   <word id="word_251">o</word>
   <word id="word_252">primeiro</word>
   <word id="word_253">em</word>
   <word id="word_254">1601</word>
   <word id="word_255">e</word>
   <word id="word_256">o</word>
   <word id="word_257">último</word>
   <word id="word_258">,</word>
   <word id="word_259">que</word>
   <word id="word_260">o</word>
   <word id="word_261">destruiu</word>
   <word id="word_262">completamente</word>
   <word id="word_263">,</word>
   <word id="word_264">em</word>
   <word id="word_265">1750</word>
   <word id="word_266">:</word>
   <word id="word_267">quando</word>
   <word id="word_268">o</word>
   <word id="word_269">Rossio</word>
   <word id="word_270">foi</word>
   <word id="word_271">pasto</word>
   <word id="word_272">de_</word>
   <word id="word_273">as</word>
   <word id="word_274">ciclópicas</word>
   <word id="word_275">chamas</word>
   <word id="word_276">provocadas</word>
   <word id="word_277">por_</word>
   <word id="word_278">o</word>
   <word id="word_279">terramoto</word>
   <word id="word_280">de</word>
   <word id="word_281">1755</word>
   <word id="word_282">,</word>
   <word id="word_283">já</word>
   <word id="word_284">não</word>
   <word id="word_285">existia</word>
   <word id="word_286">.</word>
   <word id="word_287">Foi</word>
   <word id="word_288">posteriomente</word>
   <word id="word_289">substituído</word>
   <word id="word_290">por_</word>
   <word id="word_291">o</word>
   <word id="word_292">Hospital</word>
   <word id="word_293">de</word>
   <word id="word_294">S.</word>
   <word id="word_295">José</word>
   <word id="word_296">,</word>
   <word id="word_297">que</word>
   <word id="word_298">ocupou</word>
   <word id="word_299">instalações</word>
   <word id="word_300">de_</word>
   <word id="word_301">o</word>
   <word id="word_302">Colégio</word>
   <word id="word_303">de</word>
   <word id="word_304">Santo</word>
   <word id="word_305">Antão</word>
   <word id="word_306">,</word>
   <word id="word_307">após</word>
   <word id="word_308">a</word>
   <word id="word_309">expulsão</word>
   <word id="word_310">de_</word>
   <word id="word_311">os</word>
   <word id="word_312">jesuítas</word>
   <word id="word_313">.</word>
   <word id="word_314">Há</word>
   <word id="word_315">poucas</word>
   <word id="word_316">décadas</word>
   <word id="word_317">,</word>
   <word id="word_318">as</word>
   <word id="word_319">escavações</word>
   <word id="word_320">de_</word>
   <word id="word_321">a</word>
   <word id="word_322">Praça</word>
   <word id="word_323">de_</word>
   <word id="word_324">a</word>
   <word id="word_325">Figueira</word>
   <word id="word_326">permitiram</word>
   <word id="word_327">encontrar</word>
   <word id="word_328">vestígios</word>
   <word id="word_329">de_</word>
   <word id="word_330">o</word>
   <word id="word_331">primitivo</word>
   <word id="word_332">hospital</word>
   <word id="word_333">.</word>
   <word id="word_334">Vestígios</word>
   <word id="word_335">vivos</word>
   <word id="word_336">,</word>
   <word id="word_337">hoje</word>
   <word id="word_338">,</word>
   <word id="word_339">já</word>
   <word id="word_340">só</word>
   <word id="word_341">existem</word>
   <word id="word_342">em_</word>
   <word id="word_343">o</word>
   <word id="word_344">Palácio</word>
   <word id="word_345">de_</word>
   <word id="word_346">a</word>
   <word id="word_347">Independência</word>
   <word id="word_348">ou</word>
   <word id="word_349">em_</word>
   <word id="word_350">uma</word>
   <word id="word_351">pequena</word>
   <word id="word_352">loja</word>
   <word id="word_353">de</word>
   <word id="word_354">botões</word>
   <word id="word_355">,</word>
   <word id="word_356">em_</word>
   <word id="word_357">o</word>
   <word id="word_358">prédio</word>
   <word id="word_359">86</word>
   <word id="word_360">de_</word>
   <word id="word_361">o</word>
   <word id="word_362">Rossio</word>
   <word id="word_363">.</word>
   <word id="word_364">As</word>
   <word id="word_365">escavações</word>
   <word id="word_366">referenciadas</word>
   <word id="word_367">por</word>
   <word id="word_368">António</word>
   <word id="word_369">Valdemar</word>
   <word id="word_370">respeitaram</word>
   <word id="word_371">a_</word>
   <word id="word_372">a</word>
   <word id="word_373">construção</word>
   <word id="word_374">de_</word>
   <word id="word_375">o</word>
   <word id="word_376">Metropolitano</word>
   <word id="word_377">de</word>
   <word id="word_378">Lisboa</word>
   <word id="word_379">,</word>
   <word id="word_380">e</word>
   <word id="word_381">não</word>
   <word id="word_382">a</word>
   <word id="word_383">pesquisas</word>
   <word id="word_384">arqueológicas</word>
   <word id="word_385">,</word>
   <word id="word_386">que</word>
   <word id="word_387">,</word>
   <word id="word_388">a</word>
   <word id="word_389">terem</word>
   <word id="word_390">-se</word>
   <word id="word_391">verificado</word>
   <word id="word_392">,</word>
   <word id="word_393">permitiriam</word>
   <word id="word_394">encontrar</word>
   <word id="word_395">mais</word>
   <word id="word_396">objectos</word>
   <word id="word_397">.</word>
   <word id="word_398">Pequenos</word>
   <word id="word_399">ou</word>
   <word id="word_400">grandes</word>
   <word id="word_401">estabelecimentos</word>
   <word id="word_402">comerciais</word>
   <word id="word_403">testemunham</word>
   <word id="word_404">momentos</word>
   <word id="word_405">mercantes</word>
   <word id="word_406">vividos</word>
   <word id="word_407">em_</word>
   <word id="word_408">o</word>
   <word id="word_409">Rossio</word>
   <word id="word_410">.</word>
   <word id="word_411">Actualmente</word>
   <word id="word_412">apenas</word>
   <word id="word_413">existe</word>
   <word id="word_414">a</word>
   <word id="word_415">última</word>
   <word id="word_416">de</word>
   <word id="word_417">uma</word>
   <word id="word_418">grande</word>
   <word id="word_419">série</word>
   <word id="word_420">de</word>
   <word id="word_421">chapelarias</word>
   <word id="word_422">aí</word>
   <word id="word_423">sediadas</word>
   <word id="word_424">outrora</word>
   <word id="word_425">,</word>
   <word id="word_426">por</word>
   <word id="word_427">imposição</word>
   <word id="word_428">de_</word>
   <word id="word_429">o</word>
   <word id="word_430">marquês</word>
   <word id="word_431">de</word>
   <word id="word_432">Pombal</word>
   <word id="word_433">,</word>
   <word id="word_434">de</word>
   <word id="word_435">que</word>
   <word id="word_436">todas</word>
   <word id="word_437">elas</word>
   <word id="word_438">lá</word>
   <word id="word_439">tivessem</word>
   <word id="word_440">a</word>
   <word id="word_441">sede</word>
   <word id="word_442">.</word>
   <word id="word_443">de_</word>
   <word id="word_444">essas</word>
   <word id="word_445">lojas</word>
   <word id="word_446">era</word>
   <word id="word_447">cliente</word>
   <word id="word_448">por</word>
   <word id="word_449">exemplo</word>
   <word id="word_450">,</word>
   <word id="word_451">Fernando</word>
   <word id="word_452">Pessoa</word>
   <word id="word_453">.</word>
   <word id="word_454">Marca</word>
   <word id="word_455">de_</word>
   <word id="word_456">o</word>
   <word id="word_457">passado</word>
   <word id="word_458">é</word>
   <word id="word_459">ainda</word>
   <word id="word_460">o</word>
   <word id="word_461">frontispício</word>
   <word id="word_462">que</word>
   <word id="word_463">publicita</word>
   <word id="word_464">"</word>
   <word id="word_465">chapéus</word>
   <word id="word_466">coloniais</word>
   <word id="word_467">"</word>
   <word id="word_468">.</word>
   <word id="word_469">A</word>
   <word id="word_470">farmácia</word>
   <word id="word_471">Azevedos</word>
   <word id="word_472">foi</word>
   <word id="word_473">visitada</word>
   <word id="word_474">por</word>
   <word id="word_475">Nicolau</word>
   <word id="word_476">Tolentino</word>
   <word id="word_477">.</word>
   <word id="word_478">Botequins</word>
   <word id="word_479">como</word>
   <word id="word_480">o</word>
   <word id="word_481">Nicola</word>
   <word id="word_482">ou</word>
   <word id="word_483">o</word>
   <word id="word_484">Parras</word>
   <word id="word_485">foram</word>
   <word id="word_486">também</word>
   <word id="word_487">recordados</word>
   <word id="word_488">:</word>
   <word id="word_489">figuras</word>
   <word id="word_490">como</word>
   <word id="word_491">Barbosa</word>
   <word id="word_492">du</word>
   <word id="word_493">Bocage</word>
   <word id="word_494">,</word>
   <word id="word_495">Filinto</word>
   <word id="word_496">Elísio</word>
   <word id="word_497">ou</word>
   <word id="word_498">padre</word>
   <word id="word_499">José</word>
   <word id="word_500">Agostinho</word>
   <word id="word_501">de</word>
   <word id="word_502">Macedo</word>
   <word id="word_503">os</word>
   <word id="word_504">frequentaram</word>
   <word id="word_505">.</word>
   <word id="word_506">Em_</word>
   <word id="word_507">o</word>
   <word id="word_508">segundo</word>
   <word id="word_509">café</word>
   <word id="word_510">,</word>
   <word id="word_511">menos</word>
   <word id="word_512">conhecido</word>
   <word id="word_513">,</word>
   <word id="word_514">o</word>
   <word id="word_515">dono</word>
   <word id="word_516">era</word>
   <word id="word_517">alcunhado</word>
   <word id="word_518">"</word>
   <word id="word_519">Pedro</word>
   <word id="word_520">de_</word>
   <word id="word_521">as</word>
   <word id="word_522">Lamúrias</word>
   <word id="word_523">"</word>
   <word id="word_524">,</word>
   <word id="word_525">pois</word>
   <word id="word_526">sempre</word>
   <word id="word_527">acendia</word>
   <word id="word_528">muitas</word>
   <word id="word_529">luzes</word>
   <word id="word_530">,</word>
   <word id="word_531">quando</word>
   <word id="word_532">os</word>
   <word id="word_533">invasores</word>
   <word id="word_534">franceses</word>
   <word id="word_535">sofriam</word>
   <word id="word_536">derrotas</word>
   <word id="word_537">.</word>
   <word id="word_538">As</word>
   <word id="word_539">invasões</word>
   <word id="word_540">francesas</word>
   <word id="word_541">,</word>
   <word id="word_542">o</word>
   <word id="word_543">domínio</word>
   <word id="word_544">castelhano</word>
   <word id="word_545">:</word>
   <word id="word_546">retrospectivamente</word>
   <word id="word_547">,</word>
   <word id="word_548">humilhações</word>
   <word id="word_549">de_</word>
   <word id="word_550">a</word>
   <word id="word_551">nacionalidade</word>
   <word id="word_552">que</word>
   <word id="word_553">em_</word>
   <word id="word_554">o</word>
   <word id="word_555">Rossio</word>
   <word id="word_556">suportaram</word>
   <word id="word_557">reveses</word>
   <word id="word_558">.</word>
   <word id="word_559">O</word>
   <word id="word_560">Palácio</word>
   <word id="word_561">de_</word>
   <word id="word_562">a</word>
   <word id="word_563">Independência</word>
   <word id="word_564">foi</word>
   <word id="word_565">antigamente</word>
   <word id="word_566">de_</word>
   <word id="word_567">os</word>
   <word id="word_568">Almadas</word>
   <word id="word_569">:</word>
   <word id="word_570">aí</word>
   <word id="word_571">planearam</word>
   <word id="word_572">os</word>
   <word id="word_573">conjurados</word>
   <word id="word_574">de</word>
   <word id="word_575">1640</word>
   <word id="word_576">o</word>
   <word id="word_577">fim</word>
   <word id="word_578">de_</word>
   <word id="word_579">o</word>
   <word id="word_580">período</word>
   <word id="word_581">filipino</word>
   <word id="word_582">.</word>
   <word id="word_583">Após</word>
   <word id="word_584">o</word>
   <word id="word_585">terramoto</word>
   <word id="word_586">de</word>
   <word id="word_587">1755</word>
   <word id="word_588">,</word>
   <word id="word_589">outros</word>
   <word id="word_590">fogos</word>
   <word id="word_591">foram</word>
   <word id="word_592">postos</word>
   <word id="word_593">por</word>
   <word id="word_594">ordem</word>
   <word id="word_595">de_</word>
   <word id="word_596">o</word>
   <word id="word_597">marquês</word>
   <word id="word_598">:</word>
   <word id="word_599">destruiu</word>
   <word id="word_600">-se</word>
   <word id="word_601">o</word>
   <word id="word_602">muito</word>
   <word id="word_603">que</word>
   <word id="word_604">restara</word>
   <word id="word_605">de_</word>
   <word id="word_606">a</word>
   <word id="word_607">Baixa</word>
   <word id="word_608">,</word>
   <word id="word_609">para</word>
   <word id="word_610">a</word>
   <word id="word_611">reconstruir</word>
   <word id="word_612">totalmente</word>
   <word id="word_613">.</word>
   <word id="word_614">Reconstrução</word>
   <word id="word_615">que</word>
   <word id="word_616">as</word>
   <word id="word_617">invasões</word>
   <word id="word_618">francesas</word>
   <word id="word_619">interromperam</word>
   <word id="word_620">,</word>
   <word id="word_621">para</word>
   <word id="word_622">ser</word>
   <word id="word_623">mais</word>
   <word id="word_624">tarde</word>
   <word id="word_625">reatada</word>
   <word id="word_626">.</word>
   <word id="word_627">Em</word>
   <word id="word_628">1987</word>
   <word id="word_629">,</word>
   <word id="word_630">António</word>
   <word id="word_631">Valdemar</word>
   <word id="word_632">pode</word>
   <word id="word_633">dizer</word>
   <word id="word_634">que</word>
   <word id="word_635">esta</word>
   <word id="word_636">parte</word>
   <word id="word_637">de</word>
   <word id="word_638">Lisboa</word>
   <word id="word_639">"</word>
   <word id="word_640">foi</word>
   <word id="word_641">de</word>
   <word id="word_642">Pombal</word>
   <word id="word_643">,</word>
   <word id="word_644">é</word>
   <word id="word_645">nossa</word>
   <word id="word_646">e</word>
   <word id="word_647">esperamos</word>
   <word id="word_648">que</word>
   <word id="word_649">não</word>
   <word id="word_650">haja</word>
   <word id="word_651">outro</word>
   <word id="word_652">terramoto</word>
   <word id="word_653">,</word>
   <word id="word_654">para</word>
   <word id="word_655">continuar</word>
   <word id="word_656">a</word>
   <word id="word_657">ser</word>
   <word id="word_658">de_</word>
   <word id="word_659">os</word>
   <word id="word_660">que</word>
   <word id="word_661">nos</word>
   <word id="word_662">sucederem</word>
   <word id="word_663">!</word>
   <word id="word_664">"</word>
</words>
