<?xml version="1.0" encoding="UTF-8"?>
<!DOCTYPE words SYSTEM "words.dtd">
<words>
   <word id="word_1">Amanhã</word>
   <word id="word_2">,</word>
   <word id="word_3">em</word>
   <word id="word_4">Paris</word>
   <word id="word_5">,</word>
   <word id="word_6">quando</word>
   <word id="word_7">Pedro</word>
   <word id="word_8">Delgado</word>
   <word id="word_9">for</word>
   <word id="word_10">proclamado</word>
   <word id="word_11">o</word>
   <word id="word_12">vencedor</word>
   <word id="word_13">de_</word>
   <word id="word_14">a</word>
   <word id="word_15">Volta</word>
   <word id="word_16">a_</word>
   <word id="word_17">a</word>
   <word id="word_18">França</word>
   <word id="word_19">,</word>
   <word id="word_20">o</word>
   <word id="word_21">repique</word>
   <word id="word_22">festivo</word>
   <word id="word_23">de_</word>
   <word id="word_24">os</word>
   <word id="word_25">sinos</word>
   <word id="word_26">deverá</word>
   <word id="word_27">ensurdecer</word>
   <word id="word_28">Segóvia</word>
   <word id="word_29">,</word>
   <word id="word_30">a</word>
   <word id="word_31">sua</word>
   <word id="word_32">terra</word>
   <word id="word_33">natal</word>
   <word id="word_34">.</word>
   <word id="word_35">Assim</word>
   <word id="word_36">o</word>
   <word id="word_37">desejou</word>
   <word id="word_38">um</word>
   <word id="word_39">arcebispo</word>
   <word id="word_40">castelhano</word>
   <word id="word_41">na</word>
   <word id="word_42">quinta-feira</word>
   <word id="word_43">a_</word>
   <word id="word_44">a</word>
   <word id="word_45">noite</word>
   <word id="word_46">...</word>
   <word id="word_47">deixando</word>
   <word id="word_48">a</word>
   <word id="word_49">Deus</word>
   <word id="word_50">o</word>
   <word id="word_51">cuidado</word>
   <word id="word_52">de</word>
   <word id="word_53">reconhecer</word>
   <word id="word_54">os</word>
   <word id="word_55">seus</word>
   <word id="word_56">no</word>
   <word id="word_57">enorme</word>
   <word id="word_58">imbróglio</word>
   <word id="word_59">em</word>
   <word id="word_60">que</word>
   <word id="word_61">o</word>
   <word id="word_62">"</word>
   <word id="word_63">Tour</word>
   <word id="word_64">"</word>
   <word id="word_65">mergulhara</word>
   <word id="word_66">dois</word>
   <word id="word_67">dias</word>
   <word id="word_68">antes</word>
   <word id="word_69">.</word>
   <word id="word_70">Quinta-feira</word>
   <word id="word_71">,</word>
   <word id="word_72">o</word>
   <word id="word_73">dia</word>
   <word id="word_74">mais</word>
   <word id="word_75">longo</word>
   <word id="word_76">,</word>
   <word id="word_77">recheado</word>
   <word id="word_78">com</word>
   <word id="word_79">os</word>
   <word id="word_80">mais</word>
   <word id="word_81">loucos</word>
   <word id="word_82">boatos</word>
   <word id="word_83">e</word>
   <word id="word_84">informações</word>
   <word id="word_85">contraditórias</word>
   <word id="word_86">sobre</word>
   <word id="word_87">o</word>
   <word id="word_88">"</word>
   <word id="word_89">caso</word>
   <word id="word_90">Delgado</word>
   <word id="word_91">"</word>
   <word id="word_92">,</word>
   <word id="word_93">a</word>
   <word id="word_94">que</word>
   <word id="word_95">só</word>
   <word id="word_96">o</word>
   <word id="word_97">comunicado</word>
   <word id="word_98">oficial</word>
   <word id="word_99">de_</word>
   <word id="word_100">o</word>
   <word id="word_101">presidente</word>
   <word id="word_102">de_</word>
   <word id="word_103">o</word>
   <word id="word_104">júri</word>
   <word id="word_105">de</word>
   <word id="word_106">comissários</word>
   <word id="word_107">,</word>
   <word id="word_108">Mário</word>
   <word id="word_109">Precce</word>
   <word id="word_110">,</word>
   <word id="word_111">pôs</word>
   <word id="word_112">um</word>
   <word id="word_113">ponto</word>
   <word id="word_114">final</word>
   <word id="word_115">cerca</word>
   <word id="word_116">de_</word>
   <word id="word_117">as</word>
   <word id="word_118">21</word>
   <word id="word_119">horas</word>
   <word id="word_120">.</word>
   <word id="word_121">A</word>
   <word id="word_122">segunda</word>
   <word id="word_123">análise</word>
   <word id="word_124">de</word>
   <word id="word_125">urinas</word>
   <word id="word_126">de</word>
   <word id="word_127">Pedro</word>
   <word id="word_128">Delgado</word>
   <word id="word_129">,</word>
   <word id="word_130">realizada</word>
   <word id="word_131">em_</word>
   <word id="word_132">essa</word>
   <word id="word_133">mesma</word>
   <word id="word_134">manhã</word>
   <word id="word_135">,</word>
   <word id="word_136">fora</word>
   <word id="word_137">de</word>
   <word id="word_138">novo</word>
   <word id="word_139">positiva</word>
   <word id="word_140">-</word>
   <word id="word_141">mas</word>
   <word id="word_142">como</word>
   <word id="word_143">ela</word>
   <word id="word_144">acusava</word>
   <word id="word_145">a</word>
   <word id="word_146">presença</word>
   <word id="word_147">de</word>
   <word id="word_148">Probenicide</word>
   <word id="word_149">,</word>
   <word id="word_150">um</word>
   <word id="word_151">produto</word>
   <word id="word_152">que</word>
   <word id="word_153">não</word>
   <word id="word_154">figura</word>
   <word id="word_155">na</word>
   <word id="word_156">lista</word>
   <word id="word_157">de</word>
   <word id="word_158">substâncias</word>
   <word id="word_159">proibidas</word>
   <word id="word_160">pela</word>
   <word id="word_161">União</word>
   <word id="word_162">Ciclista</word>
   <word id="word_163">Internacional</word>
   <word id="word_164">,</word>
   <word id="word_165">"</word>
   <word id="word_166">não</word>
   <word id="word_167">pode</word>
   <word id="word_168">constituir</word>
   <word id="word_169">matéria</word>
   <word id="word_170">de</word>
   <word id="word_171">sanção</word>
   <word id="word_172">para</word>
   <word id="word_173">o</word>
   <word id="word_174">corredor</word>
   <word id="word_175">Pedro</word>
   <word id="word_176">Delgado</word>
   <word id="word_177">"</word>
   <word id="word_178">.</word>
   <word id="word_179">Em</word>
   <word id="word_180">Espanha</word>
   <word id="word_181">,</word>
   <word id="word_182">a</word>
   <word id="word_183">televisão</word>
   <word id="word_184">e</word>
   <word id="word_185">a</word>
   <word id="word_186">rádio</word>
   <word id="word_187">interromperam</word>
   <word id="word_188">os</word>
   <word id="word_189">seus</word>
   <word id="word_190">programas</word>
   <word id="word_191">para</word>
   <word id="word_192">,</word>
   <word id="word_193">a_</word>
   <word id="word_194">o</word>
   <word id="word_195">som</word>
   <word id="word_196">de_</word>
   <word id="word_197">o</word>
   <word id="word_198">Aleluia</word>
   <word id="word_199">de</word>
   <word id="word_200">Haendel</word>
   <word id="word_201">,</word>
   <word id="word_202">darem</word>
   <word id="word_203">a</word>
   <word id="word_204">notícia</word>
   <word id="word_205">.</word>
   <word id="word_206">Nos</word>
   <word id="word_207">bares</word>
   <word id="word_208">de</word>
   <word id="word_209">Segovia</word>
   <word id="word_210">,</word>
   <word id="word_211">o</word>
   <word id="word_212">champanhe</word>
   <word id="word_213">-</word>
   <word id="word_214">unicamente</word>
   <word id="word_215">espanhol</word>
   <word id="word_216">-</word>
   <word id="word_217">correu</word>
   <word id="word_218">a</word>
   <word id="word_219">jorros</word>
   <word id="word_220">e</word>
   <word id="word_221">a</word>
   <word id="word_222">festa</word>
   <word id="word_223">prolongou</word>
   <word id="word_224">-se</word>
   <word id="word_225">até</word>
   <word id="word_226">altas</word>
   <word id="word_227">horas</word>
   <word id="word_228">na</word>
   <word id="word_229">noite</word>
   <word id="word_230">quente</word>
   <word id="word_231">castelhana</word>
   <word id="word_232">.</word>
   <word id="word_233">Mas</word>
   <word id="word_234">,</word>
   <word id="word_235">para</word>
   <word id="word_236">as</word>
   <word id="word_237">pessoas</word>
   <word id="word_238">reunidas</word>
   <word id="word_239">em</word>
   <word id="word_240">Clermont-Ferrand</word>
   <word id="word_241">-</word>
   <word id="word_242">onde</word>
   <word id="word_243">se</word>
   <word id="word_244">instalou</word>
   <word id="word_245">a</word>
   <word id="word_246">caravana</word>
   <word id="word_247">de_</word>
   <word id="word_248">o</word>
   <word id="word_249">"</word>
   <word id="word_250">Tour</word>
   <word id="word_251">"</word>
   <word id="word_252">depois</word>
   <word id="word_253">de_</word>
   <word id="word_254">a</word>
   <word id="word_255">etapa</word>
   <word id="word_256">de_</word>
   <word id="word_257">o</word>
   <word id="word_258">dia</word>
   <word id="word_259">-</word>
   <word id="word_260">,</word>
   <word id="word_261">começava</word>
   <word id="word_262">uma</word>
   <word id="word_263">série</word>
   <word id="word_264">de</word>
   <word id="word_265">perguntas</word>
   <word id="word_266">,</word>
   <word id="word_267">tanto</word>
   <word id="word_268">mais</word>
   <word id="word_269">que</word>
   <word id="word_270">o</word>
   <word id="word_271">júri</word>
   <word id="word_272">devia</word>
   <word id="word_273">também</word>
   <word id="word_274">pronunciar</word>
   <word id="word_275">-se</word>
   <word id="word_276">sobre</word>
   <word id="word_277">o</word>
   <word id="word_278">caso</word>
   <word id="word_279">Theunisse</word>
   <word id="word_280">.</word>
   <word id="word_281">O</word>
   <word id="word_282">corredor</word>
   <word id="word_283">holandês</word>
   <word id="word_284">,</word>
   <word id="word_285">que</word>
   <word id="word_286">ocupava</word>
   <word id="word_287">o</word>
   <word id="word_288">5º</word>
   <word id="word_289">lugar</word>
   <word id="word_290">na</word>
   <word id="word_291">classificação</word>
   <word id="word_292">geral</word>
   <word id="word_293">,</word>
   <word id="word_294">foi</word>
   <word id="word_295">penalizado</word>
   <word id="word_296">com</word>
   <word id="word_297">dez</word>
   <word id="word_298">minutos</word>
   <word id="word_299">e</word>
   <word id="word_300">passou</word>
   <word id="word_301">a_</word>
   <word id="word_302">o</word>
   <word id="word_303">11º</word>
   <word id="word_304">lugar</word>
   <word id="word_305">por</word>
   <word id="word_306">a</word>
   <word id="word_307">segunda</word>
   <word id="word_308">análise</word>
   <word id="word_309">de</word>
   <word id="word_310">urinas</word>
   <word id="word_311">ter</word>
   <word id="word_312">confirmado</word>
   <word id="word_313">a</word>
   <word id="word_314">presença</word>
   <word id="word_315">de</word>
   <word id="word_316">Codeina</word>
   <word id="word_317">-</word>
   <word id="word_318">uma</word>
   <word id="word_319">substância</word>
   <word id="word_320">utilizada</word>
   <word id="word_321">em</word>
   <word id="word_322">inúmeros</word>
   <word id="word_323">produtos</word>
   <word id="word_324">contra</word>
   <word id="word_325">a</word>
   <word id="word_326">gripe</word>
   <word id="word_327">e</word>
   <word id="word_328">a</word>
   <word id="word_329">tosse</word>
   <word id="word_330">-</word>
   <word id="word_331">mas</word>
   <word id="word_332">proibida</word>
   <word id="word_333">pelo</word>
   <word id="word_334">regulamento</word>
   <word id="word_335">anti</word>
   <word id="word_336">-</word>
   <word id="word_337">"</word>
   <word id="word_338">doping</word>
   <word id="word_339">"</word>
   <word id="word_340">de_</word>
   <word id="word_341">a</word>
   <word id="word_342">União</word>
   <word id="word_343">Ciclista</word>
   <word id="word_344">Internacional</word>
   <word id="word_345">(</word>
   <word id="word_346">UCI</word>
   <word id="word_347">)</word>
   <word id="word_348">.</word>
   <word id="word_349">Então</word>
   <word id="word_350">,</word>
   <word id="word_351">porquê</word>
   <word id="word_352">Theunisse</word>
   <word id="word_353">e</word>
   <word id="word_354">não</word>
   <word id="word_355">Delgado</word>
   <word id="word_356">?</word>
   <word id="word_357">-</word>
   <word id="word_358">perguntavam</word>
   <word id="word_359">alguns</word>
   <word id="word_360">jornalistas</word>
   <word id="word_361">,</word>
   <word id="word_362">sublinhando</word>
   <word id="word_363">que</word>
   <word id="word_364">o</word>
   <word id="word_365">Probenicide</word>
   <word id="word_366">deverá</word>
   <word id="word_367">ser</word>
   <word id="word_368">incluído</word>
   <word id="word_369">na</word>
   <word id="word_370">lista</word>
   <word id="word_371">de_</word>
   <word id="word_372">os</word>
   <word id="word_373">produtos</word>
   <word id="word_374">proibidos</word>
   <word id="word_375">de_</word>
   <word id="word_376">a</word>
   <word id="word_377">UCI</word>
   <word id="word_378">no</word>
   <word id="word_379">princípio</word>
   <word id="word_380">de</word>
   <word id="word_381">Agosto</word>
   <word id="word_382">.</word>
   <word id="word_383">Este</word>
   <word id="word_384">medicamento</word>
   <word id="word_385">,</word>
   <word id="word_386">de</word>
   <word id="word_387">venda</word>
   <word id="word_388">livre</word>
   <word id="word_389">nas</word>
   <word id="word_390">farmácias</word>
   <word id="word_391">,</word>
   <word id="word_392">é</word>
   <word id="word_393">normalmente</word>
   <word id="word_394">utilizado</word>
   <word id="word_395">com</word>
   <word id="word_396">anti-inflamatório</word>
   <word id="word_397">nos</word>
   <word id="word_398">casos</word>
   <word id="word_399">de</word>
   <word id="word_400">gota</word>
   <word id="word_401">,</word>
   <word id="word_402">mas</word>
   <word id="word_403">possui</word>
   <word id="word_404">também</word>
   <word id="word_405">a</word>
   <word id="word_406">propriedade</word>
   <word id="word_407">de</word>
   <word id="word_408">"</word>
   <word id="word_409">disfarçar</word>
   <word id="word_410">"</word>
   <word id="word_411">,</word>
   <word id="word_412">nas</word>
   <word id="word_413">análises</word>
   <word id="word_414">de</word>
   <word id="word_415">urina</word>
   <word id="word_416">,</word>
   <word id="word_417">os</word>
   <word id="word_418">resíduos</word>
   <word id="word_419">de</word>
   <word id="word_420">anabolizantes</word>
   <word id="word_421">-</word>
   <word id="word_422">produtos</word>
   <word id="word_423">constituídos</word>
   <word id="word_424">por</word>
   <word id="word_425">hormonas</word>
   <word id="word_426">masculinas</word>
   <word id="word_427">sintéticas</word>
   <word id="word_428">que</word>
   <word id="word_429">aumentam</word>
   <word id="word_430">o</word>
   <word id="word_431">desenvolvimento</word>
   <word id="word_432">de_</word>
   <word id="word_433">a</word>
   <word id="word_434">massa</word>
   <word id="word_435">muscular</word>
   <word id="word_436">.</word>
   <word id="word_437">Porém</word>
   <word id="word_438">,</word>
   <word id="word_439">no</word>
   <word id="word_440">Hotel</word>
   <word id="word_441">Terminus</word>
   <word id="word_442">de</word>
   <word id="word_443">Clermont-Ferrand</word>
   <word id="word_444">,</word>
   <word id="word_445">onde</word>
   <word id="word_446">estava</word>
   <word id="word_447">instalada</word>
   <word id="word_448">a</word>
   <word id="word_449">equipa</word>
   <word id="word_450">Reynolds</word>
   <word id="word_451">,</word>
   <word id="word_452">a</word>
   <word id="word_453">hora</word>
   <word id="word_454">era</word>
   <word id="word_455">de</word>
   <word id="word_456">pura</word>
   <word id="word_457">alegria</word>
   <word id="word_458">:</word>
   <word id="word_459">informado</word>
   <word id="word_460">de</word>
   <word id="word_461">que</word>
   <word id="word_462">fora</word>
   <word id="word_463">"</word>
   <word id="word_464">lavado</word>
   <word id="word_465">"</word>
   <word id="word_466">oficialmente</word>
   <word id="word_467">de</word>
   <word id="word_468">todas</word>
   <word id="word_469">as</word>
   <word id="word_470">suspeitas</word>
   <word id="word_471">,</word>
   <word id="word_472">Pedro</word>
   <word id="word_473">Delgado</word>
   <word id="word_474">-</word>
   <word id="word_475">que</word>
   <word id="word_476">negara</word>
   <word id="word_477">sempre</word>
   <word id="word_478">ter</word>
   <word id="word_479">recorrido</word>
   <word id="word_480">a_</word>
   <word id="word_481">o</word>
   <word id="word_482">"</word>
   <word id="word_483">doping</word>
   <word id="word_484">"</word>
   <word id="word_485">-</word>
   <word id="word_486">confessou</word>
   <word id="word_487">o</word>
   <word id="word_488">seu</word>
   <word id="word_489">alívio</word>
   <word id="word_490">:</word>
   <word id="word_491">"</word>
   <word id="word_492">Quero</word>
   <word id="word_493">esquecer</word>
   <word id="word_494">tudo</word>
   <word id="word_495">deste</word>
   <word id="word_496">caso</word>
   <word id="word_497">.</word>
   <word id="word_498">Eu</word>
   <word id="word_499">sou</word>
   <word id="word_500">o</word>
   <word id="word_501">único</word>
   <word id="word_502">'</word>
   <word id="word_503">camisola</word>
   <word id="word_504">amarela</word>
   <word id="word_505">'</word>
   <word id="word_506">de_</word>
   <word id="word_507">o</word>
   <word id="word_508">'</word>
   <word id="word_509">Tour</word>
   <word id="word_510">'</word>
   <word id="word_511">,</word>
   <word id="word_512">tudo</word>
   <word id="word_513">o</word>
   <word id="word_514">resto</word>
   <word id="word_515">já</word>
   <word id="word_516">não</word>
   <word id="word_517">tem</word>
   <word id="word_518">a</word>
   <word id="word_519">mais</word>
   <word id="word_520">pequena</word>
   <word id="word_521">importância</word>
   <word id="word_522">"</word>
   <word id="word_523">.</word>
   <word id="word_524">Delgado</word>
   <word id="word_525">soubera</word>
   <word id="word_526">de_</word>
   <word id="word_527">o</word>
   <word id="word_528">resultado</word>
   <word id="word_529">positivo</word>
   <word id="word_530">na</word>
   <word id="word_531">primeira</word>
   <word id="word_532">análise</word>
   <word id="word_533">de</word>
   <word id="word_534">urina</word>
   <word id="word_535">(</word>
   <word id="word_536">realizada</word>
   <word id="word_537">na</word>
   <word id="word_538">sexta-feira</word>
   <word id="word_539">de_</word>
   <word id="word_540">a</word>
   <word id="word_541">semana</word>
   <word id="word_542">passada</word>
   <word id="word_543">)</word>
   <word id="word_544">de_</word>
   <word id="word_545">a</word>
   <word id="word_546">forma</word>
   <word id="word_547">mais</word>
   <word id="word_548">brutal</word>
   <word id="word_549">:</word>
   <word id="word_550">o</word>
   <word id="word_551">seu</word>
   <word id="word_552">companheiro</word>
   <word id="word_553">de</word>
   <word id="word_554">equipa</word>
   <word id="word_555">ouvira</word>
   <word id="word_556">-a</word>
   <word id="word_557">na</word>
   <word id="word_558">televisão</word>
   <word id="word_559">,</word>
   <word id="word_560">na</word>
   <word id="word_561">terça-feira</word>
   <word id="word_562">a_</word>
   <word id="word_563">a</word>
   <word id="word_564">noite</word>
   <word id="word_565">,</word>
   <word id="word_566">onde</word>
   <word id="word_567">a</word>
   <word id="word_568">notícia</word>
   <word id="word_569">teve</word>
   <word id="word_570">o</word>
   <word id="word_571">efeito</word>
   <word id="word_572">de</word>
   <word id="word_573">uma</word>
   <word id="word_574">bomba</word>
   <word id="word_575">.</word>
   <word id="word_576">em_</word>
   <word id="word_577">um</word>
   <word id="word_578">tom</word>
   <word id="word_579">moralizador</word>
   <word id="word_580">e</word>
   <word id="word_581">acusador</word>
   <word id="word_582">,</word>
   <word id="word_583">Jacques</word>
   <word id="word_584">Chancel</word>
   <word id="word_585">-</word>
   <word id="word_586">um</word>
   <word id="word_587">de_</word>
   <word id="word_588">os</word>
   <word id="word_589">últimos</word>
   <word id="word_590">"</word>
   <word id="word_591">dinossauros</word>
   <word id="word_592">"</word>
   <word id="word_593">de_</word>
   <word id="word_594">o</word>
   <word id="word_595">jornalismo</word>
   <word id="word_596">francês</word>
   <word id="word_597">de_</word>
   <word id="word_598">a</word>
   <word id="word_599">velha</word>
   <word id="word_600">guarda</word>
   <word id="word_601">-</word>
   <word id="word_602">revelava</word>
   <word id="word_603">,</word>
   <word id="word_604">poucos</word>
   <word id="word_605">minutos</word>
   <word id="word_606">antes</word>
   <word id="word_607">de_</word>
   <word id="word_608">o</word>
   <word id="word_609">Telejornal</word>
   <word id="word_610">de_</word>
   <word id="word_611">as</word>
   <word id="word_612">oito</word>
   <word id="word_613">,</word>
   <word id="word_614">que</word>
   <word id="word_615">o</word>
   <word id="word_616">"</word>
   <word id="word_617">camisola</word>
   <word id="word_618">amarela</word>
   <word id="word_619">"</word>
   <word id="word_620">tinha</word>
   <word id="word_621">usado</word>
   <word id="word_622">"</word>
   <word id="word_623">doping</word>
   <word id="word_624">"</word>
   <word id="word_625">.</word>
   <word id="word_626">Chancel</word>
   <word id="word_627">fora</word>
   <word id="word_628">acordado</word>
   <word id="word_629">a</word>
   <word id="word_630">meio</word>
   <word id="word_631">de_</word>
   <word id="word_632">a</word>
   <word id="word_633">noite</word>
   <word id="word_634">anterior</word>
   <word id="word_635">por</word>
   <word id="word_636">um</word>
   <word id="word_637">misterioso</word>
   <word id="word_638">telefonema</word>
   <word id="word_639">de</word>
   <word id="word_640">alguém</word>
   <word id="word_641">que</word>
   <word id="word_642">"</word>
   <word id="word_643">não</word>
   <word id="word_644">desejava</word>
   <word id="word_645">ver</word>
   <word id="word_646">o</word>
   <word id="word_647">'</word>
   <word id="word_648">Tour</word>
   <word id="word_649">'</word>
   <word id="word_650">de</word>
   <word id="word_651">França</word>
   <word id="word_652">manchado</word>
   <word id="word_653">com</word>
   <word id="word_654">a</word>
   <word id="word_655">desqualificação</word>
   <word id="word_656">de_</word>
   <word id="word_657">o</word>
   <word id="word_658">corredor</word>
   <word id="word_659">espanhol</word>
   <word id="word_660">só</word>
   <word id="word_661">depois</word>
   <word id="word_662">de</word>
   <word id="word_663">ele</word>
   <word id="word_664">ter</word>
   <word id="word_665">sido</word>
   <word id="word_666">sagrado</word>
   <word id="word_667">campeão</word>
   <word id="word_668">"</word>
   <word id="word_669">,</word>
   <word id="word_670">caso</word>
   <word id="word_671">o</word>
   <word id="word_672">resultado</word>
   <word id="word_673">de_</word>
   <word id="word_674">as</word>
   <word id="word_675">análises</word>
   <word id="word_676">só</word>
   <word id="word_677">viesse</word>
   <word id="word_678">a</word>
   <word id="word_679">ser</word>
   <word id="word_680">revelado</word>
   <word id="word_681">posteriormente</word>
   <word id="word_682">.</word>
   <word id="word_683">Mas</word>
   <word id="word_684">,</word>
   <word id="word_685">no</word>
   <word id="word_686">dia</word>
   <word id="word_687">seguinte</word>
   <word id="word_688">,</word>
   <word id="word_689">Chancel</word>
   <word id="word_690">abandonava</word>
   <word id="word_691">o</word>
   <word id="word_692">tom</word>
   <word id="word_693">paternalista</word>
   <word id="word_694">de_</word>
   <word id="word_695">a</word>
   <word id="word_696">véspera</word>
   <word id="word_697">e</word>
   <word id="word_698">intercalava</word>
   <word id="word_699">as</word>
   <word id="word_700">suas</word>
   <word id="word_701">ruidosas</word>
   <word id="word_702">manifestações</word>
   <word id="word_703">de</word>
   <word id="word_704">solidariedade</word>
   <word id="word_705">para</word>
   <word id="word_706">com</word>
   <word id="word_707">Pedro</word>
   <word id="word_708">Delgado</word>
   <word id="word_709">com</word>
   <word id="word_710">múltiplos</word>
   <word id="word_711">detalhes</word>
   <word id="word_712">de_</word>
   <word id="word_713">a</word>
   <word id="word_714">"</word>
   <word id="word_715">horrível</word>
   <word id="word_716">enxaqueca</word>
   <word id="word_717">"</word>
   <word id="word_718">que</word>
   <word id="word_719">todo</word>
   <word id="word_720">este</word>
   <word id="word_721">caso</word>
   <word id="word_722">lhe</word>
   <word id="word_723">provocara</word>
   <word id="word_724">.</word>
   <word id="word_725">Tudo</word>
   <word id="word_726">isso</word>
   <word id="word_727">porque</word>
   <word id="word_728">,</word>
   <word id="word_729">entretanto</word>
   <word id="word_730">,</word>
   <word id="word_731">as</word>
   <word id="word_732">reacções</word>
   <word id="word_733">a_</word>
   <word id="word_734">o</word>
   <word id="word_735">"</word>
   <word id="word_736">scoop</word>
   <word id="word_737">"</word>
   <word id="word_738">de_</word>
   <word id="word_739">o</word>
   <word id="word_740">segundo</word>
   <word id="word_741">canal</word>
   <word id="word_742">tinham</word>
   <word id="word_743">sido</word>
   <word id="word_744">globalmente</word>
   <word id="word_745">negativas</word>
   <word id="word_746">.</word>
   <word id="word_747">Primeiro</word>
   <word id="word_748">,</word>
   <word id="word_749">em</word>
   <word id="word_750">França</word>
   <word id="word_751">,</word>
   <word id="word_752">onde</word>
   <word id="word_753">um</word>
   <word id="word_754">bom</word>
   <word id="word_755">punhado</word>
   <word id="word_756">de</word>
   <word id="word_757">jornalistas</word>
   <word id="word_758">estava</word>
   <word id="word_759">a_</word>
   <word id="word_760">o</word>
   <word id="word_761">corrente</word>
   <word id="word_762">de_</word>
   <word id="word_763">o</word>
   <word id="word_764">caso</word>
   <word id="word_765">mas</word>
   <word id="word_766">decidira</word>
   <word id="word_767">observar</word>
   <word id="word_768">as</word>
   <word id="word_769">regras</word>
   <word id="word_770">deontológicas</word>
   <word id="word_771">de_</word>
   <word id="word_772">a</word>
   <word id="word_773">profissão</word>
   <word id="word_774">e</word>
   <word id="word_775">não</word>
   <word id="word_776">o</word>
   <word id="word_777">revelar</word>
   <word id="word_778">enquanto</word>
   <word id="word_779">ele</word>
   <word id="word_780">não</word>
   <word id="word_781">fosse</word>
   <word id="word_782">confirmado</word>
   <word id="word_783">oficialmente</word>
   <word id="word_784">por</word>
   <word id="word_785">uma</word>
   <word id="word_786">segunda</word>
   <word id="word_787">análise</word>
   <word id="word_788">.</word>
   <word id="word_789">Depois</word>
   <word id="word_790">,</word>
   <word id="word_791">em</word>
   <word id="word_792">Espanha</word>
   <word id="word_793">-</word>
   <word id="word_794">onde</word>
   <word id="word_795">a</word>
   <word id="word_796">população</word>
   <word id="word_797">em</word>
   <word id="word_798">cólera</word>
   <word id="word_799">acusava</word>
   <word id="word_800">os</word>
   <word id="word_801">franceses</word>
   <word id="word_802">de</word>
   <word id="word_803">"</word>
   <word id="word_804">querem</word>
   <word id="word_805">roubar</word>
   <word id="word_806">-nos</word>
   <word id="word_807">a</word>
   <word id="word_808">'</word>
   <word id="word_809">camisola</word>
   <word id="word_810">amarela</word>
   <word id="word_811">'</word>
   <word id="word_812">"</word>
   <word id="word_813">inúmeras</word>
   <word id="word_814">reportagens</word>
   <word id="word_815">realizadas</word>
   <word id="word_816">pela</word>
   <word id="word_817">televisão</word>
   <word id="word_818">e</word>
   <word id="word_819">pela</word>
   <word id="word_820">rádio</word>
   <word id="word_821">francesas</word>
   <word id="word_822">revelavam</word>
   <word id="word_823">que</word>
   <word id="word_824">os</word>
   <word id="word_825">espanhóis</word>
   <word id="word_826">não</word>
   <word id="word_827">acreditavam</word>
   <word id="word_828">,</word>
   <word id="word_829">um</word>
   <word id="word_830">minuto</word>
   <word id="word_831">que</word>
   <word id="word_832">fosse</word>
   <word id="word_833">,</word>
   <word id="word_834">nas</word>
   <word id="word_835">acusações</word>
   <word id="word_836">contra</word>
   <word id="word_837">Delgado</word>
   <word id="word_838">,</word>
   <word id="word_839">e</word>
   <word id="word_840">suspeitavam</word>
   <word id="word_841">fortemente</word>
   <word id="word_842">de_</word>
   <word id="word_843">a</word>
   <word id="word_844">má</word>
   <word id="word_845">vontade</word>
   <word id="word_846">de_</word>
   <word id="word_847">os</word>
   <word id="word_848">franceses</word>
   <word id="word_849">:</word>
   <word id="word_850">"</word>
   <word id="word_851">Eles</word>
   <word id="word_852">são</word>
   <word id="word_853">mesmo</word>
   <word id="word_854">esquisitos</word>
   <word id="word_855">"</word>
   <word id="word_856">,</word>
   <word id="word_857">dizia</word>
   <word id="word_858">o</word>
   <word id="word_859">dono</word>
   <word id="word_860">de_</word>
   <word id="word_861">um</word>
   <word id="word_862">bar</word>
   <word id="word_863">de</word>
   <word id="word_864">Segovia</word>
   <word id="word_865">,</word>
   <word id="word_866">muito</word>
   <word id="word_867">seguro</word>
   <word id="word_868">de_</word>
   <word id="word_869">as</word>
   <word id="word_870">suas</word>
   <word id="word_871">afirmações</word>
   <word id="word_872">.</word>
   <word id="word_873">"</word>
   <word id="word_874">Os</word>
   <word id="word_875">turistas</word>
   <word id="word_876">franceses</word>
   <word id="word_877">são</word>
   <word id="word_878">os</word>
   <word id="word_879">únicos</word>
   <word id="word_880">a</word>
   <word id="word_881">deixar</word>
   <word id="word_882">o</word>
   <word id="word_883">carro</word>
   <word id="word_884">de</word>
   <word id="word_885">qualquer</word>
   <word id="word_886">maneira</word>
   <word id="word_887">,</word>
   <word id="word_888">na</word>
   <word id="word_889">praça</word>
   <word id="word_890">de_</word>
   <word id="word_891">a</word>
   <word id="word_892">igreja</word>
   <word id="word_893">,</word>
   <word id="word_894">onde</word>
   <word id="word_895">o</word>
   <word id="word_896">estacionamento</word>
   <word id="word_897">é</word>
   <word id="word_898">proibido</word>
   <word id="word_899">"</word>
   <word id="word_900">.</word>
   <word id="word_901">O</word>
   <word id="word_902">diário</word>
   <word id="word_903">desportivo</word>
   <word id="word_904">madrileno</word>
   <word id="word_905">"</word>
   <word id="word_906">Marca</word>
   <word id="word_907">"</word>
   <word id="word_908">intitulava</word>
   <word id="word_909">assim</word>
   <word id="word_910">o</word>
   <word id="word_911">seu</word>
   <word id="word_912">comentário</word>
   <word id="word_913">:</word>
   <word id="word_914">"</word>
   <word id="word_915">França</word>
   <word id="word_916">:</word>
   <word id="word_917">intriga</word>
   <word id="word_918">contra</word>
   <word id="word_919">perigo</word>
   <word id="word_920">"</word>
   <word id="word_921">,</word>
   <word id="word_922">e</word>
   <word id="word_923">condenava</word>
   <word id="word_924">o</word>
   <word id="word_925">"</word>
   <word id="word_926">comportamento</word>
   <word id="word_927">triste</word>
   <word id="word_928">de_</word>
   <word id="word_929">os</word>
   <word id="word_930">franceses</word>
   <word id="word_931">"</word>
   <word id="word_932">.</word>
   <word id="word_933">O</word>
   <word id="word_934">muito</word>
   <word id="word_935">sério</word>
   <word id="word_936">"</word>
   <word id="word_937">El</word>
   <word id="word_938">País</word>
   <word id="word_939">"</word>
   <word id="word_940">escrevia</word>
   <word id="word_941">,</word>
   <word id="word_942">por</word>
   <word id="word_943">seu</word>
   <word id="word_944">turno</word>
   <word id="word_945">:</word>
   <word id="word_946">"</word>
   <word id="word_947">O</word>
   <word id="word_948">regulamento</word>
   <word id="word_949">proíbe</word>
   <word id="word_950">a</word>
   <word id="word_951">publicação</word>
   <word id="word_952">de_</word>
   <word id="word_953">o</word>
   <word id="word_954">resultado</word>
   <word id="word_955">de</word>
   <word id="word_956">um</word>
   <word id="word_957">controlo</word>
   <word id="word_958">anti</word>
   <word id="word_959">-</word>
   <word id="word_960">'</word>
   <word id="word_961">doping</word>
   <word id="word_962">'</word>
   <word id="word_963">até</word>
   <word id="word_964">a_</word>
   <word id="word_965">a</word>
   <word id="word_966">realização</word>
   <word id="word_967">de</word>
   <word id="word_968">uma</word>
   <word id="word_969">segunda</word>
   <word id="word_970">análise</word>
   <word id="word_971">"</word>
   <word id="word_972">.</word>
   <word id="word_973">Em</word>
   <word id="word_974">França</word>
   <word id="word_975">,</word>
   <word id="word_976">o</word>
   <word id="word_977">público</word>
   <word id="word_978">de_</word>
   <word id="word_979">o</word>
   <word id="word_980">"</word>
   <word id="word_981">Tour</word>
   <word id="word_982">"</word>
   <word id="word_983">,</word>
   <word id="word_984">que</word>
   <word id="word_985">tem</word>
   <word id="word_986">uma</word>
   <word id="word_987">verdadeira</word>
   <word id="word_988">simpatia</word>
   <word id="word_989">pelo</word>
   <word id="word_990">campeão</word>
   <word id="word_991">espanhol</word>
   <word id="word_992">,</word>
   <word id="word_993">continuou</word>
   <word id="word_994">a</word>
   <word id="word_995">testemunhar</word>
   <word id="word_996">-lhe</word>
   <word id="word_997">a</word>
   <word id="word_998">sua</word>
   <word id="word_999">confiança</word>
   <word id="word_1000">,</word>
   <word id="word_1001">e</word>
   <word id="word_1002">nem</word>
   <word id="word_1003">um</word>
   <word id="word_1004">único</word>
   <word id="word_1005">assobiu</word>
   <word id="word_1006">esfuziou</word>
   <word id="word_1007">nas</word>
   <word id="word_1008">bermas</word>
   <word id="word_1009">de_</word>
   <word id="word_1010">as</word>
   <word id="word_1011">estradas</word>
   <word id="word_1012">ou</word>
   <word id="word_1013">de_</word>
   <word id="word_1014">as</word>
   <word id="word_1015">linhas</word>
   <word id="word_1016">de</word>
   <word id="word_1017">chegada</word>
   <word id="word_1018">.</word>
   <word id="word_1019">No</word>
   <word id="word_1020">pelotão</word>
   <word id="word_1021">,</word>
   <word id="word_1022">só</word>
   <word id="word_1023">o</word>
   <word id="word_1024">corredor</word>
   <word id="word_1025">francês</word>
   <word id="word_1026">Eric</word>
   <word id="word_1027">Boyer</word>
   <word id="word_1028">condenou</word>
   <word id="word_1029">Pedro</word>
   <word id="word_1030">Delgado</word>
   <word id="word_1031">,</word>
   <word id="word_1032">mas</word>
   <word id="word_1033">o</word>
   <word id="word_1034">holandês</word>
   <word id="word_1035">Steven</word>
   <word id="word_1036">Rooks</word>
   <word id="word_1037">-</word>
   <word id="word_1038">segundo</word>
   <word id="word_1039">de_</word>
   <word id="word_1040">a</word>
   <word id="word_1041">classificação</word>
   <word id="word_1042">geral</word>
   <word id="word_1043">-</word>
   <word id="word_1044">prometeu</word>
   <word id="word_1045">que</word>
   <word id="word_1046">se</word>
   <word id="word_1047">a</word>
   <word id="word_1048">"</word>
   <word id="word_1049">camisola</word>
   <word id="word_1050">amarela</word>
   <word id="word_1051">"</word>
   <word id="word_1052">lhe</word>
   <word id="word_1053">fosse</word>
   <word id="word_1054">entregue</word>
   <word id="word_1055">no</word>
   <word id="word_1056">domingo</word>
   <word id="word_1057">,</word>
   <word id="word_1058">na</word>
   <word id="word_1059">sequência</word>
   <word id="word_1060">de</word>
   <word id="word_1061">uma</word>
   <word id="word_1062">eventual</word>
   <word id="word_1063">penalização</word>
   <word id="word_1064">de</word>
   <word id="word_1065">Pedro</word>
   <word id="word_1066">Delgado</word>
   <word id="word_1067">,</word>
   <word id="word_1068">ele</word>
   <word id="word_1069">iria</word>
   <word id="word_1070">com</word>
   <word id="word_1071">toda</word>
   <word id="word_1072">a</word>
   <word id="word_1073">sua</word>
   <word id="word_1074">equipa</word>
   <word id="word_1075">holandesa</word>
   <word id="word_1076">PDM</word>
   <word id="word_1077">levá#</word>
   <word id="word_1078">-la</word>
   <word id="word_1079">,</word>
   <word id="word_1080">no</word>
   <word id="word_1081">dia</word>
   <word id="word_1082">seguinte</word>
   <word id="word_1083">,</word>
   <word id="word_1084">a</word>
   <word id="word_1085">Segovia</word>
   <word id="word_1086">,</word>
   <word id="word_1087">para</word>
   <word id="word_1088">lhe_</word>
   <word id="word_1089">a</word>
   <word id="word_1090">entregar</word>
   <word id="word_1091">.</word>
   <word id="word_1092">Este</word>
   <word id="word_1093">sentimento</word>
   <word id="word_1094">de</word>
   <word id="word_1095">solidariedade</word>
   <word id="word_1096">foi</word>
   <word id="word_1097">resumido</word>
   <word id="word_1098">para</word>
   <word id="word_1099">o</word>
   <word id="word_1100">EXPRESSO</word>
   <word id="word_1101">pelo</word>
   <word id="word_1102">corredor</word>
   <word id="word_1103">português</word>
   <word id="word_1104">Acácio</word>
   <word id="word_1105">de_</word>
   <word id="word_1106">a</word>
   <word id="word_1107">Silva</word>
   <word id="word_1108">,</word>
   <word id="word_1109">contactado</word>
   <word id="word_1110">na</word>
   <word id="word_1111">quarta-feira</word>
   <word id="word_1112">em</word>
   <word id="word_1113">Limoges</word>
   <word id="word_1114">:</word>
   <word id="word_1115">"</word>
   <word id="word_1116">O</word>
   <word id="word_1117">Pedro</word>
   <word id="word_1118">Delgado</word>
   <word id="word_1119">é</word>
   <word id="word_1120">um</word>
   <word id="word_1121">grande</word>
   <word id="word_1122">campeão</word>
   <word id="word_1123">e</word>
   <word id="word_1124">ele</word>
   <word id="word_1125">sabe</word>
   <word id="word_1126">,</word>
   <word id="word_1127">como</word>
   <word id="word_1128">todos</word>
   <word id="word_1129">,</word>
   <word id="word_1130">que</word>
   <word id="word_1131">o</word>
   <word id="word_1132">'</word>
   <word id="word_1133">camisola</word>
   <word id="word_1134">amarela</word>
   <word id="word_1135">'</word>
   <word id="word_1136">é</word>
   <word id="word_1137">sistematicamente</word>
   <word id="word_1138">controlado</word>
   <word id="word_1139">em</word>
   <word id="word_1140">cada</word>
   <word id="word_1141">etapa</word>
   <word id="word_1142">.</word>
   <word id="word_1143">Eu</word>
   <word id="word_1144">não</word>
   <word id="word_1145">acredito</word>
   <word id="word_1146">,</word>
   <word id="word_1147">como</word>
   <word id="word_1148">muita</word>
   <word id="word_1149">gente</word>
   <word id="word_1150">,</word>
   <word id="word_1151">que</word>
   <word id="word_1152">ele</word>
   <word id="word_1153">tenha</word>
   <word id="word_1154">recorrido</word>
   <word id="word_1155">a_</word>
   <word id="word_1156">o</word>
   <word id="word_1157">'</word>
   <word id="word_1158">doping</word>
   <word id="word_1159">'</word>
   <word id="word_1160">"</word>
   <word id="word_1161">.</word>
   <word id="word_1162">A</word>
   <word id="word_1163">própria</word>
   <word id="word_1164">Imprensa</word>
   <word id="word_1165">francesa</word>
   <word id="word_1166">,</word>
   <word id="word_1167">espectaculando</word>
   <word id="word_1168">sobre</word>
   <word id="word_1169">a</word>
   <word id="word_1170">identidade</word>
   <word id="word_1171">de_</word>
   <word id="word_1172">o</word>
   <word id="word_1173">misterioso</word>
   <word id="word_1174">informador</word>
   <word id="word_1175">de</word>
   <word id="word_1176">Chancel</word>
   <word id="word_1177">,</word>
   <word id="word_1178">não</word>
   <word id="word_1179">poupava</word>
   <word id="word_1180">louvores</word>
   <word id="word_1181">a_</word>
   <word id="word_1182">a</word>
   <word id="word_1183">"</word>
   <word id="word_1184">ombridade</word>
   <word id="word_1185">"</word>
   <word id="word_1186">,</word>
   <word id="word_1187">a_</word>
   <word id="word_1188">a</word>
   <word id="word_1189">"</word>
   <word id="word_1190">dignidade</word>
   <word id="word_1191">"</word>
   <word id="word_1192">e</word>
   <word id="word_1193">a_</word>
   <word id="word_1194">as</word>
   <word id="word_1195">"</word>
   <word id="word_1196">qualidades</word>
   <word id="word_1197">de</word>
   <word id="word_1198">carácter</word>
   <word id="word_1199">"</word>
   <word id="word_1200">de_</word>
   <word id="word_1201">o</word>
   <word id="word_1202">campeão</word>
   <word id="word_1203">espanhol</word>
   <word id="word_1204">,</word>
   <word id="word_1205">quase</word>
   <word id="word_1206">como</word>
   <word id="word_1207">querendo</word>
   <word id="word_1208">fazer</word>
   <word id="word_1209">esquecer</word>
   <word id="word_1210">a</word>
   <word id="word_1211">forma</word>
   <word id="word_1212">como</word>
   <word id="word_1213">o</word>
   <word id="word_1214">caso</word>
   <word id="word_1215">fora</word>
   <word id="word_1216">revelado</word>
   <word id="word_1217">.</word>
   <word id="word_1218">Mas</word>
   <word id="word_1219">a</word>
   <word id="word_1220">vinda</word>
   <word id="word_1221">imediata</word>
   <word id="word_1222">a</word>
   <word id="word_1223">Paris</word>
   <word id="word_1224">de_</word>
   <word id="word_1225">o</word>
   <word id="word_1226">secretário</word>
   <word id="word_1227">de</word>
   <word id="word_1228">Estado</word>
   <word id="word_1229">espanhol</word>
   <word id="word_1230">de_</word>
   <word id="word_1231">os</word>
   <word id="word_1232">Desportos</word>
   <word id="word_1233">-</word>
   <word id="word_1234">acompanhado</word>
   <word id="word_1235">pela</word>
   <word id="word_1236">directora</word>
   <word id="word_1237">de_</word>
   <word id="word_1238">o</word>
   <word id="word_1239">Laboratório</word>
   <word id="word_1240">anti</word>
   <word id="word_1241">-</word>
   <word id="word_1242">"</word>
   <word id="word_1243">doping</word>
   <word id="word_1244">"</word>
   <word id="word_1245">de</word>
   <word id="word_1246">Conselho</word>
   <word id="word_1247">Superior</word>
   <word id="word_1248">de_</word>
   <word id="word_1249">os</word>
   <word id="word_1250">Desportos</word>
   <word id="word_1251">espanhol</word>
   <word id="word_1252">-</word>
   <word id="word_1253">para</word>
   <word id="word_1254">assistir</word>
   <word id="word_1255">pessoalmente</word>
   <word id="word_1256">,</word>
   <word id="word_1257">na</word>
   <word id="word_1258">quinta-feira</word>
   <word id="word_1259">,</word>
   <word id="word_1260">a_</word>
   <word id="word_1261">a</word>
   <word id="word_1262">segunda</word>
   <word id="word_1263">análise</word>
   <word id="word_1264">de_</word>
   <word id="word_1265">as</word>
   <word id="word_1266">urinas</word>
   <word id="word_1267">de</word>
   <word id="word_1268">Pedro</word>
   <word id="word_1269">Delgado</word>
   <word id="word_1270">,</word>
   <word id="word_1271">alimentou</word>
   <word id="word_1272">inúmeros</word>
   <word id="word_1273">boatos</word>
   <word id="word_1274">sobre</word>
   <word id="word_1275">eventuais</word>
   <word id="word_1276">"</word>
   <word id="word_1277">pressões</word>
   <word id="word_1278">de</word>
   <word id="word_1279">Estado</word>
   <word id="word_1280">"</word>
   <word id="word_1281">para</word>
   <word id="word_1282">que</word>
   <word id="word_1283">Delgado</word>
   <word id="word_1284">fosse</word>
   <word id="word_1285">lavado</word>
   <word id="word_1286">de</word>
   <word id="word_1287">qualquer</word>
   <word id="word_1288">suspeita</word>
   <word id="word_1289">.</word>
   <word id="word_1290">E</word>
   <word id="word_1291">uma</word>
   <word id="word_1292">rádio</word>
   <word id="word_1293">espanhola</word>
   <word id="word_1294">lançava</word>
   <word id="word_1295">,</word>
   <word id="word_1296">a</word>
   <word id="word_1297">meio</word>
   <word id="word_1298">de_</word>
   <word id="word_1299">a</word>
   <word id="word_1300">tarde</word>
   <word id="word_1301">,</word>
   <word id="word_1302">achas</word>
   <word id="word_1303">para</word>
   <word id="word_1304">a</word>
   <word id="word_1305">fogueira</word>
   <word id="word_1306">afirmando</word>
   <word id="word_1307">que</word>
   <word id="word_1308">o</word>
   <word id="word_1309">resultado</word>
   <word id="word_1310">de_</word>
   <word id="word_1311">a</word>
   <word id="word_1312">segunda</word>
   <word id="word_1313">análise</word>
   <word id="word_1314">era</word>
   <word id="word_1315">negativo</word>
   <word id="word_1316">.</word>
   <word id="word_1317">a_</word>
   <word id="word_1318">o</word>
   <word id="word_1319">fim</word>
   <word id="word_1320">de_</word>
   <word id="word_1321">a</word>
   <word id="word_1322">tarde</word>
   <word id="word_1323">,</word>
   <word id="word_1324">no</word>
   <word id="word_1325">entanto</word>
   <word id="word_1326">,</word>
   <word id="word_1327">soube</word>
   <word id="word_1328">-se</word>
   <word id="word_1329">que</word>
   <word id="word_1330">o</word>
   <word id="word_1331">Laboratório</word>
   <word id="word_1332">Lafarge</word>
   <word id="word_1333">,</word>
   <word id="word_1334">único</word>
   <word id="word_1335">autorizado</word>
   <word id="word_1336">a</word>
   <word id="word_1337">proceder</word>
   <word id="word_1338">a_</word>
   <word id="word_1339">as</word>
   <word id="word_1340">análises</word>
   <word id="word_1341">médicas</word>
   <word id="word_1342">de_</word>
   <word id="word_1343">o</word>
   <word id="word_1344">"</word>
   <word id="word_1345">Tour</word>
   <word id="word_1346">"</word>
   <word id="word_1347">,</word>
   <word id="word_1348">teria</word>
   <word id="word_1349">encontrado</word>
   <word id="word_1350">resíduos</word>
   <word id="word_1351">de</word>
   <word id="word_1352">Probenicide</word>
   <word id="word_1353">e</word>
   <word id="word_1354">teria</word>
   <word id="word_1355">classificado</word>
   <word id="word_1356">como</word>
   <word id="word_1357">positiva</word>
   <word id="word_1358">a</word>
   <word id="word_1359">análise</word>
   <word id="word_1360">de</word>
   <word id="word_1361">Delgado</word>
   <word id="word_1362">porque</word>
   <word id="word_1363">possuía</word>
   <word id="word_1364">unicamente</word>
   <word id="word_1365">uma</word>
   <word id="word_1366">lista</word>
   <word id="word_1367">de_</word>
   <word id="word_1368">os</word>
   <word id="word_1369">produtos</word>
   <word id="word_1370">proibidos</word>
   <word id="word_1371">pelo</word>
   <word id="word_1372">Comité</word>
   <word id="word_1373">Olímpico</word>
   <word id="word_1374">Internacional</word>
   <word id="word_1375">-</word>
   <word id="word_1376">na</word>
   <word id="word_1377">qual</word>
   <word id="word_1378">o</word>
   <word id="word_1379">Probenicide</word>
   <word id="word_1380">está</word>
   <word id="word_1381">incluído</word>
   <word id="word_1382">-</word>
   <word id="word_1383">mas</word>
   <word id="word_1384">que</word>
   <word id="word_1385">não</word>
   <word id="word_1386">teria</word>
   <word id="word_1387">a</word>
   <word id="word_1388">lista</word>
   <word id="word_1389">de</word>
   <word id="word_1390">produtos</word>
   <word id="word_1391">proibidos</word>
   <word id="word_1392">pela</word>
   <word id="word_1393">União</word>
   <word id="word_1394">Ciclista</word>
   <word id="word_1395">Internacional</word>
   <word id="word_1396">,</word>
   <word id="word_1397">onde</word>
   <word id="word_1398">o</word>
   <word id="word_1399">medicamento</word>
   <word id="word_1400">não</word>
   <word id="word_1401">figura</word>
   <word id="word_1402">.</word>
   <word id="word_1403">Alguns</word>
   <word id="word_1404">médicos</word>
   <word id="word_1405">de_</word>
   <word id="word_1406">o</word>
   <word id="word_1407">"</word>
   <word id="word_1408">Tour</word>
   <word id="word_1409">"</word>
   <word id="word_1410">,</word>
   <word id="word_1411">a_</word>
   <word id="word_1412">o</word>
   <word id="word_1413">ouvirem</word>
   <word id="word_1414">as</word>
   <word id="word_1415">explicações</word>
   <word id="word_1416">de_</word>
   <word id="word_1417">o</word>
   <word id="word_1418">segundo</word>
   <word id="word_1419">canal</word>
   <word id="word_1420">afirmando</word>
   <word id="word_1421">que</word>
   <word id="word_1422">os</word>
   <word id="word_1423">anabolizantes</word>
   <word id="word_1424">(</word>
   <word id="word_1425">disfarçados</word>
   <word id="word_1426">quimicamente</word>
   <word id="word_1427">pelo</word>
   <word id="word_1428">Probenicide</word>
   <word id="word_1429">)</word>
   <word id="word_1430">não</word>
   <word id="word_1431">eram</word>
   <word id="word_1432">utilizados</word>
   <word id="word_1433">no</word>
   <word id="word_1434">ciclismo</word>
   <word id="word_1435">"</word>
   <word id="word_1436">porque</word>
   <word id="word_1437">não</word>
   <word id="word_1438">tinham</word>
   <word id="word_1439">qualquer</word>
   <word id="word_1440">efeito</word>
   <word id="word_1441">na</word>
   <word id="word_1442">força</word>
   <word id="word_1443">física</word>
   <word id="word_1444">de_</word>
   <word id="word_1445">os</word>
   <word id="word_1446">corredores</word>
   <word id="word_1447">"</word>
   <word id="word_1448">,</word>
   <word id="word_1449">riam</word>
   <word id="word_1450">ironicamente</word>
   <word id="word_1451">,</word>
   <word id="word_1452">e</word>
   <word id="word_1453">um</word>
   <word id="word_1454">de_</word>
   <word id="word_1455">eles</word>
   <word id="word_1456">recordou</word>
   <word id="word_1457">uma</word>
   <word id="word_1458">frase</word>
   <word id="word_1459">célebre</word>
   <word id="word_1460">de</word>
   <word id="word_1461">Eddy</word>
   <word id="word_1462">Merckx</word>
   <word id="word_1463">:</word>
   <word id="word_1464">"</word>
   <word id="word_1465">Não</word>
   <word id="word_1466">se</word>
   <word id="word_1467">pode</word>
   <word id="word_1468">ganhar</word>
   <word id="word_1469">uma</word>
   <word id="word_1470">Volta</word>
   <word id="word_1471">a_</word>
   <word id="word_1472">a</word>
   <word id="word_1473">França</word>
   <word id="word_1474">só</word>
   <word id="word_1475">a</word>
   <word id="word_1476">comer</word>
   <word id="word_1477">sandes</word>
   <word id="word_1478">de</word>
   <word id="word_1479">queijo</word>
   <word id="word_1480">"</word>
   <word id="word_1481">.</word>
   <word id="word_1482">E</word>
   <word id="word_1483">,</word>
   <word id="word_1484">na</word>
   <word id="word_1485">sexta-feira</word>
   <word id="word_1486">,</word>
   <word id="word_1487">a</word>
   <word id="word_1488">Imprensa</word>
   <word id="word_1489">francesa</word>
   <word id="word_1490">denunciava</word>
   <word id="word_1491">a</word>
   <word id="word_1492">"</word>
   <word id="word_1493">hipocrisia</word>
   <word id="word_1494">"</word>
   <word id="word_1495">de</word>
   <word id="word_1496">todo</word>
   <word id="word_1497">o</word>
   <word id="word_1498">caso</word>
   <word id="word_1499">Delgado</word>
   <word id="word_1500">.</word>
   <word id="word_1501">Recordando</word>
   <word id="word_1502">a</word>
   <word id="word_1503">forma</word>
   <word id="word_1504">lamentável</word>
   <word id="word_1505">como</word>
   <word id="word_1506">fora</word>
   <word id="word_1507">revelado</word>
   <word id="word_1508">e</word>
   <word id="word_1509">as</word>
   <word id="word_1510">proporções</word>
   <word id="word_1511">que</word>
   <word id="word_1512">ele</word>
   <word id="word_1513">atingiu</word>
   <word id="word_1514">,</word>
   <word id="word_1515">alimentadas</word>
   <word id="word_1516">unicamente</word>
   <word id="word_1517">por</word>
   <word id="word_1518">boatos</word>
   <word id="word_1519">,</word>
   <word id="word_1520">alguns</word>
   <word id="word_1521">editorialistas</word>
   <word id="word_1522">foram</word>
   <word id="word_1523">,</word>
   <word id="word_1524">porém</word>
   <word id="word_1525">,</word>
   <word id="word_1526">mais</word>
   <word id="word_1527">longe</word>
   <word id="word_1528">nas</word>
   <word id="word_1529">suas</word>
   <word id="word_1530">análises</word>
   <word id="word_1531">,</word>
   <word id="word_1532">perguntando</word>
   <word id="word_1533">como</word>
   <word id="word_1534">é</word>
   <word id="word_1535">que</word>
   <word id="word_1536">um</word>
   <word id="word_1537">corredor</word>
   <word id="word_1538">como</word>
   <word id="word_1539">Delgado</word>
   <word id="word_1540">precisaria</word>
   <word id="word_1541">de_</word>
   <word id="word_1542">um</word>
   <word id="word_1543">produto</word>
   <word id="word_1544">contra</word>
   <word id="word_1545">a</word>
   <word id="word_1546">gota</word>
   <word id="word_1547">e</word>
   <word id="word_1548">mostrando</word>
   <word id="word_1549">-se</word>
   <word id="word_1550">cépticos</word>
   <word id="word_1551">quanto</word>
   <word id="word_1552">a_</word>
   <word id="word_1553">as</word>
   <word id="word_1554">explicações</word>
   <word id="word_1555">sobre</word>
   <word id="word_1556">o</word>
   <word id="word_1557">problema</word>
   <word id="word_1558">de</word>
   <word id="word_1559">excesso</word>
   <word id="word_1560">de</word>
   <word id="word_1561">ácido</word>
   <word id="word_1562">úrico</word>
   <word id="word_1563">no</word>
   <word id="word_1564">sangue</word>
   <word id="word_1565">.</word>
   <word id="word_1566">E</word>
   <word id="word_1567">afirmaram</word>
   <word id="word_1568">ainda</word>
   <word id="word_1569">que</word>
   <word id="word_1570">é</word>
   <word id="word_1571">prática</word>
   <word id="word_1572">comum</word>
   <word id="word_1573">a</word>
   <word id="word_1574">muitos</word>
   <word id="word_1575">ciclistas</word>
   <word id="word_1576">tomarem</word>
   <word id="word_1577">anabolizantes</word>
   <word id="word_1578">durante</word>
   <word id="word_1579">o</word>
   <word id="word_1580">Inverno</word>
   <word id="word_1581">e</word>
   <word id="word_1582">pararem</word>
   <word id="word_1583">pouco</word>
   <word id="word_1584">antes</word>
   <word id="word_1585">de</word>
   <word id="word_1586">uma</word>
   <word id="word_1587">prova</word>
   <word id="word_1588">importante</word>
   <word id="word_1589">,</word>
   <word id="word_1590">acrescentando</word>
   <word id="word_1591">ser</word>
   <word id="word_1592">também</word>
   <word id="word_1593">vulgar</word>
   <word id="word_1594">eles</word>
   <word id="word_1595">tomarem</word>
   <word id="word_1596">,</word>
   <word id="word_1597">por</word>
   <word id="word_1598">vezes</word>
   <word id="word_1599">,</word>
   <word id="word_1600">produtos</word>
   <word id="word_1601">como</word>
   <word id="word_1602">o</word>
   <word id="word_1603">Probenicide</word>
   <word id="word_1604">com</word>
   <word id="word_1605">medo</word>
   <word id="word_1606">de</word>
   <word id="word_1607">subsistirem</word>
   <word id="word_1608">ainda</word>
   <word id="word_1609">no</word>
   <word id="word_1610">organismo</word>
   <word id="word_1611">resíduos</word>
   <word id="word_1612">detectáveis</word>
   <word id="word_1613">desse</word>
   <word id="word_1614">anabolizante</word>
   <word id="word_1615">.</word>
   <word id="word_1616">A</word>
   <word id="word_1617">direcção</word>
   <word id="word_1618">de_</word>
   <word id="word_1619">o</word>
   <word id="word_1620">"</word>
   <word id="word_1621">Tour</word>
   <word id="word_1622">"</word>
   <word id="word_1623">,</word>
   <word id="word_1624">sem</word>
   <word id="word_1625">entrar</word>
   <word id="word_1626">na</word>
   <word id="word_1627">polémica</word>
   <word id="word_1628">,</word>
   <word id="word_1629">emitiu</word>
   <word id="word_1630">um</word>
   <word id="word_1631">comunicado</word>
   <word id="word_1632">lamentando</word>
   <word id="word_1633">"</word>
   <word id="word_1634">a</word>
   <word id="word_1635">lentidão</word>
   <word id="word_1636">de_</word>
   <word id="word_1637">o</word>
   <word id="word_1638">processo</word>
   <word id="word_1639">e</word>
   <word id="word_1640">a</word>
   <word id="word_1641">atitude</word>
   <word id="word_1642">,</word>
   <word id="word_1643">pelo</word>
   <word id="word_1644">menos</word>
   <word id="word_1645">ambígua</word>
   <word id="word_1646">,</word>
   <word id="word_1647">de_</word>
   <word id="word_1648">os</word>
   <word id="word_1649">poderes</word>
   <word id="word_1650">desportivos</word>
   <word id="word_1651">"</word>
   <word id="word_1652">e</word>
   <word id="word_1653">manifestando</word>
   <word id="word_1654">a</word>
   <word id="word_1655">sua</word>
   <word id="word_1656">perplexidade</word>
   <word id="word_1657">pelo</word>
   <word id="word_1658">facto</word>
   <word id="word_1659">"</word>
   <word id="word_1660">de</word>
   <word id="word_1661">duas</word>
   <word id="word_1662">análises</word>
   <word id="word_1663">de_</word>
   <word id="word_1664">a</word>
   <word id="word_1665">mesma</word>
   <word id="word_1666">natureza</word>
   <word id="word_1667">terem</word>
   <word id="word_1668">dado</word>
   <word id="word_1669">conclusões</word>
   <word id="word_1670">contraditórias</word>
   <word id="word_1671">"</word>
   <word id="word_1672">.</word>
   <word id="word_1673">Mas</word>
   <word id="word_1674">,</word>
   <word id="word_1675">em</word>
   <word id="word_1676">Segovia</word>
   <word id="word_1677">,</word>
   <word id="word_1678">estes</word>
   <word id="word_1679">rumores</word>
   <word id="word_1680">nem</word>
   <word id="word_1681">sequer</word>
   <word id="word_1682">foram</word>
   <word id="word_1683">ouvidos</word>
   <word id="word_1684">:</word>
   <word id="word_1685">a</word>
   <word id="word_1686">cidade</word>
   <word id="word_1687">castelhana</word>
   <word id="word_1688">prepara</word>
   <word id="word_1689">uma</word>
   <word id="word_1690">festa</word>
   <word id="word_1691">de</word>
   <word id="word_1692">arromba</word>
   <word id="word_1693">para</word>
   <word id="word_1694">o</word>
   <word id="word_1695">seu</word>
   <word id="word_1696">campeão</word>
   <word id="word_1697">na</word>
   <word id="word_1698">segunda-feira</word>
   <word id="word_1699">,</word>
   <word id="word_1700">e</word>
   <word id="word_1701">tudo</word>
   <word id="word_1702">o</word>
   <word id="word_1703">resto</word>
   <word id="word_1704">são</word>
   <word id="word_1705">cantigas</word>
   <word id="word_1706">...</word>
</words>
