<?xml version="1.0" encoding="UTF-8"?>
<!DOCTYPE words SYSTEM "words.dtd">
<words>
   <word id="word_1">A</word>
   <word id="word_2">ELEIÇÃO</word>
   <word id="word_3">de_</word>
   <word id="word_4">os</word>
   <word id="word_5">dois</word>
   <word id="word_6">representantes</word>
   <word id="word_7">provisórios</word>
   <word id="word_8">de_</word>
   <word id="word_9">as</word>
   <word id="word_10">associações</word>
   <word id="word_11">de</word>
   <word id="word_12">defesa</word>
   <word id="word_13">de_</word>
   <word id="word_14">o</word>
   <word id="word_15">património</word>
   <word id="word_16">cultural</word>
   <word id="word_17">e</word>
   <word id="word_18">natural</word>
   <word id="word_19">para</word>
   <word id="word_20">o</word>
   <word id="word_21">Conselho</word>
   <word id="word_22">Directivo</word>
   <word id="word_23">de_</word>
   <word id="word_24">o</word>
   <word id="word_25">Instituto</word>
   <word id="word_26">Nacional</word>
   <word id="word_27">de_</word>
   <word id="word_28">o</word>
   <word id="word_29">Ambiente</word>
   <word id="word_30">,</word>
   <word id="word_31">realizada</word>
   <word id="word_32">há</word>
   <word id="word_33">dias</word>
   <word id="word_34">,</word>
   <word id="word_35">já</word>
   <word id="word_36">começou</word>
   <word id="word_37">a</word>
   <word id="word_38">gerar</word>
   <word id="word_39">controvérsia</word>
   <word id="word_40">,</word>
   <word id="word_41">concretamente</word>
   <word id="word_42">,</word>
   <word id="word_43">junto</word>
   <word id="word_44">de_</word>
   <word id="word_45">a</word>
   <word id="word_46">associação</word>
   <word id="word_47">ecologista</word>
   <word id="word_48">Amigos</word>
   <word id="word_49">de_</word>
   <word id="word_50">a</word>
   <word id="word_51">Terra</word>
   <word id="word_52">.</word>
   <word id="word_53">Este</word>
   <word id="word_54">grupo</word>
   <word id="word_55">,</word>
   <word id="word_56">contesta</word>
   <word id="word_57">a</word>
   <word id="word_58">eleição</word>
   <word id="word_59">de</word>
   <word id="word_60">Carlos</word>
   <word id="word_61">Costa</word>
   <word id="word_62">,</word>
   <word id="word_63">de_</word>
   <word id="word_64">a</word>
   <word id="word_65">Liga</word>
   <word id="word_66">para</word>
   <word id="word_67">a</word>
   <word id="word_68">Protecção</word>
   <word id="word_69">de_</word>
   <word id="word_70">a</word>
   <word id="word_71">Natureza</word>
   <word id="word_72">e</word>
   <word id="word_73">de</word>
   <word id="word_74">Jorge</word>
   <word id="word_75">Custódio</word>
   <word id="word_76">,</word>
   <word id="word_77">de_</word>
   <word id="word_78">a</word>
   <word id="word_79">Associação</word>
   <word id="word_80">de</word>
   <word id="word_81">Arqueologia</word>
   <word id="word_82">Industrial</word>
   <word id="word_83">,</word>
   <word id="word_84">dizendo</word>
   <word id="word_85">que</word>
   <word id="word_86">"</word>
   <word id="word_87">ela</word>
   <word id="word_88">poderá</word>
   <word id="word_89">conduzir</word>
   <word id="word_90">a_</word>
   <word id="word_91">o</word>
   <word id="word_92">partidarismo</word>
   <word id="word_93">e</word>
   <word id="word_94">a_</word>
   <word id="word_95">a</word>
   <word id="word_96">duplicação</word>
   <word id="word_97">de_</word>
   <word id="word_98">as</word>
   <word id="word_99">organizações</word>
   <word id="word_100">em_</word>
   <word id="word_101">o</word>
   <word id="word_102">Instituto</word>
   <word id="word_103">"</word>
   <word id="word_104">.</word>
   <word id="word_105">Por</word>
   <word id="word_106">seu</word>
   <word id="word_107">lado</word>
   <word id="word_108">,</word>
   <word id="word_109">Almeida</word>
   <word id="word_110">Fernandes</word>
   <word id="word_111">,</word>
   <word id="word_112">presidente</word>
   <word id="word_113">de_</word>
   <word id="word_114">o</word>
   <word id="word_115">INAMB</word>
   <word id="word_116">,</word>
   <word id="word_117">considera</word>
   <word id="word_118">a</word>
   <word id="word_119">eleição</word>
   <word id="word_120">perfeitamente</word>
   <word id="word_121">legítima</word>
   <word id="word_122">.</word>
   <word id="word_123">Segundo</word>
   <word id="word_124">ele</word>
   <word id="word_125">,</word>
   <word id="word_126">o</word>
   <word id="word_127">Instituto</word>
   <word id="word_128">a_</word>
   <word id="word_129">o</word>
   <word id="word_130">ter</word>
   <word id="word_131">que</word>
   <word id="word_132">nomear</word>
   <word id="word_133">dois</word>
   <word id="word_134">representantes</word>
   <word id="word_135">de_</word>
   <word id="word_136">as</word>
   <word id="word_137">associações</word>
   <word id="word_138">de_</word>
   <word id="word_139">o</word>
   <word id="word_140">ambiente</word>
   <word id="word_141">deparou</word>
   <word id="word_142">-se</word>
   <word id="word_143">com</word>
   <word id="word_144">um</word>
   <word id="word_145">problema</word>
   <word id="word_146">:</word>
   <word id="word_147">não</word>
   <word id="word_148">tendo</word>
   <word id="word_149">ainda</word>
   <word id="word_150">meios</word>
   <word id="word_151">de</word>
   <word id="word_152">registar</word>
   <word id="word_153">estas</word>
   <word id="word_154">organizações</word>
   <word id="word_155">,</word>
   <word id="word_156">o</word>
   <word id="word_157">que</word>
   <word id="word_158">é</word>
   <word id="word_159">uma</word>
   <word id="word_160">de_</word>
   <word id="word_161">as</word>
   <word id="word_162">suas</word>
   <word id="word_163">competências</word>
   <word id="word_164">,</word>
   <word id="word_165">não</word>
   <word id="word_166">sabia</word>
   <word id="word_167">quais</word>
   <word id="word_168">teriam</word>
   <word id="word_169">maior</word>
   <word id="word_170">representatividade</word>
   <word id="word_171">para</word>
   <word id="word_172">integrarem</word>
   <word id="word_173">os</word>
   <word id="word_174">seus</word>
   <word id="word_175">quadros</word>
   <word id="word_176">.</word>
   <word id="word_177">Por_</word>
   <word id="word_178">o</word>
   <word id="word_179">que</word>
   <word id="word_180">,</word>
   <word id="word_181">em_</word>
   <word id="word_182">uma</word>
   <word id="word_183">reunião</word>
   <word id="word_184">informal</word>
   <word id="word_185">,</word>
   <word id="word_186">realizada</word>
   <word id="word_187">em_</word>
   <word id="word_188">o</word>
   <word id="word_189">dia</word>
   <word id="word_190">23</word>
   <word id="word_191">de</word>
   <word id="word_192">Janeiro</word>
   <word id="word_193">,</word>
   <word id="word_194">entre</word>
   <word id="word_195">o</word>
   <word id="word_196">secretário</word>
   <word id="word_197">de</word>
   <word id="word_198">Estado</word>
   <word id="word_199">de_</word>
   <word id="word_200">o</word>
   <word id="word_201">Ambiente</word>
   <word id="word_202">,</word>
   <word id="word_203">o</word>
   <word id="word_204">presidente</word>
   <word id="word_205">de_</word>
   <word id="word_206">o</word>
   <word id="word_207">Instituto</word>
   <word id="word_208">e</word>
   <word id="word_209">algumas</word>
   <word id="word_210">associações</word>
   <word id="word_211">,</word>
   <word id="word_212">se</word>
   <word id="word_213">constituiu</word>
   <word id="word_214">uma</word>
   <word id="word_215">comissão</word>
   <word id="word_216">organizadora</word>
   <word id="word_217">responsável</word>
   <word id="word_218">por_</word>
   <word id="word_219">a</word>
   <word id="word_220">concretização</word>
   <word id="word_221">de_</word>
   <word id="word_222">as</word>
   <word id="word_223">eleições</word>
   <word id="word_224">provisórias</word>
   <word id="word_225">.</word>
   <word id="word_226">Comissão</word>
   <word id="word_227">de_</word>
   <word id="word_228">a</word>
   <word id="word_229">qual</word>
   <word id="word_230">faziam</word>
   <word id="word_231">parte</word>
   <word id="word_232">a</word>
   <word id="word_233">GEOTA</word>
   <word id="word_234">,</word>
   <word id="word_235">a</word>
   <word id="word_236">QUERCUS</word>
   <word id="word_237">e</word>
   <word id="word_238">a</word>
   <word id="word_239">Liga</word>
   <word id="word_240">para</word>
   <word id="word_241">a</word>
   <word id="word_242">Protecção</word>
   <word id="word_243">de_</word>
   <word id="word_244">a</word>
   <word id="word_245">Natureza</word>
   <word id="word_246">.</word>
   <word id="word_247">Reunidos</word>
   <word id="word_248">33</word>
   <word id="word_249">organismos</word>
   <word id="word_250">de_</word>
   <word id="word_251">o</word>
   <word id="word_252">ambiente</word>
   <word id="word_253">,</word>
   <word id="word_254">elegeram</word>
   <word id="word_255">-se</word>
   <word id="word_256">os</word>
   <word id="word_257">dois</word>
   <word id="word_258">representantes</word>
   <word id="word_259">provisórios</word>
   <word id="word_260">por</word>
   <word id="word_261">um</word>
   <word id="word_262">período</word>
   <word id="word_263">de</word>
   <word id="word_264">dois</word>
   <word id="word_265">meses</word>
   <word id="word_266">,</word>
   <word id="word_267">até</word>
   <word id="word_268">que</word>
   <word id="word_269">as</word>
   <word id="word_270">associações</word>
   <word id="word_271">estejam</word>
   <word id="word_272">convenientemente</word>
   <word id="word_273">registadas</word>
   <word id="word_274">.</word>
   <word id="word_275">"</word>
   <word id="word_276">Não</word>
   <word id="word_277">se</word>
   <word id="word_278">compreende</word>
   <word id="word_279">que</word>
   <word id="word_280">os</word>
   <word id="word_281">Amigos</word>
   <word id="word_282">de_</word>
   <word id="word_283">a</word>
   <word id="word_284">Terra</word>
   <word id="word_285">,</word>
   <word id="word_286">presentes</word>
   <word id="word_287">em_</word>
   <word id="word_288">a</word>
   <word id="word_289">primeira</word>
   <word id="word_290">reunião</word>
   <word id="word_291">,</word>
   <word id="word_292">tenham</word>
   <word id="word_293">aceite</word>
   <word id="word_294">silenciosamente</word>
   <word id="word_295">a</word>
   <word id="word_296">proposta</word>
   <word id="word_297">de_</word>
   <word id="word_298">a</word>
   <word id="word_299">comissão</word>
   <word id="word_300">organizadora</word>
   <word id="word_301">e</word>
   <word id="word_302">depois</word>
   <word id="word_303">,</word>
   <word id="word_304">através</word>
   <word id="word_305">de</word>
   <word id="word_306">uma</word>
   <word id="word_307">circular</word>
   <word id="word_308">,</word>
   <word id="word_309">venham</word>
   <word id="word_310">pôr</word>
   <word id="word_311">em</word>
   <word id="word_312">causa</word>
   <word id="word_313">a</word>
   <word id="word_314">eleição</word>
   <word id="word_315">"</word>
   <word id="word_316">,</word>
   <word id="word_317">comenta</word>
   <word id="word_318">Almeida</word>
   <word id="word_319">Fernandes</word>
   <word id="word_320">.</word>
   <word id="word_321">Para</word>
   <word id="word_322">este</word>
   <word id="word_323">dirigente</word>
   <word id="word_324">,</word>
   <word id="word_325">só</word>
   <word id="word_326">a</word>
   <word id="word_327">rápida</word>
   <word id="word_328">constituição</word>
   <word id="word_329">de_</word>
   <word id="word_330">o</word>
   <word id="word_331">Conselho</word>
   <word id="word_332">directivo</word>
   <word id="word_333">pode</word>
   <word id="word_334">viabilizar</word>
   <word id="word_335">o</word>
   <word id="word_336">Instituto</word>
   <word id="word_337">e</word>
   <word id="word_338">desbloquear</word>
   <word id="word_339">as</word>
   <word id="word_340">verbas</word>
   <word id="word_341">para</word>
   <word id="word_342">o</word>
   <word id="word_343">financiamento</word>
   <word id="word_344">de_</word>
   <word id="word_345">as</word>
   <word id="word_346">associações</word>
   <word id="word_347">,</word>
   <word id="word_348">o</word>
   <word id="word_349">que</word>
   <word id="word_350">,</word>
   <word id="word_351">segundo</word>
   <word id="word_352">as</word>
   <word id="word_353">suas</word>
   <word id="word_354">palavras</word>
   <word id="word_355">,</word>
   <word id="word_356">"</word>
   <word id="word_357">parece</word>
   <word id="word_358">muito</word>
   <word id="word_359">mais</word>
   <word id="word_360">importante</word>
   <word id="word_361">de_</word>
   <word id="word_362">o</word>
   <word id="word_363">que</word>
   <word id="word_364">acalentar</word>
   <word id="word_365">as</word>
   <word id="word_366">eternas</word>
   <word id="word_367">guerras</word>
   <word id="word_368">entre</word>
   <word id="word_369">as</word>
   <word id="word_370">associações</word>
   <word id="word_371">de_</word>
   <word id="word_372">o</word>
   <word id="word_373">ambiente</word>
   <word id="word_374">"</word>
   <word id="word_375">.</word>
</words>
