<?xml version="1.0" encoding="UTF-8"?>
<!DOCTYPE words SYSTEM "words.dtd">
<words>
   <word id="word_1">Muitos</word>
   <word id="word_2">agricultores</word>
   <word id="word_3">alentejanos</word>
   <word id="word_4">estão</word>
   <word id="word_5">,</word>
   <word id="word_6">quase</word>
   <word id="word_7">desesperadamente</word>
   <word id="word_8">,</word>
   <word id="word_9">a</word>
   <word id="word_10">vender</word>
   <word id="word_11">as</word>
   <word id="word_12">suas</word>
   <word id="word_13">herdades</word>
   <word id="word_14">.</word>
   <word id="word_15">Motivo</word>
   <word id="word_16">:</word>
   <word id="word_17">vão</word>
   <word id="word_18">acabar</word>
   <word id="word_19">os</word>
   <word id="word_20">subsídios</word>
   <word id="word_21">para</word>
   <word id="word_22">a</word>
   <word id="word_23">"</word>
   <word id="word_24">produção</word>
   <word id="word_25">"</word>
   <word id="word_26">agrícola</word>
   <word id="word_27">e</word>
   <word id="word_28">vem</word>
   <word id="word_29">aí</word>
   <word id="word_30">um</word>
   <word id="word_31">novo</word>
   <word id="word_32">programa</word>
   <word id="word_33">para</word>
   <word id="word_34">incentivar</word>
   <word id="word_35">o</word>
   <word id="word_36">abandono</word>
   <word id="word_37">de_</word>
   <word id="word_38">as</word>
   <word id="word_39">terras</word>
   <word id="word_40">.</word>
   <word id="word_41">Alguns</word>
   <word id="word_42">investimentos</word>
   <word id="word_43">menos</word>
   <word id="word_44">correctos</word>
   <word id="word_45">,</word>
   <word id="word_46">com</word>
   <word id="word_47">os</word>
   <word id="word_48">dinheiros</word>
   <word id="word_49">de_</word>
   <word id="word_50">a</word>
   <word id="word_51">CEE</word>
   <word id="word_52">,</word>
   <word id="word_53">começaram</word>
   <word id="word_54">a</word>
   <word id="word_55">trazer</word>
   <word id="word_56">dificuldades</word>
   <word id="word_57">.</word>
   <word id="word_58">Entretanto</word>
   <word id="word_59">,</word>
   <word id="word_60">o</word>
   <word id="word_61">IFADAP</word>
   <word id="word_62">tem</word>
   <word id="word_63">os</word>
   <word id="word_64">dias</word>
   <word id="word_65">contados</word>
   <word id="word_66">.</word>
   <word id="word_67">Os</word>
   <word id="word_68">prédios</word>
   <word id="word_69">rústicos</word>
   <word id="word_70">alentejanos</word>
   <word id="word_71">estão</word>
   <word id="word_72">a</word>
   <word id="word_73">ser</word>
   <word id="word_74">colocados</word>
   <word id="word_75">no</word>
   <word id="word_76">mercado</word>
   <word id="word_77">imobiliário</word>
   <word id="word_78">para</word>
   <word id="word_79">venda</word>
   <word id="word_80">a</word>
   <word id="word_81">um</word>
   <word id="word_82">ritmo</word>
   <word id="word_83">vertiginoso</word>
   <word id="word_84">.</word>
   <word id="word_85">Os</word>
   <word id="word_86">empresários</word>
   <word id="word_87">agrícolas</word>
   <word id="word_88">de_</word>
   <word id="word_89">os</word>
   <word id="word_90">distritos</word>
   <word id="word_91">mais</word>
   <word id="word_92">afectados</word>
   <word id="word_93">que</word>
   <word id="word_94">são</word>
   <word id="word_95">Beja</word>
   <word id="word_96">,</word>
   <word id="word_97">Évora</word>
   <word id="word_98">e</word>
   <word id="word_99">Portalegre</word>
   <word id="word_100">,</word>
   <word id="word_101">referem</word>
   <word id="word_102">que</word>
   <word id="word_103">cerca</word>
   <word id="word_104">de</word>
   <word id="word_105">metade</word>
   <word id="word_106">de_</word>
   <word id="word_107">as</word>
   <word id="word_108">herdades</word>
   <word id="word_109">localizadas</word>
   <word id="word_110">em_</word>
   <word id="word_111">estes</word>
   <word id="word_112">distritos</word>
   <word id="word_113">estão</word>
   <word id="word_114">já</word>
   <word id="word_115">a_</word>
   <word id="word_116">a</word>
   <word id="word_117">venda</word>
   <word id="word_118">.</word>
   <word id="word_119">Contudo</word>
   <word id="word_120">,</word>
   <word id="word_121">uma</word>
   <word id="word_122">fonte</word>
   <word id="word_123">especialista</word>
   <word id="word_124">no</word>
   <word id="word_125">mercado</word>
   <word id="word_126">imobiliário</word>
   <word id="word_127">rural</word>
   <word id="word_128">alentejano</word>
   <word id="word_129">,</word>
   <word id="word_130">afirmou</word>
   <word id="word_131">a</word>
   <word id="word_132">O</word>
   <word id="word_133">Independente</word>
   <word id="word_134">que</word>
   <word id="word_135">a</word>
   <word id="word_136">percentagem</word>
   <word id="word_137">de</word>
   <word id="word_138">herdades</word>
   <word id="word_139">a_</word>
   <word id="word_140">a</word>
   <word id="word_141">venda</word>
   <word id="word_142">não</word>
   <word id="word_143">é</word>
   <word id="word_144">tão</word>
   <word id="word_145">elevada</word>
   <word id="word_146">,</word>
   <word id="word_147">devendo</word>
   <word id="word_148">situar</word>
   <word id="word_149">-se</word>
   <word id="word_150">"</word>
   <word id="word_151">em</word>
   <word id="word_152">cerca</word>
   <word id="word_153">de</word>
   <word id="word_154">30</word>
   <word id="word_155">por</word>
   <word id="word_156">cento</word>
   <word id="word_157">de_</word>
   <word id="word_158">o</word>
   <word id="word_159">total</word>
   <word id="word_160">e</word>
   <word id="word_161">incide</word>
   <word id="word_162">especialmente</word>
   <word id="word_163">sobre</word>
   <word id="word_164">as</word>
   <word id="word_165">grandes</word>
   <word id="word_166">propriedades</word>
   <word id="word_167">"</word>
   <word id="word_168">.</word>
   <word id="word_169">No</word>
   <word id="word_170">distrito</word>
   <word id="word_171">de</word>
   <word id="word_172">Beja</word>
   <word id="word_173">,</word>
   <word id="word_174">e</word>
   <word id="word_175">a_</word>
   <word id="word_176">a</word>
   <word id="word_177">excepcão</word>
   <word id="word_178">de_</word>
   <word id="word_179">as</word>
   <word id="word_180">terrras</word>
   <word id="word_181">mais</word>
   <word id="word_182">férteis</word>
   <word id="word_183">,</word>
   <word id="word_184">como</word>
   <word id="word_185">são</word>
   <word id="word_186">«os</word>
   <word id="word_187">barros</word>
   <word id="word_188">de</word>
   <word id="word_189">Beja»</word>
   <word id="word_190">,</word>
   <word id="word_191">os</word>
   <word id="word_192">terrenos</word>
   <word id="word_193">sem</word>
   <word id="word_194">aptidão</word>
   <word id="word_195">agrícola</word>
   <word id="word_196">estão</word>
   <word id="word_197">para</word>
   <word id="word_198">venda</word>
   <word id="word_199">,</word>
   <word id="word_200">fundamentalmente</word>
   <word id="word_201">no</word>
   <word id="word_202">concelho</word>
   <word id="word_203">de</word>
   <word id="word_204">Mértola</word>
   <word id="word_205">.</word>
   <word id="word_206">No</word>
   <word id="word_207">distrito</word>
   <word id="word_208">de</word>
   <word id="word_209">Portalegre</word>
   <word id="word_210">,</word>
   <word id="word_211">a</word>
   <word id="word_212">região</word>
   <word id="word_213">de</word>
   <word id="word_214">Almodôvar</word>
   <word id="word_215">e</word>
   <word id="word_216">Castro-Verde</word>
   <word id="word_217">as</word>
   <word id="word_218">terras</word>
   <word id="word_219">estão</word>
   <word id="word_220">igualmente</word>
   <word id="word_221">colocadas</word>
   <word id="word_222">no</word>
   <word id="word_223">mercado</word>
   <word id="word_224">imobiliário</word>
   <word id="word_225">.</word>
   <word id="word_226">Até</word>
   <word id="word_227">mesmo</word>
   <word id="word_228">os</word>
   <word id="word_229">regadios</word>
   <word id="word_230">de</word>
   <word id="word_231">Alcácer</word>
   <word id="word_232">tambem</word>
   <word id="word_233">se</word>
   <word id="word_234">começaram</word>
   <word id="word_235">a</word>
   <word id="word_236">vender</word>
   <word id="word_237">,</word>
   <word id="word_238">não</word>
   <word id="word_239">só</word>
   <word id="word_240">devido</word>
   <word id="word_241">a_</word>
   <word id="word_242">a</word>
   <word id="word_243">seca</word>
   <word id="word_244">que</word>
   <word id="word_245">se</word>
   <word id="word_246">verifica</word>
   <word id="word_247">,</word>
   <word id="word_248">mas</word>
   <word id="word_249">em</word>
   <word id="word_250">resultado</word>
   <word id="word_251">de</word>
   <word id="word_252">dinheiros</word>
   <word id="word_253">de_</word>
   <word id="word_254">a</word>
   <word id="word_255">CEE</word>
   <word id="word_256">mal</word>
   <word id="word_257">aplicados</word>
   <word id="word_258">e</word>
   <word id="word_259">que</word>
   <word id="word_260">muitas</word>
   <word id="word_261">vezes</word>
   <word id="word_262">se</word>
   <word id="word_263">destinaram</word>
   <word id="word_264">a</word>
   <word id="word_265">carros</word>
   <word id="word_266">de</word>
   <word id="word_267">luxo</word>
   <word id="word_268">ou</word>
   <word id="word_269">casas</word>
   <word id="word_270">de</word>
   <word id="word_271">férias</word>
   <word id="word_272">.</word>
   <word id="word_273">No</word>
   <word id="word_274">rol</word>
   <word id="word_275">de_</word>
   <word id="word_276">as</word>
   <word id="word_277">herdades</word>
   <word id="word_278">disponíveis</word>
   <word id="word_279">no</word>
   <word id="word_280">mercado</word>
   <word id="word_281">estão</word>
   <word id="word_282">já</word>
   <word id="word_283">propriedades</word>
   <word id="word_284">com</word>
   <word id="word_285">dimensões</word>
   <word id="word_286">razoáveis</word>
   <word id="word_287">ou</word>
   <word id="word_288">com</word>
   <word id="word_289">proprietários</word>
   <word id="word_290">conhecidos</word>
   <word id="word_291">.</word>
   <word id="word_292">As</word>
   <word id="word_293">celuloses</word>
   <word id="word_294">que</word>
   <word id="word_295">haviam</word>
   <word id="word_296">adquirido</word>
   <word id="word_297">terrenos</word>
   <word id="word_298">em_</word>
   <word id="word_299">esta</word>
   <word id="word_300">região</word>
   <word id="word_301">estão</word>
   <word id="word_302">agora</word>
   <word id="word_303">a</word>
   <word id="word_304">vende#</word>
   <word id="word_305">-los</word>
   <word id="word_306">.</word>
   <word id="word_307">O</word>
   <word id="word_308">presidente</word>
   <word id="word_309">de_</word>
   <word id="word_310">a</word>
   <word id="word_311">CAP</word>
   <word id="word_312">,</word>
   <word id="word_313">Rosado</word>
   <word id="word_314">Fernandes</word>
   <word id="word_315">,</word>
   <word id="word_316">acaba</word>
   <word id="word_317">de</word>
   <word id="word_318">transaccionar</word>
   <word id="word_319">a</word>
   <word id="word_320">propriedade</word>
   <word id="word_321">«das</word>
   <word id="word_322">vaquinhas»</word>
   <word id="word_323">,</word>
   <word id="word_324">um</word>
   <word id="word_325">terreno</word>
   <word id="word_326">com</word>
   <word id="word_327">cerca</word>
   <word id="word_328">de</word>
   <word id="word_329">340</word>
   <word id="word_330">hectares</word>
   <word id="word_331">.</word>
   <word id="word_332">João</word>
   <word id="word_333">Geada</word>
   <word id="word_334">também</word>
   <word id="word_335">se</word>
   <word id="word_336">tem</word>
   <word id="word_337">«descartado»</word>
   <word id="word_338">de</word>
   <word id="word_339">algumas</word>
   <word id="word_340">propriedades</word>
   <word id="word_341">que</word>
   <word id="word_342">recentemente</word>
   <word id="word_343">tinha</word>
   <word id="word_344">adquirido</word>
   <word id="word_345">no</word>
   <word id="word_346">Alentejo</word>
   <word id="word_347">,</word>
   <word id="word_348">a</word>
   <word id="word_349">Torralta</word>
   <word id="word_350">também</word>
   <word id="word_351">está</word>
   <word id="word_352">a</word>
   <word id="word_353">transaccionar</word>
   <word id="word_354">propriedades</word>
   <word id="word_355">em_</word>
   <word id="word_356">esta</word>
   <word id="word_357">regtão</word>
   <word id="word_358">.</word>
   <word id="word_359">Outras</word>
   <word id="word_360">herdades</word>
   <word id="word_361">conhecidas</word>
   <word id="word_362">,</word>
   <word id="word_363">estão</word>
   <word id="word_364">a</word>
   <word id="word_365">mudar</word>
   <word id="word_366">de</word>
   <word id="word_367">donos</word>
   <word id="word_368">.</word>
   <word id="word_369">É</word>
   <word id="word_370">o</word>
   <word id="word_371">caso</word>
   <word id="word_372">de_</word>
   <word id="word_373">a</word>
   <word id="word_374">herdade</word>
   <word id="word_375">Agua-todo-o-ano</word>
   <word id="word_376">,</word>
   <word id="word_377">a</word>
   <word id="word_378">Herdade</word>
   <word id="word_379">Sertâ</word>
   <word id="word_380">,</word>
   <word id="word_381">a</word>
   <word id="word_382">Garrochais</word>
   <word id="word_383">,</word>
   <word id="word_384">e</word>
   <word id="word_385">de_</word>
   <word id="word_386">a</word>
   <word id="word_387">Dona</word>
   <word id="word_388">Maria</word>
   <word id="word_389">,</word>
   <word id="word_390">todas</word>
   <word id="word_391">localizadas</word>
   <word id="word_392">no</word>
   <word id="word_393">distrito</word>
   <word id="word_394">de</word>
   <word id="word_395">Évora</word>
   <word id="word_396">.</word>
   <word id="word_397">Até</word>
   <word id="word_398">mesmo</word>
   <word id="word_399">os</word>
   <word id="word_400">estrangeiros</word>
   <word id="word_401">que</word>
   <word id="word_402">nos</word>
   <word id="word_403">últimos</word>
   <word id="word_404">anos</word>
   <word id="word_405">têm</word>
   <word id="word_406">corrido</word>
   <word id="word_407">a_</word>
   <word id="word_408">a</word>
   <word id="word_409">compra</word>
   <word id="word_410">de</word>
   <word id="word_411">terrenos</word>
   <word id="word_412">,</word>
   <word id="word_413">no</word>
   <word id="word_414">Alentejo</word>
   <word id="word_415">já</word>
   <word id="word_416">iniciaram</word>
   <word id="word_417">a</word>
   <word id="word_418">debandada</word>
   <word id="word_419">.</word>
   <word id="word_420">A</word>
   <word id="word_421">situação</word>
   <word id="word_422">é</word>
   <word id="word_423">tanto</word>
   <word id="word_424">mais</word>
   <word id="word_425">grave</word>
   <word id="word_426">quanto</word>
   <word id="word_427">não</word>
   <word id="word_428">existem</word>
   <word id="word_429">compradores</word>
   <word id="word_430">o</word>
   <word id="word_431">que</word>
   <word id="word_432">origina</word>
   <word id="word_433">a</word>
   <word id="word_434">venda</word>
   <word id="word_435">de_</word>
   <word id="word_436">as</word>
   <word id="word_437">terras</word>
   <word id="word_438">seja</word>
   <word id="word_439">feita</word>
   <word id="word_440">a</word>
   <word id="word_441">preços</word>
   <word id="word_442">muito</word>
   <word id="word_443">inferiores</word>
   <word id="word_444">a_</word>
   <word id="word_445">os</word>
   <word id="word_446">de</word>
   <word id="word_447">mercado</word>
   <word id="word_448">.</word>
   <word id="word_449">Montantes</word>
   <word id="word_450">que</word>
   <word id="word_451">se</word>
   <word id="word_452">situam</word>
   <word id="word_453">,</word>
   <word id="word_454">quando</word>
   <word id="word_455">o</word>
   <word id="word_456">mercado</word>
   <word id="word_457">está</word>
   <word id="word_458">normalizado</word>
   <word id="word_459">,</word>
   <word id="word_460">e</word>
   <word id="word_461">para</word>
   <word id="word_462">um</word>
   <word id="word_463">terreno</word>
   <word id="word_464">com</word>
   <word id="word_465">uma</word>
   <word id="word_466">dimensão</word>
   <word id="word_467">de</word>
   <word id="word_468">cerca</word>
   <word id="word_469">de</word>
   <word id="word_470">500</word>
   <word id="word_471">hectares</word>
   <word id="word_472">entre</word>
   <word id="word_473">os</word>
   <word id="word_474">200</word>
   <word id="word_475">mil</word>
   <word id="word_476">escudos</word>
   <word id="word_477">e</word>
   <word id="word_478">os</word>
   <word id="word_479">800</word>
   <word id="word_480">mil</word>
   <word id="word_481">escudos</word>
   <word id="word_482">por</word>
   <word id="word_483">hectare</word>
   <word id="word_484">,</word>
   <word id="word_485">conforme</word>
   <word id="word_486">seja</word>
   <word id="word_487">de</word>
   <word id="word_488">sequeiro</word>
   <word id="word_489">ou</word>
   <word id="word_490">de</word>
   <word id="word_491">regadio</word>
   <word id="word_492">,</word>
   <word id="word_493">estão</word>
   <word id="word_494">a</word>
   <word id="word_495">ser</word>
   <word id="word_496">transaccionados</word>
   <word id="word_497">por</word>
   <word id="word_498">valores</word>
   <word id="word_499">quase</word>
   <word id="word_500">irrisórios</word>
   <word id="word_501">.</word>
   <word id="word_502">Aliás</word>
   <word id="word_503">,</word>
   <word id="word_504">uma</word>
   <word id="word_505">de_</word>
   <word id="word_506">as</word>
   <word id="word_507">causas</word>
   <word id="word_508">de_</word>
   <word id="word_509">o</word>
   <word id="word_510">desespero</word>
   <word id="word_511">de_</word>
   <word id="word_512">a</word>
   <word id="word_513">venda</word>
   <word id="word_514">resulta</word>
   <word id="word_515">de</word>
   <word id="word_516">compromissos</word>
   <word id="word_517">bancários</word>
   <word id="word_518">que</word>
   <word id="word_519">muitos</word>
   <word id="word_520">agricultores</word>
   <word id="word_521">não</word>
   <word id="word_522">estão</word>
   <word id="word_523">a</word>
   <word id="word_524">conseguir</word>
   <word id="word_525">cumprir</word>
   <word id="word_526">,</word>
   <word id="word_527">o</word>
   <word id="word_528">que</word>
   <word id="word_529">os</word>
   <word id="word_530">obriga</word>
   <word id="word_531">muitas</word>
   <word id="word_532">vezes</word>
   <word id="word_533">a</word>
   <word id="word_534">desfazerem</word>
   <word id="word_535">-se</word>
   <word id="word_536">de</word>
   <word id="word_537">patrimónios</word>
   <word id="word_538">valiosos</word>
   <word id="word_539">e</word>
   <word id="word_540">que</word>
   <word id="word_541">têm</word>
   <word id="word_542">profundas</word>
   <word id="word_543">raízes</word>
   <word id="word_544">familiares</word>
   <word id="word_545">.</word>
   <word id="word_546">Em</word>
   <word id="word_547">alguns</word>
   <word id="word_548">casos</word>
   <word id="word_549">a</word>
   <word id="word_550">principal</word>
   <word id="word_551">causa</word>
   <word id="word_552">de_</word>
   <word id="word_553">esta</word>
   <word id="word_554">situação</word>
   <word id="word_555">,</word>
   <word id="word_556">está</word>
   <word id="word_557">na</word>
   <word id="word_558">falência</word>
   <word id="word_559">de_</word>
   <word id="word_560">os</word>
   <word id="word_561">projectos</word>
   <word id="word_562">agrícolas</word>
   <word id="word_563">desenvolvidos</word>
   <word id="word_564">com</word>
   <word id="word_565">a</word>
   <word id="word_566">ajuda</word>
   <word id="word_567">de_</word>
   <word id="word_568">os</word>
   <word id="word_569">fundos</word>
   <word id="word_570">comunitários</word>
   <word id="word_571">.</word>
   <word id="word_572">Segundo</word>
   <word id="word_573">fontes</word>
   <word id="word_574">de_</word>
   <word id="word_575">o</word>
   <word id="word_576">sector</word>
   <word id="word_577">agrícola</word>
   <word id="word_578">,</word>
   <word id="word_579">esta</word>
   <word id="word_580">situção</word>
   <word id="word_581">deve</word>
   <word id="word_582">-se</word>
   <word id="word_583">a</word>
   <word id="word_584">uma</word>
   <word id="word_585">má</word>
   <word id="word_586">gestão</word>
   <word id="word_587">de_</word>
   <word id="word_588">estas</word>
   <word id="word_589">verbas</word>
   <word id="word_590">que</word>
   <word id="word_591">em</word>
   <word id="word_592">alguns</word>
   <word id="word_593">casos</word>
   <word id="word_594">foram</word>
   <word id="word_595">desviadas</word>
   <word id="word_596">,</word>
   <word id="word_597">em</word>
   <word id="word_598">parte</word>
   <word id="word_599">,</word>
   <word id="word_600">para</word>
   <word id="word_601">a</word>
   <word id="word_602">compra</word>
   <word id="word_603">de</word>
   <word id="word_604">automóveis</word>
   <word id="word_605">de</word>
   <word id="word_606">luxo</word>
   <word id="word_607">,</word>
   <word id="word_608">casas</word>
   <word id="word_609">sumptuosas</word>
   <word id="word_610">e</word>
   <word id="word_611">outros</word>
   <word id="word_612">equipamentos</word>
   <word id="word_613">supérfulos</word>
   <word id="word_614">.</word>
   <word id="word_615">Referem</word>
   <word id="word_616">fontes</word>
   <word id="word_617">alentejanas</word>
   <word id="word_618">que</word>
   <word id="word_619">«os</word>
   <word id="word_620">agricultores</word>
   <word id="word_621">não</word>
   <word id="word_622">quantificaram</word>
   <word id="word_623">os</word>
   <word id="word_624">custos</word>
   <word id="word_625">de_</word>
   <word id="word_626">o</word>
   <word id="word_627">financiamento</word>
   <word id="word_628">de_</word>
   <word id="word_629">os</word>
   <word id="word_630">projectos</word>
   <word id="word_631">na</word>
   <word id="word_632">parte</word>
   <word id="word_633">não</word>
   <word id="word_634">comparticipada</word>
   <word id="word_635">,</word>
   <word id="word_636">e</word>
   <word id="word_637">quando</word>
   <word id="word_638">chegou</word>
   <word id="word_639">a</word>
   <word id="word_640">hora</word>
   <word id="word_641">de</word>
   <word id="word_642">pagar</word>
   <word id="word_643">a_</word>
   <word id="word_644">o</word>
   <word id="word_645">banco</word>
   <word id="word_646">estavam</word>
   <word id="word_647">descapitalizados»</word>
   <word id="word_648">.</word>
   <word id="word_649">Para</word>
   <word id="word_650">outros</word>
   <word id="word_651">,</word>
   <word id="word_652">a</word>
   <word id="word_653">venda</word>
   <word id="word_654">de_</word>
   <word id="word_655">as</word>
   <word id="word_656">herdades</word>
   <word id="word_657">é</word>
   <word id="word_658">simplesmente</word>
   <word id="word_659">uma</word>
   <word id="word_660">consequência</word>
   <word id="word_661">de_</word>
   <word id="word_662">a</word>
   <word id="word_663">descapitalização</word>
   <word id="word_664">de_</word>
   <word id="word_665">os</word>
   <word id="word_666">próprios</word>
   <word id="word_667">agricultores</word>
   <word id="word_668">que</word>
   <word id="word_669">mesmo</word>
   <word id="word_670">com</word>
   <word id="word_671">as</word>
   <word id="word_672">ajudas</word>
   <word id="word_673">comunitárias</word>
   <word id="word_674">não</word>
   <word id="word_675">conseguiram</word>
   <word id="word_676">criar</word>
   <word id="word_677">obter</word>
   <word id="word_678">recursos</word>
   <word id="word_679">próprios</word>
   <word id="word_680">suficientes</word>
   <word id="word_681">para</word>
   <word id="word_682">fazer</word>
   <word id="word_683">a_</word>
   <word id="word_684">as</word>
   <word id="word_685">despesas</word>
   <word id="word_686">e</word>
   <word id="word_687">a_</word>
   <word id="word_688">os</word>
   <word id="word_689">juros</word>
   <word id="word_690">muito</word>
   <word id="word_691">elevados</word>
   <word id="word_692">.</word>
   <word id="word_693">Esta</word>
   <word id="word_694">crise</word>
   <word id="word_695">está</word>
   <word id="word_696">a</word>
   <word id="word_697">atingir</word>
   <word id="word_698">as</word>
   <word id="word_699">Caixas</word>
   <word id="word_700">de</word>
   <word id="word_701">Crédito</word>
   <word id="word_702">agrícolas</word>
   <word id="word_703">já</word>
   <word id="word_704">que</word>
   <word id="word_705">em</word>
   <word id="word_706">alguns</word>
   <word id="word_707">casos</word>
   <word id="word_708">os</word>
   <word id="word_709">empréstimos</word>
   <word id="word_710">já</word>
   <word id="word_711">ultrapassaram</word>
   <word id="word_712">os</word>
   <word id="word_713">valores</word>
   <word id="word_714">fixados</word>
   <word id="word_715">para</word>
   <word id="word_716">a</word>
   <word id="word_717">terra</word>
   <word id="word_718">em</word>
   <word id="word_719">penhora</word>
   <word id="word_720">.</word>
   <word id="word_721">Em</word>
   <word id="word_722">qualquer</word>
   <word id="word_723">de_</word>
   <word id="word_724">os</word>
   <word id="word_725">casos</word>
   <word id="word_726">a</word>
   <word id="word_727">crise</word>
   <word id="word_728">de_</word>
   <word id="word_729">o</word>
   <word id="word_730">sector</word>
   <word id="word_731">agrícola</word>
   <word id="word_732">é</word>
   <word id="word_733">apontado</word>
   <word id="word_734">como</word>
   <word id="word_735">o</word>
   <word id="word_736">principal</word>
   <word id="word_737">factor</word>
   <word id="word_738">de_</word>
   <word id="word_739">o</word>
   <word id="word_740">descalabro</word>
   <word id="word_741">na</word>
   <word id="word_742">corrida</word>
   <word id="word_743">a_</word>
   <word id="word_744">as</word>
   <word id="word_745">vendas</word>
   <word id="word_746">de</word>
   <word id="word_747">herdades</word>
   <word id="word_748">.</word>
   <word id="word_749">A</word>
   <word id="word_750">própria</word>
   <word id="word_751">política</word>
   <word id="word_752">de</word>
   <word id="word_753">fomentar</word>
   <word id="word_754">a</word>
   <word id="word_755">competividade</word>
   <word id="word_756">de_</word>
   <word id="word_757">os</word>
   <word id="word_758">preços</word>
   <word id="word_759">não</word>
   <word id="word_760">foi</word>
   <word id="word_761">conseguida</word>
   <word id="word_762">nem</word>
   <word id="word_763">tão</word>
   <word id="word_764">pouco</word>
   <word id="word_765">toda</word>
   <word id="word_766">a</word>
   <word id="word_767">estratégia</word>
   <word id="word_768">governamental</word>
   <word id="word_769">de</word>
   <word id="word_770">incentivar</word>
   <word id="word_771">a</word>
   <word id="word_772">produção</word>
   <word id="word_773">agricola</word>
   <word id="word_774">.</word>
   <word id="word_775">Advinha</word>
   <word id="word_776">-se</word>
   <word id="word_777">que</word>
   <word id="word_778">em_</word>
   <word id="word_779">um</word>
   <word id="word_780">futuro</word>
   <word id="word_781">só</word>
   <word id="word_782">possa</word>
   <word id="word_783">ficar</word>
   <word id="word_784">preso</word>
   <word id="word_785">a_</word>
   <word id="word_786">a</word>
   <word id="word_787">terra</word>
   <word id="word_788">quem</word>
   <word id="word_789">possuir</word>
   <word id="word_790">uma</word>
   <word id="word_791">extensão</word>
   <word id="word_792">razoável</word>
   <word id="word_793">e</word>
   <word id="word_794">não</word>
   <word id="word_795">estiver</word>
   <word id="word_796">dependente</word>
   <word id="word_797">de_</word>
   <word id="word_798">o</word>
   <word id="word_799">financiamento</word>
   <word id="word_800">bancário</word>
   <word id="word_801">.</word>
   <word id="word_802">A</word>
   <word id="word_803">venda</word>
   <word id="word_804">de</word>
   <word id="word_805">terras</word>
   <word id="word_806">no</word>
   <word id="word_807">Alentejo</word>
   <word id="word_808">é</word>
   <word id="word_809">consequência</word>
   <word id="word_810">de_</word>
   <word id="word_811">a</word>
   <word id="word_812">crise</word>
   <word id="word_813">que</word>
   <word id="word_814">o</word>
   <word id="word_815">sector</word>
   <word id="word_816">agrícola</word>
   <word id="word_817">atravessa</word>
   <word id="word_818">com</word>
   <word id="word_819">a</word>
   <word id="word_820">nova</word>
   <word id="word_821">política</word>
   <word id="word_822">agricola</word>
   <word id="word_823">comum</word>
   <word id="word_824">,</word>
   <word id="word_825">que</word>
   <word id="word_826">vai</word>
   <word id="word_827">surgir</word>
   <word id="word_828">com</word>
   <word id="word_829">a</word>
   <word id="word_830">reforma</word>
   <word id="word_831">de_</word>
   <word id="word_832">o</word>
   <word id="word_833">PAC</word>
   <word id="word_834">.</word>
   <word id="word_835">Aliás</word>
   <word id="word_836">o</word>
   <word id="word_837">sector</word>
   <word id="word_838">agrícola</word>
   <word id="word_839">prevê</word>
   <word id="word_840">mesmo</word>
   <word id="word_841">que</word>
   <word id="word_842">este</word>
   <word id="word_843">ano</word>
   <word id="word_844">o</word>
   <word id="word_845">número</word>
   <word id="word_846">de</word>
   <word id="word_847">projectos</word>
   <word id="word_848">para</word>
   <word id="word_849">o</word>
   <word id="word_850">desenvolvimento</word>
   <word id="word_851">agrícolas</word>
   <word id="word_852">venha</word>
   <word id="word_853">a</word>
   <word id="word_854">baixar</word>
   <word id="word_855">significativamente</word>
   <word id="word_856">e</word>
   <word id="word_857">coloque</word>
   <word id="word_858">os</word>
   <word id="word_859">técnicos</word>
   <word id="word_860">de_</word>
   <word id="word_861">o</word>
   <word id="word_862">IFADAP</word>
   <word id="word_863">de</word>
   <word id="word_864">"</word>
   <word id="word_865">braços</word>
   <word id="word_866">cruzados</word>
   <word id="word_867">"</word>
   <word id="word_868">.</word>
   <word id="word_869">Com</word>
   <word id="word_870">a</word>
   <word id="word_871">nova</word>
   <word id="word_872">política</word>
   <word id="word_873">agrícola</word>
   <word id="word_874">todos</word>
   <word id="word_875">os</word>
   <word id="word_876">apoios</word>
   <word id="word_877">serão</word>
   <word id="word_878">canalizados</word>
   <word id="word_879">para</word>
   <word id="word_880">o</word>
   <word id="word_881">abandono</word>
   <word id="word_882">de_</word>
   <word id="word_883">as</word>
   <word id="word_884">terras</word>
   <word id="word_885">agrícolas</word>
   <word id="word_886">,</word>
   <word id="word_887">para</word>
   <word id="word_888">a</word>
   <word id="word_889">sivicultura</word>
   <word id="word_890">ou</word>
   <word id="word_891">fomentar</word>
   <word id="word_892">a</word>
   <word id="word_893">produção</word>
   <word id="word_894">de</word>
   <word id="word_895">culturas</word>
   <word id="word_896">não</word>
   <word id="word_897">alimentares</word>
   <word id="word_898">.</word>
   <word id="word_899">Uma</word>
   <word id="word_900">nova</word>
   <word id="word_901">política</word>
   <word id="word_902">que</word>
   <word id="word_903">visa</word>
   <word id="word_904">subsidiar</word>
   <word id="word_905">o</word>
   <word id="word_906">rendimento</word>
   <word id="word_907">e</word>
   <word id="word_908">não</word>
   <word id="word_909">a</word>
   <word id="word_910">produção</word>
   <word id="word_911">e</word>
   <word id="word_912">de</word>
   <word id="word_913">forma</word>
   <word id="word_914">a</word>
   <word id="word_915">reduzir</word>
   <word id="word_916">a</word>
   <word id="word_917">população</word>
   <word id="word_918">agrícola</word>
   <word id="word_919">portuguesa</word>
   <word id="word_920">para</word>
   <word id="word_921">metade</word>
   <word id="word_922">.</word>
   <word id="word_923">E</word>
   <word id="word_924">as</word>
   <word id="word_925">verbas</word>
   <word id="word_926">destinadas</word>
   <word id="word_927">para</word>
   <word id="word_928">iniciar</word>
   <word id="word_929">este</word>
   <word id="word_930">processo</word>
   <word id="word_931">não</word>
   <word id="word_932">serão</word>
   <word id="word_933">parcas</word>
   <word id="word_934">.</word>
   <word id="word_935">Segundo</word>
   <word id="word_936">O</word>
   <word id="word_937">Independente</word>
   <word id="word_938">apurou</word>
   <word id="word_939">,</word>
   <word id="word_940">o</word>
   <word id="word_941">pacote</word>
   <word id="word_942">de</word>
   <word id="word_943">verbas</word>
   <word id="word_944">destinado</word>
   <word id="word_945">a_</word>
   <word id="word_946">o</word>
   <word id="word_947">abrigo</word>
   <word id="word_948">de_</word>
   <word id="word_949">a</word>
   <word id="word_950">nova</word>
   <word id="word_951">PAC</word>
   <word id="word_952">para</word>
   <word id="word_953">proceder</word>
   <word id="word_954">a_</word>
   <word id="word_955">o</word>
   <word id="word_956">abandono</word>
   <word id="word_957">de_</word>
   <word id="word_958">as</word>
   <word id="word_959">propriedades</word>
   <word id="word_960">com</word>
   <word id="word_961">vista</word>
   <word id="word_962">a_</word>
   <word id="word_963">o</word>
   <word id="word_964">emparcelamento</word>
   <word id="word_965">e</word>
   <word id="word_966">reestruturação</word>
   <word id="word_967">fundiária</word>
   <word id="word_968">é</word>
   <word id="word_969">semelhante</word>
   <word id="word_970">a_</word>
   <word id="word_971">o</word>
   <word id="word_972">montante</word>
   <word id="word_973">disponibilizado</word>
   <word id="word_974">para</word>
   <word id="word_975">as</word>
   <word id="word_976">ajudas</word>
   <word id="word_977">de_</word>
   <word id="word_978">os</word>
   <word id="word_979">preços</word>
   <word id="word_980">agrícolas</word>
   <word id="word_981">,</word>
   <word id="word_982">mas</word>
   <word id="word_983">reforçado</word>
   <word id="word_984">.</word>
   <word id="word_985">Para</word>
   <word id="word_986">já</word>
   <word id="word_987">,</word>
   <word id="word_988">os</word>
   <word id="word_989">programas</word>
   <word id="word_990">comunitários</word>
   <word id="word_991">de</word>
   <word id="word_992">incentivo</word>
   <word id="word_993">a_</word>
   <word id="word_994">a</word>
   <word id="word_995">produção</word>
   <word id="word_996">como</word>
   <word id="word_997">sejam</word>
   <word id="word_998">os</word>
   <word id="word_999">destinados</word>
   <word id="word_1000">a_</word>
   <word id="word_1001">a</word>
   <word id="word_1002">modernização</word>
   <word id="word_1003">de_</word>
   <word id="word_1004">as</word>
   <word id="word_1005">explorações</word>
   <word id="word_1006">agricolas</word>
   <word id="word_1007">,</word>
   <word id="word_1008">ou</word>
   <word id="word_1009">de_</word>
   <word id="word_1010">a</word>
   <word id="word_1011">sua</word>
   <word id="word_1012">transformação</word>
   <word id="word_1013">,</word>
   <word id="word_1014">foram</word>
   <word id="word_1015">prorrogados</word>
   <word id="word_1016">.</word>
   <word id="word_1017">Mas</word>
   <word id="word_1018">não</word>
   <word id="word_1019">se</word>
   <word id="word_1020">sabem</word>
   <word id="word_1021">se</word>
   <word id="word_1022">continuam</word>
   <word id="word_1023">.</word>
   <word id="word_1024">Esta</word>
   <word id="word_1025">incerteza</word>
   <word id="word_1026">está</word>
   <word id="word_1027">a</word>
   <word id="word_1028">desmotivar</word>
   <word id="word_1029">os</word>
   <word id="word_1030">agricultores</word>
   <word id="word_1031">que</word>
   <word id="word_1032">apresentaram</word>
   <word id="word_1033">já</word>
   <word id="word_1034">um</word>
   <word id="word_1035">projecto</word>
   <word id="word_1036">no</word>
   <word id="word_1037">IFADAP</word>
   <word id="word_1038">não</word>
   <word id="word_1039">apresentem</word>
   <word id="word_1040">um</word>
   <word id="word_1041">segundo</word>
   <word id="word_1042">.</word>
   <word id="word_1043">Uma</word>
   <word id="word_1044">situação</word>
   <word id="word_1045">que</word>
   <word id="word_1046">já</word>
   <word id="word_1047">está</word>
   <word id="word_1048">a</word>
   <word id="word_1049">ter</word>
   <word id="word_1050">reflexos</word>
   <word id="word_1051">sobre</word>
   <word id="word_1052">o</word>
   <word id="word_1053">futuro</word>
   <word id="word_1054">de_</word>
   <word id="word_1055">o</word>
   <word id="word_1056">IFADAP</word>
   <word id="word_1057">.</word>
   <word id="word_1058">Menos</word>
   <word id="word_1059">projectos</word>
   <word id="word_1060">para</word>
   <word id="word_1061">analisar</word>
   <word id="word_1062">e</word>
   <word id="word_1063">um</word>
   <word id="word_1064">"</word>
   <word id="word_1065">staff</word>
   <word id="word_1066">"</word>
   <word id="word_1067">que</word>
   <word id="word_1068">ficará</word>
   <word id="word_1069">desocupado</word>
   <word id="word_1070">.</word>
   <word id="word_1071">Entretanto</word>
   <word id="word_1072">,</word>
   <word id="word_1073">o</word>
   <word id="word_1074">Governo</word>
   <word id="word_1075">prepara</word>
   <word id="word_1076">-se</word>
   <word id="word_1077">para</word>
   <word id="word_1078">mudar</word>
   <word id="word_1079">a</word>
   <word id="word_1080">rota</word>
   <word id="word_1081">deste</word>
   <word id="word_1082">instituto</word>
   <word id="word_1083">o</word>
   <word id="word_1084">o</word>
   <word id="word_1085">esvaziamento</word>
   <word id="word_1086">de_</word>
   <word id="word_1087">as</word>
   <word id="word_1088">suas</word>
   <word id="word_1089">competências</word>
   <word id="word_1090">será</word>
   <word id="word_1091">inevitável</word>
   <word id="word_1092">,</word>
   <word id="word_1093">segundo</word>
   <word id="word_1094">O</word>
   <word id="word_1095">Independente</word>
   <word id="word_1096">apurou</word>
   <word id="word_1097">.</word>
   <word id="word_1098">Este</word>
   <word id="word_1099">instituto</word>
   <word id="word_1100">financeiro</word>
   <word id="word_1101">que</word>
   <word id="word_1102">até</word>
   <word id="word_1103">a_</word>
   <word id="word_1104">a</word>
   <word id="word_1105">data</word>
   <word id="word_1106">tem</word>
   <word id="word_1107">gerido</word>
   <word id="word_1108">as</word>
   <word id="word_1109">verbas</word>
   <word id="word_1110">destinadas</word>
   <word id="word_1111">a_</word>
   <word id="word_1112">o</word>
   <word id="word_1113">desenvolvimento</word>
   <word id="word_1114">de_</word>
   <word id="word_1115">a</word>
   <word id="word_1116">agricultura</word>
   <word id="word_1117">a_</word>
   <word id="word_1118">o</word>
   <word id="word_1119">abrigo</word>
   <word id="word_1120">de_</word>
   <word id="word_1121">as</word>
   <word id="word_1122">linhas</word>
   <word id="word_1123">de</word>
   <word id="word_1124">crédito</word>
   <word id="word_1125">destinadas</word>
   <word id="word_1126">a_</word>
   <word id="word_1127">a</word>
   <word id="word_1128">modernização</word>
   <word id="word_1129">de_</word>
   <word id="word_1130">as</word>
   <word id="word_1131">explorações</word>
   <word id="word_1132">agrícolas</word>
   <word id="word_1133">,</word>
   <word id="word_1134">a</word>
   <word id="word_1135">transformação</word>
   <word id="word_1136">e</word>
   <word id="word_1137">comercialização</word>
   <word id="word_1138">,</word>
   <word id="word_1139">a_</word>
   <word id="word_1140">o</word>
   <word id="word_1141">PEDAP</word>
   <word id="word_1142">e</word>
   <word id="word_1143">a_</word>
   <word id="word_1144">o</word>
   <word id="word_1145">programa</word>
   <word id="word_1146">de</word>
   <word id="word_1147">reestruturação</word>
   <word id="word_1148">de_</word>
   <word id="word_1149">a</word>
   <word id="word_1150">vinha</word>
   <word id="word_1151">,</word>
   <word id="word_1152">aprovou</word>
   <word id="word_1153">cerca</word>
   <word id="word_1154">de</word>
   <word id="word_1155">10</word>
   <word id="word_1156">mil</word>
   <word id="word_1157">projectos</word>
   <word id="word_1158">,</word>
   <word id="word_1159">no</word>
   <word id="word_1160">ano</word>
   <word id="word_1161">de</word>
   <word id="word_1162">1991</word>
   <word id="word_1163">,</word>
   <word id="word_1164">um</word>
   <word id="word_1165">investimento</word>
   <word id="word_1166">de</word>
   <word id="word_1167">88</word>
   <word id="word_1168">milhões</word>
   <word id="word_1169">de</word>
   <word id="word_1170">contos</word>
   <word id="word_1171">subsidiado</word>
   <word id="word_1172">51</word>
   <word id="word_1173">,</word>
   <word id="word_1174">5</word>
   <word id="word_1175">milhões</word>
   <word id="word_1176">.</word>
   <word id="word_1177">Para</word>
   <word id="word_1178">o</word>
   <word id="word_1179">ano</word>
   <word id="word_1180">de</word>
   <word id="word_1181">1992</word>
   <word id="word_1182">,</word>
   <word id="word_1183">está</word>
   <word id="word_1184">destinado</word>
   <word id="word_1185">um</word>
   <word id="word_1186">subsídio</word>
   <word id="word_1187">para</word>
   <word id="word_1188">novos</word>
   <word id="word_1189">projectos</word>
   <word id="word_1190">agrícolas</word>
   <word id="word_1191">de_</word>
   <word id="word_1192">a</word>
   <word id="word_1193">ordem</word>
   <word id="word_1194">de_</word>
   <word id="word_1195">os</word>
   <word id="word_1196">54</word>
   <word id="word_1197">milhões</word>
   <word id="word_1198">de</word>
   <word id="word_1199">contos</word>
   <word id="word_1200">.</word>
   <word id="word_1201">O</word>
   <word id="word_1202">processo</word>
   <word id="word_1203">de</word>
   <word id="word_1204">«esvaziamento</word>
   <word id="word_1205">de</word>
   <word id="word_1206">competências»</word>
   <word id="word_1207">de_</word>
   <word id="word_1208">o</word>
   <word id="word_1209">IFADAP</word>
   <word id="word_1210">já</word>
   <word id="word_1211">se</word>
   <word id="word_1212">iniciou</word>
   <word id="word_1213">.</word>
   <word id="word_1214">Os</word>
   <word id="word_1215">prémios</word>
   <word id="word_1216">para</word>
   <word id="word_1217">o</word>
   <word id="word_1218">apoio</word>
   <word id="word_1219">a_</word>
   <word id="word_1220">a</word>
   <word id="word_1221">cessação</word>
   <word id="word_1222">de_</word>
   <word id="word_1223">a</word>
   <word id="word_1224">actividade</word>
   <word id="word_1225">agrícola</word>
   <word id="word_1226">e</word>
   <word id="word_1227">emparcelamento</word>
   <word id="word_1228">rural</word>
   <word id="word_1229">,</word>
   <word id="word_1230">um</word>
   <word id="word_1231">novo</word>
   <word id="word_1232">programa</word>
   <word id="word_1233">já</word>
   <word id="word_1234">aprovado</word>
   <word id="word_1235">pelo</word>
   <word id="word_1236">Governo</word>
   <word id="word_1237">,</word>
   <word id="word_1238">não</word>
   <word id="word_1239">serão</word>
   <word id="word_1240">concretizado</word>
   <word id="word_1241">via</word>
   <word id="word_1242">IFADAP</word>
   <word id="word_1243">mas</word>
   <word id="word_1244">será</word>
   <word id="word_1245">desenvolvido</word>
   <word id="word_1246">exclusivamente</word>
   <word id="word_1247">com</word>
   <word id="word_1248">a</word>
   <word id="word_1249">competência</word>
   <word id="word_1250">de_</word>
   <word id="word_1251">o</word>
   <word id="word_1252">Ministério</word>
   <word id="word_1253">de_</word>
   <word id="word_1254">a</word>
   <word id="word_1255">Agricultura</word>
   <word id="word_1256">através</word>
   <word id="word_1257">de_</word>
   <word id="word_1258">os</word>
   <word id="word_1259">seus</word>
   <word id="word_1260">organismos</word>
   <word id="word_1261">.</word>
   <word id="word_1262">Aliás</word>
   <word id="word_1263">,</word>
   <word id="word_1264">um</word>
   <word id="word_1265">instituto</word>
   <word id="word_1266">com</word>
   <word id="word_1267">estas</word>
   <word id="word_1268">características</word>
   <word id="word_1269">de</word>
   <word id="word_1270">«parabancária»</word>
   <word id="word_1271">controlada</word>
   <word id="word_1272">por</word>
   <word id="word_1273">dois</word>
   <word id="word_1274">ministérios</word>
   <word id="word_1275">,</word>
   <word id="word_1276">o</word>
   <word id="word_1277">de_</word>
   <word id="word_1278">a</word>
   <word id="word_1279">Agricultura</word>
   <word id="word_1280">e</word>
   <word id="word_1281">o</word>
   <word id="word_1282">de_</word>
   <word id="word_1283">as</word>
   <word id="word_1284">Finanças</word>
   <word id="word_1285">não</word>
   <word id="word_1286">existe</word>
   <word id="word_1287">na</word>
   <word id="word_1288">comunidades</word>
   <word id="word_1289">nos</word>
   <word id="word_1290">restantes</word>
   <word id="word_1291">países</word>
   <word id="word_1292">comunitários</word>
   <word id="word_1293">,</word>
   <word id="word_1294">referem</word>
   <word id="word_1295">algumas</word>
   <word id="word_1296">fontes</word>
   <word id="word_1297">mais</word>
   <word id="word_1298">cépticas</word>
   <word id="word_1299">quanto</word>
   <word id="word_1300">a_</word>
   <word id="word_1301">a</word>
   <word id="word_1302">oportunidade</word>
   <word id="word_1303">de</word>
   <word id="word_1304">continuar</word>
   <word id="word_1305">a</word>
   <word id="word_1306">existir</word>
   <word id="word_1307">um</word>
   <word id="word_1308">organismo</word>
   <word id="word_1309">com</word>
   <word id="word_1310">estas</word>
   <word id="word_1311">características</word>
   <word id="word_1312">.</word>
   <word id="word_1313">Por</word>
   <word id="word_1314">outro</word>
   <word id="word_1315">lado</word>
   <word id="word_1316">,</word>
   <word id="word_1317">o</word>
   <word id="word_1318">IFADAP</word>
   <word id="word_1319">tem</word>
   <word id="word_1320">sido</word>
   <word id="word_1321">alvo</word>
   <word id="word_1322">de</word>
   <word id="word_1323">várias</word>
   <word id="word_1324">críticas</word>
   <word id="word_1325">.</word>
   <word id="word_1326">E</word>
   <word id="word_1327">contestado</word>
   <word id="word_1328">pelo</word>
   <word id="word_1329">sector</word>
   <word id="word_1330">na</word>
   <word id="word_1331">falta</word>
   <word id="word_1332">de</word>
   <word id="word_1333">transparência</word>
   <word id="word_1334">de_</word>
   <word id="word_1335">os</word>
   <word id="word_1336">critérios</word>
   <word id="word_1337">de</word>
   <word id="word_1338">selecção</word>
   <word id="word_1339">de_</word>
   <word id="word_1340">os</word>
   <word id="word_1341">projectos</word>
   <word id="word_1342">apresentados</word>
   <word id="word_1343">.</word>
   <word id="word_1344">Por</word>
   <word id="word_1345">outro</word>
   <word id="word_1346">lado</word>
   <word id="word_1347">é</word>
   <word id="word_1348">vista</word>
   <word id="word_1349">com</word>
   <word id="word_1350">desconfiança</word>
   <word id="word_1351">a</word>
   <word id="word_1352">actividade</word>
   <word id="word_1353">que</word>
   <word id="word_1354">exerce</word>
   <word id="word_1355">no</word>
   <word id="word_1356">mercado</word>
   <word id="word_1357">interbancário</word>
   <word id="word_1358">,</word>
   <word id="word_1359">utilizando</word>
   <word id="word_1360">os</word>
   <word id="word_1361">excedentes</word>
   <word id="word_1362">de</word>
   <word id="word_1363">tesouraria</word>
   <word id="word_1364">existentes</word>
   <word id="word_1365">pela</word>
   <word id="word_1366">dilação</word>
   <word id="word_1367">no</word>
   <word id="word_1368">tempo</word>
   <word id="word_1369">entre</word>
   <word id="word_1370">a</word>
   <word id="word_1371">recepção</word>
   <word id="word_1372">de_</word>
   <word id="word_1373">o</word>
   <word id="word_1374">subsídio</word>
   <word id="word_1375">comunitário</word>
   <word id="word_1376">e</word>
   <word id="word_1377">a</word>
   <word id="word_1378">entrega</word>
   <word id="word_1379">a_</word>
   <word id="word_1380">os</word>
   <word id="word_1381">candidatos</word>
   <word id="word_1382">.</word>
   <word id="word_1383">Uma</word>
   <word id="word_1384">outra</word>
   <word id="word_1385">razão</word>
   <word id="word_1386">que</word>
   <word id="word_1387">cria</word>
   <word id="word_1388">algum</word>
   <word id="word_1389">mal</word>
   <word id="word_1390">estar</word>
   <word id="word_1391">junto</word>
   <word id="word_1392">de_</word>
   <word id="word_1393">as</word>
   <word id="word_1394">autoridades</word>
   <word id="word_1395">é</word>
   <word id="word_1396">a</word>
   <word id="word_1397">competência</word>
   <word id="word_1398">compartilhada</word>
   <word id="word_1399">de_</word>
   <word id="word_1400">os</word>
   <word id="word_1401">Ministérios</word>
   <word id="word_1402">de_</word>
   <word id="word_1403">as</word>
   <word id="word_1404">Finanças</word>
   <word id="word_1405">e</word>
   <word id="word_1406">de_</word>
   <word id="word_1407">a</word>
   <word id="word_1408">Agricultura</word>
   <word id="word_1409">sobre</word>
   <word id="word_1410">este</word>
   <word id="word_1411">instituto</word>
   <word id="word_1412">o</word>
   <word id="word_1413">que</word>
   <word id="word_1414">impede</word>
   <word id="word_1415">o</word>
   <word id="word_1416">desenvolvimento</word>
   <word id="word_1417">pleno</word>
   <word id="word_1418">e</word>
   <word id="word_1419">centralizado</word>
   <word id="word_1420">de_</word>
   <word id="word_1421">a</word>
   <word id="word_1422">política</word>
   <word id="word_1423">agrícola</word>
   <word id="word_1424">sobre</word>
   <word id="word_1425">o</word>
   <word id="word_1426">Ministério</word>
   <word id="word_1427">de_</word>
   <word id="word_1428">a</word>
   <word id="word_1429">Agricultura</word>
   <word id="word_1430">.</word>
   <word id="word_1431">Contactado</word>
   <word id="word_1432">por</word>
   <word id="word_1433">0</word>
   <word id="word_1434">Independente</word>
   <word id="word_1435">,</word>
   <word id="word_1436">Alvaro</word>
   <word id="word_1437">Amaro</word>
   <word id="word_1438">,</word>
   <word id="word_1439">secretário</word>
   <word id="word_1440">de</word>
   <word id="word_1441">Estado</word>
   <word id="word_1442">de_</word>
   <word id="word_1443">a</word>
   <word id="word_1444">Agricultura</word>
   <word id="word_1445">confirmou</word>
   <word id="word_1446">a</word>
   <word id="word_1447">0</word>
   <word id="word_1448">Independente</word>
   <word id="word_1449">que</word>
   <word id="word_1450">"</word>
   <word id="word_1451">está</word>
   <word id="word_1452">em</word>
   <word id="word_1453">curso</word>
   <word id="word_1454">um</word>
   <word id="word_1455">projecto</word>
   <word id="word_1456">de</word>
   <word id="word_1457">reestruturação</word>
   <word id="word_1458">de_</word>
   <word id="word_1459">o</word>
   <word id="word_1460">IFADAP</word>
   <word id="word_1461">"</word>
   <word id="word_1462">.</word>
   <word id="word_1463">Um</word>
   <word id="word_1464">projecto</word>
   <word id="word_1465">que</word>
   <word id="word_1466">está</word>
   <word id="word_1467">a</word>
   <word id="word_1468">ser</word>
   <word id="word_1469">estudado</word>
   <word id="word_1470">em</word>
   <word id="word_1471">conjunto</word>
   <word id="word_1472">pelo</word>
   <word id="word_1473">Ministério</word>
   <word id="word_1474">de_</word>
   <word id="word_1475">a</word>
   <word id="word_1476">Agricultura</word>
   <word id="word_1477">e</word>
   <word id="word_1478">o</word>
   <word id="word_1479">Ministério</word>
   <word id="word_1480">de_</word>
   <word id="word_1481">as</word>
   <word id="word_1482">Finanças</word>
   <word id="word_1483">.</word>
   <word id="word_1484">"</word>
   <word id="word_1485">A</word>
   <word id="word_1486">principal</word>
   <word id="word_1487">consequência</word>
   <word id="word_1488">deste</word>
   <word id="word_1489">estudo</word>
   <word id="word_1490">será</word>
   <word id="word_1491">a</word>
   <word id="word_1492">alteração</word>
   <word id="word_1493">orgânica</word>
   <word id="word_1494">de_</word>
   <word id="word_1495">o</word>
   <word id="word_1496">IFADAP</word>
   <word id="word_1497">"</word>
   <word id="word_1498">,</word>
   <word id="word_1499">acrescentou</word>
   <word id="word_1500">este</word>
   <word id="word_1501">membro</word>
   <word id="word_1502">de_</word>
   <word id="word_1503">o</word>
   <word id="word_1504">governo</word>
   <word id="word_1505">.</word>
   <word id="word_1506">Deste</word>
   <word id="word_1507">modo</word>
   <word id="word_1508">o</word>
   <word id="word_1509">Ministério</word>
   <word id="word_1510">de_</word>
   <word id="word_1511">a</word>
   <word id="word_1512">Agricultura</word>
   <word id="word_1513">pretende</word>
   <word id="word_1514">introduzir</word>
   <word id="word_1515">maior</word>
   <word id="word_1516">flexibilidade</word>
   <word id="word_1517">na</word>
   <word id="word_1518">gestão</word>
   <word id="word_1519">deste</word>
   <word id="word_1520">organismo</word>
   <word id="word_1521">e</word>
   <word id="word_1522">simultaneamente</word>
   <word id="word_1523">acelarar</word>
   <word id="word_1524">o</word>
   <word id="word_1525">processo</word>
   <word id="word_1526">de</word>
   <word id="word_1527">atribuição</word>
   <word id="word_1528">de_</word>
   <word id="word_1529">os</word>
   <word id="word_1530">subsídios</word>
   <word id="word_1531">a_</word>
   <word id="word_1532">os</word>
   <word id="word_1533">agricultores</word>
   <word id="word_1534">.</word>
   <word id="word_1535">Um</word>
   <word id="word_1536">processo</word>
   <word id="word_1537">que</word>
   <word id="word_1538">tem</word>
   <word id="word_1539">sido</word>
   <word id="word_1540">muito</word>
   <word id="word_1541">moroso</word>
   <word id="word_1542">.</word>
   <word id="word_1543">Uma</word>
   <word id="word_1544">outra</word>
   <word id="word_1545">medida</word>
   <word id="word_1546">que</word>
   <word id="word_1547">afectará</word>
   <word id="word_1548">o</word>
   <word id="word_1549">IFADAP</word>
   <word id="word_1550">consiste</word>
   <word id="word_1551">na</word>
   <word id="word_1552">racionalização</word>
   <word id="word_1553">de_</word>
   <word id="word_1554">o</word>
   <word id="word_1555">pessoal</word>
   <word id="word_1556">afecto</word>
   <word id="word_1557">a</word>
   <word id="word_1558">este</word>
   <word id="word_1559">organismo</word>
   <word id="word_1560">.</word>
   <word id="word_1561">em_</word>
   <word id="word_1562">este</word>
   <word id="word_1563">momento</word>
   <word id="word_1564">e</word>
   <word id="word_1565">face</word>
   <word id="word_1566">a_</word>
   <word id="word_1567">o</word>
   <word id="word_1568">decréscimo</word>
   <word id="word_1569">de_</word>
   <word id="word_1570">os</word>
   <word id="word_1571">apoios</word>
   <word id="word_1572">comunitários</word>
   <word id="word_1573">a_</word>
   <word id="word_1574">o</word>
   <word id="word_1575">desenvolvimento</word>
   <word id="word_1576">agrícola</word>
   <word id="word_1577">,</word>
   <word id="word_1578">há</word>
   <word id="word_1579">já</word>
   <word id="word_1580">excedentes</word>
   <word id="word_1581">de</word>
   <word id="word_1582">pessoal</word>
   <word id="word_1583">necessário</word>
   <word id="word_1584">a_</word>
   <word id="word_1585">o</word>
   <word id="word_1586">desenvolvimento</word>
   <word id="word_1587">de_</word>
   <word id="word_1588">as</word>
   <word id="word_1589">competências</word>
   <word id="word_1590">de_</word>
   <word id="word_1591">o</word>
   <word id="word_1592">IFADAP</word>
   <word id="word_1593">.</word>
   <word id="word_1594">Contudo</word>
   <word id="word_1595">,</word>
   <word id="word_1596">e</word>
   <word id="word_1597">segundo</word>
   <word id="word_1598">as</word>
   <word id="word_1599">palavras</word>
   <word id="word_1600">de_</word>
   <word id="word_1601">o</word>
   <word id="word_1602">secretário</word>
   <word id="word_1603">de</word>
   <word id="word_1604">estado</word>
   <word id="word_1605">de_</word>
   <word id="word_1606">a</word>
   <word id="word_1607">agricultura</word>
   <word id="word_1608">,</word>
   <word id="word_1609">a</word>
   <word id="word_1610">medida</word>
   <word id="word_1611">de</word>
   <word id="word_1612">racionalização</word>
   <word id="word_1613">de_</word>
   <word id="word_1614">o</word>
   <word id="word_1615">IFADAP</word>
   <word id="word_1616">insere</word>
   <word id="word_1617">-se</word>
   <word id="word_1618">em_</word>
   <word id="word_1619">um</word>
   <word id="word_1620">contexto</word>
   <word id="word_1621">mais</word>
   <word id="word_1622">amplo</word>
   <word id="word_1623">que</word>
   <word id="word_1624">abrange</word>
   <word id="word_1625">a</word>
   <word id="word_1626">reestruturação</word>
   <word id="word_1627">de_</word>
   <word id="word_1628">o</word>
   <word id="word_1629">próprio</word>
   <word id="word_1630">Ministério</word>
   <word id="word_1631">de_</word>
   <word id="word_1632">a</word>
   <word id="word_1633">Agricultura</word>
   <word id="word_1634">.</word>
   <word id="word_1635">Um</word>
   <word id="word_1636">processo</word>
   <word id="word_1637">que</word>
   <word id="word_1638">vai</word>
   <word id="word_1639">passar</word>
   <word id="word_1640">pela</word>
   <word id="word_1641">recolocação</word>
   <word id="word_1642">de_</word>
   <word id="word_1643">o</word>
   <word id="word_1644">pessoal</word>
   <word id="word_1645">,</word>
   <word id="word_1646">transferências</word>
   <word id="word_1647">de</word>
   <word id="word_1648">funções</word>
   <word id="word_1649">além</word>
   <word id="word_1650">de_</word>
   <word id="word_1651">a</word>
   <word id="word_1652">colocação</word>
   <word id="word_1653">de</word>
   <word id="word_1654">alguns</word>
   <word id="word_1655">no</word>
   <word id="word_1656">quadro</word>
   <word id="word_1657">de</word>
   <word id="word_1658">excedentes</word>
   <word id="word_1659">.</word>
   <word id="word_1660">A</word>
   <word id="word_1661">reforma</word>
   <word id="word_1662">antecipada</word>
   <word id="word_1663">para</word>
   <word id="word_1664">a</word>
   <word id="word_1665">população</word>
   <word id="word_1666">agrícola</word>
   <word id="word_1667">a</word>
   <word id="word_1668">grande</word>
   <word id="word_1669">linha</word>
   <word id="word_1670">de</word>
   <word id="word_1671">orientação</word>
   <word id="word_1672">de_</word>
   <word id="word_1673">a</word>
   <word id="word_1674">futura</word>
   <word id="word_1675">PAC</word>
   <word id="word_1676">vai</word>
   <word id="word_1677">brevemente</word>
   <word id="word_1678">iniciar</word>
   <word id="word_1679">-se</word>
   <word id="word_1680">em</word>
   <word id="word_1681">Portugal</word>
   <word id="word_1682">.</word>
   <word id="word_1683">O</word>
   <word id="word_1684">designado</word>
   <word id="word_1685">«Programa</word>
   <word id="word_1686">Operacional»</word>
   <word id="word_1687">aprovado</word>
   <word id="word_1688">pela</word>
   <word id="word_1689">Comissão</word>
   <word id="word_1690">de_</word>
   <word id="word_1691">as</word>
   <word id="word_1692">Comunidades</word>
   <word id="word_1693">para</word>
   <word id="word_1694">Portugal</word>
   <word id="word_1695">,</word>
   <word id="word_1696">iniciará</word>
   <word id="word_1697">a</word>
   <word id="word_1698">sua</word>
   <word id="word_1699">execução</word>
   <word id="word_1700">,</word>
   <word id="word_1701">ainda</word>
   <word id="word_1702">este</word>
   <word id="word_1703">ano</word>
   <word id="word_1704">segundo</word>
   <word id="word_1705">afirmou</word>
   <word id="word_1706">a</word>
   <word id="word_1707">O</word>
   <word id="word_1708">Independente</word>
   <word id="word_1709">o</word>
   <word id="word_1710">secretário</word>
   <word id="word_1711">de</word>
   <word id="word_1712">estado</word>
   <word id="word_1713">de_</word>
   <word id="word_1714">a</word>
   <word id="word_1715">agricultura</word>
   <word id="word_1716">Alvaro</word>
   <word id="word_1717">Amaro</word>
   <word id="word_1718">.</word>
   <word id="word_1719">O</word>
   <word id="word_1720">Programa</word>
   <word id="word_1721">terá</word>
   <word id="word_1722">uma</word>
   <word id="word_1723">duração</word>
   <word id="word_1724">de</word>
   <word id="word_1725">10</word>
   <word id="word_1726">anos</word>
   <word id="word_1727">e</word>
   <word id="word_1728">inicia</word>
   <word id="word_1729">-se</word>
   <word id="word_1730">com</word>
   <word id="word_1731">uma</word>
   <word id="word_1732">fase</word>
   <word id="word_1733">experimental</word>
   <word id="word_1734">com</word>
   <word id="word_1735">a</word>
   <word id="word_1736">duração</word>
   <word id="word_1737">de</word>
   <word id="word_1738">dois</word>
   <word id="word_1739">anos</word>
   <word id="word_1740">que</word>
   <word id="word_1741">envolve</word>
   <word id="word_1742">uma</word>
   <word id="word_1743">verba</word>
   <word id="word_1744">de</word>
   <word id="word_1745">7</word>
   <word id="word_1746">,</word>
   <word id="word_1747">5</word>
   <word id="word_1748">milhões</word>
   <word id="word_1749">de</word>
   <word id="word_1750">contos</word>
   <word id="word_1751">.</word>
   <word id="word_1752">São</word>
   <word id="word_1753">fundamentalmente</word>
   <word id="word_1754">duas</word>
   <word id="word_1755">as</word>
   <word id="word_1756">medidas</word>
   <word id="word_1757">a</word>
   <word id="word_1758">tomar</word>
   <word id="word_1759">.</word>
   <word id="word_1760">As</word>
   <word id="word_1761">destinadas</word>
   <word id="word_1762">a</word>
   <word id="word_1763">motivar</word>
   <word id="word_1764">o</word>
   <word id="word_1765">emparcelamento</word>
   <word id="word_1766">de_</word>
   <word id="word_1767">os</word>
   <word id="word_1768">terrenos</word>
   <word id="word_1769">rurais</word>
   <word id="word_1770">e</word>
   <word id="word_1771">simultaneamente</word>
   <word id="word_1772">a</word>
   <word id="word_1773">cessação</word>
   <word id="word_1774">de_</word>
   <word id="word_1775">a</word>
   <word id="word_1776">actividade</word>
   <word id="word_1777">agrícola</word>
   <word id="word_1778">,</word>
   <word id="word_1779">com</word>
   <word id="word_1780">a</word>
   <word id="word_1781">atribuição</word>
   <word id="word_1782">de</word>
   <word id="word_1783">um</word>
   <word id="word_1784">prémio</word>
   <word id="word_1785">pecuniário</word>
   <word id="word_1786">.</word>
   <word id="word_1787">Visa</word>
   <word id="word_1788">-se</word>
   <word id="word_1789">com</word>
   <word id="word_1790">estas</word>
   <word id="word_1791">duas</word>
   <word id="word_1792">medidas</word>
   <word id="word_1793">,</word>
   <word id="word_1794">aliar</word>
   <word id="word_1795">uma</word>
   <word id="word_1796">política</word>
   <word id="word_1797">de</word>
   <word id="word_1798">emparcelamento</word>
   <word id="word_1799">rural</word>
   <word id="word_1800">a_</word>
   <word id="word_1801">o</word>
   <word id="word_1802">rejuvenescimento</word>
   <word id="word_1803">de_</word>
   <word id="word_1804">o</word>
   <word id="word_1805">tecido</word>
   <word id="word_1806">empresarial</word>
   <word id="word_1807">.</word>
   <word id="word_1808">em_</word>
   <word id="word_1809">esta</word>
   <word id="word_1810">primeira</word>
   <word id="word_1811">fase</word>
   <word id="word_1812">há</word>
   <word id="word_1813">cerca</word>
   <word id="word_1814">4</word>
   <word id="word_1815">milhões</word>
   <word id="word_1816">de</word>
   <word id="word_1817">contos</word>
   <word id="word_1818">para</word>
   <word id="word_1819">subsidiar</word>
   <word id="word_1820">a</word>
   <word id="word_1821">cessação</word>
   <word id="word_1822">de_</word>
   <word id="word_1823">a</word>
   <word id="word_1824">actividade</word>
   <word id="word_1825">agrícola</word>
   <word id="word_1826">.</word>
   <word id="word_1827">Um</word>
   <word id="word_1828">processo</word>
   <word id="word_1829">que</word>
   <word id="word_1830">vai</word>
   <word id="word_1831">durar</word>
   <word id="word_1832">10</word>
   <word id="word_1833">anos</word>
   <word id="word_1834">.</word>
   <word id="word_1835">O</word>
   <word id="word_1836">que</word>
   <word id="word_1837">significa</word>
   <word id="word_1838">que</word>
   <word id="word_1839">na</word>
   <word id="word_1840">vigência</word>
   <word id="word_1841">de_</word>
   <word id="word_1842">o</word>
   <word id="word_1843">programa</word>
   <word id="word_1844">todos</word>
   <word id="word_1845">os</word>
   <word id="word_1846">agricultores</word>
   <word id="word_1847">que</word>
   <word id="word_1848">tiverem</word>
   <word id="word_1849">entre</word>
   <word id="word_1850">55</word>
   <word id="word_1851">e</word>
   <word id="word_1852">65</word>
   <word id="word_1853">anos</word>
   <word id="word_1854">(</word>
   <word id="word_1855">cerca</word>
   <word id="word_1856">de</word>
   <word id="word_1857">metade</word>
   <word id="word_1858">de_</word>
   <word id="word_1859">a</word>
   <word id="word_1860">nossa</word>
   <word id="word_1861">população</word>
   <word id="word_1862">agrícola</word>
   <word id="word_1863">)</word>
   <word id="word_1864">,</word>
   <word id="word_1865">ficará</word>
   <word id="word_1866">com</word>
   <word id="word_1867">o</word>
   <word id="word_1868">estatuto</word>
   <word id="word_1869">de</word>
   <word id="word_1870">pensionista</word>
   <word id="word_1871">.</word>
   <word id="word_1872">E</word>
   <word id="word_1873">receberá</word>
   <word id="word_1874">mensalmente</word>
   <word id="word_1875">uma</word>
   <word id="word_1876">quantia</word>
   <word id="word_1877">que</word>
   <word id="word_1878">irá</word>
   <word id="word_1879">,</word>
   <word id="word_1880">conforme</word>
   <word id="word_1881">os</word>
   <word id="word_1882">casos</word>
   <word id="word_1883">de_</word>
   <word id="word_1884">os</word>
   <word id="word_1885">40</word>
   <word id="word_1886">a</word>
   <word id="word_1887">60</word>
   <word id="word_1888">contos</word>
   <word id="word_1889">mensais</word>
   <word id="word_1890">.</word>
   <word id="word_1891">Segundo</word>
   <word id="word_1892">foi</word>
   <word id="word_1893">dado</word>
   <word id="word_1894">a</word>
   <word id="word_1895">conhecer</word>
   <word id="word_1896">a</word>
   <word id="word_1897">0</word>
   <word id="word_1898">Independente</word>
   <word id="word_1899">pelo</word>
   <word id="word_1900">secretário</word>
   <word id="word_1901">de</word>
   <word id="word_1902">Estado</word>
   <word id="word_1903">de_</word>
   <word id="word_1904">a</word>
   <word id="word_1905">Agricultura</word>
   <word id="word_1906">«o</word>
   <word id="word_1907">aumento</word>
   <word id="word_1908">de_</word>
   <word id="word_1909">a</word>
   <word id="word_1910">produtividade</word>
   <word id="word_1911">de_</word>
   <word id="word_1912">as</word>
   <word id="word_1913">explorações</word>
   <word id="word_1914">agrícolas</word>
   <word id="word_1915">será</word>
   <word id="word_1916">feita</word>
   <word id="word_1917">através</word>
   <word id="word_1918">de_</word>
   <word id="word_1919">a</word>
   <word id="word_1920">alteração</word>
   <word id="word_1921">de_</word>
   <word id="word_1922">a</word>
   <word id="word_1923">estrutura</word>
   <word id="word_1924">humana</word>
   <word id="word_1925">de</word>
   <word id="word_1926">produção»</word>
   <word id="word_1927">.</word>
   <word id="word_1928">Para</word>
   <word id="word_1929">isso</word>
   <word id="word_1930">prevê</word>
   <word id="word_1931">a</word>
   <word id="word_1932">concessão</word>
   <word id="word_1933">de</word>
   <word id="word_1934">uma</word>
   <word id="word_1935">indemnização</word>
   <word id="word_1936">mensal</word>
   <word id="word_1937">,</word>
   <word id="word_1938">no</word>
   <word id="word_1939">montante</word>
   <word id="word_1940">já</word>
   <word id="word_1941">referido</word>
   <word id="word_1942">,</word>
   <word id="word_1943">desde</word>
   <word id="word_1944">que</word>
   <word id="word_1945">cessem</word>
   <word id="word_1946">definitivamente</word>
   <word id="word_1947">a</word>
   <word id="word_1948">actividade</word>
   <word id="word_1949">na</word>
   <word id="word_1950">sua</word>
   <word id="word_1951">exploração</word>
   <word id="word_1952">agrícola</word>
   <word id="word_1953">.</word>
   <word id="word_1954">Podem</word>
   <word id="word_1955">vender</word>
   <word id="word_1956">ou</word>
   <word id="word_1957">arrendá#</word>
   <word id="word_1958">-la</word>
   <word id="word_1959">mas</word>
   <word id="word_1960">sempre</word>
   <word id="word_1961">tendo</word>
   <word id="word_1962">como</word>
   <word id="word_1963">preferência</word>
   <word id="word_1964">os</word>
   <word id="word_1965">jovens</word>
   <word id="word_1966">agricultores</word>
   <word id="word_1967">.</word>
   <word id="word_1968">No</word>
   <word id="word_1969">entanto</word>
   <word id="word_1970">,</word>
   <word id="word_1971">é</word>
   <word id="word_1972">permitido</word>
   <word id="word_1973">a_</word>
   <word id="word_1974">o</word>
   <word id="word_1975">agricultor</word>
   <word id="word_1976">cessante</word>
   <word id="word_1977">reservar</word>
   <word id="word_1978">para</word>
   <word id="word_1979">si</word>
   <word id="word_1980">a</word>
   <word id="word_1981">habitação</word>
   <word id="word_1982">e</word>
   <word id="word_1983">uma</word>
   <word id="word_1984">pequena</word>
   <word id="word_1985">parcela</word>
   <word id="word_1986">de</word>
   <word id="word_1987">terra</word>
   <word id="word_1988">,</word>
   <word id="word_1989">não</word>
   <word id="word_1990">superior</word>
   <word id="word_1991">a</word>
   <word id="word_1992">mil</word>
   <word id="word_1993">metros</word>
   <word id="word_1994">quadrados</word>
   <word id="word_1995">que</word>
   <word id="word_1996">poderá</word>
   <word id="word_1997">cultivar</word>
   <word id="word_1998">e</word>
   <word id="word_1999">com</word>
   <word id="word_2000">a</word>
   <word id="word_2001">salvaguarda</word>
   <word id="word_2002">de_</word>
   <word id="word_2003">a</word>
   <word id="word_2004">sua</word>
   <word id="word_2005">habitação</word>
   <word id="word_2006">.</word>
   <word id="word_2007">Esta</word>
   <word id="word_2008">medida</word>
   <word id="word_2009">abrange</word>
   <word id="word_2010">ainda</word>
   <word id="word_2011">os</word>
   <word id="word_2012">trabalhadores</word>
   <word id="word_2013">por</word>
   <word id="word_2014">conta</word>
   <word id="word_2015">de_</word>
   <word id="word_2016">os</word>
   <word id="word_2017">referidos</word>
   <word id="word_2018">empresários</word>
   <word id="word_2019">,</word>
   <word id="word_2020">para</word>
   <word id="word_2021">os</word>
   <word id="word_2022">quais</word>
   <word id="word_2023">se</word>
   <word id="word_2024">prevê</word>
   <word id="word_2025">uma</word>
   <word id="word_2026">indemnização</word>
   <word id="word_2027">na</word>
   <word id="word_2028">ordem</word>
   <word id="word_2029">de_</word>
   <word id="word_2030">os</word>
   <word id="word_2031">30</word>
   <word id="word_2032">contos</word>
   <word id="word_2033">.</word>
   <word id="word_2034">A</word>
   <word id="word_2035">outra</word>
   <word id="word_2036">vertente</word>
   <word id="word_2037">de_</word>
   <word id="word_2038">o</word>
   <word id="word_2039">programa</word>
   <word id="word_2040">que</word>
   <word id="word_2041">só</word>
   <word id="word_2042">terá</word>
   <word id="word_2043">a</word>
   <word id="word_2044">duração</word>
   <word id="word_2045">de</word>
   <word id="word_2046">dois</word>
   <word id="word_2047">anos</word>
   <word id="word_2048">,</word>
   <word id="word_2049">destina</word>
   <word id="word_2050">-se</word>
   <word id="word_2051">a</word>
   <word id="word_2052">motivar</word>
   <word id="word_2053">os</word>
   <word id="word_2054">agricultores</word>
   <word id="word_2055">a</word>
   <word id="word_2056">iniciarem</word>
   <word id="word_2057">o</word>
   <word id="word_2058">processo</word>
   <word id="word_2059">de</word>
   <word id="word_2060">parcelamento</word>
   <word id="word_2061">de_</word>
   <word id="word_2062">os</word>
   <word id="word_2063">seus</word>
   <word id="word_2064">terrenos</word>
   <word id="word_2065">.</word>
   <word id="word_2066">O</word>
   <word id="word_2067">montante</word>
   <word id="word_2068">fixado</word>
   <word id="word_2069">para</word>
   <word id="word_2070">esta</word>
   <word id="word_2071">"</word>
   <word id="word_2072">fatia</word>
   <word id="word_2073">"</word>
   <word id="word_2074">de_</word>
   <word id="word_2075">o</word>
   <word id="word_2076">programa</word>
   <word id="word_2077">é</word>
   <word id="word_2078">de</word>
   <word id="word_2079">3</word>
   <word id="word_2080">milhões</word>
   <word id="word_2081">e</word>
   <word id="word_2082">trezentos</word>
   <word id="word_2083">mil</word>
   <word id="word_2084">contos</word>
   <word id="word_2085">.</word>
   <word id="word_2086">Serão</word>
   <word id="word_2087">comtemplados</word>
   <word id="word_2088">por</word>
   <word id="word_2089">esta</word>
   <word id="word_2090">medida</word>
   <word id="word_2091">e</word>
   <word id="word_2092">em_</word>
   <word id="word_2093">esta</word>
   <word id="word_2094">fase</word>
   <word id="word_2095">46</word>
   <word id="word_2096">perímetros</word>
   <word id="word_2097">de</word>
   <word id="word_2098">emparcelamento</word>
   <word id="word_2099">pré-fixados</word>
   <word id="word_2100">pelo</word>
   <word id="word_2101">governo</word>
   <word id="word_2102">,</word>
   <word id="word_2103">que</word>
   <word id="word_2104">se</word>
   <word id="word_2105">prevê</word>
   <word id="word_2106">abranjam</word>
   <word id="word_2107">uma</word>
   <word id="word_2108">área</word>
   <word id="word_2109">de</word>
   <word id="word_2110">cerca</word>
   <word id="word_2111">de</word>
   <word id="word_2112">42</word>
   <word id="word_2113">hectares</word>
   <word id="word_2114">e</word>
   <word id="word_2115">aproximadamente</word>
   <word id="word_2116">31</word>
   <word id="word_2117">mil</word>
   <word id="word_2118">agricultores</word>
   <word id="word_2119">.</word>
   <word id="word_2120">Com</word>
   <word id="word_2121">esta</word>
   <word id="word_2122">medida</word>
   <word id="word_2123">visa</word>
   <word id="word_2124">-se</word>
   <word id="word_2125">aumentar</word>
   <word id="word_2126">a</word>
   <word id="word_2127">valorização</word>
   <word id="word_2128">económica</word>
   <word id="word_2129">de_</word>
   <word id="word_2130">as</word>
   <word id="word_2131">explorações</word>
   <word id="word_2132">agrícolas</word>
   <word id="word_2133">,</word>
   <word id="word_2134">através</word>
   <word id="word_2135">de_</word>
   <word id="word_2136">o</word>
   <word id="word_2137">seu</word>
   <word id="word_2138">redimensionamento</word>
   <word id="word_2139">.</word>
   <word id="word_2140">A</word>
   <word id="word_2141">grande</word>
   <word id="word_2142">fragmentação</word>
   <word id="word_2143">de_</word>
   <word id="word_2144">as</word>
   <word id="word_2145">explorações</word>
   <word id="word_2146">agrícolas</word>
   <word id="word_2147">aliada</word>
   <word id="word_2148">a_</word>
   <word id="word_2149">a</word>
   <word id="word_2150">sua</word>
   <word id="word_2151">reduzida</word>
   <word id="word_2152">dimensão</word>
   <word id="word_2153">é</word>
   <word id="word_2154">apontado</word>
   <word id="word_2155">como</word>
   <word id="word_2156">uma</word>
   <word id="word_2157">de_</word>
   <word id="word_2158">as</word>
   <word id="word_2159">principais</word>
   <word id="word_2160">causas</word>
   <word id="word_2161">de_</word>
   <word id="word_2162">os</word>
   <word id="word_2163">estrangulamentos</word>
   <word id="word_2164">estruturais</word>
   <word id="word_2165">de_</word>
   <word id="word_2166">a</word>
   <word id="word_2167">agricultura</word>
   <word id="word_2168">portuguesa</word>
   <word id="word_2169">.</word>
   <word id="word_2170">Estima</word>
   <word id="word_2171">-se</word>
   <word id="word_2172">que</word>
   <word id="word_2173">o</word>
   <word id="word_2174">programa</word>
   <word id="word_2175">beneficie</word>
   <word id="word_2176">,</word>
   <word id="word_2177">em</word>
   <word id="word_2178">termos</word>
   <word id="word_2179">globais</word>
   <word id="word_2180">e</word>
   <word id="word_2181">a</word>
   <word id="word_2182">título</word>
   <word id="word_2183">experimental</word>
   <word id="word_2184">,</word>
   <word id="word_2185">cerca</word>
   <word id="word_2186">de</word>
   <word id="word_2187">1042</word>
   <word id="word_2188">agricultores</word>
   <word id="word_2189">.</word>
</words>
