<?xml version="1.0" encoding="UTF-8"?>
<!DOCTYPE words SYSTEM "words.dtd">
<words>
   <word id="word_1">É</word>
   <word id="word_2">já</word>
   <word id="word_3">considerada</word>
   <word id="word_4">uma</word>
   <word id="word_5">de_</word>
   <word id="word_6">as</word>
   <word id="word_7">maiores</word>
   <word id="word_8">secas</word>
   <word id="word_9">de_</word>
   <word id="word_10">o</word>
   <word id="word_11">século</word>
   <word id="word_12">.</word>
   <word id="word_13">E</word>
   <word id="word_14">tudo</word>
   <word id="word_15">por</word>
   <word id="word_16">causa</word>
   <word id="word_17">de</word>
   <word id="word_18">um</word>
   <word id="word_19">anticiclone</word>
   <word id="word_20">que</word>
   <word id="word_21">paira</word>
   <word id="word_22">sobre</word>
   <word id="word_23">a</word>
   <word id="word_24">Grã-Bretanha</word>
   <word id="word_25">e</word>
   <word id="word_26">impede</word>
   <word id="word_27">as</word>
   <word id="word_28">nuvens</word>
   <word id="word_29">de</word>
   <word id="word_30">passar</word>
   <word id="word_31">.</word>
   <word id="word_32">De</word>
   <word id="word_33">Norte</word>
   <word id="word_34">a</word>
   <word id="word_35">Sul</word>
   <word id="word_36">,</word>
   <word id="word_37">os</word>
   <word id="word_38">cereais</word>
   <word id="word_39">de</word>
   <word id="word_40">Inverno</word>
   <word id="word_41">estão</word>
   <word id="word_42">irremediavelmente</word>
   <word id="word_43">perdidos</word>
   <word id="word_44">e</word>
   <word id="word_45">as</word>
   <word id="word_46">culturas</word>
   <word id="word_47">de_</word>
   <word id="word_48">a</word>
   <word id="word_49">Primavera</word>
   <word id="word_50">em</word>
   <word id="word_51">risco</word>
   <word id="word_52">sério</word>
   <word id="word_53">.</word>
   <word id="word_54">Nem</word>
   <word id="word_55">o</word>
   <word id="word_56">gado</word>
   <word id="word_57">tem</word>
   <word id="word_58">já</word>
   <word id="word_59">pasto</word>
   <word id="word_60">para</word>
   <word id="word_61">comer</word>
   <word id="word_62">.</word>
   <word id="word_63">E</word>
   <word id="word_64">nada</word>
   <word id="word_65">indica</word>
   <word id="word_66">que</word>
   <word id="word_67">chova</word>
   <word id="word_68">nos</word>
   <word id="word_69">próximos</word>
   <word id="word_70">dias</word>
   <word id="word_71">.</word>
   <word id="word_72">A</word>
   <word id="word_73">chuva</word>
   <word id="word_74">não</word>
   <word id="word_75">cai</word>
   <word id="word_76">.</word>
   <word id="word_77">Nem</word>
   <word id="word_78">vai</word>
   <word id="word_79">cair</word>
   <word id="word_80">nos</word>
   <word id="word_81">próximos</word>
   <word id="word_82">dias</word>
   <word id="word_83">.</word>
   <word id="word_84">Os</word>
   <word id="word_85">pastos</word>
   <word id="word_86">estão</word>
   <word id="word_87">queimados</word>
   <word id="word_88">,</word>
   <word id="word_89">os</word>
   <word id="word_90">arrozais</word>
   <word id="word_91">cada</word>
   <word id="word_92">vez</word>
   <word id="word_93">mais</word>
   <word id="word_94">secos</word>
   <word id="word_95">,</word>
   <word id="word_96">os</word>
   <word id="word_97">cereais</word>
   <word id="word_98">morrem</word>
   <word id="word_99">de</word>
   <word id="word_100">sede</word>
   <word id="word_101">e</word>
   <word id="word_102">as</word>
   <word id="word_103">hortas</word>
   <word id="word_104">parecem</word>
   <word id="word_105">desertos</word>
   <word id="word_106">.</word>
   <word id="word_107">A</word>
   <word id="word_108">seca</word>
   <word id="word_109">esta</word>
   <word id="word_110">aí</word>
   <word id="word_111">e</word>
   <word id="word_112">nem</word>
   <word id="word_113">mesmo</word>
   <word id="word_114">as</word>
   <word id="word_115">mil</word>
   <word id="word_116">chuvas</word>
   <word id="word_117">de</word>
   <word id="word_118">Abril</word>
   <word id="word_119">vão</word>
   <word id="word_120">poder</word>
   <word id="word_121">salvar</word>
   <word id="word_122">o</word>
   <word id="word_123">ano</word>
   <word id="word_124">.</word>
   <word id="word_125">de_</word>
   <word id="word_126">o</word>
   <word id="word_127">Minho</word>
   <word id="word_128">a_</word>
   <word id="word_129">o</word>
   <word id="word_130">Algarve</word>
   <word id="word_131">,</word>
   <word id="word_132">os</word>
   <word id="word_133">agricultores</word>
   <word id="word_134">olham</word>
   <word id="word_135">para</word>
   <word id="word_136">o</word>
   <word id="word_137">céu</word>
   <word id="word_138">e</word>
   <word id="word_139">desesperam</word>
   <word id="word_140">.</word>
   <word id="word_141">É</word>
   <word id="word_142">que</word>
   <word id="word_143">,</word>
   <word id="word_144">para</word>
   <word id="word_145">trás</word>
   <word id="word_146">,</word>
   <word id="word_147">já</word>
   <word id="word_148">nada</word>
   <word id="word_149">se</word>
   <word id="word_150">salva</word>
   <word id="word_151">e</word>
   <word id="word_152">o</word>
   <word id="word_153">futuro</word>
   <word id="word_154">é</word>
   <word id="word_155">cada</word>
   <word id="word_156">vez</word>
   <word id="word_157">mais</word>
   <word id="word_158">incerto</word>
   <word id="word_159">.</word>
   <word id="word_160">A</word>
   <word id="word_161">culpa</word>
   <word id="word_162">,</word>
   <word id="word_163">dizem</word>
   <word id="word_164">,</word>
   <word id="word_165">é</word>
   <word id="word_166">de</word>
   <word id="word_167">um</word>
   <word id="word_168">anticiclone</word>
   <word id="word_169">lá</word>
   <word id="word_170">para</word>
   <word id="word_171">os</word>
   <word id="word_172">lados</word>
   <word id="word_173">de_</word>
   <word id="word_174">o</word>
   <word id="word_175">Atlântico</word>
   <word id="word_176">Oriental</word>
   <word id="word_177">.</word>
   <word id="word_178">A</word>
   <word id="word_179">seca</word>
   <word id="word_180">,</word>
   <word id="word_181">uma</word>
   <word id="word_182">de_</word>
   <word id="word_183">as</word>
   <word id="word_184">mais</word>
   <word id="word_185">graves</word>
   <word id="word_186">de_</word>
   <word id="word_187">o</word>
   <word id="word_188">século</word>
   <word id="word_189">,</word>
   <word id="word_190">está</word>
   <word id="word_191">já</word>
   <word id="word_192">a</word>
   <word id="word_193">ser</word>
   <word id="word_194">estudada</word>
   <word id="word_195">pelo</word>
   <word id="word_196">Governo</word>
   <word id="word_197">,</word>
   <word id="word_198">que</word>
   <word id="word_199">está</word>
   <word id="word_200">«preocupado</word>
   <word id="word_201">mas</word>
   <word id="word_202">não</word>
   <word id="word_203">alarmado»</word>
   <word id="word_204">.</word>
   <word id="word_205">Não</word>
   <word id="word_206">é</word>
   <word id="word_207">só</word>
   <word id="word_208">o</word>
   <word id="word_209">Alentejo</word>
   <word id="word_210">que</word>
   <word id="word_211">se</word>
   <word id="word_212">queixa</word>
   <word id="word_213">de</word>
   <word id="word_214">pouca</word>
   <word id="word_215">chuva</word>
   <word id="word_216">.</word>
   <word id="word_217">Um</word>
   <word id="word_218">pouco</word>
   <word id="word_219">por</word>
   <word id="word_220">todo</word>
   <word id="word_221">o</word>
   <word id="word_222">País</word>
   <word id="word_223">,</word>
   <word id="word_224">em</word>
   <word id="word_225">Coimbra</word>
   <word id="word_226">,</word>
   <word id="word_227">Aveiro</word>
   <word id="word_228">,</word>
   <word id="word_229">Castelo</word>
   <word id="word_230">Branco</word>
   <word id="word_231">ou</word>
   <word id="word_232">Faro</word>
   <word id="word_233">,</word>
   <word id="word_234">a</word>
   <word id="word_235">terra</word>
   <word id="word_236">está</word>
   <word id="word_237">seca</word>
   <word id="word_238">e</word>
   <word id="word_239">os</word>
   <word id="word_240">agricultores</word>
   <word id="word_241">desesperados</word>
   <word id="word_242">.</word>
   <word id="word_243">Os</word>
   <word id="word_244">cereais</word>
   <word id="word_245">e</word>
   <word id="word_246">os</word>
   <word id="word_247">produtos</word>
   <word id="word_248">hortícolas</word>
   <word id="word_249">são</word>
   <word id="word_250">as</word>
   <word id="word_251">culturas</word>
   <word id="word_252">mais</word>
   <word id="word_253">atingidas</word>
   <word id="word_254">.</word>
   <word id="word_255">E</word>
   <word id="word_256">,</word>
   <word id="word_257">em</word>
   <word id="word_258">alguns</word>
   <word id="word_259">mercados</word>
   <word id="word_260">de</word>
   <word id="word_261">Lisboa</word>
   <word id="word_262">e</word>
   <word id="word_263">Porto</word>
   <word id="word_264">,</word>
   <word id="word_265">já</word>
   <word id="word_266">é</word>
   <word id="word_267">difícil</word>
   <word id="word_268">comprar</word>
   <word id="word_269">tomates</word>
   <word id="word_270">,</word>
   <word id="word_271">alfaces</word>
   <word id="word_272">ou</word>
   <word id="word_273">couves-flôr</word>
   <word id="word_274">.</word>
   <word id="word_275">Os</word>
   <word id="word_276">prados</word>
   <word id="word_277">e</word>
   <word id="word_278">pastagens</word>
   <word id="word_279">de_</word>
   <word id="word_280">o</word>
   <word id="word_281">Alentejo</word>
   <word id="word_282">estão</word>
   <word id="word_283">secos</word>
   <word id="word_284">e</word>
   <word id="word_285">ralos</word>
   <word id="word_286">,</word>
   <word id="word_287">como</word>
   <word id="word_288">se</word>
   <word id="word_289">estivessemos</word>
   <word id="word_290">em</word>
   <word id="word_291">Agosto</word>
   <word id="word_292">.</word>
   <word id="word_293">O</word>
   <word id="word_294">gado</word>
   <word id="word_295">anda</word>
   <word id="word_296">perdido</word>
   <word id="word_297">sem</word>
   <word id="word_298">ter</word>
   <word id="word_299">uma</word>
   <word id="word_300">erva</word>
   <word id="word_301">para</word>
   <word id="word_302">trincar</word>
   <word id="word_303">e</word>
   <word id="word_304">os</word>
   <word id="word_305">agricultores</word>
   <word id="word_306">mais</word>
   <word id="word_307">não</word>
   <word id="word_308">podem</word>
   <word id="word_309">de_</word>
   <word id="word_310">o</word>
   <word id="word_311">que</word>
   <word id="word_312">os</word>
   <word id="word_313">condenar</word>
   <word id="word_314">a</word>
   <word id="word_315">uma</word>
   <word id="word_316">dieta</word>
   <word id="word_317">forçada</word>
   <word id="word_318">de</word>
   <word id="word_319">rações</word>
   <word id="word_320">,</word>
   <word id="word_321">mais</word>
   <word id="word_322">caras</word>
   <word id="word_323">e</word>
   <word id="word_324">menos</word>
   <word id="word_325">práticas</word>
   <word id="word_326">.</word>
   <word id="word_327">Por</word>
   <word id="word_328">outro</word>
   <word id="word_329">lado</word>
   <word id="word_330">,</word>
   <word id="word_331">as</word>
   <word id="word_332">barragens</word>
   <word id="word_333">e</word>
   <word id="word_334">albufeiras</word>
   <word id="word_335">estão</word>
   <word id="word_336">muito</word>
   <word id="word_337">abaixo</word>
   <word id="word_338">de_</word>
   <word id="word_339">o</word>
   <word id="word_340">nível</word>
   <word id="word_341">normal</word>
   <word id="word_342">para</word>
   <word id="word_343">esta</word>
   <word id="word_344">época</word>
   <word id="word_345">e</word>
   <word id="word_346">pode</word>
   <word id="word_347">ser</word>
   <word id="word_348">que</word>
   <word id="word_349">no</word>
   <word id="word_350">Verão</word>
   <word id="word_351">a</word>
   <word id="word_352">água</word>
   <word id="word_353">custe</word>
   <word id="word_354">a</word>
   <word id="word_355">chegar</word>
   <word id="word_356">a_</word>
   <word id="word_357">as</word>
   <word id="word_358">nossas</word>
   <word id="word_359">torneiras</word>
   <word id="word_360">.</word>
   <word id="word_361">Já</word>
   <word id="word_362">para</word>
   <word id="word_363">não</word>
   <word id="word_364">falar</word>
   <word id="word_365">na</word>
   <word id="word_366">produção</word>
   <word id="word_367">de</word>
   <word id="word_368">energia</word>
   <word id="word_369">eléctrica</word>
   <word id="word_370">,</word>
   <word id="word_371">que</word>
   <word id="word_372">em_</word>
   <word id="word_373">este</word>
   <word id="word_374">momento</word>
   <word id="word_375">está</word>
   <word id="word_376">a</word>
   <word id="word_377">80</word>
   <word id="word_378">por</word>
   <word id="word_379">cento</word>
   <word id="word_380">de_</word>
   <word id="word_381">a</word>
   <word id="word_382">sua</word>
   <word id="word_383">capacidade</word>
   <word id="word_384">.</word>
   <word id="word_385">Se</word>
   <word id="word_386">o</word>
   <word id="word_387">panorama</word>
   <word id="word_388">não</word>
   <word id="word_389">melhorar</word>
   <word id="word_390">,</word>
   <word id="word_391">pode</word>
   <word id="word_392">ser</word>
   <word id="word_393">que</word>
   <word id="word_394">lá</word>
   <word id="word_395">para</word>
   <word id="word_396">o</word>
   <word id="word_397">fim</word>
   <word id="word_398">de_</word>
   <word id="word_399">o</word>
   <word id="word_400">ano</word>
   <word id="word_401">as</word>
   <word id="word_402">emissões</word>
   <word id="word_403">de</word>
   <word id="word_404">televisão</word>
   <word id="word_405">tenham</word>
   <word id="word_406">de</word>
   <word id="word_407">acabar</word>
   <word id="word_408">a_</word>
   <word id="word_409">as</word>
   <word id="word_410">onze</word>
   <word id="word_411">de_</word>
   <word id="word_412">a</word>
   <word id="word_413">noite</word>
   <word id="word_414">e</word>
   <word id="word_415">as</word>
   <word id="word_416">iluminações</word>
   <word id="word_417">de_</word>
   <word id="word_418">as</word>
   <word id="word_419">cidades</word>
   <word id="word_420">se</word>
   <word id="word_421">apaguem</word>
   <word id="word_422">.</word>
   <word id="word_423">Como</word>
   <word id="word_424">aconteceu</word>
   <word id="word_425">há</word>
   <word id="word_426">10</word>
   <word id="word_427">anos</word>
   <word id="word_428">,</word>
   <word id="word_429">quando</word>
   <word id="word_430">Portugal</word>
   <word id="word_431">sofreu</word>
   <word id="word_432">a</word>
   <word id="word_433">última</word>
   <word id="word_434">seca</word>
   <word id="word_435">.</word>
   <word id="word_436">«A</word>
   <word id="word_437">situação</word>
   <word id="word_438">é</word>
   <word id="word_439">preocupante</word>
   <word id="word_440">,</word>
   <word id="word_441">embora</word>
   <word id="word_442">ainda</word>
   <word id="word_443">não</word>
   <word id="word_444">seja</word>
   <word id="word_445">alarmante»</word>
   <word id="word_446">,</word>
   <word id="word_447">afirmou</word>
   <word id="word_448">a</word>
   <word id="word_449">O</word>
   <word id="word_450">Independente</word>
   <word id="word_451">o</word>
   <word id="word_452">secretário</word>
   <word id="word_453">de</word>
   <word id="word_454">Estado</word>
   <word id="word_455">de_</word>
   <word id="word_456">a</word>
   <word id="word_457">Agricultura</word>
   <word id="word_458">,</word>
   <word id="word_459">Álvaro</word>
   <word id="word_460">Amaro</word>
   <word id="word_461">,</word>
   <word id="word_462">frisando</word>
   <word id="word_463">que</word>
   <word id="word_464">vai</word>
   <word id="word_465">chamar</word>
   <word id="word_466">as</word>
   <word id="word_467">confederações</word>
   <word id="word_468">de</word>
   <word id="word_469">agricultores</word>
   <word id="word_470">para</word>
   <word id="word_471">com</word>
   <word id="word_472">eles</word>
   <word id="word_473">discutir</word>
   <word id="word_474">a</word>
   <word id="word_475">situação</word>
   <word id="word_476">.</word>
   <word id="word_477">Álvaro</word>
   <word id="word_478">Amaro</word>
   <word id="word_479">disse</word>
   <word id="word_480">ainda</word>
   <word id="word_481">que</word>
   <word id="word_482">,</word>
   <word id="word_483">em_</word>
   <word id="word_484">este</word>
   <word id="word_485">momento</word>
   <word id="word_486">,</word>
   <word id="word_487">o</word>
   <word id="word_488">Ministério</word>
   <word id="word_489">de_</word>
   <word id="word_490">a</word>
   <word id="word_491">Agricultura</word>
   <word id="word_492">está</word>
   <word id="word_493">a</word>
   <word id="word_494">estudar</word>
   <word id="word_495">«vários</word>
   <word id="word_496">cenários</word>
   <word id="word_497">possíveis»</word>
   <word id="word_498">para</word>
   <word id="word_499">intervir</word>
   <word id="word_500">«quando</word>
   <word id="word_501">for</word>
   <word id="word_502">a</word>
   <word id="word_503">altura</word>
   <word id="word_504">certa»</word>
   <word id="word_505">.</word>
   <word id="word_506">Para</word>
   <word id="word_507">os</word>
   <word id="word_508">agricultores</word>
   <word id="word_509">,</word>
   <word id="word_510">esse</word>
   <word id="word_511">"</word>
   <word id="word_512">timing</word>
   <word id="word_513">"</word>
   <word id="word_514">pura</word>
   <word id="word_515">e</word>
   <word id="word_516">simplesmente</word>
   <word id="word_517">não</word>
   <word id="word_518">existe</word>
   <word id="word_519">.</word>
   <word id="word_520">A</word>
   <word id="word_521">sua</word>
   <word id="word_522">vida</word>
   <word id="word_523">é</word>
   <word id="word_524">feita</word>
   <word id="word_525">de</word>
   <word id="word_526">coisas</word>
   <word id="word_527">simples</word>
   <word id="word_528">e</word>
   <word id="word_529">depende</word>
   <word id="word_530">só</word>
   <word id="word_531">de_</word>
   <word id="word_532">a</word>
   <word id="word_533">terra</word>
   <word id="word_534">,</word>
   <word id="word_535">de_</word>
   <word id="word_536">o</word>
   <word id="word_537">sol</word>
   <word id="word_538">e</word>
   <word id="word_539">de_</word>
   <word id="word_540">a</word>
   <word id="word_541">água</word>
   <word id="word_542">.</word>
   <word id="word_543">A</word>
   <word id="word_544">"</word>
   <word id="word_545">altura</word>
   <word id="word_546">certa</word>
   <word id="word_547">"</word>
   <word id="word_548">passou</word>
   <word id="word_549">a_</word>
   <word id="word_550">a</word>
   <word id="word_551">história</word>
   <word id="word_552">quando</word>
   <word id="word_553">a</word>
   <word id="word_554">chuva</word>
   <word id="word_555">não</word>
   <word id="word_556">apareceu</word>
   <word id="word_557">.</word>
   <word id="word_558">Sabem</word>
   <word id="word_559">que</word>
   <word id="word_560">as</word>
   <word id="word_561">ajudas</word>
   <word id="word_562">que</word>
   <word id="word_563">o</word>
   <word id="word_564">Governo</word>
   <word id="word_565">pode</word>
   <word id="word_566">vir</word>
   <word id="word_567">a</word>
   <word id="word_568">dar</word>
   <word id="word_569">não</word>
   <word id="word_570">cobrem</word>
   <word id="word_571">os</word>
   <word id="word_572">prejuízos</word>
   <word id="word_573">de</word>
   <word id="word_574">um</word>
   <word id="word_575">mau</word>
   <word id="word_576">ano</word>
   <word id="word_577">e</word>
   <word id="word_578">que</word>
   <word id="word_579">muitos</word>
   <word id="word_580">ainda</word>
   <word id="word_581">estão</word>
   <word id="word_582">a</word>
   <word id="word_583">pagar</word>
   <word id="word_584">os</word>
   <word id="word_585">créditos</word>
   <word id="word_586">bonificados</word>
   <word id="word_587">a</word>
   <word id="word_588">que</word>
   <word id="word_589">puderam</word>
   <word id="word_590">ter</word>
   <word id="word_591">acesso</word>
   <word id="word_592">há</word>
   <word id="word_593">10</word>
   <word id="word_594">anos</word>
   <word id="word_595">,</word>
   <word id="word_596">data</word>
   <word id="word_597">de_</word>
   <word id="word_598">a</word>
   <word id="word_599">última</word>
   <word id="word_600">seca</word>
   <word id="word_601">.</word>
   <word id="word_602">Embora</word>
   <word id="word_603">a</word>
   <word id="word_604">seca</word>
   <word id="word_605">se</word>
   <word id="word_606">estenda</word>
   <word id="word_607">a_</word>
   <word id="word_608">o</word>
   <word id="word_609">resto</word>
   <word id="word_610">de_</word>
   <word id="word_611">o</word>
   <word id="word_612">País</word>
   <word id="word_613">,</word>
   <word id="word_614">a</word>
   <word id="word_615">situação</word>
   <word id="word_616">mais</word>
   <word id="word_617">grave</word>
   <word id="word_618">e</word>
   <word id="word_619">complicada</word>
   <word id="word_620">vive</word>
   <word id="word_621">-se</word>
   <word id="word_622">no</word>
   <word id="word_623">Alentejo</word>
   <word id="word_624">.</word>
   <word id="word_625">Trata</word>
   <word id="word_626">-se</word>
   <word id="word_627">de</word>
   <word id="word_628">uma</word>
   <word id="word_629">região</word>
   <word id="word_630">onde</word>
   <word id="word_631">os</word>
   <word id="word_632">programas</word>
   <word id="word_633">comunitários</word>
   <word id="word_634">para</word>
   <word id="word_635">restruturação</word>
   <word id="word_636">de_</word>
   <word id="word_637">a</word>
   <word id="word_638">agricultura</word>
   <word id="word_639">nunca</word>
   <word id="word_640">foram</word>
   <word id="word_641">seguidos</word>
   <word id="word_642">por</word>
   <word id="word_643">falta</word>
   <word id="word_644">de</word>
   <word id="word_645">viabilidade</word>
   <word id="word_646">económica</word>
   <word id="word_647">.</word>
   <word id="word_648">E</word>
   <word id="word_649">onde</word>
   <word id="word_650">nem</word>
   <word id="word_651">sequer</word>
   <word id="word_652">existem</word>
   <word id="word_653">meios</word>
   <word id="word_654">tão</word>
   <word id="word_655">simples</word>
   <word id="word_656">-</word>
   <word id="word_657">e</word>
   <word id="word_658">europeus</word>
   <word id="word_659">-</word>
   <word id="word_660">como</word>
   <word id="word_661">a</word>
   <word id="word_662">electrificação</word>
   <word id="word_663">,</word>
   <word id="word_664">que</word>
   <word id="word_665">permitam</word>
   <word id="word_666">a_</word>
   <word id="word_667">os</word>
   <word id="word_668">agricultores</word>
   <word id="word_669">fazerem</word>
   <word id="word_670">regas</word>
   <word id="word_671">automáticas</word>
   <word id="word_672">a</word>
   <word id="word_673">partir</word>
   <word id="word_674">de</word>
   <word id="word_675">rios</word>
   <word id="word_676">,</word>
   <word id="word_677">ribeiros</word>
   <word id="word_678">,</word>
   <word id="word_679">poços</word>
   <word id="word_680">ou</word>
   <word id="word_681">furos</word>
   <word id="word_682">hertzianos</word>
   <word id="word_683">.</word>
   <word id="word_684">a_</word>
   <word id="word_685">o</word>
   <word id="word_686">contrário</word>
   <word id="word_687">de_</word>
   <word id="word_688">o</word>
   <word id="word_689">que</word>
   <word id="word_690">se</word>
   <word id="word_691">passa</word>
   <word id="word_692">em</word>
   <word id="word_693">Espanha</word>
   <word id="word_694">,</word>
   <word id="word_695">onde</word>
   <word id="word_696">o</word>
   <word id="word_697">Governo</word>
   <word id="word_698">decidiu</word>
   <word id="word_699">há</word>
   <word id="word_700">uns</word>
   <word id="word_701">anos</word>
   <word id="word_702">electrificar</word>
   <word id="word_703">toda</word>
   <word id="word_704">a</word>
   <word id="word_705">Andaluzia</word>
   <word id="word_706">e</word>
   <word id="word_707">onde</word>
   <word id="word_708">hoje</word>
   <word id="word_709">a</word>
   <word id="word_710">seca</word>
   <word id="word_711">-</word>
   <word id="word_712">que</word>
   <word id="word_713">atinge</word>
   <word id="word_714">toda</word>
   <word id="word_715">a</word>
   <word id="word_716">Peninsula</word>
   <word id="word_717">Ibérica</word>
   <word id="word_718">-</word>
   <word id="word_719">é</word>
   <word id="word_720">enfrentada</word>
   <word id="word_721">com</word>
   <word id="word_722">outro</word>
   <word id="word_723">ânimo</word>
   <word id="word_724">.</word>
   <word id="word_725">O</word>
   <word id="word_726">ano</word>
   <word id="word_727">de</word>
   <word id="word_728">1991</word>
   <word id="word_729">já</word>
   <word id="word_730">entrou</word>
   <word id="word_731">para</word>
   <word id="word_732">a</word>
   <word id="word_733">História</word>
   <word id="word_734">como</word>
   <word id="word_735">um</word>
   <word id="word_736">de_</word>
   <word id="word_737">os</word>
   <word id="word_738">mais</word>
   <word id="word_739">secos</word>
   <word id="word_740">de_</word>
   <word id="word_741">o</word>
   <word id="word_742">século</word>
   <word id="word_743">.</word>
   <word id="word_744">A</word>
   <word id="word_745">pior</word>
   <word id="word_746">de</word>
   <word id="word_747">todas</word>
   <word id="word_748">as</word>
   <word id="word_749">secas</word>
   <word id="word_750">aconteceu</word>
   <word id="word_751">nos</word>
   <word id="word_752">anos</word>
   <word id="word_753">de</word>
   <word id="word_754">1944</word>
   <word id="word_755">-</word>
   <word id="word_756">45</word>
   <word id="word_757">.</word>
   <word id="word_758">Nos</word>
   <word id="word_759">anos</word>
   <word id="word_760">74</word>
   <word id="word_761">-</word>
   <word id="word_762">75</word>
   <word id="word_763">e</word>
   <word id="word_764">80</word>
   <word id="word_765">-</word>
   <word id="word_766">81</word>
   <word id="word_767">a</word>
   <word id="word_768">chuva</word>
   <word id="word_769">também</word>
   <word id="word_770">teimou</word>
   <word id="word_771">em</word>
   <word id="word_772">não</word>
   <word id="word_773">cair</word>
   <word id="word_774">mas</word>
   <word id="word_775">,</word>
   <word id="word_776">de</word>
   <word id="word_777">acordo</word>
   <word id="word_778">com</word>
   <word id="word_779">fontes</word>
   <word id="word_780">bem</word>
   <word id="word_781">informadas</word>
   <word id="word_782">,</word>
   <word id="word_783">se</word>
   <word id="word_784">as</word>
   <word id="word_785">actuais</word>
   <word id="word_786">condições</word>
   <word id="word_787">climatéricas</word>
   <word id="word_788">insistirem</word>
   <word id="word_789">em</word>
   <word id="word_790">continuar</word>
   <word id="word_791">,</word>
   <word id="word_792">a</word>
   <word id="word_793">seca</word>
   <word id="word_794">deste</word>
   <word id="word_795">ano</word>
   <word id="word_796">vai</word>
   <word id="word_797">ser</word>
   <word id="word_798">a</word>
   <word id="word_799">segunda</word>
   <word id="word_800">maior</word>
   <word id="word_801">de_</word>
   <word id="word_802">o</word>
   <word id="word_803">século</word>
   <word id="word_804">.</word>
   <word id="word_805">Para</word>
   <word id="word_806">já</word>
   <word id="word_807">,</word>
   <word id="word_808">sabe</word>
   <word id="word_809">-se</word>
   <word id="word_810">que</word>
   <word id="word_811">as</word>
   <word id="word_812">primeiras</word>
   <word id="word_813">vítimas</word>
   <word id="word_814">de_</word>
   <word id="word_815">esta</word>
   <word id="word_816">seca</word>
   <word id="word_817">são</word>
   <word id="word_818">os</word>
   <word id="word_819">cereiais</word>
   <word id="word_820">de</word>
   <word id="word_821">Inverno</word>
   <word id="word_822">,</word>
   <word id="word_823">ou</word>
   <word id="word_824">seja</word>
   <word id="word_825">,</word>
   <word id="word_826">o</word>
   <word id="word_827">trigo</word>
   <word id="word_828">,</word>
   <word id="word_829">centeia</word>
   <word id="word_830">,</word>
   <word id="word_831">aveia</word>
   <word id="word_832">e</word>
   <word id="word_833">cevada</word>
   <word id="word_834">,</word>
   <word id="word_835">embora</word>
   <word id="word_836">esta</word>
   <word id="word_837">última</word>
   <word id="word_838">resista</word>
   <word id="word_839">melhor</word>
   <word id="word_840">tanto</word>
   <word id="word_841">a_</word>
   <word id="word_842">a</word>
   <word id="word_843">falta</word>
   <word id="word_844">de</word>
   <word id="word_845">água</word>
   <word id="word_846">como</word>
   <word id="word_847">a_</word>
   <word id="word_848">o</word>
   <word id="word_849">excesso</word>
   <word id="word_850">de</word>
   <word id="word_851">chuva</word>
   <word id="word_852">.</word>
   <word id="word_853">A</word>
   <word id="word_854">produção</word>
   <word id="word_855">de</word>
   <word id="word_856">grão</word>
   <word id="word_857">de</word>
   <word id="word_858">bico</word>
   <word id="word_859">e</word>
   <word id="word_860">o</word>
   <word id="word_861">girassol</word>
   <word id="word_862">também</word>
   <word id="word_863">vai</word>
   <word id="word_864">sofrer</word>
   <word id="word_865">com</word>
   <word id="word_866">a</word>
   <word id="word_867">falta</word>
   <word id="word_868">de</word>
   <word id="word_869">chuva</word>
   <word id="word_870">,</word>
   <word id="word_871">e</word>
   <word id="word_872">o</word>
   <word id="word_873">milho</word>
   <word id="word_874">,</word>
   <word id="word_875">feijão</word>
   <word id="word_876">e</word>
   <word id="word_877">batata</word>
   <word id="word_878">também</word>
   <word id="word_879">deverão</word>
   <word id="word_880">ter</word>
   <word id="word_881">uma</word>
   <word id="word_882">quebra</word>
   <word id="word_883">.</word>
   <word id="word_884">Para</word>
   <word id="word_885">não</word>
   <word id="word_886">falar</word>
   <word id="word_887">de_</word>
   <word id="word_888">o</word>
   <word id="word_889">arroz</word>
   <word id="word_890">e</word>
   <word id="word_891">tomate</word>
   <word id="word_892">,</word>
   <word id="word_893">de_</word>
   <word id="word_894">as</word>
   <word id="word_895">oliveiras</word>
   <word id="word_896">e</word>
   <word id="word_897">de</word>
   <word id="word_898">frutas</word>
   <word id="word_899">como</word>
   <word id="word_900">a</word>
   <word id="word_901">maçã</word>
   <word id="word_902">,</word>
   <word id="word_903">pera</word>
   <word id="word_904">,</word>
   <word id="word_905">pêssegos</word>
   <word id="word_906">e</word>
   <word id="word_907">citrinos</word>
   <word id="word_908">.</word>
   <word id="word_909">Por</word>
   <word id="word_910">outro</word>
   <word id="word_911">lado</word>
   <word id="word_912">,</word>
   <word id="word_913">quando</word>
   <word id="word_914">começar</word>
   <word id="word_915">a</word>
   <word id="word_916">chover</word>
   <word id="word_917">mesmo</word>
   <word id="word_918">que</word>
   <word id="word_919">seja</word>
   <word id="word_920">em</word>
   <word id="word_921">abundância</word>
   <word id="word_922">a</word>
   <word id="word_923">única</word>
   <word id="word_924">vantagem</word>
   <word id="word_925">que</word>
   <word id="word_926">vamos</word>
   <word id="word_927">ter</word>
   <word id="word_928">é</word>
   <word id="word_929">a</word>
   <word id="word_930">subida</word>
   <word id="word_931">de_</word>
   <word id="word_932">os</word>
   <word id="word_933">níveis</word>
   <word id="word_934">de</word>
   <word id="word_935">águas</word>
   <word id="word_936">nos</word>
   <word id="word_937">rios</word>
   <word id="word_938">e</word>
   <word id="word_939">barragens</word>
   <word id="word_940">.</word>
   <word id="word_941">As</word>
   <word id="word_942">culturas</word>
   <word id="word_943">,</word>
   <word id="word_944">essas</word>
   <word id="word_945">já</word>
   <word id="word_946">estão</word>
   <word id="word_947">praticamente</word>
   <word id="word_948">perdidas</word>
   <word id="word_949">.</word>
   <word id="word_950">A</word>
   <word id="word_951">culpa</word>
   <word id="word_952">de_</word>
   <word id="word_953">isto</word>
   <word id="word_954">tudo</word>
   <word id="word_955">parece</word>
   <word id="word_956">ser</word>
   <word id="word_957">de</word>
   <word id="word_958">um</word>
   <word id="word_959">anticiclone</word>
   <word id="word_960">que</word>
   <word id="word_961">se</word>
   <word id="word_962">instalou</word>
   <word id="word_963">sobre</word>
   <word id="word_964">a</word>
   <word id="word_965">Grã-Bretanha</word>
   <word id="word_966">e</word>
   <word id="word_967">a</word>
   <word id="word_968">Europa</word>
   <word id="word_969">Central</word>
   <word id="word_970">e</word>
   <word id="word_971">que</word>
   <word id="word_972">,</word>
   <word id="word_973">devido</word>
   <word id="word_974">a</word>
   <word id="word_975">algumas</word>
   <word id="word_976">oscilações</word>
   <word id="word_977">,</word>
   <word id="word_978">bloqueia</word>
   <word id="word_979">a</word>
   <word id="word_980">passagem</word>
   <word id="word_981">de_</word>
   <word id="word_982">os</word>
   <word id="word_983">sistemas</word>
   <word id="word_984">frontais</word>
   <word id="word_985">.</word>
   <word id="word_986">Enquanto</word>
   <word id="word_987">o</word>
   <word id="word_988">anticiclone</word>
   <word id="word_989">não</word>
   <word id="word_990">se</word>
   <word id="word_991">for</word>
   <word id="word_992">embora</word>
   <word id="word_993">,</word>
   <word id="word_994">a</word>
   <word id="word_995">chuva</word>
   <word id="word_996">não</word>
   <word id="word_997">volta</word>
   <word id="word_998">.</word>
   <word id="word_999">Até</word>
   <word id="word_1000">lá</word>
   <word id="word_1001">só</word>
   <word id="word_1002">nos</word>
   <word id="word_1003">resta</word>
   <word id="word_1004">aprender</word>
   <word id="word_1005">com</word>
   <word id="word_1006">os</word>
   <word id="word_1007">índios</word>
   <word id="word_1008">a</word>
   <word id="word_1009">magia</word>
   <word id="word_1010">de_</word>
   <word id="word_1011">a</word>
   <word id="word_1012">dança</word>
   <word id="word_1013">de_</word>
   <word id="word_1014">a</word>
   <word id="word_1015">chuva</word>
   <word id="word_1016">ou</word>
   <word id="word_1017">então</word>
   <word id="word_1018">fazer</word>
   <word id="word_1019">como</word>
   <word id="word_1020">os</word>
   <word id="word_1021">antigos</word>
   <word id="word_1022">gregos</word>
   <word id="word_1023">e</word>
   <word id="word_1024">convencer</word>
   <word id="word_1025">uma</word>
   <word id="word_1026">bruxa</word>
   <word id="word_1027">a</word>
   <word id="word_1028">urinar</word>
   <word id="word_1029">para</word>
   <word id="word_1030">um</word>
   <word id="word_1031">cântaro</word>
   <word id="word_1032">e</word>
   <word id="word_1033">mexer</word>
   <word id="word_1034">o</word>
   <word id="word_1035">liquido</word>
   <word id="word_1036">com</word>
   <word id="word_1037">uma</word>
   <word id="word_1038">vara</word>
   <word id="word_1039">de</word>
   <word id="word_1040">carvalho</word>
   <word id="word_1041">.</word>
   <word id="word_1042">Se</word>
   <word id="word_1043">isto</word>
   <word id="word_1044">não</word>
   <word id="word_1045">resultar</word>
   <word id="word_1046">,</word>
   <word id="word_1047">há</word>
   <word id="word_1048">sempre</word>
   <word id="word_1049">a</word>
   <word id="word_1050">velha</word>
   <word id="word_1051">receita</word>
   <word id="word_1052">confessada</word>
   <word id="word_1053">a_</word>
   <word id="word_1054">a</word>
   <word id="word_1055">Inquisição</word>
   <word id="word_1056">por</word>
   <word id="word_1057">uma</word>
   <word id="word_1058">feiticeira</word>
   <word id="word_1059">de_</word>
   <word id="word_1060">o</word>
   <word id="word_1061">século</word>
   <word id="word_1062">XVII</word>
   <word id="word_1063">e</word>
   <word id="word_1064">que</word>
   <word id="word_1065">não</word>
   <word id="word_1066">é</word>
   <word id="word_1067">mais</word>
   <word id="word_1068">de_</word>
   <word id="word_1069">o</word>
   <word id="word_1070">que</word>
   <word id="word_1071">pegar</word>
   <word id="word_1072">no</word>
   <word id="word_1073">gato</word>
   <word id="word_1074">negro</word>
   <word id="word_1075">e</word>
   <word id="word_1076">,</word>
   <word id="word_1077">depois</word>
   <word id="word_1078">de</word>
   <word id="word_1079">o</word>
   <word id="word_1080">baptizar</word>
   <word id="word_1081">,</word>
   <word id="word_1082">atar</word>
   <word id="word_1083">-lhe</word>
   <word id="word_1084">bocados</word>
   <word id="word_1085">de_</word>
   <word id="word_1086">a</word>
   <word id="word_1087">parte</word>
   <word id="word_1088">principal</word>
   <word id="word_1089">de</word>
   <word id="word_1090">um</word>
   <word id="word_1091">homem</word>
   <word id="word_1092">morto</word>
   <word id="word_1093">(</word>
   <word id="word_1094">!</word>
   <word id="word_1095">)</word>
   <word id="word_1096">e</word>
   <word id="word_1097">lançar</word>
   <word id="word_1098">o</word>
   <word id="word_1099">gato</word>
   <word id="word_1100">a_</word>
   <word id="word_1101">o</word>
   <word id="word_1102">mar.</word>
   <word id="word_1103">A</word>
   <word id="word_1104">feiticeira</word>
   <word id="word_1105">garantiu</word>
   <word id="word_1106">que</word>
   <word id="word_1107">era</word>
   <word id="word_1108">chuva</word>
   <word id="word_1109">pela</word>
   <word id="word_1110">certa</word>
   <word id="word_1111">e</word>
   <word id="word_1112">água</word>
   <word id="word_1113">até</word>
   <word id="word_1114">fartar</word>
   <word id="word_1115">.</word>
   <word id="word_1116">Por</word>
   <word id="word_1117">ironia</word>
   <word id="word_1118">de_</word>
   <word id="word_1119">o</word>
   <word id="word_1120">destino</word>
   <word id="word_1121">,</word>
   <word id="word_1122">não</word>
   <word id="word_1123">caiu</word>
   <word id="word_1124">nem</word>
   <word id="word_1125">uma</word>
   <word id="word_1126">gota</word>
   <word id="word_1127">enquanto</word>
   <word id="word_1128">ela</word>
   <word id="word_1129">,</word>
   <word id="word_1130">a</word>
   <word id="word_1131">feiticeira</word>
   <word id="word_1132">,</word>
   <word id="word_1133">ardia</word>
   <word id="word_1134">na</word>
   <word id="word_1135">fogueira</word>
   <word id="word_1136">.</word>
   <word id="word_1137">Pelo</word>
   <word id="word_1138">sim</word>
   <word id="word_1139">,</word>
   <word id="word_1140">pelo</word>
   <word id="word_1141">não</word>
   <word id="word_1142">,</word>
   <word id="word_1143">mais</word>
   <word id="word_1144">vale</word>
   <word id="word_1145">esperar</word>
   <word id="word_1146">porque</word>
   <word id="word_1147">não</word>
   <word id="word_1148">há</word>
   <word id="word_1149">seca</word>
   <word id="word_1150">que</word>
   <word id="word_1151">sempre</word>
   <word id="word_1152">dure</word>
   <word id="word_1153">.</word>
</words>
