<?xml version="1.0" encoding="UTF-8"?>
<!DOCTYPE words SYSTEM "words.dtd">
<words>
   <word id="word_1">de_</word>
   <word id="word_2">a</word>
   <word id="word_3">PRÉ-HISTÓRIA</word>
   <word id="word_4">a_</word>
   <word id="word_5">os</word>
   <word id="word_6">TEMPOS</word>
   <word id="word_7">DE</word>
   <word id="word_8">ALEXANDRE</word>
   <word id="word_9">O</word>
   <word id="word_10">GRANDE</word>
   <word id="word_11">Quando</word>
   <word id="word_12">as</word>
   <word id="word_13">primeiras</word>
   <word id="word_14">tribos</word>
   <word id="word_15">helénicas</word>
   <word id="word_16">pisaram</word>
   <word id="word_17">o</word>
   <word id="word_18">solo</word>
   <word id="word_19">de_</word>
   <word id="word_20">a</word>
   <word id="word_21">Grécia</word>
   <word id="word_22">,</word>
   <word id="word_23">instalaram</word>
   <word id="word_24">-se</word>
   <word id="word_25">primeiro</word>
   <word id="word_26">em_</word>
   <word id="word_27">o</word>
   <word id="word_28">Norte</word>
   <word id="word_29">,</word>
   <word id="word_30">em_</word>
   <word id="word_31">a</word>
   <word id="word_32">área</word>
   <word id="word_33">geográfica</word>
   <word id="word_34">que</word>
   <word id="word_35">mais</word>
   <word id="word_36">tarde</word>
   <word id="word_37">seria</word>
   <word id="word_38">conhecida</word>
   <word id="word_39">como</word>
   <word id="word_40">Macedónia</word>
   <word id="word_41">.</word>
   <word id="word_42">Muito</word>
   <word id="word_43">possivelmente</word>
   <word id="word_44">por</word>
   <word id="word_45">longo</word>
   <word id="word_46">período</word>
   <word id="word_47">de</word>
   <word id="word_48">tempo</word>
   <word id="word_49">antes</word>
   <word id="word_50">de</word>
   <word id="word_51">rumarem</word>
   <word id="word_52">para</word>
   <word id="word_53">sul</word>
   <word id="word_54">de_</word>
   <word id="word_55">a</word>
   <word id="word_56">península</word>
   <word id="word_57">helénica</word>
   <word id="word_58">.</word>
   <word id="word_59">E</word>
   <word id="word_60">mesmo</word>
   <word id="word_61">assim</word>
   <word id="word_62">,</word>
   <word id="word_63">algumas</word>
   <word id="word_64">de_</word>
   <word id="word_65">essas</word>
   <word id="word_66">tribos</word>
   <word id="word_67">,</word>
   <word id="word_68">conhecidas</word>
   <word id="word_69">por_</word>
   <word id="word_70">o</word>
   <word id="word_71">nome</word>
   <word id="word_72">de</word>
   <word id="word_73">"</word>
   <word id="word_74">macedónon</word>
   <word id="word_75">éthnos</word>
   <word id="word_76">"</word>
   <word id="word_77">,</word>
   <word id="word_78">jamais</word>
   <word id="word_79">desocuparam</word>
   <word id="word_80">esta</word>
   <word id="word_81">terra</word>
   <word id="word_82">,</word>
   <word id="word_83">dando</word>
   <word id="word_84">origem</word>
   <word id="word_85">mais</word>
   <word id="word_86">tarde</word>
   <word id="word_87">a_</word>
   <word id="word_88">o</word>
   <word id="word_89">reino</word>
   <word id="word_90">de_</word>
   <word id="word_91">a</word>
   <word id="word_92">Macedónia</word>
   <word id="word_93">que</word>
   <word id="word_94">atingiu</word>
   <word id="word_95">o</word>
   <word id="word_96">seu</word>
   <word id="word_97">apogéu</word>
   <word id="word_98">em_</word>
   <word id="word_99">o</word>
   <word id="word_100">reinado</word>
   <word id="word_101">de</word>
   <word id="word_102">Alexandre</word>
   <word id="word_103">o</word>
   <word id="word_104">Magno</word>
   <word id="word_105">.</word>
   <word id="word_106">Poderá</word>
   <word id="word_107">,</word>
   <word id="word_108">talvez</word>
   <word id="word_109">,</word>
   <word id="word_110">ser</word>
   <word id="word_111">esta</word>
   <word id="word_112">a</word>
   <word id="word_113">razão</word>
   <word id="word_114">de_</word>
   <word id="word_115">a</word>
   <word id="word_116">escolha</word>
   <word id="word_117">por_</word>
   <word id="word_118">os</word>
   <word id="word_119">Helenos</word>
   <word id="word_120">de_</word>
   <word id="word_121">o</word>
   <word id="word_122">monte</word>
   <word id="word_123">macedónico</word>
   <word id="word_124">de</word>
   <word id="word_125">Olympo</word>
   <word id="word_126">para</word>
   <word id="word_127">residência</word>
   <word id="word_128">de_</word>
   <word id="word_129">os</word>
   <word id="word_130">deuses</word>
   <word id="word_131">.</word>
   <word id="word_132">Devido</word>
   <word id="word_133">a</word>
   <word id="word_134">descobertas</word>
   <word id="word_135">em_</word>
   <word id="word_136">as</word>
   <word id="word_137">grutas</word>
   <word id="word_138">de</word>
   <word id="word_139">Petrálona</word>
   <word id="word_140">(</word>
   <word id="word_141">Eiras-de-Pedra</word>
   <word id="word_142">)</word>
   <word id="word_143">perto</word>
   <word id="word_144">de_</word>
   <word id="word_145">a</word>
   <word id="word_146">península</word>
   <word id="word_147">de</word>
   <word id="word_148">Chalkidikí</word>
   <word id="word_149">,</word>
   <word id="word_150">sabemos</word>
   <word id="word_151">que</word>
   <word id="word_152">Macedónia</word>
   <word id="word_153">foi</word>
   <word id="word_154">um</word>
   <word id="word_155">de_</word>
   <word id="word_156">os</word>
   <word id="word_157">espaços</word>
   <word id="word_158">de_</word>
   <word id="word_159">o</word>
   <word id="word_160">Homem</word>
   <word id="word_161">de</word>
   <word id="word_162">Neádertal</word>
   <word id="word_163">(</word>
   <word id="word_164">75</word>
   <word id="word_165">-</word>
   <word id="word_166">50</word>
   <word id="word_167">mil</word>
   <word id="word_168">anos</word>
   <word id="word_169">de_</word>
   <word id="word_170">a</word>
   <word id="word_171">nossa</word>
   <word id="word_172">era</word>
   <word id="word_173">)</word>
   <word id="word_174">.</word>
   <word id="word_175">Também</word>
   <word id="word_176">durante</word>
   <word id="word_177">a</word>
   <word id="word_178">"</word>
   <word id="word_179">grande</word>
   <word id="word_180">revolução</word>
   <word id="word_181">"</word>
   <word id="word_182">,</word>
   <word id="word_183">segunda</word>
   <word id="word_184">fase</word>
   <word id="word_185">de_</word>
   <word id="word_186">a</word>
   <word id="word_187">pre-história</word>
   <word id="word_188">,</word>
   <word id="word_189">ou</word>
   <word id="word_190">seja</word>
   <word id="word_191">de_</word>
   <word id="word_192">a</word>
   <word id="word_193">expansão</word>
   <word id="word_194">de_</word>
   <word id="word_195">as</word>
   <word id="word_196">civilizações</word>
   <word id="word_197">Neolíticas</word>
   <word id="word_198">,</word>
   <word id="word_199">Macedónia</word>
   <word id="word_200">ocupa</word>
   <word id="word_201">um</word>
   <word id="word_202">lugar</word>
   <word id="word_203">de</word>
   <word id="word_204">relevo</word>
   <word id="word_205">devido</word>
   <word id="word_206">a_</word>
   <word id="word_207">os</word>
   <word id="word_208">achados</word>
   <word id="word_209">de</word>
   <word id="word_210">Néa</word>
   <word id="word_211">Nikomídia</word>
   <word id="word_212">(</word>
   <word id="word_213">6000</word>
   <word id="word_214">A.C</word>
   <word id="word_215">.</word>
   <word id="word_216">)</word>
   <word id="word_217">,</word>
   <word id="word_218">perto</word>
   <word id="word_219">de_</word>
   <word id="word_220">a</word>
   <word id="word_221">cidade</word>
   <word id="word_222">de</word>
   <word id="word_223">Veroia</word>
   <word id="word_224">(</word>
   <word id="word_225">Vérya</word>
   <word id="word_226">)</word>
   <word id="word_227">,</word>
   <word id="word_228">que</word>
   <word id="word_229">é</word>
   <word id="word_230">a</word>
   <word id="word_231">mais</word>
   <word id="word_232">antiga</word>
   <word id="word_233">estação</word>
   <word id="word_234">Neolítica</word>
   <word id="word_235">em_</word>
   <word id="word_236">a</word>
   <word id="word_237">Grécia</word>
   <word id="word_238">.</word>
   <word id="word_239">de_</word>
   <word id="word_240">aí</word>
   <word id="word_241">para</word>
   <word id="word_242">diante</word>
   <word id="word_243">várias</word>
   <word id="word_244">estações</word>
   <word id="word_245">descobertas</word>
   <word id="word_246">em_</word>
   <word id="word_247">os</word>
   <word id="word_248">permitem</word>
   <word id="word_249">traçar</word>
   <word id="word_250">a</word>
   <word id="word_251">evolução</word>
   <word id="word_252">de_</word>
   <word id="word_253">a</word>
   <word id="word_254">civilzação</word>
   <word id="word_255">Neolítica</word>
   <word id="word_256">de_</word>
   <word id="word_257">a</word>
   <word id="word_258">Macedónia</word>
   <word id="word_259">sem</word>
   <word id="word_260">interrupção</word>
   <word id="word_261">.</word>
   <word id="word_262">Como</word>
   <word id="word_263">muitas</word>
   <word id="word_264">outras</word>
   <word id="word_265">regiões</word>
   <word id="word_266">de_</word>
   <word id="word_267">a</word>
   <word id="word_268">Grécia</word>
   <word id="word_269">,</word>
   <word id="word_270">Macedónia</word>
   <word id="word_271">,</word>
   <word id="word_272">viveu</word>
   <word id="word_273">durante</word>
   <word id="word_274">longos</word>
   <word id="word_275">séculos</word>
   <word id="word_276">uma</word>
   <word id="word_277">vida</word>
   <word id="word_278">de</word>
   <word id="word_279">poucos</word>
   <word id="word_280">contactos</word>
   <word id="word_281">com</word>
   <word id="word_282">os</word>
   <word id="word_283">grandes</word>
   <word id="word_284">centros</word>
   <word id="word_285">de_</word>
   <word id="word_286">o</word>
   <word id="word_287">Helenismo</word>
   <word id="word_288">,</word>
   <word id="word_289">sem</word>
   <word id="word_290">isto</word>
   <word id="word_291">significar</word>
   <word id="word_292">a</word>
   <word id="word_293">perda</word>
   <word id="word_294">de</word>
   <word id="word_295">contacto</word>
   <word id="word_296">ou</word>
   <word id="word_297">a</word>
   <word id="word_298">sua</word>
   <word id="word_299">identidade</word>
   <word id="word_300">.</word>
   <word id="word_301">Como</word>
   <word id="word_302">é</word>
   <word id="word_303">reconhecido</word>
   <word id="word_304">por_</word>
   <word id="word_305">os</word>
   <word id="word_306">especialistas</word>
   <word id="word_307">que</word>
   <word id="word_308">se</word>
   <word id="word_309">apoiam</word>
   <word id="word_310">em</word>
   <word id="word_311">achados</word>
   <word id="word_312">arqueológicos</word>
   <word id="word_313">,</word>
   <word id="word_314">a</word>
   <word id="word_315">influência</word>
   <word id="word_316">exercida</word>
   <word id="word_317">por</word>
   <word id="word_318">estes</word>
   <word id="word_319">mesmos</word>
   <word id="word_320">centros</word>
   <word id="word_321">em_</word>
   <word id="word_322">as</word>
   <word id="word_323">diversas</word>
   <word id="word_324">regiões</word>
   <word id="word_325">de_</word>
   <word id="word_326">a</word>
   <word id="word_327">Grécia</word>
   <word id="word_328">é</word>
   <word id="word_329">constante</word>
   <word id="word_330">e</word>
   <word id="word_331">ininterrupta</word>
   <word id="word_332">.</word>
   <word id="word_333">Dezenas</word>
   <word id="word_334">de</word>
   <word id="word_335">objectos</word>
   <word id="word_336">encontrados</word>
   <word id="word_337">em_</word>
   <word id="word_338">as</word>
   <word id="word_339">várias</word>
   <word id="word_340">estações</word>
   <word id="word_341">arqueológicas</word>
   <word id="word_342">de</word>
   <word id="word_343">Macedónia</word>
   <word id="word_344">são</word>
   <word id="word_345">testemunhos</word>
   <word id="word_346">desses</word>
   <word id="word_347">contactos</word>
   <word id="word_348">entre</word>
   <word id="word_349">os</word>
   <word id="word_350">povos</word>
   <word id="word_351">de_</word>
   <word id="word_352">o</word>
   <word id="word_353">Norte</word>
   <word id="word_354">e</word>
   <word id="word_355">de_</word>
   <word id="word_356">o</word>
   <word id="word_357">Sul</word>
   <word id="word_358">.</word>
   <word id="word_359">Durante</word>
   <word id="word_360">o</word>
   <word id="word_361">período</word>
   <word id="word_362">de_</word>
   <word id="word_363">a</word>
   <word id="word_364">civilização</word>
   <word id="word_365">Jónia</word>
   <word id="word_366">,</word>
   <word id="word_367">a</word>
   <word id="word_368">Macedónia</word>
   <word id="word_369">recebeu</word>
   <word id="word_370">uma</word>
   <word id="word_371">influência</word>
   <word id="word_372">importante</word>
   <word id="word_373">e</word>
   <word id="word_374">manifesta</word>
   <word id="word_375">,</word>
   <word id="word_376">como</word>
   <word id="word_377">muitas</word>
   <word id="word_378">outras</word>
   <word id="word_379">áreas</word>
   <word id="word_380">geográficas</word>
   <word id="word_381">de_</word>
   <word id="word_382">a</word>
   <word id="word_383">Grécia</word>
   <word id="word_384">,</word>
   <word id="word_385">em_</word>
   <word id="word_386">os</word>
   <word id="word_387">seus</word>
   <word id="word_388">monumentos</word>
   <word id="word_389">arquitectónicos</word>
   <word id="word_390">de_</word>
   <word id="word_391">aquele</word>
   <word id="word_392">período</word>
   <word id="word_393">.</word>
   <word id="word_394">Por</word>
   <word id="word_395">outro</word>
   <word id="word_396">lado</word>
   <word id="word_397">,</word>
   <word id="word_398">a</word>
   <word id="word_399">descoberta</word>
   <word id="word_400">de_</word>
   <word id="word_401">o</word>
   <word id="word_402">santuário</word>
   <word id="word_403">de</word>
   <word id="word_404">Dion</word>
   <word id="word_405">,</word>
   <word id="word_406">em_</word>
   <word id="word_407">o</word>
   <word id="word_408">monte</word>
   <word id="word_409">Olympo</word>
   <word id="word_410">,</word>
   <word id="word_411">onde</word>
   <word id="word_412">foi</word>
   <word id="word_413">representada</word>
   <word id="word_414">a</word>
   <word id="word_415">peça</word>
   <word id="word_416">de</word>
   <word id="word_417">Euripides</word>
   <word id="word_418">Bacchae</word>
   <word id="word_419">e</word>
   <word id="word_420">onde</word>
   <word id="word_421">celebrou</word>
   <word id="word_422">as</word>
   <word id="word_423">suas</word>
   <word id="word_424">victórias</word>
   <word id="word_425">Filipe</word>
   <word id="word_426">II</word>
   <word id="word_427">,</word>
   <word id="word_428">pai</word>
   <word id="word_429">de</word>
   <word id="word_430">Alexandre</word>
   <word id="word_431">e</word>
   <word id="word_432">onde</word>
   <word id="word_433">este</word>
   <word id="word_434">último</word>
   <word id="word_435">fez</word>
   <word id="word_436">sacrifícios</word>
   <word id="word_437">a</word>
   <word id="word_438">Zeus</word>
   <word id="word_439">antes</word>
   <word id="word_440">de_</word>
   <word id="word_441">a</word>
   <word id="word_442">sua</word>
   <word id="word_443">grande</word>
   <word id="word_444">expedição</word>
   <word id="word_445">,</word>
   <word id="word_446">testemunha</word>
   <word id="word_447">a</word>
   <word id="word_448">unidade</word>
   <word id="word_449">religiosa</word>
   <word id="word_450">de_</word>
   <word id="word_451">os</word>
   <word id="word_452">Helenos</word>
   <word id="word_453">.</word>
   <word id="word_454">Vários</word>
   <word id="word_455">reis</word>
   <word id="word_456">macedónicos</word>
   <word id="word_457">,</word>
   <word id="word_458">tornaram</word>
   <word id="word_459">possível</word>
   <word id="word_460">a</word>
   <word id="word_461">criação</word>
   <word id="word_462">de</word>
   <word id="word_463">um</word>
   <word id="word_464">estado</word>
   <word id="word_465">próspero</word>
   <word id="word_466">e</word>
   <word id="word_467">forte</word>
   <word id="word_468">:</word>
   <word id="word_469">Archélaos</word>
   <word id="word_470">(</word>
   <word id="word_471">413</word>
   <word id="word_472">-</word>
   <word id="word_473">399</word>
   <word id="word_474">)</word>
   <word id="word_475">patrono</word>
   <word id="word_476">de_</word>
   <word id="word_477">as</word>
   <word id="word_478">artes</word>
   <word id="word_479">que</word>
   <word id="word_480">tranferiu</word>
   <word id="word_481">a</word>
   <word id="word_482">capital</word>
   <word id="word_483">de</word>
   <word id="word_484">Egé</word>
   <word id="word_485">&LT;</word>
   <word id="word_486">&GT;</word>
   <word id="word_487">para</word>
   <word id="word_488">Pelá</word>
   <word id="word_489">&LT;</word>
   <word id="word_490">&GT;</word>
   <word id="word_491">,</word>
   <word id="word_492">Alexandre</word>
   <word id="word_493">,</word>
   <word id="word_494">Amintas</word>
   <word id="word_495">e</word>
   <word id="word_496">Filipe</word>
   <word id="word_497">II</word>
   <word id="word_498">.</word>
   <word id="word_499">A</word>
   <word id="word_500">crescente</word>
   <word id="word_501">importância</word>
   <word id="word_502">de_</word>
   <word id="word_503">o</word>
   <word id="word_504">reino</word>
   <word id="word_505">de_</word>
   <word id="word_506">a</word>
   <word id="word_507">Macedónia</word>
   <word id="word_508">ultrapassa</word>
   <word id="word_509">as</word>
   <word id="word_510">fronteiras</word>
   <word id="word_511">Helénicas</word>
   <word id="word_512">com</word>
   <word id="word_513">Aleandre</word>
   <word id="word_514">o</word>
   <word id="word_515">Magno</word>
   <word id="word_516">que</word>
   <word id="word_517">funda</word>
   <word id="word_518">um</word>
   <word id="word_519">de_</word>
   <word id="word_520">os</word>
   <word id="word_521">maiores</word>
   <word id="word_522">impérios</word>
   <word id="word_523">de</word>
   <word id="word_524">todos</word>
   <word id="word_525">os</word>
   <word id="word_526">tempos</word>
   <word id="word_527">;</word>
   <word id="word_528">abriu</word>
   <word id="word_529">caminho</word>
   <word id="word_530">para</word>
   <word id="word_531">o</word>
   <word id="word_532">nascimento</word>
   <word id="word_533">,</word>
   <word id="word_534">séculos</word>
   <word id="word_535">mais</word>
   <word id="word_536">tarde</word>
   <word id="word_537">,</word>
   <word id="word_538">de_</word>
   <word id="word_539">a</word>
   <word id="word_540">civilização</word>
   <word id="word_541">ocidental</word>
   <word id="word_542">.</word>
   <word id="word_543">A</word>
   <word id="word_544">sua</word>
   <word id="word_545">demanda</word>
   <word id="word_546">avaliada</word>
   <word id="word_547">em_</word>
   <word id="word_548">as</word>
   <word id="word_549">suas</word>
   <word id="word_550">múltiplas</word>
   <word id="word_551">facetas</word>
   <word id="word_552">assinala</word>
   <word id="word_553">o</word>
   <word id="word_554">despertar</word>
   <word id="word_555">de</word>
   <word id="word_556">uma</word>
   <word id="word_557">nova</word>
   <word id="word_558">era</word>
   <word id="word_559">.</word>
   <word id="word_560">Os</word>
   <word id="word_561">reinos</word>
   <word id="word_562">helenísticos</word>
   <word id="word_563">alicerçam</word>
   <word id="word_564">sobre</word>
   <word id="word_565">o</word>
   <word id="word_566">ocidente</word>
   <word id="word_567">e</word>
   <word id="word_568">o</word>
   <word id="word_569">oriente</word>
   <word id="word_570">o</word>
   <word id="word_571">edifício</word>
   <word id="word_572">de_</word>
   <word id="word_573">o</word>
   <word id="word_574">nascimento</word>
   <word id="word_575">de_</word>
   <word id="word_576">o</word>
   <word id="word_577">mundo</word>
   <word id="word_578">Cristão</word>
   <word id="word_579">.</word>
   <word id="word_580">Sem</word>
   <word id="word_581">os</word>
   <word id="word_582">Helenos</word>
   <word id="word_583">de_</word>
   <word id="word_584">a</word>
   <word id="word_585">Macedónia</word>
   <word id="word_586">o</word>
   <word id="word_587">mundo</word>
   <word id="word_588">seria</word>
   <word id="word_589">muito</word>
   <word id="word_590">diferente</word>
   <word id="word_591">.</word>
   <word id="word_592">O</word>
   <word id="word_593">império</word>
   <word id="word_594">de</word>
   <word id="word_595">Alexandre</word>
   <word id="word_596">encontra</word>
   <word id="word_597">o</word>
   <word id="word_598">seu</word>
   <word id="word_599">paralelo</word>
   <word id="word_600">em_</word>
   <word id="word_601">a</word>
   <word id="word_602">demanda</word>
   <word id="word_603">de_</word>
   <word id="word_604">os</word>
   <word id="word_605">descobrimentos</word>
   <word id="word_606">portugueses</word>
   <word id="word_607">dezassete</word>
   <word id="word_608">séculos</word>
   <word id="word_609">mais</word>
   <word id="word_610">tarde</word>
   <word id="word_611">e</word>
   <word id="word_612">um</word>
   <word id="word_613">português</word>
   <word id="word_614">lhe</word>
   <word id="word_615">pode</word>
   <word id="word_616">ser</word>
   <word id="word_617">comparado</word>
   <word id="word_618">:</word>
   <word id="word_619">Afonso</word>
   <word id="word_620">de</word>
   <word id="word_621">Albuquerque</word>
   <word id="word_622">!</word>
   <word id="word_623">de_</word>
   <word id="word_624">a</word>
   <word id="word_625">romanização</word>
   <word id="word_626">a_</word>
   <word id="word_627">os</word>
   <word id="word_628">nossos</word>
   <word id="word_629">dias</word>
   <word id="word_630">.</word>
   <word id="word_631">O</word>
   <word id="word_632">rei</word>
   <word id="word_633">macedónico</word>
   <word id="word_634">Kássandros</word>
   <word id="word_635">fundou</word>
   <word id="word_636">(</word>
   <word id="word_637">315</word>
   <word id="word_638">A.C</word>
   <word id="word_639">.</word>
   <word id="word_640">)</word>
   <word id="word_641">em_</word>
   <word id="word_642">a</word>
   <word id="word_643">posição</word>
   <word id="word_644">de_</word>
   <word id="word_645">a</word>
   <word id="word_646">antiga</word>
   <word id="word_647">cidade</word>
   <word id="word_648">de</word>
   <word id="word_649">Thermi</word>
   <word id="word_650">,</word>
   <word id="word_651">uma</word>
   <word id="word_652">nova</word>
   <word id="word_653">metrópole</word>
   <word id="word_654">que</word>
   <word id="word_655">é</word>
   <word id="word_656">chamada</word>
   <word id="word_657">Thessaloníki</word>
   <word id="word_658">em</word>
   <word id="word_659">honra</word>
   <word id="word_660">de_</word>
   <word id="word_661">a</word>
   <word id="word_662">irmã</word>
   <word id="word_663">de_</word>
   <word id="word_664">o</word>
   <word id="word_665">grande</word>
   <word id="word_666">rei-civilizador</word>
   <word id="word_667">Alexandre</word>
   <word id="word_668">o</word>
   <word id="word_669">Magno</word>
   <word id="word_670">.</word>
   <word id="word_671">Após</word>
   <word id="word_672">a</word>
   <word id="word_673">conquista</word>
   <word id="word_674">romana</word>
   <word id="word_675">,</word>
   <word id="word_676">Macedónia</word>
   <word id="word_677">conserva</word>
   <word id="word_678">a</word>
   <word id="word_679">sua</word>
   <word id="word_680">importância</word>
   <word id="word_681">estratégica</word>
   <word id="word_682">uma</word>
   <word id="word_683">vez</word>
   <word id="word_684">que</word>
   <word id="word_685">várias</word>
   <word id="word_686">vias</word>
   <word id="word_687">maiores</word>
   <word id="word_688">a</word>
   <word id="word_689">atravessam</word>
   <word id="word_690">rumo</word>
   <word id="word_691">a_</word>
   <word id="word_692">as</word>
   <word id="word_693">possesões</word>
   <word id="word_694">asiáticas</word>
   <word id="word_695">de_</word>
   <word id="word_696">o</word>
   <word id="word_697">império</word>
   <word id="word_698">romano</word>
   <word id="word_699">.</word>
   <word id="word_700">Em_</word>
   <word id="word_701">o</word>
   <word id="word_702">século</word>
   <word id="word_703">III</word>
   <word id="word_704">de_</word>
   <word id="word_705">a</word>
   <word id="word_706">nossa</word>
   <word id="word_707">Era</word>
   <word id="word_708">,</word>
   <word id="word_709">a</word>
   <word id="word_710">cidade</word>
   <word id="word_711">fundada</word>
   <word id="word_712">por</word>
   <word id="word_713">Kássandros</word>
   <word id="word_714">torna</word>
   <word id="word_715">-se</word>
   <word id="word_716">capital</word>
   <word id="word_717">de</word>
   <word id="word_718">César</word>
   <word id="word_719">Galérius</word>
   <word id="word_720">que</word>
   <word id="word_721">a</word>
   <word id="word_722">adorna</word>
   <word id="word_723">com</word>
   <word id="word_724">muitos</word>
   <word id="word_725">munumentos</word>
   <word id="word_726">.</word>
   <word id="word_727">A</word>
   <word id="word_728">unificação</word>
   <word id="word_729">de_</word>
   <word id="word_730">o</word>
   <word id="word_731">império</word>
   <word id="word_732">debaixo</word>
   <word id="word_733">de_</word>
   <word id="word_734">a</word>
   <word id="word_735">liderança</word>
   <word id="word_736">de</word>
   <word id="word_737">Constantino</word>
   <word id="word_738">reserva</word>
   <word id="word_739">a</word>
   <word id="word_740">Macedónia</word>
   <word id="word_741">um</word>
   <word id="word_742">papel</word>
   <word id="word_743">importante</word>
   <word id="word_744">uma</word>
   <word id="word_745">vez</word>
   <word id="word_746">que</word>
   <word id="word_747">depois</word>
   <word id="word_748">de_</word>
   <word id="word_749">a</word>
   <word id="word_750">queda</word>
   <word id="word_751">de_</word>
   <word id="word_752">as</word>
   <word id="word_753">possessões</word>
   <word id="word_754">ocidentais</word>
   <word id="word_755">de_</word>
   <word id="word_756">o</word>
   <word id="word_757">impêrio</word>
   <word id="word_758">Thessaloníki</word>
   <word id="word_759">torna</word>
   <word id="word_760">-se</word>
   <word id="word_761">a</word>
   <word id="word_762">segunda</word>
   <word id="word_763">cidade</word>
   <word id="word_764">de_</word>
   <word id="word_765">o</word>
   <word id="word_766">império</word>
   <word id="word_767">romano</word>
   <word id="word_768">de_</word>
   <word id="word_769">o</word>
   <word id="word_770">Oriente</word>
   <word id="word_771">.</word>
   <word id="word_772">Esta</word>
   <word id="word_773">posição</word>
   <word id="word_774">será</word>
   <word id="word_775">mantida</word>
   <word id="word_776">durante</word>
   <word id="word_777">mil</word>
   <word id="word_778">anos</word>
   <word id="word_779">!</word>
   <word id="word_780">Com</word>
   <word id="word_781">a</word>
   <word id="word_782">cristianização</word>
   <word id="word_783">de_</word>
   <word id="word_784">o</word>
   <word id="word_785">império</word>
   <word id="word_786">é</word>
   <word id="word_787">em_</word>
   <word id="word_788">a</word>
   <word id="word_789">Macedónia</word>
   <word id="word_790">a</word>
   <word id="word_791">mais</word>
   <word id="word_792">importante</word>
   <word id="word_793">e</word>
   <word id="word_794">ainda</word>
   <word id="word_795">bem</word>
   <word id="word_796">viva</word>
   <word id="word_797">,</word>
   <word id="word_798">apesar</word>
   <word id="word_799">de_</word>
   <word id="word_800">as</word>
   <word id="word_801">inúmeras</word>
   <word id="word_802">catástrofes</word>
   <word id="word_803">e</word>
   <word id="word_804">calamidades</word>
   <word id="word_805">,</word>
   <word id="word_806">comunidade</word>
   <word id="word_807">monástica</word>
   <word id="word_808">de_</word>
   <word id="word_809">o</word>
   <word id="word_810">mundo</word>
   <word id="word_811">Cristão</word>
   <word id="word_812">Oriental</word>
   <word id="word_813">,</word>
   <word id="word_814">o</word>
   <word id="word_815">Monte</word>
   <word id="word_816">Athos</word>
   <word id="word_817">:</word>
   <word id="word_818">o</word>
   <word id="word_819">único</word>
   <word id="word_820">Estado</word>
   <word id="word_821">teocrático-espiritual</word>
   <word id="word_822">de_</word>
   <word id="word_823">o</word>
   <word id="word_824">mundo</word>
   <word id="word_825">cristão</word>
   <word id="word_826">moderno</word>
   <word id="word_827">.</word>
   <word id="word_828">A</word>
   <word id="word_829">a</word>
   <word id="word_830">queda</word>
   <word id="word_831">de_</word>
   <word id="word_832">o</word>
   <word id="word_833">impêrio</word>
   <word id="word_834">bizantino</word>
   <word id="word_835">e</word>
   <word id="word_836">a</word>
   <word id="word_837">ocupação</word>
   <word id="word_838">turca</word>
   <word id="word_839">que</word>
   <word id="word_840">durou</word>
   <word id="word_841">,</word>
   <word id="word_842">quase</word>
   <word id="word_843">,</word>
   <word id="word_844">cinco</word>
   <word id="word_845">séculos</word>
   <word id="word_846">não</word>
   <word id="word_847">conseguiu</word>
   <word id="word_848">apagar</word>
   <word id="word_849">o</word>
   <word id="word_850">carácter</word>
   <word id="word_851">e</word>
   <word id="word_852">destruir</word>
   <word id="word_853">as</word>
   <word id="word_854">origens</word>
   <word id="word_855">ancestrais</word>
   <word id="word_856">de_</word>
   <word id="word_857">a</word>
   <word id="word_858">Macedónia</word>
   <word id="word_859">e</word>
   <word id="word_860">de_</word>
   <word id="word_861">os</word>
   <word id="word_862">macedonios</word>
   <word id="word_863">.</word>
   <word id="word_864">Também</word>
   <word id="word_865">de_</word>
   <word id="word_866">o</word>
   <word id="word_867">monte</word>
   <word id="word_868">Athos</word>
   <word id="word_869">partiram</word>
   <word id="word_870">luzes</word>
   <word id="word_871">que</word>
   <word id="word_872">mantiveram</word>
   <word id="word_873">bem</word>
   <word id="word_874">desperta</word>
   <word id="word_875">a</word>
   <word id="word_876">consciência</word>
   <word id="word_877">de_</word>
   <word id="word_878">a</word>
   <word id="word_879">nação</word>
   <word id="word_880">helénica</word>
   <word id="word_881">evitando</word>
   <word id="word_882">que</word>
   <word id="word_883">em_</word>
   <word id="word_884">o</word>
   <word id="word_885">berço</word>
   <word id="word_886">de_</word>
   <word id="word_887">a</word>
   <word id="word_888">civilização</word>
   <word id="word_889">ocidental</word>
   <word id="word_890">-</word>
   <word id="word_891">a_</word>
   <word id="word_892">as</word>
   <word id="word_893">porats</word>
   <word id="word_894">de_</word>
   <word id="word_895">a</word>
   <word id="word_896">Europa</word>
   <word id="word_897">-</word>
   <word id="word_898">se</word>
   <word id="word_899">espalhasse</word>
   <word id="word_900">o</word>
   <word id="word_901">maometanismo</word>
   <word id="word_902">.</word>
   <word id="word_903">Depois</word>
   <word id="word_904">de_</word>
   <word id="word_905">a</word>
   <word id="word_906">guerra</word>
   <word id="word_907">de_</word>
   <word id="word_908">a</word>
   <word id="word_909">Independência</word>
   <word id="word_910">de_</word>
   <word id="word_911">a</word>
   <word id="word_912">Grécia</word>
   <word id="word_913">(</word>
   <word id="word_914">1821</word>
   <word id="word_915">-</word>
   <word id="word_916">1828</word>
   <word id="word_917">)</word>
   <word id="word_918">Macedónia</word>
   <word id="word_919">esperou</word>
   <word id="word_920">oitenta</word>
   <word id="word_921">anos</word>
   <word id="word_922">para</word>
   <word id="word_923">ser</word>
   <word id="word_924">libertada</word>
   <word id="word_925">.</word>
   <word id="word_926">O</word>
   <word id="word_927">Makedonikós</word>
   <word id="word_928">agón</word>
   <word id="word_929">,</word>
   <word id="word_930">a</word>
   <word id="word_931">luta</word>
   <word id="word_932">por_</word>
   <word id="word_933">a</word>
   <word id="word_934">libertação</word>
   <word id="word_935">de_</word>
   <word id="word_936">a</word>
   <word id="word_937">Macedónia</word>
   <word id="word_938">,</word>
   <word id="word_939">durou</word>
   <word id="word_940">vários</word>
   <word id="word_941">anos</word>
   <word id="word_942">com</word>
   <word id="word_943">o</word>
   <word id="word_944">seu</word>
   <word id="word_945">apogéu</word>
   <word id="word_946">em</word>
   <word id="word_947">1904</word>
   <word id="word_948">-</word>
   <word id="word_949">1908</word>
   <word id="word_950">.</word>
   <word id="word_951">Foi</word>
   <word id="word_952">realizada</word>
   <word id="word_953">a</word>
   <word id="word_954">aspiração</word>
   <word id="word_955">de_</word>
   <word id="word_956">os</word>
   <word id="word_957">Macedónicos</word>
   <word id="word_958">após</word>
   <word id="word_959">as</word>
   <word id="word_960">Guerras</word>
   <word id="word_961">de_</word>
   <word id="word_962">os</word>
   <word id="word_963">Balcãs</word>
   <word id="word_964">(</word>
   <word id="word_965">1912</word>
   <word id="word_966">-</word>
   <word id="word_967">1913</word>
   <word id="word_968">)</word>
   <word id="word_969">.</word>
   <word id="word_970">Durante</word>
   <word id="word_971">as</word>
   <word id="word_972">duas</word>
   <word id="word_973">Grande</word>
   <word id="word_974">Guerras</word>
   <word id="word_975">sofreu</word>
   <word id="word_976">a</word>
   <word id="word_977">Macedónia</word>
   <word id="word_978">,</word>
   <word id="word_979">tal</word>
   <word id="word_980">como</word>
   <word id="word_981">em_</word>
   <word id="word_982">outras</word>
   <word id="word_983">épocas</word>
   <word id="word_984">,</word>
   <word id="word_985">ocupações</word>
   <word id="word_986">e</word>
   <word id="word_987">vandalismos</word>
   <word id="word_988">por</word>
   <word id="word_989">parte</word>
   <word id="word_990">de_</word>
   <word id="word_991">os</word>
   <word id="word_992">Búlgaros</word>
   <word id="word_993">e</word>
   <word id="word_994">após</word>
   <word id="word_995">a</word>
   <word id="word_996">instalação</word>
   <word id="word_997">de_</word>
   <word id="word_998">o</word>
   <word id="word_999">comunismo</word>
   <word id="word_1000">em_</word>
   <word id="word_1001">os</word>
   <word id="word_1002">Balcãs</word>
   <word id="word_1003">ficou</word>
   <word id="word_1004">esta</word>
   <word id="word_1005">velha</word>
   <word id="word_1006">terra</word>
   <word id="word_1007">helénica</word>
   <word id="word_1008">,</word>
   <word id="word_1009">bastião</word>
   <word id="word_1010">avançado</word>
   <word id="word_1011">de_</word>
   <word id="word_1012">o</word>
   <word id="word_1013">mundo</word>
   <word id="word_1014">livre</word>
   <word id="word_1015">,</word>
   <word id="word_1016">exposta</word>
   <word id="word_1017">a_</word>
   <word id="word_1018">a</word>
   <word id="word_1019">cobiça</word>
   <word id="word_1020">de_</word>
   <word id="word_1021">os</word>
   <word id="word_1022">vizinhos</word>
   <word id="word_1023">eslavos</word>
   <word id="word_1024">.</word>
   <word id="word_1025">Diversas</word>
   <word id="word_1026">acções</word>
   <word id="word_1027">têm</word>
   <word id="word_1028">sido</word>
   <word id="word_1029">desenvolvidas</word>
   <word id="word_1030">em_</word>
   <word id="word_1031">os</word>
   <word id="word_1032">últimos</word>
   <word id="word_1033">50</word>
   <word id="word_1034">anos</word>
   <word id="word_1035">por</word>
   <word id="word_1036">parte</word>
   <word id="word_1037">de_</word>
   <word id="word_1038">os</word>
   <word id="word_1039">búlgaros</word>
   <word id="word_1040">e</word>
   <word id="word_1041">de</word>
   <word id="word_1042">outros</word>
   <word id="word_1043">eslavos</word>
   <word id="word_1044">,</word>
   <word id="word_1045">habitantes</word>
   <word id="word_1046">de_</word>
   <word id="word_1047">o</word>
   <word id="word_1048">Sul</word>
   <word id="word_1049">de_</word>
   <word id="word_1050">a</word>
   <word id="word_1051">ultimamente</word>
   <word id="word_1052">desfeita</word>
   <word id="word_1053">Federação</word>
   <word id="word_1054">de</word>
   <word id="word_1055">Estados</word>
   <word id="word_1056">Socialistas</word>
   <word id="word_1057">de_</word>
   <word id="word_1058">a</word>
   <word id="word_1059">Jugoslávia</word>
   <word id="word_1060">,</word>
   <word id="word_1061">com</word>
   <word id="word_1062">objectivos</word>
   <word id="word_1063">expansionistas</word>
   <word id="word_1064">contra</word>
   <word id="word_1065">uma</word>
   <word id="word_1066">parte</word>
   <word id="word_1067">de_</word>
   <word id="word_1068">o</word>
   <word id="word_1069">Estado</word>
   <word id="word_1070">vizinho</word>
   <word id="word_1071">e</word>
   <word id="word_1072">democrático</word>
   <word id="word_1073">de_</word>
   <word id="word_1074">a</word>
   <word id="word_1075">Grécia</word>
   <word id="word_1076">.</word>
   <word id="word_1077">Milhões</word>
   <word id="word_1078">de</word>
   <word id="word_1079">biliões</word>
   <word id="word_1080">de</word>
   <word id="word_1081">contos</word>
   <word id="word_1082">têm</word>
   <word id="word_1083">sido</word>
   <word id="word_1084">gastos</word>
   <word id="word_1085">com</word>
   <word id="word_1086">a</word>
   <word id="word_1087">fabricação</word>
   <word id="word_1088">de</word>
   <word id="word_1089">livros</word>
   <word id="word_1090">de</word>
   <word id="word_1091">história</word>
   <word id="word_1092">onde</word>
   <word id="word_1093">o</word>
   <word id="word_1094">Alexandre</word>
   <word id="word_1095">o</word>
   <word id="word_1096">Magno</word>
   <word id="word_1097">,</word>
   <word id="word_1098">os</word>
   <word id="word_1099">monges</word>
   <word id="word_1100">macedónicos</word>
   <word id="word_1101">Cyrillo</word>
   <word id="word_1102">e</word>
   <word id="word_1103">Metódios</word>
   <word id="word_1104">(</word>
   <word id="word_1105">os</word>
   <word id="word_1106">missionários</word>
   <word id="word_1107">que</word>
   <word id="word_1108">cristianizaram</word>
   <word id="word_1109">os</word>
   <word id="word_1110">eslavos</word>
   <word id="word_1111">e</word>
   <word id="word_1112">inventaram</word>
   <word id="word_1113">o</word>
   <word id="word_1114">alfabeto</word>
   <word id="word_1115">eslavo</word>
   <word id="word_1116">com</word>
   <word id="word_1117">base</word>
   <word id="word_1118">em_</word>
   <word id="word_1119">o</word>
   <word id="word_1120">helénico</word>
   <word id="word_1121">medieval-bizantino</word>
   <word id="word_1122">)</word>
   <word id="word_1123">e</word>
   <word id="word_1124">outros</word>
   <word id="word_1125">figuram</word>
   <word id="word_1126">com</word>
   <word id="word_1127">descendentes</word>
   <word id="word_1128">de</word>
   <word id="word_1129">uma</word>
   <word id="word_1130">"</word>
   <word id="word_1131">nação</word>
   <word id="word_1132">macedónica</word>
   <word id="word_1133">"</word>
   <word id="word_1134">que</word>
   <word id="word_1135">curiosamente</word>
   <word id="word_1136">fala</word>
   <word id="word_1137">em</word>
   <word id="word_1138">eslavo</word>
   <word id="word_1139">escrito</word>
   <word id="word_1140">com</word>
   <word id="word_1141">caracteres</word>
   <word id="word_1142">de_</word>
   <word id="word_1143">o</word>
   <word id="word_1144">alfabeto</word>
   <word id="word_1145">helánico</word>
   <word id="word_1146">medieval</word>
   <word id="word_1147">!</word>
   <word id="word_1148">Seria</word>
   <word id="word_1149">uma</word>
   <word id="word_1150">história</word>
   <word id="word_1151">cómica</word>
   <word id="word_1152">toda</word>
   <word id="word_1153">esta</word>
   <word id="word_1154">encenação</word>
   <word id="word_1155">que</word>
   <word id="word_1156">ocupa</word>
   <word id="word_1157">uma</word>
   <word id="word_1158">parte</word>
   <word id="word_1159">de_</word>
   <word id="word_1160">a</word>
   <word id="word_1161">vida</word>
   <word id="word_1162">de</word>
   <word id="word_1163">um</word>
   <word id="word_1164">povo</word>
   <word id="word_1165">que</word>
   <word id="word_1166">tenta</word>
   <word id="word_1167">ser</word>
   <word id="word_1168">"</word>
   <word id="word_1169">adoptado</word>
   <word id="word_1170">a_</word>
   <word id="word_1171">a</word>
   <word id="word_1172">força</word>
   <word id="word_1173">"</word>
   <word id="word_1174">por_</word>
   <word id="word_1175">os</word>
   <word id="word_1176">manuais</word>
   <word id="word_1177">de</word>
   <word id="word_1178">história</word>
   <word id="word_1179">,</word>
   <word id="word_1180">se</word>
   <word id="word_1181">realmente</word>
   <word id="word_1182">não</word>
   <word id="word_1183">houvesse</word>
   <word id="word_1184">uma</word>
   <word id="word_1185">intenção</word>
   <word id="word_1186">criminosa</word>
   <word id="word_1187">por</word>
   <word id="word_1188">detrás</word>
   <word id="word_1189">de</word>
   <word id="word_1190">tudo</word>
   <word id="word_1191">isto</word>
   <word id="word_1192">:</word>
   <word id="word_1193">a</word>
   <word id="word_1194">criação</word>
   <word id="word_1195">de</word>
   <word id="word_1196">condições</word>
   <word id="word_1197">para</word>
   <word id="word_1198">o</word>
   <word id="word_1199">reconhecimento</word>
   <word id="word_1200">de</word>
   <word id="word_1201">um</word>
   <word id="word_1202">Estado</word>
   <word id="word_1203">soberano</word>
   <word id="word_1204">sobre</word>
   <word id="word_1205">um</word>
   <word id="word_1206">nome</word>
   <word id="word_1207">que</word>
   <word id="word_1208">não</word>
   <word id="word_1209">lhe</word>
   <word id="word_1210">pertence</word>
   <word id="word_1211">.</word>
   <word id="word_1212">Seria</word>
   <word id="word_1213">uma</word>
   <word id="word_1214">história</word>
   <word id="word_1215">cómica</word>
   <word id="word_1216">esta</word>
   <word id="word_1217">campanha</word>
   <word id="word_1218">iniciada</word>
   <word id="word_1219">por</word>
   <word id="word_1220">círculos</word>
   <word id="word_1221">de</word>
   <word id="word_1222">uma</word>
   <word id="word_1223">pretensa</word>
   <word id="word_1224">capital</word>
   <word id="word_1225">(</word>
   <word id="word_1226">que</word>
   <word id="word_1227">nem</word>
   <word id="word_1228">sequer</word>
   <word id="word_1229">tem</word>
   <word id="word_1230">nome</word>
   <word id="word_1231">grego</word>
   <word id="word_1232">:</word>
   <word id="word_1233">Skopja</word>
   <word id="word_1234">)</word>
   <word id="word_1235">de</word>
   <word id="word_1236">uma</word>
   <word id="word_1237">pretendente</word>
   <word id="word_1238">"</word>
   <word id="word_1239">república</word>
   <word id="word_1240">de</word>
   <word id="word_1241">macedónia</word>
   <word id="word_1242">"</word>
   <word id="word_1243">,</word>
   <word id="word_1244">se</word>
   <word id="word_1245">não</word>
   <word id="word_1246">existissem</word>
   <word id="word_1247">homens</word>
   <word id="word_1248">que</word>
   <word id="word_1249">ignoram</word>
   <word id="word_1250">simples</word>
   <word id="word_1251">factos</word>
   <word id="word_1252">históricos</word>
   <word id="word_1253">ou</word>
   <word id="word_1254">que</word>
   <word id="word_1255">os</word>
   <word id="word_1256">esqueçam</word>
   <word id="word_1257">por</word>
   <word id="word_1258">causa</word>
   <word id="word_1259">de</word>
   <word id="word_1260">interesses</word>
   <word id="word_1261">obscuros</word>
   <word id="word_1262">.</word>
   <word id="word_1263">Seria</word>
   <word id="word_1264">uma</word>
   <word id="word_1265">história</word>
   <word id="word_1266">cómica</word>
   <word id="word_1267">esta</word>
   <word id="word_1268">,</word>
   <word id="word_1269">se</word>
   <word id="word_1270">realmente</word>
   <word id="word_1271">em_</word>
   <word id="word_1272">o</word>
   <word id="word_1273">dia</word>
   <word id="word_1274">17</word>
   <word id="word_1275">de</word>
   <word id="word_1276">Fevereiro</word>
   <word id="word_1277">as</word>
   <word id="word_1278">Autoridades</word>
   <word id="word_1279">de_</word>
   <word id="word_1280">a</word>
   <word id="word_1281">C.E.E</word>
   <word id="word_1282">.</word>
   <word id="word_1283">não</word>
   <word id="word_1284">tivessem</word>
   <word id="word_1285">em_</word>
   <word id="word_1286">a</word>
   <word id="word_1287">sua</word>
   <word id="word_1288">agenda</word>
   <word id="word_1289">marcada</word>
   <word id="word_1290">uma</word>
   <word id="word_1291">conversa</word>
   <word id="word_1292">séria</word>
   <word id="word_1293">sobre</word>
   <word id="word_1294">o</word>
   <word id="word_1295">reconhecimento</word>
   <word id="word_1296">eventual</word>
   <word id="word_1297">de_</word>
   <word id="word_1298">essa</word>
   <word id="word_1299">"</word>
   <word id="word_1300">república</word>
   <word id="word_1301">"</word>
   <word id="word_1302">!</word>
   <word id="word_1303">Reconhecer</word>
   <word id="word_1304">o</word>
   <word id="word_1305">direito</word>
   <word id="word_1306">a_</word>
   <word id="word_1307">a</word>
   <word id="word_1308">autodeterminação</word>
   <word id="word_1309">de_</word>
   <word id="word_1310">os</word>
   <word id="word_1311">povos</word>
   <word id="word_1312">é</word>
   <word id="word_1313">dever</word>
   <word id="word_1314">de</word>
   <word id="word_1315">todos</word>
   <word id="word_1316">nós</word>
   <word id="word_1317">.</word>
   <word id="word_1318">Porém</word>
   <word id="word_1319">,</word>
   <word id="word_1320">é</word>
   <word id="word_1321">também</word>
   <word id="word_1322">dever</word>
   <word id="word_1323">defender</word>
   <word id="word_1324">a</word>
   <word id="word_1325">verdade</word>
   <word id="word_1326">histórica</word>
   <word id="word_1327">e</word>
   <word id="word_1328">não</word>
   <word id="word_1329">premitir</word>
   <word id="word_1330">a</word>
   <word id="word_1331">sua</word>
   <word id="word_1332">falsificação</word>
   <word id="word_1333">.</word>
   <word id="word_1334">Os</word>
   <word id="word_1335">tribunais</word>
   <word id="word_1336">punem</word>
   <word id="word_1337">severamente</word>
   <word id="word_1338">os</word>
   <word id="word_1339">impostores</word>
   <word id="word_1340">a</word>
   <word id="word_1341">nomes</word>
   <word id="word_1342">e</word>
   <word id="word_1343">heranças</word>
   <word id="word_1344">alheias</word>
   <word id="word_1345">.</word>
   <word id="word_1346">Será</word>
   <word id="word_1347">que</word>
   <word id="word_1348">a</word>
   <word id="word_1349">C.E.E</word>
   <word id="word_1350">.</word>
   <word id="word_1351">,</word>
   <word id="word_1352">constituída</word>
   <word id="word_1353">por</word>
   <word id="word_1354">estados</word>
   <word id="word_1355">descendentes</word>
   <word id="word_1356">de_</word>
   <word id="word_1357">a</word>
   <word id="word_1358">acção</word>
   <word id="word_1359">civilizadora</word>
   <word id="word_1360">de_</word>
   <word id="word_1361">a</word>
   <word id="word_1362">Macedónia</word>
   <word id="word_1363">Helénica</word>
   <word id="word_1364">,</word>
   <word id="word_1365">votará</word>
   <word id="word_1366">,</word>
   <word id="word_1367">reconhecendo</word>
   <word id="word_1368">,</word>
   <word id="word_1369">que</word>
   <word id="word_1370">em_</word>
   <word id="word_1371">a</word>
   <word id="word_1372">base</word>
   <word id="word_1373">de_</word>
   <word id="word_1374">a</word>
   <word id="word_1375">sua</word>
   <word id="word_1376">árvore</word>
   <word id="word_1377">genealógica</word>
   <word id="word_1378">existe</word>
   <word id="word_1379">uma</word>
   <word id="word_1380">macedónia</word>
   <word id="word_1381">eslava</word>
   <word id="word_1382">e</word>
   <word id="word_1383">não</word>
   <word id="word_1384">helénica</word>
   <word id="word_1385">?</word>
   <word id="word_1386">Que</word>
   <word id="word_1387">reconheçam</word>
   <word id="word_1388">as</word>
   <word id="word_1389">Autoridades</word>
   <word id="word_1390">de_</word>
   <word id="word_1391">a</word>
   <word id="word_1392">C.E.E</word>
   <word id="word_1393">.</word>
   <word id="word_1394">uma</word>
   <word id="word_1395">nova</word>
   <word id="word_1396">República</word>
   <word id="word_1397">Eslava</word>
   <word id="word_1398">,</word>
   <word id="word_1399">mas</word>
   <word id="word_1400">para</word>
   <word id="word_1401">salvaguarda</word>
   <word id="word_1402">de_</word>
   <word id="word_1403">a</word>
   <word id="word_1404">sua</word>
   <word id="word_1405">própria</word>
   <word id="word_1406">dignidade</word>
   <word id="word_1407">devem</word>
   <word id="word_1408">sugerir</word>
   <word id="word_1409">a_</word>
   <word id="word_1410">os</word>
   <word id="word_1411">responsáveis</word>
   <word id="word_1412">de</word>
   <word id="word_1413">Skopja</word>
   <word id="word_1414">adopção</word>
   <word id="word_1415">de</word>
   <word id="word_1416">um</word>
   <word id="word_1417">nome</word>
   <word id="word_1418">de</word>
   <word id="word_1419">acordo</word>
   <word id="word_1420">com</word>
   <word id="word_1421">o</word>
   <word id="word_1422">seu</word>
   <word id="word_1423">passado</word>
   <word id="word_1424">histórico</word>
   <word id="word_1425">,</word>
   <word id="word_1426">evitando</word>
   <word id="word_1427">fomentar</word>
   <word id="word_1428">(</word>
   <word id="word_1429">com</word>
   <word id="word_1430">o</word>
   <word id="word_1431">apadrinhamento</word>
   <word id="word_1432">de_</word>
   <word id="word_1433">um</word>
   <word id="word_1434">nome</word>
   <word id="word_1435">que</word>
   <word id="word_1436">pertence</word>
   <word id="word_1437">a</word>
   <word id="word_1438">uma</word>
   <word id="word_1439">região</word>
   <word id="word_1440">definida</word>
   <word id="word_1441">de</word>
   <word id="word_1442">uma</word>
   <word id="word_1443">nação</word>
   <word id="word_1444">pacífica</word>
   <word id="word_1445">e</word>
   <word id="word_1446">democrática</word>
   <word id="word_1447">)</word>
   <word id="word_1448">,</word>
   <word id="word_1449">futuras</word>
   <word id="word_1450">reivindicações</word>
   <word id="word_1451">territorias</word>
   <word id="word_1452">sobre</word>
   <word id="word_1453">um</word>
   <word id="word_1454">espaço</word>
   <word id="word_1455">geográfico</word>
   <word id="word_1456">que</word>
   <word id="word_1457">nada</word>
   <word id="word_1458">tem</word>
   <word id="word_1459">a</word>
   <word id="word_1460">ver</word>
   <word id="word_1461">com</word>
   <word id="word_1462">o</word>
   <word id="word_1463">seu</word>
   <word id="word_1464">passado</word>
   <word id="word_1465">histórico</word>
   <word id="word_1466">.</word>
   <word id="word_1467">de_</word>
   <word id="word_1468">o</word>
   <word id="word_1469">leitor</word>
   <word id="word_1470">,</word>
   <word id="word_1471">deste</word>
   <word id="word_1472">modesto</word>
   <word id="word_1473">artigo</word>
   <word id="word_1474">,</word>
   <word id="word_1475">pedem</word>
   <word id="word_1476">os</word>
   <word id="word_1477">editores</word>
   <word id="word_1478">que</word>
   <word id="word_1479">defendam</word>
   <word id="word_1480">o</word>
   <word id="word_1481">direito</word>
   <word id="word_1482">de</word>
   <word id="word_1483">um</word>
   <word id="word_1484">povo</word>
   <word id="word_1485">amigo</word>
   <word id="word_1486">de</word>
   <word id="word_1487">se</word>
   <word id="word_1488">orgulhar</word>
   <word id="word_1489">de_</word>
   <word id="word_1490">a</word>
   <word id="word_1491">sua</word>
   <word id="word_1492">história</word>
   <word id="word_1493">e</word>
   <word id="word_1494">de_</word>
   <word id="word_1495">o</word>
   <word id="word_1496">seu</word>
   <word id="word_1497">passado</word>
   <word id="word_1498">que</word>
   <word id="word_1499">tanto</word>
   <word id="word_1500">tem</word>
   <word id="word_1501">a</word>
   <word id="word_1502">ver</word>
   <word id="word_1503">com</word>
   <word id="word_1504">os</word>
   <word id="word_1505">portugueses</word>
   <word id="word_1506">e</word>
   <word id="word_1507">a</word>
   <word id="word_1508">sua</word>
   <word id="word_1509">cultura</word>
   <word id="word_1510">humanística</word>
   <word id="word_1511">.</word>
   <word id="word_1512">Faça</word>
   <word id="word_1513">chegar</word>
   <word id="word_1514">a</word>
   <word id="word_1515">sua</word>
   <word id="word_1516">opinião</word>
   <word id="word_1517">a_</word>
   <word id="word_1518">os</word>
   <word id="word_1519">responsáveis</word>
   <word id="word_1520">.</word>
</words>
