<?xml version="1.0" encoding="UTF-8"?>
<!DOCTYPE words SYSTEM "words.dtd">
<words>
   <word id="word_1">﻿As</word>
   <word id="word_2">previsões</word>
   <word id="word_3">meteorológicas</word>
   <word id="word_4">de</word>
   <word id="word_5">curto</word>
   <word id="word_6">e</word>
   <word id="word_7">médio</word>
   <word id="word_8">prazo</word>
   <word id="word_9">registaram</word>
   <word id="word_10">grandes</word>
   <word id="word_11">melhorias</word>
   <word id="word_12">nos</word>
   <word id="word_13">últimos</word>
   <word id="word_14">anos</word>
   <word id="word_15">,</word>
   <word id="word_16">mas</word>
   <word id="word_17">é</word>
   <word id="word_18">necessário</word>
   <word id="word_19">continuar</word>
   <word id="word_20">a</word>
   <word id="word_21">investir</word>
   <word id="word_22">na</word>
   <word id="word_23">rede</word>
   <word id="word_24">de</word>
   <word id="word_25">estações</word>
   <word id="word_26">de</word>
   <word id="word_27">recolha</word>
   <word id="word_28">a_</word>
   <word id="word_29">a</word>
   <word id="word_30">escala</word>
   <word id="word_31">mundial</word>
   <word id="word_32">.</word>
   <word id="word_33">O</word>
   <word id="word_34">que</word>
   <word id="word_35">,</word>
   <word id="word_36">na</word>
   <word id="word_37">opinião</word>
   <word id="word_38">de_</word>
   <word id="word_39">o</word>
   <word id="word_40">secretário</word>
   <word id="word_41">geral</word>
   <word id="word_42">de_</word>
   <word id="word_43">a</word>
   <word id="word_44">Organização</word>
   <word id="word_45">Meteorológica</word>
   <word id="word_46">Mundial</word>
   <word id="word_47">,</word>
   <word id="word_48">não</word>
   <word id="word_49">exclui</word>
   <word id="word_50">a</word>
   <word id="word_51">necessidade</word>
   <word id="word_52">de</word>
   <word id="word_53">desenvolver</word>
   <word id="word_54">a</word>
   <word id="word_55">investigação</word>
   <word id="word_56">em_</word>
   <word id="word_57">esta</word>
   <word id="word_58">área</word>
   <word id="word_59">.</word>
   <word id="word_60">Mas</word>
   <word id="word_61">nunca</word>
   <word id="word_62">com</word>
   <word id="word_63">o</word>
   <word id="word_64">objectivo</word>
   <word id="word_65">de</word>
   <word id="word_66">modificar</word>
   <word id="word_67">o</word>
   <word id="word_68">clima</word>
   <word id="word_69">.</word>
   <word id="word_70">O</word>
   <word id="word_71">secretário-geral</word>
   <word id="word_72">de_</word>
   <word id="word_73">a</word>
   <word id="word_74">Organização</word>
   <word id="word_75">Meteorológica</word>
   <word id="word_76">Mundial</word>
   <word id="word_77">(</word>
   <word id="word_78">OMM</word>
   <word id="word_79">)</word>
   <word id="word_80">,</word>
   <word id="word_81">Godwin</word>
   <word id="word_82">Obasi</word>
   <word id="word_83">,</word>
   <word id="word_84">considera</word>
   <word id="word_85">o</word>
   <word id="word_86">reforço</word>
   <word id="word_87">de_</word>
   <word id="word_88">a</word>
   <word id="word_89">rede</word>
   <word id="word_90">de</word>
   <word id="word_91">estações</word>
   <word id="word_92">meteorológicas</word>
   <word id="word_93">de_</word>
   <word id="word_94">o</word>
   <word id="word_95">planeta</word>
   <word id="word_96">a</word>
   <word id="word_97">prioridade</word>
   <word id="word_98">número</word>
   <word id="word_99">um</word>
   <word id="word_100">de_</word>
   <word id="word_101">a</word>
   <word id="word_102">sua</word>
   <word id="word_103">organização</word>
   <word id="word_104">.</word>
   <word id="word_105">"</word>
   <word id="word_106">Sem</word>
   <word id="word_107">dados</word>
   <word id="word_108">cada</word>
   <word id="word_109">vez</word>
   <word id="word_110">mais</word>
   <word id="word_111">fiáveis</word>
   <word id="word_112">,</word>
   <word id="word_113">continuaremos</word>
   <word id="word_114">a</word>
   <word id="word_115">especular</word>
   <word id="word_116">,</word>
   <word id="word_117">em</word>
   <word id="word_118">vez</word>
   <word id="word_119">de</word>
   <word id="word_120">tomarmos</word>
   <word id="word_121">as</word>
   <word id="word_122">decisões</word>
   <word id="word_123">que</word>
   <word id="word_124">se</word>
   <word id="word_125">impõem</word>
   <word id="word_126">"</word>
   <word id="word_127">,</word>
   <word id="word_128">afirma</word>
   <word id="word_129">.</word>
   <word id="word_130">Nigeriano</word>
   <word id="word_131">de</word>
   <word id="word_132">origem</word>
   <word id="word_133">e</word>
   <word id="word_134">meteorologista</word>
   <word id="word_135">de</word>
   <word id="word_136">formação</word>
   <word id="word_137">,</word>
   <word id="word_138">Godwin</word>
   <word id="word_139">O</word>
   <word id="word_140">.</word>
   <word id="word_141">P</word>
   <word id="word_142">.</word>
   <word id="word_143">Obasi</word>
   <word id="word_144">,</word>
   <word id="word_145">esteve</word>
   <word id="word_146">durante</word>
   <word id="word_147">o</word>
   <word id="word_148">último</word>
   <word id="word_149">fim-de-semana</word>
   <word id="word_150">em</word>
   <word id="word_151">Lisboa</word>
   <word id="word_152">,</word>
   <word id="word_153">onde</word>
   <word id="word_154">veio</word>
   <word id="word_155">assinar</word>
   <word id="word_156">um</word>
   <word id="word_157">acordo</word>
   <word id="word_158">de</word>
   <word id="word_159">cooperação</word>
   <word id="word_160">com</word>
   <word id="word_161">o</word>
   <word id="word_162">Governo</word>
   <word id="word_163">português</word>
   <word id="word_164">,</word>
   <word id="word_165">a_</word>
   <word id="word_166">o</word>
   <word id="word_167">abrigo</word>
   <word id="word_168">de_</word>
   <word id="word_169">o</word>
   <word id="word_170">qual</word>
   <word id="word_171">a</word>
   <word id="word_172">OMM</word>
   <word id="word_173">irá</word>
   <word id="word_174">financiar</word>
   <word id="word_175">bolsas</word>
   <word id="word_176">para</word>
   <word id="word_177">a</word>
   <word id="word_178">formação</word>
   <word id="word_179">,</word>
   <word id="word_180">em</word>
   <word id="word_181">Portugal</word>
   <word id="word_182">,</word>
   <word id="word_183">de</word>
   <word id="word_184">técnicos</word>
   <word id="word_185">de</word>
   <word id="word_186">meteorologia</word>
   <word id="word_187">de_</word>
   <word id="word_188">os</word>
   <word id="word_189">países</word>
   <word id="word_190">africanos</word>
   <word id="word_191">de</word>
   <word id="word_192">língua</word>
   <word id="word_193">oficial</word>
   <word id="word_194">portuguesa</word>
   <word id="word_195">.</word>
   <word id="word_196">O</word>
   <word id="word_197">PÚBLICO</word>
   <word id="word_198">entrevistou</word>
   <word id="word_199">-o</word>
   <word id="word_200">.</word>
   <word id="word_201">PÚBLICO</word>
   <word id="word_202">-</word>
   <word id="word_203">Em</word>
   <word id="word_204">sua</word>
   <word id="word_205">opinião</word>
   <word id="word_206">,</word>
   <word id="word_207">quais</word>
   <word id="word_208">são</word>
   <word id="word_209">os</word>
   <word id="word_210">principais</word>
   <word id="word_211">obstáculos</word>
   <word id="word_212">a_</word>
   <word id="word_213">a</word>
   <word id="word_214">melhoria</word>
   <word id="word_215">de_</word>
   <word id="word_216">as</word>
   <word id="word_217">previsões</word>
   <word id="word_218">meteorológicas</word>
   <word id="word_219">?</word>
   <word id="word_220">Há</word>
   <word id="word_221">alguns</word>
   <word id="word_222">anos</word>
   <word id="word_223">,</word>
   <word id="word_224">faltavam</word>
   <word id="word_225">estações</word>
   <word id="word_226">de</word>
   <word id="word_227">observação</word>
   <word id="word_228">e</word>
   <word id="word_229">não</word>
   <word id="word_230">havia</word>
   <word id="word_231">modelos</word>
   <word id="word_232">matemáticos</word>
   <word id="word_233">nem</word>
   <word id="word_234">computadores</word>
   <word id="word_235">capazes</word>
   <word id="word_236">de</word>
   <word id="word_237">modelizar</word>
   <word id="word_238">o</word>
   <word id="word_239">clima</word>
   <word id="word_240">e</word>
   <word id="word_241">as</word>
   <word id="word_242">condições</word>
   <word id="word_243">meteorológicas</word>
   <word id="word_244">.</word>
   <word id="word_245">Depois</word>
   <word id="word_246">,</word>
   <word id="word_247">começou</word>
   <word id="word_248">a</word>
   <word id="word_249">dizer</word>
   <word id="word_250">-se</word>
   <word id="word_251">que</word>
   <word id="word_252">o</word>
   <word id="word_253">tempo</word>
   <word id="word_254">era</word>
   <word id="word_255">um</word>
   <word id="word_256">sistema</word>
   <word id="word_257">caótico</word>
   <word id="word_258">e</word>
   <word id="word_259">parecia</word>
   <word id="word_260">que</word>
   <word id="word_261">os</word>
   <word id="word_262">limites</word>
   <word id="word_263">impostos</word>
   <word id="word_264">a_</word>
   <word id="word_265">a</word>
   <word id="word_266">previsão</word>
   <word id="word_267">eram</word>
   <word id="word_268">,</word>
   <word id="word_269">afinal</word>
   <word id="word_270">,</word>
   <word id="word_271">um</word>
   <word id="word_272">limite</word>
   <word id="word_273">intrínseco</word>
   <word id="word_274">de_</word>
   <word id="word_275">o</word>
   <word id="word_276">próprio</word>
   <word id="word_277">sistema</word>
   <word id="word_278">.</word>
   <word id="word_279">Considera</word>
   <word id="word_280">que</word>
   <word id="word_281">os</word>
   <word id="word_282">principais</word>
   <word id="word_283">problemas</word>
   <word id="word_284">consistem</word>
   <word id="word_285">na</word>
   <word id="word_286">falta</word>
   <word id="word_287">de</word>
   <word id="word_288">dados</word>
   <word id="word_289">de</word>
   <word id="word_290">base</word>
   <word id="word_291">,</word>
   <word id="word_292">de</word>
   <word id="word_293">melhores</word>
   <word id="word_294">modelos</word>
   <word id="word_295">matemáticos</word>
   <word id="word_296">,</word>
   <word id="word_297">de</word>
   <word id="word_298">melhores</word>
   <word id="word_299">computadores</word>
   <word id="word_300">,</word>
   <word id="word_301">ou</word>
   <word id="word_302">em_</word>
   <word id="word_303">uma</word>
   <word id="word_304">dificuldade</word>
   <word id="word_305">inultrapassável</word>
   <word id="word_306">devida</word>
   <word id="word_307">a_</word>
   <word id="word_308">o</word>
   <word id="word_309">caos</word>
   <word id="word_310">?</word>
   <word id="word_311">GODWIN</word>
   <word id="word_312">OBASI</word>
   <word id="word_313">-</word>
   <word id="word_314">Antes</word>
   <word id="word_315">de</word>
   <word id="word_316">mais</word>
   <word id="word_317">,</word>
   <word id="word_318">deixe</word>
   <word id="word_319">-me</word>
   <word id="word_320">dizer</word>
   <word id="word_321">-lhe</word>
   <word id="word_322">que</word>
   <word id="word_323">as</word>
   <word id="word_324">previsões</word>
   <word id="word_325">meteorológicas</word>
   <word id="word_326">de</word>
   <word id="word_327">curto</word>
   <word id="word_328">e</word>
   <word id="word_329">médio</word>
   <word id="word_330">prazo</word>
   <word id="word_331">(</word>
   <word id="word_332">respectivamente</word>
   <word id="word_333">de</word>
   <word id="word_334">1</word>
   <word id="word_335">-</word>
   <word id="word_336">3</word>
   <word id="word_337">dias</word>
   <word id="word_338">e</word>
   <word id="word_339">4</word>
   <word id="word_340">-</word>
   <word id="word_341">10</word>
   <word id="word_342">dias</word>
   <word id="word_343">)</word>
   <word id="word_344">melhoraram</word>
   <word id="word_345">enormemente</word>
   <word id="word_346">a</word>
   <word id="word_347">sua</word>
   <word id="word_348">qualidade</word>
   <word id="word_349">nos</word>
   <word id="word_350">últimos</word>
   <word id="word_351">anos</word>
   <word id="word_352">.</word>
   <word id="word_353">A</word>
   <word id="word_354">falta</word>
   <word id="word_355">de</word>
   <word id="word_356">estações</word>
   <word id="word_357">de</word>
   <word id="word_358">recolha</word>
   <word id="word_359">de</word>
   <word id="word_360">dados</word>
   <word id="word_361">é</word>
   <word id="word_362">a</word>
   <word id="word_363">que</word>
   <word id="word_364">nos</word>
   <word id="word_365">parece</word>
   <word id="word_366">de</word>
   <word id="word_367">maior</word>
   <word id="word_368">importância</word>
   <word id="word_369">superar</word>
   <word id="word_370">,</word>
   <word id="word_371">para</word>
   <word id="word_372">permitir</word>
   <word id="word_373">melhorar</word>
   <word id="word_374">a</word>
   <word id="word_375">fiabilidade</word>
   <word id="word_376">de_</word>
   <word id="word_377">as</word>
   <word id="word_378">previsões</word>
   <word id="word_379">.</word>
   <word id="word_380">Quanto</word>
   <word id="word_381">a_</word>
   <word id="word_382">os</word>
   <word id="word_383">modelos</word>
   <word id="word_384">que</word>
   <word id="word_385">se</word>
   <word id="word_386">usam</word>
   <word id="word_387">actualmente</word>
   <word id="word_388">,</word>
   <word id="word_389">são</word>
   <word id="word_390">muito</word>
   <word id="word_391">rigorosos</word>
   <word id="word_392">e</word>
   <word id="word_393">não</word>
   <word id="word_394">nos</word>
   <word id="word_395">parecem</word>
   <word id="word_396">responsáveis</word>
   <word id="word_397">pela</word>
   <word id="word_398">imprecisão</word>
   <word id="word_399">de_</word>
   <word id="word_400">as</word>
   <word id="word_401">previsões</word>
   <word id="word_402">:</word>
   <word id="word_403">é</word>
   <word id="word_404">a</word>
   <word id="word_405">qualidade</word>
   <word id="word_406">de_</word>
   <word id="word_407">os</word>
   <word id="word_408">dados</word>
   <word id="word_409">que</word>
   <word id="word_410">se</word>
   <word id="word_411">fornecem</word>
   <word id="word_412">a_</word>
   <word id="word_413">o</word>
   <word id="word_414">computador</word>
   <word id="word_415">que</word>
   <word id="word_416">as</word>
   <word id="word_417">condiciona</word>
   <word id="word_418">.</word>
   <word id="word_419">em_</word>
   <word id="word_420">uma</word>
   <word id="word_421">previsão</word>
   <word id="word_422">de</word>
   <word id="word_423">24</word>
   <word id="word_424">horas</word>
   <word id="word_425">para</word>
   <word id="word_426">um</word>
   <word id="word_427">país</word>
   <word id="word_428">de_</word>
   <word id="word_429">a</word>
   <word id="word_430">Europa</word>
   <word id="word_431">ocidental</word>
   <word id="word_432">,</word>
   <word id="word_433">por</word>
   <word id="word_434">exemplo</word>
   <word id="word_435">,</word>
   <word id="word_436">é</word>
   <word id="word_437">preciso</word>
   <word id="word_438">ter</word>
   <word id="word_439">dados</word>
   <word id="word_440">de</word>
   <word id="word_441">toda</word>
   <word id="word_442">a</word>
   <word id="word_443">Europa</word>
   <word id="word_444">,</word>
   <word id="word_445">de</word>
   <word id="word_446">uma</word>
   <word id="word_447">grande</word>
   <word id="word_448">parte</word>
   <word id="word_449">de</word>
   <word id="word_450">África</word>
   <word id="word_451">,</word>
   <word id="word_452">etc</word>
   <word id="word_453">.</word>
   <word id="word_454">Se</word>
   <word id="word_455">quisermos</word>
   <word id="word_456">uma</word>
   <word id="word_457">previsão</word>
   <word id="word_458">a</word>
   <word id="word_459">quatro</word>
   <word id="word_460">dias</word>
   <word id="word_461">,</word>
   <word id="word_462">já</word>
   <word id="word_463">se</word>
   <word id="word_464">torna</word>
   <word id="word_465">necessário</word>
   <word id="word_466">cobrir</word>
   <word id="word_467">cerca</word>
   <word id="word_468">de</word>
   <word id="word_469">metade</word>
   <word id="word_470">de_</word>
   <word id="word_471">o</word>
   <word id="word_472">globo</word>
   <word id="word_473">.</word>
   <word id="word_474">E</word>
   <word id="word_475">,</word>
   <word id="word_476">para</word>
   <word id="word_477">uma</word>
   <word id="word_478">previsão</word>
   <word id="word_479">além</word>
   <word id="word_480">de_</word>
   <word id="word_481">os</word>
   <word id="word_482">quatro</word>
   <word id="word_483">ou</word>
   <word id="word_484">cinco</word>
   <word id="word_485">dias</word>
   <word id="word_486">,</word>
   <word id="word_487">são</word>
   <word id="word_488">precisos</word>
   <word id="word_489">dados</word>
   <word id="word_490">de</word>
   <word id="word_491">todo</word>
   <word id="word_492">o</word>
   <word id="word_493">globo</word>
   <word id="word_494">.</word>
   <word id="word_495">Mesmo</word>
   <word id="word_496">que</word>
   <word id="word_497">se</word>
   <word id="word_498">tenha</word>
   <word id="word_499">uma</word>
   <word id="word_500">densidade</word>
   <word id="word_501">óptima</word>
   <word id="word_502">de</word>
   <word id="word_503">estações</word>
   <word id="word_504">de</word>
   <word id="word_505">observação</word>
   <word id="word_506">em</word>
   <word id="word_507">Portugal</word>
   <word id="word_508">,</word>
   <word id="word_509">não</word>
   <word id="word_510">podemos</word>
   <word id="word_511">esperar</word>
   <word id="word_512">uma</word>
   <word id="word_513">boa</word>
   <word id="word_514">previsão</word>
   <word id="word_515">,</word>
   <word id="word_516">nem</word>
   <word id="word_517">sequer</word>
   <word id="word_518">para</word>
   <word id="word_519">Portugal</word>
   <word id="word_520">,</word>
   <word id="word_521">se</word>
   <word id="word_522">o</word>
   <word id="word_523">resto</word>
   <word id="word_524">de_</word>
   <word id="word_525">o</word>
   <word id="word_526">mundo</word>
   <word id="word_527">não</word>
   <word id="word_528">estiver</word>
   <word id="word_529">bem</word>
   <word id="word_530">coberto</word>
   <word id="word_531">.</word>
   <word id="word_532">Existem</word>
   <word id="word_533">mais</word>
   <word id="word_534">de</word>
   <word id="word_535">dez</word>
   <word id="word_536">mil</word>
   <word id="word_537">estações</word>
   <word id="word_538">terrestres</word>
   <word id="word_539">de</word>
   <word id="word_540">observação</word>
   <word id="word_541">no</word>
   <word id="word_542">mundo</word>
   <word id="word_543">e</word>
   <word id="word_544">mais</word>
   <word id="word_545">de</word>
   <word id="word_546">1500</word>
   <word id="word_547">estações</word>
   <word id="word_548">atmosféricas</word>
   <word id="word_549">.</word>
   <word id="word_550">O</word>
   <word id="word_551">problema</word>
   <word id="word_552">é</word>
   <word id="word_553">que</word>
   <word id="word_554">,</word>
   <word id="word_555">para</word>
   <word id="word_556">certos</word>
   <word id="word_557">países</word>
   <word id="word_558">,</word>
   <word id="word_559">operar</word>
   <word id="word_560">com</word>
   <word id="word_561">estas</word>
   <word id="word_562">estações</word>
   <word id="word_563">representa</word>
   <word id="word_564">um</word>
   <word id="word_565">pesado</word>
   <word id="word_566">custo</word>
   <word id="word_567">,</word>
   <word id="word_568">e</word>
   <word id="word_569">muitos</word>
   <word id="word_570">de_</word>
   <word id="word_571">eles</word>
   <word id="word_572">reduziram</word>
   <word id="word_573">as</word>
   <word id="word_574">actividades</word>
   <word id="word_575">de</word>
   <word id="word_576">observação</word>
   <word id="word_577">.</word>
   <word id="word_578">P</word>
   <word id="word_579">.</word>
   <word id="word_580">-</word>
   <word id="word_581">Estamos</word>
   <word id="word_582">ainda</word>
   <word id="word_583">longe</word>
   <word id="word_584">,</word>
   <word id="word_585">portanto</word>
   <word id="word_586">,</word>
   <word id="word_587">de</word>
   <word id="word_588">atingir</word>
   <word id="word_589">os</word>
   <word id="word_590">limites</word>
   <word id="word_591">teóricos</word>
   <word id="word_592">de_</word>
   <word id="word_593">a</word>
   <word id="word_594">previsão</word>
   <word id="word_595">meteorológica</word>
   <word id="word_596">?</word>
   <word id="word_597">R.-</word>
   <word id="word_598">Os</word>
   <word id="word_599">limites</word>
   <word id="word_600">teóricos</word>
   <word id="word_601">situam</word>
   <word id="word_602">-se</word>
   <word id="word_603">algures</word>
   <word id="word_604">entre</word>
   <word id="word_605">os</word>
   <word id="word_606">18</word>
   <word id="word_607">e</word>
   <word id="word_608">os</word>
   <word id="word_609">21</word>
   <word id="word_610">dias</word>
   <word id="word_611">.</word>
   <word id="word_612">É</word>
   <word id="word_613">possível</word>
   <word id="word_614">fazer</word>
   <word id="word_615">visões</word>
   <word id="word_616">por</word>
   <word id="word_617">três</word>
   <word id="word_618">,</word>
   <word id="word_619">quatro</word>
   <word id="word_620">,</word>
   <word id="word_621">dez</word>
   <word id="word_622">dias</word>
   <word id="word_623">e</word>
   <word id="word_624">prosseguir</word>
   <word id="word_625">até</word>
   <word id="word_626">a_</word>
   <word id="word_627">os</word>
   <word id="word_628">18</word>
   <word id="word_629">com</word>
   <word id="word_630">algum</word>
   <word id="word_631">êxito</word>
   <word id="word_632">,</word>
   <word id="word_633">ainda</word>
   <word id="word_634">que</word>
   <word id="word_635">elas</word>
   <word id="word_636">se</word>
   <word id="word_637">vão</word>
   <word id="word_638">degradando</word>
   <word id="word_639">.</word>
   <word id="word_640">Mas</word>
   <word id="word_641">,</word>
   <word id="word_642">depois</word>
   <word id="word_643">de_</word>
   <word id="word_644">os</word>
   <word id="word_645">18</word>
   <word id="word_646">dias</word>
   <word id="word_647">,</word>
   <word id="word_648">não</word>
   <word id="word_649">são</word>
   <word id="word_650">melhores</word>
   <word id="word_651">de_</word>
   <word id="word_652">o</word>
   <word id="word_653">que</word>
   <word id="word_654">se</word>
   <word id="word_655">tentarmos</word>
   <word id="word_656">adivinhar</word>
   <word id="word_657">.</word>
   <word id="word_658">P.-</word>
   <word id="word_659">Como</word>
   <word id="word_660">espera</word>
   <word id="word_661">financiar</word>
   <word id="word_662">todas</word>
   <word id="word_663">essas</word>
   <word id="word_664">estações</word>
   <word id="word_665">de</word>
   <word id="word_666">observação</word>
   <word id="word_667">que</word>
   <word id="word_668">é</word>
   <word id="word_669">necessário</word>
   <word id="word_670">montar</word>
   <word id="word_671">ou</word>
   <word id="word_672">reactivar</word>
   <word id="word_673">,</word>
   <word id="word_674">inclusive</word>
   <word id="word_675">no</word>
   <word id="word_676">Terceiro</word>
   <word id="word_677">Mundo</word>
   <word id="word_678">?</word>
   <word id="word_679">R.-</word>
   <word id="word_680">Tentamos</word>
   <word id="word_681">encorajar</word>
   <word id="word_682">todos</word>
   <word id="word_683">os</word>
   <word id="word_684">países</word>
   <word id="word_685">membros</word>
   <word id="word_686">de_</word>
   <word id="word_687">a</word>
   <word id="word_688">OMM</word>
   <word id="word_689">a</word>
   <word id="word_690">porem</word>
   <word id="word_691">em</word>
   <word id="word_692">prática</word>
   <word id="word_693">aquilo</word>
   <word id="word_694">que</word>
   <word id="word_695">acreditamos</word>
   <word id="word_696">ser</word>
   <word id="word_697">necessário</word>
   <word id="word_698">para</word>
   <word id="word_699">melhorar</word>
   <word id="word_700">a</word>
   <word id="word_701">qualidade</word>
   <word id="word_702">de_</word>
   <word id="word_703">a</word>
   <word id="word_704">meteorologia</word>
   <word id="word_705">.</word>
   <word id="word_706">Mas</word>
   <word id="word_707">há</word>
   <word id="word_708">os</word>
   <word id="word_709">que</word>
   <word id="word_710">não</word>
   <word id="word_711">possuem</word>
   <word id="word_712">,</word>
   <word id="word_713">de</word>
   <word id="word_714">facto</word>
   <word id="word_715">,</word>
   <word id="word_716">os</word>
   <word id="word_717">recursos</word>
   <word id="word_718">para</word>
   <word id="word_719">o</word>
   <word id="word_720">fazer</word>
   <word id="word_721">.</word>
   <word id="word_722">A</word>
   <word id="word_723">OMM</word>
   <word id="word_724">instituiu</word>
   <word id="word_725">,</word>
   <word id="word_726">assim</word>
   <word id="word_727">,</word>
   <word id="word_728">um</word>
   <word id="word_729">Programa</word>
   <word id="word_730">Voluntário</word>
   <word id="word_731">de</word>
   <word id="word_732">Cooperação</word>
   <word id="word_733">,</word>
   <word id="word_734">a_</word>
   <word id="word_735">o</word>
   <word id="word_736">abrigo</word>
   <word id="word_737">de_</word>
   <word id="word_738">o</word>
   <word id="word_739">qual</word>
   <word id="word_740">certas</word>
   <word id="word_741">nações</word>
   <word id="word_742">oferecem</word>
   <word id="word_743">equipamento</word>
   <word id="word_744">,</word>
   <word id="word_745">treinam</word>
   <word id="word_746">pessoas</word>
   <word id="word_747">de</word>
   <word id="word_748">outros</word>
   <word id="word_749">países</word>
   <word id="word_750">ou</word>
   <word id="word_751">enviam</word>
   <word id="word_752">peritos</word>
   <word id="word_753">seus</word>
   <word id="word_754">para</word>
   <word id="word_755">fazerem</word>
   <word id="word_756">formação</word>
   <word id="word_757">.</word>
   <word id="word_758">Uma</word>
   <word id="word_759">de_</word>
   <word id="word_760">as</word>
   <word id="word_761">razões</word>
   <word id="word_762">de_</word>
   <word id="word_763">a</word>
   <word id="word_764">minha</word>
   <word id="word_765">vinda</word>
   <word id="word_766">a</word>
   <word id="word_767">Portugal</word>
   <word id="word_768">foi</word>
   <word id="word_769">precisamente</word>
   <word id="word_770">a</word>
   <word id="word_771">assinatura</word>
   <word id="word_772">de</word>
   <word id="word_773">um</word>
   <word id="word_774">acordo</word>
   <word id="word_775">de</word>
   <word id="word_776">cooperação</word>
   <word id="word_777">Portugal-OMM</word>
   <word id="word_778">,</word>
   <word id="word_779">a_</word>
   <word id="word_780">o</word>
   <word id="word_781">abrigo</word>
   <word id="word_782">de_</word>
   <word id="word_783">o</word>
   <word id="word_784">qual</word>
   <word id="word_785">serão</word>
   <word id="word_786">concedidas</word>
   <word id="word_787">bolsas</word>
   <word id="word_788">para</word>
   <word id="word_789">formação</word>
   <word id="word_790">de</word>
   <word id="word_791">técnicos</word>
   <word id="word_792">de_</word>
   <word id="word_793">os</word>
   <word id="word_794">países</word>
   <word id="word_795">africanos</word>
   <word id="word_796">de</word>
   <word id="word_797">língua</word>
   <word id="word_798">portuguesa</word>
   <word id="word_799">.</word>
   <word id="word_800">P.-</word>
   <word id="word_801">A</word>
   <word id="word_802">falta</word>
   <word id="word_803">de</word>
   <word id="word_804">informação</word>
   <word id="word_805">meteorológica</word>
   <word id="word_806">respeitante</word>
   <word id="word_807">a</word>
   <word id="word_808">certas</word>
   <word id="word_809">regiões</word>
   <word id="word_810">de_</word>
   <word id="word_811">o</word>
   <word id="word_812">mundo</word>
   <word id="word_813">significa</word>
   <word id="word_814">que</word>
   <word id="word_815">elas</word>
   <word id="word_816">tem</word>
   <word id="word_817">previsões</word>
   <word id="word_818">de</word>
   <word id="word_819">qualidade</word>
   <word id="word_820">inferior</word>
   <word id="word_821">a_</word>
   <word id="word_822">a</word>
   <word id="word_823">de</word>
   <word id="word_824">outros</word>
   <word id="word_825">países</word>
   <word id="word_826">?</word>
   <word id="word_827">R.-</word>
   <word id="word_828">Não</word>
   <word id="word_829">,</word>
   <word id="word_830">necessariamente</word>
   <word id="word_831">.</word>
   <word id="word_832">Na</word>
   <word id="word_833">previsão</word>
   <word id="word_834">a</word>
   <word id="word_835">curto</word>
   <word id="word_836">prazo</word>
   <word id="word_837">isso</word>
   <word id="word_838">pode</word>
   <word id="word_839">ser</word>
   <word id="word_840">verdade</word>
   <word id="word_841">,</word>
   <word id="word_842">porque</word>
   <word id="word_843">há</word>
   <word id="word_844">pouca</word>
   <word id="word_845">informação</word>
   <word id="word_846">local</word>
   <word id="word_847">.</word>
   <word id="word_848">Mas</word>
   <word id="word_849">no</word>
   <word id="word_850">que</word>
   <word id="word_851">diz</word>
   <word id="word_852">respeito</word>
   <word id="word_853">a_</word>
   <word id="word_854">o</word>
   <word id="word_855">médio</word>
   <word id="word_856">prazo</word>
   <word id="word_857">,</word>
   <word id="word_858">essas</word>
   <word id="word_859">lacunas</word>
   <word id="word_860">afectam</word>
   <word id="word_861">toda</word>
   <word id="word_862">a</word>
   <word id="word_863">gente</word>
   <word id="word_864">,</word>
   <word id="word_865">todas</word>
   <word id="word_866">as</word>
   <word id="word_867">previsões</word>
   <word id="word_868">que</word>
   <word id="word_869">se</word>
   <word id="word_870">fazem</word>
   <word id="word_871">no</word>
   <word id="word_872">mundo</word>
   <word id="word_873">.</word>
   <word id="word_874">Mesmo</word>
   <word id="word_875">que</word>
   <word id="word_876">,</word>
   <word id="word_877">por</word>
   <word id="word_878">absurdo</word>
   <word id="word_879">,</word>
   <word id="word_880">um</word>
   <word id="word_881">país</word>
   <word id="word_882">muito</word>
   <word id="word_883">rico</word>
   <word id="word_884">montasse</word>
   <word id="word_885">uma</word>
   <word id="word_886">estação</word>
   <word id="word_887">meteorológica</word>
   <word id="word_888">de</word>
   <word id="word_889">dez</word>
   <word id="word_890">em</word>
   <word id="word_891">dez</word>
   <word id="word_892">quilómetros</word>
   <word id="word_893">,</word>
   <word id="word_894">tudo</word>
   <word id="word_895">o</word>
   <word id="word_896">que</word>
   <word id="word_897">conseguiria</word>
   <word id="word_898">seria</word>
   <word id="word_899">melhorar</word>
   <word id="word_900">a</word>
   <word id="word_901">sua</word>
   <word id="word_902">previsão</word>
   <word id="word_903">a</word>
   <word id="word_904">curto</word>
   <word id="word_905">prazo</word>
   <word id="word_906">.</word>
   <word id="word_907">Na</word>
   <word id="word_908">melhor</word>
   <word id="word_909">de_</word>
   <word id="word_910">as</word>
   <word id="word_911">hipóteses</word>
   <word id="word_912">,</word>
   <word id="word_913">poderia</word>
   <word id="word_914">prever</word>
   <word id="word_915">em</word>
   <word id="word_916">pormenor</word>
   <word id="word_917">o</word>
   <word id="word_918">que</word>
   <word id="word_919">aconteceria</word>
   <word id="word_920">nas</word>
   <word id="word_921">próximas</word>
   <word id="word_922">seis</word>
   <word id="word_923">ou</word>
   <word id="word_924">12</word>
   <word id="word_925">horas</word>
   <word id="word_926">,</word>
   <word id="word_927">mas</word>
   <word id="word_928">isso</word>
   <word id="word_929">não</word>
   <word id="word_930">iria</word>
   <word id="word_931">melhorar</word>
   <word id="word_932">em</word>
   <word id="word_933">nada</word>
   <word id="word_934">a</word>
   <word id="word_935">sua</word>
   <word id="word_936">previsão</word>
   <word id="word_937">a</word>
   <word id="word_938">mais</word>
   <word id="word_939">longo</word>
   <word id="word_940">prazo</word>
   <word id="word_941">.</word>
   <word id="word_942">Nem</word>
   <word id="word_943">sequer</word>
   <word id="word_944">a</word>
   <word id="word_945">que</word>
   <word id="word_946">fizesse</word>
   <word id="word_947">para</word>
   <word id="word_948">o</word>
   <word id="word_949">dia</word>
   <word id="word_950">seguinte</word>
   <word id="word_951">.</word>
   <word id="word_952">P.-</word>
   <word id="word_953">Melhorar</word>
   <word id="word_954">a</word>
   <word id="word_955">cobertura</word>
   <word id="word_956">meteorológica</word>
   <word id="word_957">mundial</word>
   <word id="word_958">é</word>
   <word id="word_959">o</word>
   <word id="word_960">principal</word>
   <word id="word_961">objectivo</word>
   <word id="word_962">de_</word>
   <word id="word_963">a</word>
   <word id="word_964">OMM</word>
   <word id="word_965">?</word>
   <word id="word_966">R.-</word>
   <word id="word_967">É</word>
   <word id="word_968">o</word>
   <word id="word_969">principal</word>
   <word id="word_970">objectivo</word>
   <word id="word_971">de_</word>
   <word id="word_972">a</word>
   <word id="word_973">OMM</word>
   <word id="word_974">e</word>
   <word id="word_975">é</word>
   <word id="word_976">a</word>
   <word id="word_977">coisa</word>
   <word id="word_978">mais</word>
   <word id="word_979">sensata</word>
   <word id="word_980">a</word>
   <word id="word_981">fazer</word>
   <word id="word_982">se</word>
   <word id="word_983">queremos</word>
   <word id="word_984">compreender</word>
   <word id="word_985">o</word>
   <word id="word_986">fenómeno</word>
   <word id="word_987">de_</word>
   <word id="word_988">o</word>
   <word id="word_989">aquecimento</word>
   <word id="word_990">global</word>
   <word id="word_991">e</word>
   <word id="word_992">de_</word>
   <word id="word_993">as</word>
   <word id="word_994">suas</word>
   <word id="word_995">implicações</word>
   <word id="word_996">.</word>
   <word id="word_997">Só</word>
   <word id="word_998">a</word>
   <word id="word_999">melhoria</word>
   <word id="word_1000">de_</word>
   <word id="word_1001">a</word>
   <word id="word_1002">nossa</word>
   <word id="word_1003">cobertura</word>
   <word id="word_1004">meteorológica</word>
   <word id="word_1005">nos</word>
   <word id="word_1006">permitirá</word>
   <word id="word_1007">saber</word>
   <word id="word_1008">o</word>
   <word id="word_1009">que</word>
   <word id="word_1010">está</word>
   <word id="word_1011">de</word>
   <word id="word_1012">facto</word>
   <word id="word_1013">a</word>
   <word id="word_1014">acontecer</word>
   <word id="word_1015">.</word>
   <word id="word_1016">Quando</word>
   <word id="word_1017">pensamos</word>
   <word id="word_1018">que</word>
   <word id="word_1019">alguns</word>
   <word id="word_1020">modelos</word>
   <word id="word_1021">nos</word>
   <word id="word_1022">dizem</word>
   <word id="word_1023">que</word>
   <word id="word_1024">o</word>
   <word id="word_1025">aquecimento</word>
   <word id="word_1026">global</word>
   <word id="word_1027">fará</word>
   <word id="word_1028">com</word>
   <word id="word_1029">que</word>
   <word id="word_1030">o</word>
   <word id="word_1031">nível</word>
   <word id="word_1032">de_</word>
   <word id="word_1033">o</word>
   <word id="word_1034">mar</word>
   <word id="word_1035">suba</word>
   <word id="word_1036">entre</word>
   <word id="word_1037">25</word>
   <word id="word_1038">centímetros</word>
   <word id="word_1039">e</word>
   <word id="word_1040">um</word>
   <word id="word_1041">metro</word>
   <word id="word_1042">até</word>
   <word id="word_1043">meados</word>
   <word id="word_1044">de_</word>
   <word id="word_1045">o</word>
   <word id="word_1046">próximo</word>
   <word id="word_1047">século</word>
   <word id="word_1048">,</word>
   <word id="word_1049">percebe</word>
   <word id="word_1050">-se</word>
   <word id="word_1051">bem</word>
   <word id="word_1052">a</word>
   <word id="word_1053">necessidade</word>
   <word id="word_1054">de</word>
   <word id="word_1055">melhorar</word>
   <word id="word_1056">a</word>
   <word id="word_1057">nossa</word>
   <word id="word_1058">capacidade</word>
   <word id="word_1059">de</word>
   <word id="word_1060">controlo</word>
   <word id="word_1061">.</word>
   <word id="word_1062">Se</word>
   <word id="word_1063">investirmos</word>
   <word id="word_1064">100</word>
   <word id="word_1065">milhões</word>
   <word id="word_1066">de</word>
   <word id="word_1067">dólares</word>
   <word id="word_1068">na</word>
   <word id="word_1069">rede</word>
   <word id="word_1070">de</word>
   <word id="word_1071">observação</word>
   <word id="word_1072">,</word>
   <word id="word_1073">pensamos</word>
   <word id="word_1074">que</word>
   <word id="word_1075">a</word>
   <word id="word_1076">incerteza</word>
   <word id="word_1077">poderá</word>
   <word id="word_1078">ser</word>
   <word id="word_1079">muito</word>
   <word id="word_1080">reduzida</word>
   <word id="word_1081">,</word>
   <word id="word_1082">e</word>
   <word id="word_1083">teremos</word>
   <word id="word_1084">a</word>
   <word id="word_1085">certeza</word>
   <word id="word_1086">de</word>
   <word id="word_1087">não</word>
   <word id="word_1088">estar</word>
   <word id="word_1089">nem</word>
   <word id="word_1090">a</word>
   <word id="word_1091">sobrevalorizar</word>
   <word id="word_1092">nem</word>
   <word id="word_1093">a</word>
   <word id="word_1094">subestimar</word>
   <word id="word_1095">as</word>
   <word id="word_1096">mudanças</word>
   <word id="word_1097">.</word>
   <word id="word_1098">P</word>
   <word id="word_1099">.</word>
   <word id="word_1100">-</word>
   <word id="word_1101">Quando</word>
   <word id="word_1102">diz</word>
   <word id="word_1103">que</word>
   <word id="word_1104">os</word>
   <word id="word_1105">modelos</word>
   <word id="word_1106">matemáticos</word>
   <word id="word_1107">usados</word>
   <word id="word_1108">na</word>
   <word id="word_1109">previsão</word>
   <word id="word_1110">são</word>
   <word id="word_1111">bons</word>
   <word id="word_1112">e</word>
   <word id="word_1113">que</word>
   <word id="word_1114">o</word>
   <word id="word_1115">que</word>
   <word id="word_1116">falta</word>
   <word id="word_1117">para</word>
   <word id="word_1118">melhorar</word>
   <word id="word_1119">as</word>
   <word id="word_1120">previsões</word>
   <word id="word_1121">são</word>
   <word id="word_1122">mais</word>
   <word id="word_1123">dados</word>
   <word id="word_1124">,</word>
   <word id="word_1125">isso</word>
   <word id="word_1126">quer</word>
   <word id="word_1127">dizer</word>
   <word id="word_1128">que</word>
   <word id="word_1129">a</word>
   <word id="word_1130">investigação</word>
   <word id="word_1131">se</word>
   <word id="word_1132">tornou</word>
   <word id="word_1133">secundária</word>
   <word id="word_1134">?</word>
   <word id="word_1135">Que</word>
   <word id="word_1136">já</word>
   <word id="word_1137">não</word>
   <word id="word_1138">existem</word>
   <word id="word_1139">grandes</word>
   <word id="word_1140">problemas</word>
   <word id="word_1141">a_</word>
   <word id="word_1142">o</word>
   <word id="word_1143">nível</word>
   <word id="word_1144">de_</word>
   <word id="word_1145">os</word>
   <word id="word_1146">modelos</word>
   <word id="word_1147">e</word>
   <word id="word_1148">de_</word>
   <word id="word_1149">as</word>
   <word id="word_1150">técnicas</word>
   <word id="word_1151">de</word>
   <word id="word_1152">previsão</word>
   <word id="word_1153">?</word>
   <word id="word_1154">R.</word>
   <word id="word_1155">-</word>
   <word id="word_1156">A</word>
   <word id="word_1157">investigação</word>
   <word id="word_1158">terá</word>
   <word id="word_1159">sempre</word>
   <word id="word_1160">de</word>
   <word id="word_1161">continuar</word>
   <word id="word_1162">.</word>
   <word id="word_1163">Dou</word>
   <word id="word_1164">-lhe</word>
   <word id="word_1165">um</word>
   <word id="word_1166">exemplo</word>
   <word id="word_1167">de_</word>
   <word id="word_1168">o</word>
   <word id="word_1169">tipo</word>
   <word id="word_1170">de</word>
   <word id="word_1171">dificuldades</word>
   <word id="word_1172">que</word>
   <word id="word_1173">temos</word>
   <word id="word_1174">:</word>
   <word id="word_1175">para</word>
   <word id="word_1176">fazer</word>
   <word id="word_1177">uma</word>
   <word id="word_1178">previsão</word>
   <word id="word_1179">precisamos</word>
   <word id="word_1180">de</word>
   <word id="word_1181">partir</word>
   <word id="word_1182">de</word>
   <word id="word_1183">um</word>
   <word id="word_1184">dado</word>
   <word id="word_1185">momento</word>
   <word id="word_1186">,</word>
   <word id="word_1187">que</word>
   <word id="word_1188">se</word>
   <word id="word_1189">considera</word>
   <word id="word_1190">como</word>
   <word id="word_1191">o</word>
   <word id="word_1192">momento</word>
   <word id="word_1193">inicial</word>
   <word id="word_1194">,</word>
   <word id="word_1195">"</word>
   <word id="word_1196">T</word>
   <word id="word_1197">zero</word>
   <word id="word_1198">"</word>
   <word id="word_1199">.</word>
   <word id="word_1200">O</word>
   <word id="word_1201">que</word>
   <word id="word_1202">significa</word>
   <word id="word_1203">que</word>
   <word id="word_1204">são</word>
   <word id="word_1205">necessárias</word>
   <word id="word_1206">medições</word>
   <word id="word_1207">simultâneas</word>
   <word id="word_1208">para</word>
   <word id="word_1209">saber</word>
   <word id="word_1210">o</word>
   <word id="word_1211">que</word>
   <word id="word_1212">se</word>
   <word id="word_1213">passa</word>
   <word id="word_1214">em</word>
   <word id="word_1215">redor</word>
   <word id="word_1216">de_</word>
   <word id="word_1217">o</word>
   <word id="word_1218">globo</word>
   <word id="word_1219">em_</word>
   <word id="word_1220">esse</word>
   <word id="word_1221">preciso</word>
   <word id="word_1222">instante.</word>
   <word id="word_1223">Mas</word>
   <word id="word_1224">nunca</word>
   <word id="word_1225">se</word>
   <word id="word_1226">obtém</word>
   <word id="word_1227">essa</word>
   <word id="word_1228">informação</word>
   <word id="word_1229">a_</word>
   <word id="word_1230">o</word>
   <word id="word_1231">mesmo</word>
   <word id="word_1232">tempo</word>
   <word id="word_1233">:</word>
   <word id="word_1234">uma</word>
   <word id="word_1235">foi</word>
   <word id="word_1236">colhida</word>
   <word id="word_1237">antes</word>
   <word id="word_1238">,</word>
   <word id="word_1239">outra</word>
   <word id="word_1240">depois</word>
   <word id="word_1241">,</word>
   <word id="word_1242">os</word>
   <word id="word_1243">satélites</word>
   <word id="word_1244">necessitam</word>
   <word id="word_1245">de</word>
   <word id="word_1246">horas</word>
   <word id="word_1247">para</word>
   <word id="word_1248">cobrir</word>
   <word id="word_1249">a</word>
   <word id="word_1250">Terra</word>
   <word id="word_1251">toda</word>
   <word id="word_1252">.</word>
   <word id="word_1253">Nunca</word>
   <word id="word_1254">se</word>
   <word id="word_1255">sabe</word>
   <word id="word_1256">que</word>
   <word id="word_1257">nuvéns</word>
   <word id="word_1258">havia</word>
   <word id="word_1259">no</word>
   <word id="word_1260">céu</word>
   <word id="word_1261">,</word>
   <word id="word_1262">em_</word>
   <word id="word_1263">um</word>
   <word id="word_1264">dado</word>
   <word id="word_1265">momento</word>
   <word id="word_1266">.</word>
   <word id="word_1267">Por</word>
   <word id="word_1268">exemplo</word>
   <word id="word_1269">,</word>
   <word id="word_1270">a</word>
   <word id="word_1271">operação</word>
   <word id="word_1272">que</word>
   <word id="word_1273">consiste</word>
   <word id="word_1274">em</word>
   <word id="word_1275">pegar</word>
   <word id="word_1276">nos</word>
   <word id="word_1277">dados</word>
   <word id="word_1278">recolhidos</word>
   <word id="word_1279">a_</word>
   <word id="word_1280">o</word>
   <word id="word_1281">longo</word>
   <word id="word_1282">de</word>
   <word id="word_1283">um</word>
   <word id="word_1284">certo</word>
   <word id="word_1285">período</word>
   <word id="word_1286">de</word>
   <word id="word_1287">tempo</word>
   <word id="word_1288">e</word>
   <word id="word_1289">em</word>
   <word id="word_1290">tentar</word>
   <word id="word_1291">descobrir</word>
   <word id="word_1292">o</word>
   <word id="word_1293">que</word>
   <word id="word_1294">estava</word>
   <word id="word_1295">a</word>
   <word id="word_1296">acontecer</word>
   <word id="word_1297">no</word>
   <word id="word_1298">momento</word>
   <word id="word_1299">"</word>
   <word id="word_1300">T</word>
   <word id="word_1301">zero</word>
   <word id="word_1302">"</word>
   <word id="word_1303">-</word>
   <word id="word_1304">que</word>
   <word id="word_1305">se</word>
   <word id="word_1306">chama</word>
   <word id="word_1307">"</word>
   <word id="word_1308">assimilação</word>
   <word id="word_1309">"</word>
   <word id="word_1310">-</word>
   <word id="word_1311">ainda</word>
   <word id="word_1312">precisa</word>
   <word id="word_1313">de</word>
   <word id="word_1314">ser</word>
   <word id="word_1315">muito</word>
   <word id="word_1316">melhorada</word>
   <word id="word_1317">.</word>
   <word id="word_1318">E</word>
   <word id="word_1319">isto</word>
   <word id="word_1320">,</word>
   <word id="word_1321">só</word>
   <word id="word_1322">para</word>
   <word id="word_1323">ter</word>
   <word id="word_1324">as</word>
   <word id="word_1325">condições</word>
   <word id="word_1326">iniciais</word>
   <word id="word_1327">.</word>
   <word id="word_1328">Depois</word>
   <word id="word_1329">,</word>
   <word id="word_1330">precisamos</word>
   <word id="word_1331">de</word>
   <word id="word_1332">conseguir</word>
   <word id="word_1333">descrever</word>
   <word id="word_1334">com</word>
   <word id="word_1335">muito</word>
   <word id="word_1336">mais</word>
   <word id="word_1337">rigor</word>
   <word id="word_1338">as</word>
   <word id="word_1339">nuvens</word>
   <word id="word_1340">que</word>
   <word id="word_1341">existem</word>
   <word id="word_1342">,</word>
   <word id="word_1343">o</word>
   <word id="word_1344">tipo</word>
   <word id="word_1345">de</word>
   <word id="word_1346">superfície</word>
   <word id="word_1347">,</word>
   <word id="word_1348">a</word>
   <word id="word_1349">topografia</word>
   <word id="word_1350">,</word>
   <word id="word_1351">e</word>
   <word id="word_1352">de</word>
   <word id="word_1353">estudar</word>
   <word id="word_1354">em</word>
   <word id="word_1355">profundidade</word>
   <word id="word_1356">a</word>
   <word id="word_1357">natureza</word>
   <word id="word_1358">de_</word>
   <word id="word_1359">a</word>
   <word id="word_1360">influência</word>
   <word id="word_1361">de</word>
   <word id="word_1362">cada</word>
   <word id="word_1363">um</word>
   <word id="word_1364">desses</word>
   <word id="word_1365">factores</word>
   <word id="word_1366">na</word>
   <word id="word_1367">previsão</word>
   <word id="word_1368">.</word>
   <word id="word_1369">em_</word>
   <word id="word_1370">este</word>
   <word id="word_1371">momento</word>
   <word id="word_1372">,</word>
   <word id="word_1373">a</word>
   <word id="word_1374">falta</word>
   <word id="word_1375">de</word>
   <word id="word_1376">capacidade</word>
   <word id="word_1377">de</word>
   <word id="word_1378">processamento</word>
   <word id="word_1379">de_</word>
   <word id="word_1380">os</word>
   <word id="word_1381">computadores</word>
   <word id="word_1382">não</word>
   <word id="word_1383">é</word>
   <word id="word_1384">uma</word>
   <word id="word_1385">limitação</word>
   <word id="word_1386">,</word>
   <word id="word_1387">como</word>
   <word id="word_1388">o</word>
   <word id="word_1389">era</word>
   <word id="word_1390">há</word>
   <word id="word_1391">uns</word>
   <word id="word_1392">anos</word>
   <word id="word_1393">,</word>
   <word id="word_1394">mas</word>
   <word id="word_1395">quando</word>
   <word id="word_1396">melhorarmos</word>
   <word id="word_1397">a</word>
   <word id="word_1398">resolução</word>
   <word id="word_1399">de_</word>
   <word id="word_1400">a</word>
   <word id="word_1401">nossa</word>
   <word id="word_1402">rede</word>
   <word id="word_1403">de</word>
   <word id="word_1404">estações</word>
   <word id="word_1405">talvez</word>
   <word id="word_1406">o</word>
   <word id="word_1407">problema</word>
   <word id="word_1408">se</word>
   <word id="word_1409">venha</word>
   <word id="word_1410">de</word>
   <word id="word_1411">novo</word>
   <word id="word_1412">a</word>
   <word id="word_1413">pôr</word>
   <word id="word_1414">.</word>
   <word id="word_1415">P</word>
   <word id="word_1416">.</word>
   <word id="word_1417">-</word>
   <word id="word_1418">Apesar</word>
   <word id="word_1419">de_</word>
   <word id="word_1420">a</word>
   <word id="word_1421">existência</word>
   <word id="word_1422">de</word>
   <word id="word_1423">um</word>
   <word id="word_1424">acordo</word>
   <word id="word_1425">na</word>
   <word id="word_1426">comunidade</word>
   <word id="word_1427">científica</word>
   <word id="word_1428">quanto</word>
   <word id="word_1429">a_</word>
   <word id="word_1430">o</word>
   <word id="word_1431">aquecimento</word>
   <word id="word_1432">global</word>
   <word id="word_1433">,</word>
   <word id="word_1434">os</word>
   <word id="word_1435">Estados</word>
   <word id="word_1436">Unidos</word>
   <word id="word_1437">continuam</word>
   <word id="word_1438">a</word>
   <word id="word_1439">dizer</word>
   <word id="word_1440">que</word>
   <word id="word_1441">não</word>
   <word id="word_1442">existe</word>
   <word id="word_1443">consenso</word>
   <word id="word_1444">sobre</word>
   <word id="word_1445">a</word>
   <word id="word_1446">questão</word>
   <word id="word_1447">e</word>
   <word id="word_1448">usam</word>
   <word id="word_1449">esse</word>
   <word id="word_1450">facto</word>
   <word id="word_1451">para</word>
   <word id="word_1452">se</word>
   <word id="word_1453">recusarem</word>
   <word id="word_1454">a</word>
   <word id="word_1455">impor</word>
   <word id="word_1456">restrições</word>
   <word id="word_1457">a_</word>
   <word id="word_1458">a</word>
   <word id="word_1459">produção</word>
   <word id="word_1460">de</word>
   <word id="word_1461">dióxido</word>
   <word id="word_1462">de</word>
   <word id="word_1463">carbono</word>
   <word id="word_1464">(</word>
   <word id="word_1465">CO2</word>
   <word id="word_1466">)</word>
   <word id="word_1467">.</word>
   <word id="word_1468">Por</word>
   <word id="word_1469">que</word>
   <word id="word_1470">não</word>
   <word id="word_1471">tenta</word>
   <word id="word_1472">a</word>
   <word id="word_1473">OMM</word>
   <word id="word_1474">validar</word>
   <word id="word_1475">os</word>
   <word id="word_1476">dados</word>
   <word id="word_1477">existentes</word>
   <word id="word_1478">sobre</word>
   <word id="word_1479">o</word>
   <word id="word_1480">aquecimento</word>
   <word id="word_1481">global</word>
   <word id="word_1482">e</word>
   <word id="word_1483">estabelecer</word>
   <word id="word_1484">um</word>
   <word id="word_1485">consenso</word>
   <word id="word_1486">mundial</word>
   <word id="word_1487">relativamente</word>
   <word id="word_1488">a_</word>
   <word id="word_1489">a</word>
   <word id="word_1490">questão</word>
   <word id="word_1491">?</word>
   <word id="word_1492">R.</word>
   <word id="word_1493">-</word>
   <word id="word_1494">A</word>
   <word id="word_1495">OMM</word>
   <word id="word_1496">tem</word>
   <word id="word_1497">cerca</word>
   <word id="word_1498">de</word>
   <word id="word_1499">60</word>
   <word id="word_1500">estações</word>
   <word id="word_1501">no</word>
   <word id="word_1502">mundo</word>
   <word id="word_1503">a</word>
   <word id="word_1504">medir</word>
   <word id="word_1505">a</word>
   <word id="word_1506">concentração</word>
   <word id="word_1507">de</word>
   <word id="word_1508">CO2</word>
   <word id="word_1509">.</word>
   <word id="word_1510">E</word>
   <word id="word_1511">todas</word>
   <word id="word_1512">elas</word>
   <word id="word_1513">concordam</word>
   <word id="word_1514">que</word>
   <word id="word_1515">essa</word>
   <word id="word_1516">concentração</word>
   <word id="word_1517">tem</word>
   <word id="word_1518">aumentado</word>
   <word id="word_1519">exponencialmente</word>
   <word id="word_1520">.</word>
   <word id="word_1521">O</word>
   <word id="word_1522">mesmo</word>
   <word id="word_1523">é</word>
   <word id="word_1524">verdade</word>
   <word id="word_1525">para</word>
   <word id="word_1526">o</word>
   <word id="word_1527">óxido</word>
   <word id="word_1528">nítrico</word>
   <word id="word_1529">,</word>
   <word id="word_1530">metano</word>
   <word id="word_1531">,</word>
   <word id="word_1532">clorofluorcarbonetos</word>
   <word id="word_1533">,</word>
   <word id="word_1534">para</word>
   <word id="word_1535">todos</word>
   <word id="word_1536">os</word>
   <word id="word_1537">chamados</word>
   <word id="word_1538">"</word>
   <word id="word_1539">gases</word>
   <word id="word_1540">de</word>
   <word id="word_1541">estufa</word>
   <word id="word_1542">"</word>
   <word id="word_1543">.</word>
   <word id="word_1544">Sabemos</word>
   <word id="word_1545">que</word>
   <word id="word_1546">a</word>
   <word id="word_1547">concentração</word>
   <word id="word_1548">de</word>
   <word id="word_1549">CO2</word>
   <word id="word_1550">na</word>
   <word id="word_1551">atmosfera</word>
   <word id="word_1552">é</word>
   <word id="word_1553">hoje</word>
   <word id="word_1554">25</word>
   <word id="word_1555">por</word>
   <word id="word_1556">cento</word>
   <word id="word_1557">superior</word>
   <word id="word_1558">a_</word>
   <word id="word_1559">a</word>
   <word id="word_1560">de</word>
   <word id="word_1561">1980</word>
   <word id="word_1562">.</word>
   <word id="word_1563">Não</word>
   <word id="word_1564">o</word>
   <word id="word_1565">vemos</word>
   <word id="word_1566">,</word>
   <word id="word_1567">mas</word>
   <word id="word_1568">ele</word>
   <word id="word_1569">está</word>
   <word id="word_1570">lá</word>
   <word id="word_1571">.</word>
   <word id="word_1572">O</word>
   <word id="word_1573">que</word>
   <word id="word_1574">significa</word>
   <word id="word_1575">que</word>
   <word id="word_1576">a</word>
   <word id="word_1577">química</word>
   <word id="word_1578">de_</word>
   <word id="word_1579">a</word>
   <word id="word_1580">atmosfera</word>
   <word id="word_1581">mudou</word>
   <word id="word_1582">.</word>
   <word id="word_1583">Nada</word>
   <word id="word_1584">de_</word>
   <word id="word_1585">isto</word>
   <word id="word_1586">é</word>
   <word id="word_1587">imaginação</word>
   <word id="word_1588">ou</word>
   <word id="word_1589">especulação</word>
   <word id="word_1590">.</word>
   <word id="word_1591">Os</word>
   <word id="word_1592">dados</word>
   <word id="word_1593">estão</word>
   <word id="word_1594">aí</word>
   <word id="word_1595">.</word>
   <word id="word_1596">P</word>
   <word id="word_1597">.</word>
   <word id="word_1598">-</word>
   <word id="word_1599">Mas</word>
   <word id="word_1600">permanece</word>
   <word id="word_1601">uma</word>
   <word id="word_1602">controvérsia</word>
   <word id="word_1603">...</word>
   <word id="word_1604">R.</word>
   <word id="word_1605">-</word>
   <word id="word_1606">Há</word>
   <word id="word_1607">controvérsia</word>
   <word id="word_1608">porque</word>
   <word id="word_1609">há</word>
   <word id="word_1610">cientistas</word>
   <word id="word_1611">que</word>
   <word id="word_1612">dizem</word>
   <word id="word_1613">que</word>
   <word id="word_1614">,</word>
   <word id="word_1615">dada</word>
   <word id="word_1616">a</word>
   <word id="word_1617">concentração</word>
   <word id="word_1618">de</word>
   <word id="word_1619">"</word>
   <word id="word_1620">gases</word>
   <word id="word_1621">de</word>
   <word id="word_1622">estufa</word>
   <word id="word_1623">"</word>
   <word id="word_1624">na</word>
   <word id="word_1625">atmosfera</word>
   <word id="word_1626">,</word>
   <word id="word_1627">deveríamos</word>
   <word id="word_1628">estar</word>
   <word id="word_1629">a</word>
   <word id="word_1630">assistir</word>
   <word id="word_1631">a</word>
   <word id="word_1632">um</word>
   <word id="word_1633">aumento</word>
   <word id="word_1634">de</word>
   <word id="word_1635">um</word>
   <word id="word_1636">a</word>
   <word id="word_1637">dois</word>
   <word id="word_1638">graus</word>
   <word id="word_1639">na</word>
   <word id="word_1640">temperatura</word>
   <word id="word_1641">média</word>
   <word id="word_1642">.</word>
   <word id="word_1643">Mas</word>
   <word id="word_1644">os</word>
   <word id="word_1645">dados</word>
   <word id="word_1646">apenas</word>
   <word id="word_1647">apontam</word>
   <word id="word_1648">um</word>
   <word id="word_1649">aumento</word>
   <word id="word_1650">de</word>
   <word id="word_1651">0</word>
   <word id="word_1652">,</word>
   <word id="word_1653">3</word>
   <word id="word_1654">a</word>
   <word id="word_1655">0</word>
   <word id="word_1656">,</word>
   <word id="word_1657">5</word>
   <word id="word_1658">graus</word>
   <word id="word_1659">,</word>
   <word id="word_1660">o</word>
   <word id="word_1661">que</word>
   <word id="word_1662">está</word>
   <word id="word_1663">dentro</word>
   <word id="word_1664">de_</word>
   <word id="word_1665">as</word>
   <word id="word_1666">oscilações</word>
   <word id="word_1667">normais</word>
   <word id="word_1668">de_</word>
   <word id="word_1669">o</word>
   <word id="word_1670">clima</word>
   <word id="word_1671">.</word>
   <word id="word_1672">Provavelmente</word>
   <word id="word_1673">,</word>
   <word id="word_1674">são</word>
   <word id="word_1675">os</word>
   <word id="word_1676">oceanos</word>
   <word id="word_1677">que</word>
   <word id="word_1678">estão</word>
   <word id="word_1679">a</word>
   <word id="word_1680">absorver</word>
   <word id="word_1681">esse</word>
   <word id="word_1682">aumento</word>
   <word id="word_1683">de_</word>
   <word id="word_1684">a</word>
   <word id="word_1685">temperatura</word>
   <word id="word_1686">,</word>
   <word id="word_1687">mas</word>
   <word id="word_1688">o</word>
   <word id="word_1689">oceano</word>
   <word id="word_1690">pode</word>
   <word id="word_1691">atingir</word>
   <word id="word_1692">o</word>
   <word id="word_1693">seu</word>
   <word id="word_1694">limite</word>
   <word id="word_1695">a</word>
   <word id="word_1696">qualquer</word>
   <word id="word_1697">momento</word>
   <word id="word_1698">-</word>
   <word id="word_1699">como</word>
   <word id="word_1700">uma</word>
   <word id="word_1701">toalha</word>
   <word id="word_1702">encharcada</word>
   <word id="word_1703">deixa</word>
   <word id="word_1704">de</word>
   <word id="word_1705">poder</word>
   <word id="word_1706">absorver</word>
   <word id="word_1707">água</word>
   <word id="word_1708">-</word>
   <word id="word_1709">e</word>
   <word id="word_1710">deixar</word>
   <word id="word_1711">de</word>
   <word id="word_1712">absorver</word>
   <word id="word_1713">o</word>
   <word id="word_1714">calor</word>
   <word id="word_1715">excessivo</word>
   <word id="word_1716">.</word>
   <word id="word_1717">Prova</word>
   <word id="word_1718">de</word>
   <word id="word_1719">que</word>
   <word id="word_1720">existe</word>
   <word id="word_1721">um</word>
   <word id="word_1722">consenso</word>
   <word id="word_1723">mundial</word>
   <word id="word_1724">sobre</word>
   <word id="word_1725">a</word>
   <word id="word_1726">gravidade</word>
   <word id="word_1727">de_</word>
   <word id="word_1728">a</word>
   <word id="word_1729">questão</word>
   <word id="word_1730">é</word>
   <word id="word_1731">o</word>
   <word id="word_1732">facto</word>
   <word id="word_1733">de</word>
   <word id="word_1734">haver</word>
   <word id="word_1735">uma</word>
   <word id="word_1736">Comissão</word>
   <word id="word_1737">Intergovernamental</word>
   <word id="word_1738">de</word>
   <word id="word_1739">Negociação</word>
   <word id="word_1740">que</word>
   <word id="word_1741">está</word>
   <word id="word_1742">a</word>
   <word id="word_1743">discuti#</word>
   <word id="word_1744">-la</word>
   <word id="word_1745">,</word>
   <word id="word_1746">e</word>
   <word id="word_1747">a</word>
   <word id="word_1748">tentar</word>
   <word id="word_1749">redigir</word>
   <word id="word_1750">um</word>
   <word id="word_1751">protocolo</word>
   <word id="word_1752">para</word>
   <word id="word_1753">reduzir</word>
   <word id="word_1754">a</word>
   <word id="word_1755">emissão</word>
   <word id="word_1756">de_</word>
   <word id="word_1757">estes</word>
   <word id="word_1758">gases</word>
   <word id="word_1759">.</word>
   <word id="word_1760">Os</word>
   <word id="word_1761">próprios</word>
   <word id="word_1762">Estados</word>
   <word id="word_1763">Unidos</word>
   <word id="word_1764">participam</word>
   <word id="word_1765">activamente</word>
   <word id="word_1766">em_</word>
   <word id="word_1767">essas</word>
   <word id="word_1768">reuniões</word>
   <word id="word_1769">.</word>
   <word id="word_1770">Ninguém</word>
   <word id="word_1771">ignora</word>
   <word id="word_1772">que</word>
   <word id="word_1773">as</word>
   <word id="word_1774">coisas</word>
   <word id="word_1775">não</word>
   <word id="word_1776">podem</word>
   <word id="word_1777">continuar</word>
   <word id="word_1778">a</word>
   <word id="word_1779">ser</word>
   <word id="word_1780">"</word>
   <word id="word_1781">business</word>
   <word id="word_1782">as</word>
   <word id="word_1783">usual</word>
   <word id="word_1784">"</word>
   <word id="word_1785">e</word>
   <word id="word_1786">que</word>
   <word id="word_1787">é</word>
   <word id="word_1788">necessário</word>
   <word id="word_1789">fazer</word>
   <word id="word_1790">algo</word>
   <word id="word_1791">antes</word>
   <word id="word_1792">que</word>
   <word id="word_1793">seja</word>
   <word id="word_1794">tarde</word>
   <word id="word_1795">de</word>
   <word id="word_1796">mais</word>
   <word id="word_1797">.</word>
   <word id="word_1798">P</word>
   <word id="word_1799">.</word>
   <word id="word_1800">-</word>
   <word id="word_1801">Até</word>
   <word id="word_1802">aqui</word>
   <word id="word_1803">,</word>
   <word id="word_1804">tudo</word>
   <word id="word_1805">o</word>
   <word id="word_1806">que</word>
   <word id="word_1807">o</word>
   <word id="word_1808">homem</word>
   <word id="word_1809">tem</word>
   <word id="word_1810">feito</word>
   <word id="word_1811">em</word>
   <word id="word_1812">relação</word>
   <word id="word_1813">a_</word>
   <word id="word_1814">o</word>
   <word id="word_1815">clima</word>
   <word id="word_1816">e</word>
   <word id="word_1817">a_</word>
   <word id="word_1818">as</word>
   <word id="word_1819">condições</word>
   <word id="word_1820">meteorológicas</word>
   <word id="word_1821">são</word>
   <word id="word_1822">previsões</word>
   <word id="word_1823">.</word>
   <word id="word_1824">Acha</word>
   <word id="word_1825">que</word>
   <word id="word_1826">,</word>
   <word id="word_1827">um</word>
   <word id="word_1828">dia</word>
   <word id="word_1829">,</word>
   <word id="word_1830">será</word>
   <word id="word_1831">possível</word>
   <word id="word_1832">alterar</word>
   <word id="word_1833">o</word>
   <word id="word_1834">clima</word>
   <word id="word_1835">de</word>
   <word id="word_1836">forma</word>
   <word id="word_1837">desejável</word>
   <word id="word_1838">ou</word>
   <word id="word_1839">mudar</word>
   <word id="word_1840">as</word>
   <word id="word_1841">condições</word>
   <word id="word_1842">meteorológicas</word>
   <word id="word_1843">?</word>
   <word id="word_1844">R.</word>
   <word id="word_1845">-</word>
   <word id="word_1846">Mesmo</word>
   <word id="word_1847">que</word>
   <word id="word_1848">fosse</word>
   <word id="word_1849">possível</word>
   <word id="word_1850">modificar</word>
   <word id="word_1851">o</word>
   <word id="word_1852">clima</word>
   <word id="word_1853">de</word>
   <word id="word_1854">forma</word>
   <word id="word_1855">benéfica</word>
   <word id="word_1856">para</word>
   <word id="word_1857">uma</word>
   <word id="word_1858">região</word>
   <word id="word_1859">de_</word>
   <word id="word_1860">o</word>
   <word id="word_1861">mundo</word>
   <word id="word_1862">,</word>
   <word id="word_1863">isso</word>
   <word id="word_1864">seria</word>
   <word id="word_1865">contraproducente</word>
   <word id="word_1866">para</word>
   <word id="word_1867">outra</word>
   <word id="word_1868">.</word>
   <word id="word_1869">Parece</word>
   <word id="word_1870">-me</word>
   <word id="word_1871">mais</word>
   <word id="word_1872">sensato</word>
   <word id="word_1873">não</word>
   <word id="word_1874">tentar</word>
   <word id="word_1875">intervir</word>
   <word id="word_1876">,</word>
   <word id="word_1877">excepto</word>
   <word id="word_1878">no</word>
   <word id="word_1879">que</word>
   <word id="word_1880">respeita</word>
   <word id="word_1881">a_</word>
   <word id="word_1882">a</word>
   <word id="word_1883">redução</word>
   <word id="word_1884">de_</word>
   <word id="word_1885">as</word>
   <word id="word_1886">agressões</word>
   <word id="word_1887">,</word>
   <word id="word_1888">como</word>
   <word id="word_1889">a</word>
   <word id="word_1890">emissão</word>
   <word id="word_1891">de</word>
   <word id="word_1892">gases</word>
   <word id="word_1893">de</word>
   <word id="word_1894">estufa</word>
   <word id="word_1895">ÿ</word>
</words>
