<?xml version="1.0" encoding="UTF-8"?>
<!DOCTYPE words SYSTEM "words.dtd">
<words>
   <word id="word_1">Com</word>
   <word id="word_2">o</word>
   <word id="word_3">aproximar</word>
   <word id="word_4">de_</word>
   <word id="word_5">o</word>
   <word id="word_6">equinócio</word>
   <word id="word_7">de</word>
   <word id="word_8">Março</word>
   <word id="word_9">e</word>
   <word id="word_10">o</word>
   <word id="word_11">Sol</word>
   <word id="word_12">na</word>
   <word id="word_13">constelação</word>
   <word id="word_14">de</word>
   <word id="word_15">Aquário</word>
   <word id="word_16">,</word>
   <word id="word_17">é</word>
   <word id="word_18">natural</word>
   <word id="word_19">não</word>
   <word id="word_20">esperarmos</word>
   <word id="word_21">avistar</word>
   <word id="word_22">as</word>
   <word id="word_23">estrelas</word>
   <word id="word_24">desse</word>
   <word id="word_25">agrupamento</word>
   <word id="word_26">nem</word>
   <word id="word_27">as</word>
   <word id="word_28">situadas</word>
   <word id="word_29">um</word>
   <word id="word_30">pouco</word>
   <word id="word_31">a_</word>
   <word id="word_32">a</word>
   <word id="word_33">esquerda</word>
   <word id="word_34">ou</word>
   <word id="word_35">a_</word>
   <word id="word_36">a</word>
   <word id="word_37">direita</word>
   <word id="word_38">.</word>
   <word id="word_39">Por</word>
   <word id="word_40">isso</word>
   <word id="word_41">,</word>
   <word id="word_42">veremos</word>
   <word id="word_43">de</word>
   <word id="word_44">madrugada</word>
   <word id="word_45">o</word>
   <word id="word_46">Escorpião</word>
   <word id="word_47">e</word>
   <word id="word_48">o</word>
   <word id="word_49">Sagitário</word>
   <word id="word_50">,</word>
   <word id="word_51">constelações</word>
   <word id="word_52">agora</word>
   <word id="word_53">colocadas</word>
   <word id="word_54">a_</word>
   <word id="word_55">a</word>
   <word id="word_56">direita</word>
   <word id="word_57">de_</word>
   <word id="word_58">o</word>
   <word id="word_59">Sol</word>
   <word id="word_60">,</word>
   <word id="word_61">enquanto</word>
   <word id="word_62">a_</word>
   <word id="word_63">a</word>
   <word id="word_64">noite</word>
   <word id="word_65">se</word>
   <word id="word_66">avistam</word>
   <word id="word_67">algumas</word>
   <word id="word_68">estrelas</word>
   <word id="word_69">de_</word>
   <word id="word_70">os</word>
   <word id="word_71">Peixes</word>
   <word id="word_72">e</word>
   <word id="word_73">de_</word>
   <word id="word_74">o</word>
   <word id="word_75">Carneiro</word>
   <word id="word_76">junto</word>
   <word id="word_77">a_</word>
   <word id="word_78">o</word>
   <word id="word_79">horizonte</word>
   <word id="word_80">,</word>
   <word id="word_81">a</word>
   <word id="word_82">oeste</word>
   <word id="word_83">,</word>
   <word id="word_84">perto</word>
   <word id="word_85">de_</word>
   <word id="word_86">o</word>
   <word id="word_87">local</word>
   <word id="word_88">em</word>
   <word id="word_89">que</word>
   <word id="word_90">o</word>
   <word id="word_91">sol</word>
   <word id="word_92">se</word>
   <word id="word_93">escondeu</word>
   <word id="word_94">antes</word>
   <word id="word_95">.</word>
   <word id="word_96">Estas</word>
   <word id="word_97">alterações</word>
   <word id="word_98">de_</word>
   <word id="word_99">o</word>
   <word id="word_100">aspecto</word>
   <word id="word_101">de_</word>
   <word id="word_102">o</word>
   <word id="word_103">céu</word>
   <word id="word_104">a_</word>
   <word id="word_105">o</word>
   <word id="word_106">longo</word>
   <word id="word_107">de_</word>
   <word id="word_108">o</word>
   <word id="word_109">ano</word>
   <word id="word_110">,</word>
   <word id="word_111">resultantes</word>
   <word id="word_112">de_</word>
   <word id="word_113">a</word>
   <word id="word_114">órbita</word>
   <word id="word_115">de_</word>
   <word id="word_116">a</word>
   <word id="word_117">Terra</word>
   <word id="word_118">em</word>
   <word id="word_119">volta</word>
   <word id="word_120">de_</word>
   <word id="word_121">o</word>
   <word id="word_122">Sol</word>
   <word id="word_123">,</word>
   <word id="word_124">são</word>
   <word id="word_125">muito</word>
   <word id="word_126">menos</word>
   <word id="word_127">perceptíveis</word>
   <word id="word_128">que</word>
   <word id="word_129">o</word>
   <word id="word_130">«movimento»</word>
   <word id="word_131">de_</word>
   <word id="word_132">a</word>
   <word id="word_133">esfera</word>
   <word id="word_134">celeste</word>
   <word id="word_135">,</word>
   <word id="word_136">durante</word>
   <word id="word_137">uma</word>
   <word id="word_138">noite</word>
   <word id="word_139">.</word>
   <word id="word_140">Sempre</word>
   <word id="word_141">com</word>
   <word id="word_142">a</word>
   <word id="word_143">sensação</word>
   <word id="word_144">de</word>
   <word id="word_145">nos</word>
   <word id="word_146">encontrarmos</word>
   <word id="word_147">no</word>
   <word id="word_148">centro</word>
   <word id="word_149">de</word>
   <word id="word_150">uma</word>
   <word id="word_151">enorme</word>
   <word id="word_152">esfera</word>
   <word id="word_153">-</word>
   <word id="word_154">que</word>
   <word id="word_155">parece</word>
   <word id="word_156">ser</word>
   <word id="word_157">o</word>
   <word id="word_158">nosso</word>
   <word id="word_159">local</word>
   <word id="word_160">de</word>
   <word id="word_161">observação</word>
   <word id="word_162">-</word>
   <word id="word_163">,</word>
   <word id="word_164">somos</word>
   <word id="word_165">levados</word>
   <word id="word_166">,</word>
   <word id="word_167">de</word>
   <word id="word_168">oeste</word>
   <word id="word_169">para</word>
   <word id="word_170">leste</word>
   <word id="word_171">,</word>
   <word id="word_172">pela</word>
   <word id="word_173">rotação</word>
   <word id="word_174">diária</word>
   <word id="word_175">de_</word>
   <word id="word_176">o</word>
   <word id="word_177">nosso</word>
   <word id="word_178">planeta</word>
   <word id="word_179">sobre</word>
   <word id="word_180">si</word>
   <word id="word_181">próprio</word>
   <word id="word_182">.</word>
   <word id="word_183">O</word>
   <word id="word_184">eixo</word>
   <word id="word_185">imaginário</word>
   <word id="word_186">em</word>
   <word id="word_187">torno</word>
   <word id="word_188">de_</word>
   <word id="word_189">o</word>
   <word id="word_190">qual</word>
   <word id="word_191">a</word>
   <word id="word_192">Terra</word>
   <word id="word_193">gira</word>
   <word id="word_194">intercepta</word>
   <word id="word_195">a</word>
   <word id="word_196">esfera</word>
   <word id="word_197">celeste</word>
   <word id="word_198">-</word>
   <word id="word_199">também</word>
   <word id="word_200">sem</word>
   <word id="word_201">existência</word>
   <word id="word_202">real</word>
   <word id="word_203">-</word>
   <word id="word_204">em</word>
   <word id="word_205">dois</word>
   <word id="word_206">pontos</word>
   <word id="word_207">a</word>
   <word id="word_208">que</word>
   <word id="word_209">chamamos</word>
   <word id="word_210">os</word>
   <word id="word_211">pólos</word>
   <word id="word_212">celestes</word>
   <word id="word_213">.</word>
   <word id="word_214">Vivendo</word>
   <word id="word_215">no</word>
   <word id="word_216">hemisfério</word>
   <word id="word_217">norte</word>
   <word id="word_218">,</word>
   <word id="word_219">ser-CL-á</word>
   <word id="word_220">-nos</word>
   <word id="word_221">vedada</word>
   <word id="word_222">a</word>
   <word id="word_223">observação</word>
   <word id="word_224">de_</word>
   <word id="word_225">o</word>
   <word id="word_226">polo</word>
   <word id="word_227">celeste</word>
   <word id="word_228">sul</word>
   <word id="word_229">,</word>
   <word id="word_230">cuja</word>
   <word id="word_231">posição</word>
   <word id="word_232">é</word>
   <word id="word_233">mais</word>
   <word id="word_234">difícil</word>
   <word id="word_235">de</word>
   <word id="word_236">determinar</word>
   <word id="word_237">que</word>
   <word id="word_238">a</word>
   <word id="word_239">de_</word>
   <word id="word_240">o</word>
   <word id="word_241">pólo</word>
   <word id="word_242">celeste</word>
   <word id="word_243">norte</word>
   <word id="word_244">,</word>
   <word id="word_245">por</word>
   <word id="word_246">ali</word>
   <word id="word_247">não</word>
   <word id="word_248">se</word>
   <word id="word_249">encontrar</word>
   <word id="word_250">qualquer</word>
   <word id="word_251">estrela</word>
   <word id="word_252">observável</word>
   <word id="word_253">a_</word>
   <word id="word_254">a</word>
   <word id="word_255">vista</word>
   <word id="word_256">desarmada</word>
   <word id="word_257">.</word>
   <word id="word_258">É</word>
   <word id="word_259">comum</word>
   <word id="word_260">afirmar</word>
   <word id="word_261">-se</word>
   <word id="word_262">que</word>
   <word id="word_263">cada</word>
   <word id="word_264">observador</word>
   <word id="word_265">«vê»</word>
   <word id="word_266">o</word>
   <word id="word_267">pólo</word>
   <word id="word_268">de_</word>
   <word id="word_269">o</word>
   <word id="word_270">mesmo</word>
   <word id="word_271">nome</word>
   <word id="word_272">de_</word>
   <word id="word_273">a</word>
   <word id="word_274">latitude</word>
   <word id="word_275">(</word>
   <word id="word_276">norte</word>
   <word id="word_277">ou</word>
   <word id="word_278">sul</word>
   <word id="word_279">)</word>
   <word id="word_280">de_</word>
   <word id="word_281">o</word>
   <word id="word_282">lugar</word>
   <word id="word_283">em</word>
   <word id="word_284">que</word>
   <word id="word_285">se</word>
   <word id="word_286">encontra</word>
   <word id="word_287">.</word>
   <word id="word_288">Por</word>
   <word id="word_289">isso</word>
   <word id="word_290">,</word>
   <word id="word_291">vivendo</word>
   <word id="word_292">no</word>
   <word id="word_293">hemisfério</word>
   <word id="word_294">norte</word>
   <word id="word_295">,</word>
   <word id="word_296">dizemos</word>
   <word id="word_297">ser</word>
   <word id="word_298">fácil</word>
   <word id="word_299">localizar</word>
   <word id="word_300">o</word>
   <word id="word_301">pólo</word>
   <word id="word_302">celeste</word>
   <word id="word_303">norte</word>
   <word id="word_304">,</word>
   <word id="word_305">assinalado</word>
   <word id="word_306">,</word>
   <word id="word_307">como</word>
   <word id="word_308">se</word>
   <word id="word_309">sabe</word>
   <word id="word_310">,</word>
   <word id="word_311">pela</word>
   <word id="word_312">estrela</word>
   <word id="word_313">polar</word>
   <word id="word_314">que</word>
   <word id="word_315">,</word>
   <word id="word_316">pela</word>
   <word id="word_317">posição</word>
   <word id="word_318">especial</word>
   <word id="word_319">que</word>
   <word id="word_320">ocupa</word>
   <word id="word_321">,</word>
   <word id="word_322">se</word>
   <word id="word_323">mantém</word>
   <word id="word_324">praticamente</word>
   <word id="word_325">fixa</word>
   <word id="word_326">a_</word>
   <word id="word_327">o</word>
   <word id="word_328">longo</word>
   <word id="word_329">de</word>
   <word id="word_330">todas</word>
   <word id="word_331">as</word>
   <word id="word_332">noites</word>
   <word id="word_333">.</word>
   <word id="word_334">Acerca</word>
   <word id="word_335">de_</word>
   <word id="word_336">esta</word>
   <word id="word_337">estrela</word>
   <word id="word_338">notável</word>
   <word id="word_339">aprendemos</word>
   <word id="word_340">que</word>
   <word id="word_341">pertence</word>
   <word id="word_342">a_</word>
   <word id="word_343">a</word>
   <word id="word_344">constelação</word>
   <word id="word_345">de_</word>
   <word id="word_346">a</word>
   <word id="word_347">Ursa</word>
   <word id="word_348">Menor</word>
   <word id="word_349">,</word>
   <word id="word_350">embora</word>
   <word id="word_351">com</word>
   <word id="word_352">a</word>
   <word id="word_353">ressalva</word>
   <word id="word_354">de</word>
   <word id="word_355">todo</word>
   <word id="word_356">o</word>
   <word id="word_357">agrupamento</word>
   <word id="word_358">não</word>
   <word id="word_359">ser</word>
   <word id="word_360">particularmente</word>
   <word id="word_361">brilhante</word>
   <word id="word_362">.</word>
   <word id="word_363">de_</word>
   <word id="word_364">aí</word>
   <word id="word_365">o</word>
   <word id="word_366">recurso</word>
   <word id="word_367">a_</word>
   <word id="word_368">a</word>
   <word id="word_369">Ursa</word>
   <word id="word_370">Maior</word>
   <word id="word_371">,</word>
   <word id="word_372">facilmente</word>
   <word id="word_373">identificável</word>
   <word id="word_374">no</word>
   <word id="word_375">céu</word>
   <word id="word_376">,</word>
   <word id="word_377">não</word>
   <word id="word_378">tanto</word>
   <word id="word_379">por</word>
   <word id="word_380">as</word>
   <word id="word_381">disposições</word>
   <word id="word_382">de_</word>
   <word id="word_383">as</word>
   <word id="word_384">estrelas</word>
   <word id="word_385">sugerir</word>
   <word id="word_386">a</word>
   <word id="word_387">figura</word>
   <word id="word_388">imaginada</word>
   <word id="word_389">por_</word>
   <word id="word_390">os</word>
   <word id="word_391">nossos</word>
   <word id="word_392">antepassados</word>
   <word id="word_393">,</word>
   <word id="word_394">mas</word>
   <word id="word_395">talvez</word>
   <word id="word_396">melhor</word>
   <word id="word_397">por</word>
   <word id="word_398">podermos</word>
   <word id="word_399">«desenhar»</word>
   <word id="word_400">ali</word>
   <word id="word_401">um</word>
   <word id="word_402">papagaio</word>
   <word id="word_403">de</word>
   <word id="word_404">papel</word>
   <word id="word_405">,</word>
   <word id="word_406">uma</word>
   <word id="word_407">caçarola</word>
   <word id="word_408">ou</word>
   <word id="word_409">outro</word>
   <word id="word_410">objecto</word>
   <word id="word_411">mais</word>
   <word id="word_412">evidente</word>
   <word id="word_413">.</word>
   <word id="word_414">em_</word>
   <word id="word_415">esta</word>
   <word id="word_416">época</word>
   <word id="word_417">de_</word>
   <word id="word_418">o</word>
   <word id="word_419">ano</word>
   <word id="word_420">,</word>
   <word id="word_421">e</word>
   <word id="word_422">por</word>
   <word id="word_423">volta</word>
   <word id="word_424">de_</word>
   <word id="word_425">as</word>
   <word id="word_426">22h00</word>
   <word id="word_427">,</word>
   <word id="word_428">a</word>
   <word id="word_429">Ursa</word>
   <word id="word_430">Maior</word>
   <word id="word_431">está</word>
   <word id="word_432">já</word>
   <word id="word_433">bem</word>
   <word id="word_434">alta</word>
   <word id="word_435">,</word>
   <word id="word_436">pelo</word>
   <word id="word_437">que</word>
   <word id="word_438">será</word>
   <word id="word_439">bem</word>
   <word id="word_440">visível</word>
   <word id="word_441">.</word>
   <word id="word_442">Seguindo</word>
   <word id="word_443">o</word>
   <word id="word_444">alinhamento</word>
   <word id="word_445">de_</word>
   <word id="word_446">as</word>
   <word id="word_447">duas</word>
   <word id="word_448">«guardas»</word>
   <word id="word_449">,</word>
   <word id="word_450">em</word>
   <word id="word_451">sentido</word>
   <word id="word_452">contrário</word>
   <word id="word_453">a_</word>
   <word id="word_454">a</word>
   <word id="word_455">curvatura</word>
   <word id="word_456">de_</word>
   <word id="word_457">a</word>
   <word id="word_458">cauda</word>
   <word id="word_459">-</word>
   <word id="word_460">como</word>
   <word id="word_461">o</word>
   <word id="word_462">desenho</word>
   <word id="word_463">sugere</word>
   <word id="word_464">-</word>
   <word id="word_465">,</word>
   <word id="word_466">facilmente</word>
   <word id="word_467">se</word>
   <word id="word_468">localiza</word>
   <word id="word_469">a</word>
   <word id="word_470">polar</word>
   <word id="word_471">e</word>
   <word id="word_472">,</word>
   <word id="word_473">de_</word>
   <word id="word_474">o</word>
   <word id="word_475">outro</word>
   <word id="word_476">lado</word>
   <word id="word_477">,</word>
   <word id="word_478">Cassiopeia</word>
   <word id="word_479">,</word>
   <word id="word_480">que</word>
   <word id="word_481">baixará</word>
   <word id="word_482">a_</word>
   <word id="word_483">a</word>
   <word id="word_484">medida</word>
   <word id="word_485">que</word>
   <word id="word_486">decorre</word>
   <word id="word_487">o</word>
   <word id="word_488">mês</word>
   <word id="word_489">de</word>
   <word id="word_490">Março</word>
   <word id="word_491">,</word>
   <word id="word_492">supondo</word>
   <word id="word_493">uma</word>
   <word id="word_494">observação</word>
   <word id="word_495">efectuada</word>
   <word id="word_496">sempre</word>
   <word id="word_497">a_</word>
   <word id="word_498">a</word>
   <word id="word_499">mesma</word>
   <word id="word_500">hora</word>
   <word id="word_501">.</word>
   <word id="word_502">Se</word>
   <word id="word_503">voltarmos</word>
   <word id="word_504">as</word>
   <word id="word_505">costas</word>
   <word id="word_506">a_</word>
   <word id="word_507">o</word>
   <word id="word_508">pólo</word>
   <word id="word_509">norte</word>
   <word id="word_510">-</word>
   <word id="word_511">o</word>
   <word id="word_512">que</word>
   <word id="word_513">significa</word>
   <word id="word_514">virarmo</word>
   <word id="word_515">-nos</word>
   <word id="word_516">para</word>
   <word id="word_517">sul</word>
   <word id="word_518">-</word>
   <word id="word_519">,</word>
   <word id="word_520">continua</word>
   <word id="word_521">magnífico</word>
   <word id="word_522">o</word>
   <word id="word_523">espectáculo</word>
   <word id="word_524">de</word>
   <word id="word_525">Orionte</word>
   <word id="word_526">e</word>
   <word id="word_527">a</word>
   <word id="word_528">região</word>
   <word id="word_529">que</word>
   <word id="word_530">o</word>
   <word id="word_531">envolve</word>
   <word id="word_532">,</word>
   <word id="word_533">na</word>
   <word id="word_534">qual</word>
   <word id="word_535">se</word>
   <word id="word_536">encontram</word>
   <word id="word_537">mais</word>
   <word id="word_538">de</word>
   <word id="word_539">metade</word>
   <word id="word_540">de_</word>
   <word id="word_541">as</word>
   <word id="word_542">estrelas</word>
   <word id="word_543">mais</word>
   <word id="word_544">brilhantes</word>
   <word id="word_545">de_</word>
   <word id="word_546">o</word>
   <word id="word_547">céu</word>
   <word id="word_548">.</word>
   <word id="word_549">Aparecendo</word>
   <word id="word_550">já</word>
   <word id="word_551">francamente</word>
   <word id="word_552">tombado</word>
   <word id="word_553">para</word>
   <word id="word_554">oeste</word>
   <word id="word_555">,</word>
   <word id="word_556">Orionte</word>
   <word id="word_557">é</word>
   <word id="word_558">seguido</word>
   <word id="word_559">pelo</word>
   <word id="word_560">Leão</word>
   <word id="word_561">,</word>
   <word id="word_562">onde</word>
   <word id="word_563">continua</word>
   <word id="word_564">a</word>
   <word id="word_565">brilhar</word>
   <word id="word_566">,</word>
   <word id="word_567">durante</word>
   <word id="word_568">toda</word>
   <word id="word_569">a</word>
   <word id="word_570">noite</word>
   <word id="word_571">Júpiter</word>
   <word id="word_572">,</word>
   <word id="word_573">situado</word>
   <word id="word_574">um</word>
   <word id="word_575">pouco</word>
   <word id="word_576">a_</word>
   <word id="word_577">a</word>
   <word id="word_578">esquerda</word>
   <word id="word_579">de</word>
   <word id="word_580">Régulo</word>
   <word id="word_581">,</word>
   <word id="word_582">a</word>
   <word id="word_583">estrela</word>
   <word id="word_584">mais</word>
   <word id="word_585">brilhante</word>
   <word id="word_586">de_</word>
   <word id="word_587">aquela</word>
   <word id="word_588">constelação</word>
   <word id="word_589">.</word>
   <word id="word_590">Às</word>
   <word id="word_591">22h00</word>
   <word id="word_592">,</word>
   <word id="word_593">momento</word>
   <word id="word_594">todos</word>
   <word id="word_595">os</word>
   <word id="word_596">meses</word>
   <word id="word_597">aqui</word>
   <word id="word_598">tomado</word>
   <word id="word_599">como</word>
   <word id="word_600">referência</word>
   <word id="word_601">,</word>
   <word id="word_602">está</word>
   <word id="word_603">a</word>
   <word id="word_604">passar</word>
   <word id="word_605">por</word>
   <word id="word_606">sobre</word>
   <word id="word_607">as</word>
   <word id="word_608">nossas</word>
   <word id="word_609">cabeças</word>
   <word id="word_610">a</word>
   <word id="word_611">Via</word>
   <word id="word_612">Láctea</word>
   <word id="word_613">,</word>
   <word id="word_614">um</word>
   <word id="word_615">arco</word>
   <word id="word_616">ligeiramente</word>
   <word id="word_617">luminoso</word>
   <word id="word_618">de</word>
   <word id="word_619">cor</word>
   <word id="word_620">esbranquiçada</word>
   <word id="word_621">.</word>
   <word id="word_622">Em</word>
   <word id="word_623">particular</word>
   <word id="word_624">nas</word>
   <word id="word_625">próximas</word>
   <word id="word_626">noites</word>
   <word id="word_627">,</word>
   <word id="word_628">por</word>
   <word id="word_629">não</word>
   <word id="word_630">haver</word>
   <word id="word_631">luar</word>
   <word id="word_632">,</word>
   <word id="word_633">uma</word>
   <word id="word_634">observação</word>
   <word id="word_635">a</word>
   <word id="word_636">partir</word>
   <word id="word_637">de</word>
   <word id="word_638">locais</word>
   <word id="word_639">bastante</word>
   <word id="word_640">escuros</word>
   <word id="word_641">permitirá</word>
   <word id="word_642">ver</word>
   <word id="word_643">os</word>
   <word id="word_644">contornos</word>
   <word id="word_645">de_</word>
   <word id="word_646">essa</word>
   <word id="word_647">mancha</word>
   <word id="word_648">aparente</word>
   <word id="word_649">que</word>
   <word id="word_650">vai</word>
   <word id="word_651">tombando</word>
   <word id="word_652">lentamente</word>
   <word id="word_653">para</word>
   <word id="word_654">oeste</word>
   <word id="word_655">,</word>
   <word id="word_656">razão</word>
   <word id="word_657">porque</word>
   <word id="word_658">os</word>
   <word id="word_659">antigos</word>
   <word id="word_660">também</word>
   <word id="word_661">lhe</word>
   <word id="word_662">chamavam</word>
   <word id="word_663">«espinha</word>
   <word id="word_664">de_</word>
   <word id="word_665">a</word>
   <word id="word_666">noite»</word>
   <word id="word_667">.</word>
   <word id="word_668">Entretanto</word>
   <word id="word_669">,</word>
   <word id="word_670">a_</word>
   <word id="word_671">a</word>
   <word id="word_672">medida</word>
   <word id="word_673">que</word>
   <word id="word_674">decorre</word>
   <word id="word_675">a</word>
   <word id="word_676">noite</word>
   <word id="word_677">,</word>
   <word id="word_678">outras</word>
   <word id="word_679">estrelas</word>
   <word id="word_680">surgem</word>
   <word id="word_681">a</word>
   <word id="word_682">leste</word>
   <word id="word_683">-</word>
   <word id="word_684">destacando</word>
   <word id="word_685">-se</word>
   <word id="word_686">Arcturo</word>
   <word id="word_687">e</word>
   <word id="word_688">Espiga</word>
   <word id="word_689">,</word>
   <word id="word_690">de_</word>
   <word id="word_691">o</word>
   <word id="word_692">Boieiro</word>
   <word id="word_693">e</word>
   <word id="word_694">de_</word>
   <word id="word_695">a</word>
   <word id="word_696">Virgem</word>
   <word id="word_697">,</word>
   <word id="word_698">respectivamente</word>
   <word id="word_699">-</word>
   <word id="word_700">,</word>
   <word id="word_701">dando</word>
   <word id="word_702">ideia</word>
   <word id="word_703">de_</word>
   <word id="word_704">a</word>
   <word id="word_705">continuação</word>
   <word id="word_706">de_</word>
   <word id="word_707">a</word>
   <word id="word_708">curvatura</word>
   <word id="word_709">de_</word>
   <word id="word_710">a</word>
   <word id="word_711">cauda</word>
   <word id="word_712">de_</word>
   <word id="word_713">a</word>
   <word id="word_714">Ursa</word>
   <word id="word_715">Maior</word>
   <word id="word_716">.</word>
   <word id="word_717">Pouco</word>
   <word id="word_718">depois</word>
   <word id="word_719">de_</word>
   <word id="word_720">a</word>
   <word id="word_721">meia-noite</word>
   <word id="word_722">,</word>
   <word id="word_723">e</word>
   <word id="word_724">cada</word>
   <word id="word_725">vez</word>
   <word id="word_726">mais</word>
   <word id="word_727">cedo</word>
   <word id="word_728">a_</word>
   <word id="word_729">a</word>
   <word id="word_730">medida</word>
   <word id="word_731">que</word>
   <word id="word_732">decorre</word>
   <word id="word_733">o</word>
   <word id="word_734">mês</word>
   <word id="word_735">de</word>
   <word id="word_736">Março</word>
   <word id="word_737">,</word>
   <word id="word_738">surge</word>
   <word id="word_739">o</word>
   <word id="word_740">Escorpião</word>
   <word id="word_741">que</word>
   <word id="word_742">traz</word>
   <word id="word_743">consigo</word>
   <word id="word_744">os</word>
   <word id="word_745">planetas</word>
   <word id="word_746">Saturno</word>
   <word id="word_747">e</word>
   <word id="word_748">Marte</word>
   <word id="word_749">,</word>
   <word id="word_750">permitindo</word>
   <word id="word_751">notar</word>
   <word id="word_752">a</word>
   <word id="word_753">sua</word>
   <word id="word_754">intrusão</word>
   <word id="word_755">relativamente</word>
   <word id="word_756">a_</word>
   <word id="word_757">as</word>
   <word id="word_758">estrelas</word>
   <word id="word_759">que</word>
   <word id="word_760">conhecemos</word>
   <word id="word_761">de_</word>
   <word id="word_762">os</word>
   <word id="word_763">normais</word>
   <word id="word_764">mapas</word>
   <word id="word_765">estelares</word>
   <word id="word_766">,</word>
   <word id="word_767">bem</word>
   <word id="word_768">como</word>
   <word id="word_769">a</word>
   <word id="word_770">ausência</word>
   <word id="word_771">de</word>
   <word id="word_772">cintilação</word>
   <word id="word_773">(</word>
   <word id="word_774">em</word>
   <word id="word_775">certas</word>
   <word id="word_776">condições</word>
   <word id="word_777">)</word>
   <word id="word_778">.</word>
   <word id="word_779">A</word>
   <word id="word_780">utilização</word>
   <word id="word_781">de</word>
   <word id="word_782">um</word>
   <word id="word_783">telescópio</word>
   <word id="word_784">ainda</word>
   <word id="word_785">que</word>
   <word id="word_786">modesto</word>
   <word id="word_787">,</word>
   <word id="word_788">revelará</word>
   <word id="word_789">os</word>
   <word id="word_790">anéis</word>
   <word id="word_791">de</word>
   <word id="word_792">Saturno</word>
   <word id="word_793">,</word>
   <word id="word_794">com</word>
   <word id="word_795">o</word>
   <word id="word_796">único</word>
   <word id="word_797">senão</word>
   <word id="word_798">de</word>
   <word id="word_799">termos</word>
   <word id="word_800">de</word>
   <word id="word_801">esperar</word>
   <word id="word_802">por</word>
   <word id="word_803">ele</word>
   <word id="word_804">cerca</word>
   <word id="word_805">de</word>
   <word id="word_806">duas</word>
   <word id="word_807">horas</word>
   <word id="word_808">depois</word>
   <word id="word_809">de</word>
   <word id="word_810">ter</word>
   <word id="word_811">nascido</word>
   <word id="word_812">Marte</word>
   <word id="word_813">.</word>
</words>
