<?xml version="1.0" encoding="UTF-8"?>
<!DOCTYPE words SYSTEM "words.dtd">
<words>
   <word id="word_1">A</word>
   <word id="word_2">DECLARAÇÃO</word>
   <word id="word_3">imediata</word>
   <word id="word_4">de</word>
   <word id="word_5">situação</word>
   <word id="word_6">de</word>
   <word id="word_7">calamidade</word>
   <word id="word_8">pública</word>
   <word id="word_9">em_</word>
   <word id="word_10">as</word>
   <word id="word_11">zonas</word>
   <word id="word_12">mais</word>
   <word id="word_13">afectadas</word>
   <word id="word_14">por_</word>
   <word id="word_15">a</word>
   <word id="word_16">seca</word>
   <word id="word_17">foi</word>
   <word id="word_18">ontem</word>
   <word id="word_19">reclamada</word>
   <word id="word_20">em</word>
   <word id="word_21">Évora</word>
   <word id="word_22">por</word>
   <word id="word_23">centena</word>
   <word id="word_24">e</word>
   <word id="word_25">meia</word>
   <word id="word_26">de</word>
   <word id="word_27">representantes</word>
   <word id="word_28">de_</word>
   <word id="word_29">as</word>
   <word id="word_30">cooperativas</word>
   <word id="word_31">associadas</word>
   <word id="word_32">em_</word>
   <word id="word_33">a</word>
   <word id="word_34">Federação</word>
   <word id="word_35">Nacional</word>
   <word id="word_36">de_</word>
   <word id="word_37">as</word>
   <word id="word_38">Cooperativas</word>
   <word id="word_39">Agrícolas</word>
   <word id="word_40">de</word>
   <word id="word_41">Produção</word>
   <word id="word_42">(</word>
   <word id="word_43">Fenca</word>
   <word id="word_44">)</word>
   <word id="word_45">,</word>
   <word id="word_46">que</word>
   <word id="word_47">integra</word>
   <word id="word_48">unidades</word>
   <word id="word_49">de_</word>
   <word id="word_50">os</word>
   <word id="word_51">distritos</word>
   <word id="word_52">de</word>
   <word id="word_53">Santarém</word>
   <word id="word_54">,</word>
   <word id="word_55">Portalegre</word>
   <word id="word_56">,</word>
   <word id="word_57">Évora</word>
   <word id="word_58">,</word>
   <word id="word_59">Setúbal</word>
   <word id="word_60">e</word>
   <word id="word_61">Beja</word>
   <word id="word_62">.</word>
   <word id="word_63">"</word>
   <word id="word_64">Apesar</word>
   <word id="word_65">de</word>
   <word id="word_66">esta</word>
   <word id="word_67">seca</word>
   <word id="word_68">ser</word>
   <word id="word_69">superior</word>
   <word id="word_70">a_</word>
   <word id="word_71">a</word>
   <word id="word_72">de</word>
   <word id="word_73">há</word>
   <word id="word_74">dez</word>
   <word id="word_75">anos</word>
   <word id="word_76">,</word>
   <word id="word_77">ainda</word>
   <word id="word_78">nada</word>
   <word id="word_79">foi</word>
   <word id="word_80">levantado</word>
   <word id="word_81">em_</word>
   <word id="word_82">a</word>
   <word id="word_83">Comunidade</word>
   <word id="word_84">Europeia</word>
   <word id="word_85">"</word>
   <word id="word_86">,</word>
   <word id="word_87">disse</word>
   <word id="word_88">a_</word>
   <word id="word_89">o</word>
   <word id="word_90">PÚBLICO</word>
   <word id="word_91">Lino</word>
   <word id="word_92">de</word>
   <word id="word_93">Carvalho</word>
   <word id="word_94">,</word>
   <word id="word_95">vice-presidente</word>
   <word id="word_96">de_</word>
   <word id="word_97">a</word>
   <word id="word_98">Fenca</word>
   <word id="word_99">,</word>
   <word id="word_100">a_</word>
   <word id="word_101">o</word>
   <word id="word_102">referir</word>
   <word id="word_103">a</word>
   <word id="word_104">decisão</word>
   <word id="word_105">de</word>
   <word id="word_106">reclamar</word>
   <word id="word_107">directamente</word>
   <word id="word_108">junto</word>
   <word id="word_109">de_</word>
   <word id="word_110">a</word>
   <word id="word_111">CE</word>
   <word id="word_112">e</word>
   <word id="word_113">de_</word>
   <word id="word_114">os</word>
   <word id="word_115">deputados</word>
   <word id="word_116">portugueses</word>
   <word id="word_117">em_</word>
   <word id="word_118">o</word>
   <word id="word_119">Parlamento</word>
   <word id="word_120">Europeu</word>
   <word id="word_121">posições</word>
   <word id="word_122">conformes</word>
   <word id="word_123">a_</word>
   <word id="word_124">a</word>
   <word id="word_125">gravidade</word>
   <word id="word_126">de_</word>
   <word id="word_127">a</word>
   <word id="word_128">situação</word>
   <word id="word_129">.</word>
   <word id="word_130">em_</word>
   <word id="word_131">uma</word>
   <word id="word_132">primeira</word>
   <word id="word_133">estimativa</word>
   <word id="word_134">,</word>
   <word id="word_135">a</word>
   <word id="word_136">Federação</word>
   <word id="word_137">prevê</word>
   <word id="word_138">prejuízos</word>
   <word id="word_139">em_</word>
   <word id="word_140">a</word>
   <word id="word_141">ordem</word>
   <word id="word_142">de_</word>
   <word id="word_143">os</word>
   <word id="word_144">37</word>
   <word id="word_145">milhões</word>
   <word id="word_146">de</word>
   <word id="word_147">contos</word>
   <word id="word_148">,</word>
   <word id="word_149">só</word>
   <word id="word_150">em_</word>
   <word id="word_151">as</word>
   <word id="word_152">culturas</word>
   <word id="word_153">de</word>
   <word id="word_154">Outono-Inverno</word>
   <word id="word_155">e</word>
   <word id="word_156">de_</word>
   <word id="word_157">a</word>
   <word id="word_158">Primavera</word>
   <word id="word_159">em_</word>
   <word id="word_160">o</word>
   <word id="word_161">Alentejo</word>
   <word id="word_162">e</word>
   <word id="word_163">em_</word>
   <word id="word_164">o</word>
   <word id="word_165">Ribatejo</word>
   <word id="word_166">.</word>
   <word id="word_167">A</word>
   <word id="word_168">eles</word>
   <word id="word_169">junta</word>
   <word id="word_170">-se</word>
   <word id="word_171">a</word>
   <word id="word_172">previsível</word>
   <word id="word_173">falta</word>
   <word id="word_174">de</word>
   <word id="word_175">palha</word>
   <word id="word_176">para</word>
   <word id="word_177">os</word>
   <word id="word_178">gados</word>
   <word id="word_179">em_</word>
   <word id="word_180">o</word>
   <word id="word_181">próximo</word>
   <word id="word_182">ano</word>
   <word id="word_183">,</word>
   <word id="word_184">agravada</word>
   <word id="word_185">por_</word>
   <word id="word_186">a</word>
   <word id="word_187">inexistência</word>
   <word id="word_188">de</word>
   <word id="word_189">receitas</word>
   <word id="word_190">.</word>
   <word id="word_191">A</word>
   <word id="word_192">Fenca</word>
   <word id="word_193">,</word>
   <word id="word_194">que</word>
   <word id="word_195">calcula</word>
   <word id="word_196">que</word>
   <word id="word_197">cerca</word>
   <word id="word_198">de</word>
   <word id="word_199">80</word>
   <word id="word_200">por</word>
   <word id="word_201">cento</word>
   <word id="word_202">de_</word>
   <word id="word_203">as</word>
   <word id="word_204">culturas</word>
   <word id="word_205">de</word>
   <word id="word_206">sequeiro</word>
   <word id="word_207">estejam</word>
   <word id="word_208">perdidas</word>
   <word id="word_209">e</word>
   <word id="word_210">comprometidas</word>
   <word id="word_211">as</word>
   <word id="word_212">culturas</word>
   <word id="word_213">de_</word>
   <word id="word_214">a</word>
   <word id="word_215">Primavera</word>
   <word id="word_216">,</word>
   <word id="word_217">considera</word>
   <word id="word_218">"</word>
   <word id="word_219">claramente</word>
   <word id="word_220">insuficientes</word>
   <word id="word_221">"</word>
   <word id="word_222">as</word>
   <word id="word_223">medidas</word>
   <word id="word_224">recentemente</word>
   <word id="word_225">anunciadas</word>
   <word id="word_226">por_</word>
   <word id="word_227">o</word>
   <word id="word_228">Governo</word>
   <word id="word_229">e</word>
   <word id="word_230">teme</word>
   <word id="word_231">por_</word>
   <word id="word_232">o</word>
   <word id="word_233">futuro</word>
   <word id="word_234">de_</word>
   <word id="word_235">os</word>
   <word id="word_236">trabalhadores</word>
   <word id="word_237">rurais</word>
   <word id="word_238">ribatejanos</word>
   <word id="word_239">e</word>
   <word id="word_240">alentejanos</word>
   <word id="word_241">,</word>
   <word id="word_242">sob</word>
   <word id="word_243">a</word>
   <word id="word_244">ameaça</word>
   <word id="word_245">de</word>
   <word id="word_246">desemprego</word>
   <word id="word_247">.</word>
   <word id="word_248">A</word>
   <word id="word_249">criação</word>
   <word id="word_250">de</word>
   <word id="word_251">comissões</word>
   <word id="word_252">regionais</word>
   <word id="word_253">,</word>
   <word id="word_254">integradas</word>
   <word id="word_255">por</word>
   <word id="word_256">representantes</word>
   <word id="word_257">de_</word>
   <word id="word_258">os</word>
   <word id="word_259">vários</word>
   <word id="word_260">intervenientes</word>
   <word id="word_261">em_</word>
   <word id="word_262">o</word>
   <word id="word_263">mundo</word>
   <word id="word_264">agrícola</word>
   <word id="word_265">e</word>
   <word id="word_266">destinadas</word>
   <word id="word_267">a</word>
   <word id="word_268">acompanhar</word>
   <word id="word_269">e</word>
   <word id="word_270">a</word>
   <word id="word_271">avaliar</word>
   <word id="word_272">a</word>
   <word id="word_273">situação</word>
   <word id="word_274">;</word>
   <word id="word_275">a</word>
   <word id="word_276">concessão</word>
   <word id="word_277">de</word>
   <word id="word_278">apoios</word>
   <word id="word_279">a</word>
   <word id="word_280">fundo</word>
   <word id="word_281">perdido</word>
   <word id="word_282">,</word>
   <word id="word_283">subsídios</word>
   <word id="word_284">,</word>
   <word id="word_285">moratórias</word>
   <word id="word_286">e</word>
   <word id="word_287">linhas</word>
   <word id="word_288">de</word>
   <word id="word_289">crédito</word>
   <word id="word_290">com</word>
   <word id="word_291">juros</word>
   <word id="word_292">bonificados</word>
   <word id="word_293">para</word>
   <word id="word_294">as</word>
   <word id="word_295">cooperativas</word>
   <word id="word_296">de</word>
   <word id="word_297">comercialização</word>
   <word id="word_298">;</word>
   <word id="word_299">medidas</word>
   <word id="word_300">de</word>
   <word id="word_301">segurança</word>
   <word id="word_302">social</word>
   <word id="word_303">e</word>
   <word id="word_304">a</word>
   <word id="word_305">intervenção</word>
   <word id="word_306">de_</word>
   <word id="word_307">o</word>
   <word id="word_308">Estado</word>
   <word id="word_309">em_</word>
   <word id="word_310">o</word>
   <word id="word_311">mercado</word>
   <word id="word_312">de_</word>
   <word id="word_313">a</word>
   <word id="word_314">pecuária</word>
   <word id="word_315">são</word>
   <word id="word_316">algumas</word>
   <word id="word_317">de_</word>
   <word id="word_318">as</word>
   <word id="word_319">exigências</word>
   <word id="word_320">imediatas</word>
   <word id="word_321">de_</word>
   <word id="word_322">a</word>
   <word id="word_323">Fenca</word>
   <word id="word_324">.</word>
   <word id="word_325">A</word>
   <word id="word_326">prazo</word>
   <word id="word_327">,</word>
   <word id="word_328">a</word>
   <word id="word_329">Federação</word>
   <word id="word_330">pretende</word>
   <word id="word_331">que</word>
   <word id="word_332">se</word>
   <word id="word_333">faça</word>
   <word id="word_334">um</word>
   <word id="word_335">levantamento</word>
   <word id="word_336">de_</word>
   <word id="word_337">os</word>
   <word id="word_338">problemas</word>
   <word id="word_339">de</word>
   <word id="word_340">fundo</word>
   <word id="word_341">,</word>
   <word id="word_342">inclusive</word>
   <word id="word_343">um</word>
   <word id="word_344">estudo</word>
   <word id="word_345">de_</word>
   <word id="word_346">os</word>
   <word id="word_347">recursos</word>
   <word id="word_348">hídricos</word>
   <word id="word_349">de_</word>
   <word id="word_350">o</word>
   <word id="word_351">Alentejo</word>
   <word id="word_352">e</word>
   <word id="word_353">Ribatejo</word>
   <word id="word_354">.</word>
   <word id="word_355">E</word>
   <word id="word_356">critica</word>
   <word id="word_357">"</word>
   <word id="word_358">a</word>
   <word id="word_359">ausência</word>
   <word id="word_360">de</word>
   <word id="word_361">uma</word>
   <word id="word_362">política</word>
   <word id="word_363">de</word>
   <word id="word_364">gestão</word>
   <word id="word_365">"</word>
   <word id="word_366">em_</word>
   <word id="word_367">este</word>
   <word id="word_368">domínio</word>
   <word id="word_369">,</word>
   <word id="word_370">assim</word>
   <word id="word_371">como</word>
   <word id="word_372">a</word>
   <word id="word_373">aceleração</word>
   <word id="word_374">de_</word>
   <word id="word_375">o</word>
   <word id="word_376">processo</word>
   <word id="word_377">de</word>
   <word id="word_378">decisão</word>
   <word id="word_379">sobre</word>
   <word id="word_380">o</word>
   <word id="word_381">Alqueva</word>
   <word id="word_382">:</word>
   <word id="word_383">a</word>
   <word id="word_384">concretizar</word>
   <word id="word_385">-se</word>
   <word id="word_386">a</word>
   <word id="word_387">redução</word>
   <word id="word_388">de_</word>
   <word id="word_389">as</word>
   <word id="word_390">cotas</word>
   <word id="word_391">de_</word>
   <word id="word_392">a</word>
   <word id="word_393">barragem</word>
   <word id="word_394">-</word>
   <word id="word_395">como</word>
   <word id="word_396">pensa</word>
   <word id="word_397">Lino</word>
   <word id="word_398">de</word>
   <word id="word_399">Carvalho</word>
   <word id="word_400">ser</word>
   <word id="word_401">intenção</word>
   <word id="word_402">de_</word>
   <word id="word_403">o</word>
   <word id="word_404">Governo</word>
   <word id="word_405">-</word>
   <word id="word_406">,</word>
   <word id="word_407">ela</word>
   <word id="word_408">"</word>
   <word id="word_409">deixa</word>
   <word id="word_410">de</word>
   <word id="word_411">ser</word>
   <word id="word_412">o</word>
   <word id="word_413">empreendimento</word>
   <word id="word_414">de</word>
   <word id="word_415">múltiplas</word>
   <word id="word_416">valias</word>
   <word id="word_417">"</word>
   <word id="word_418">inicialmente</word>
   <word id="word_419">projectado</word>
   <word id="word_420">.</word>
   <word id="word_421">a_</word>
   <word id="word_422">o</word>
   <word id="word_423">mesmo</word>
   <word id="word_424">tempo</word>
   <word id="word_425">que</word>
   <word id="word_426">se</word>
   <word id="word_427">prepara</word>
   <word id="word_428">para</word>
   <word id="word_429">convidar</word>
   <word id="word_430">a</word>
   <word id="word_431">comissão</word>
   <word id="word_432">parlamentar</word>
   <word id="word_433">de</word>
   <word id="word_434">Agricultura</word>
   <word id="word_435">para</word>
   <word id="word_436">uma</word>
   <word id="word_437">visita</word>
   <word id="word_438">a_</word>
   <word id="word_439">as</word>
   <word id="word_440">zonas</word>
   <word id="word_441">mais</word>
   <word id="word_442">afectadas</word>
   <word id="word_443">de_</word>
   <word id="word_444">o</word>
   <word id="word_445">Alentejo</word>
   <word id="word_446">,</word>
   <word id="word_447">a</word>
   <word id="word_448">Fenca</word>
   <word id="word_449">pretende</word>
   <word id="word_450">ser</word>
   <word id="word_451">recebida</word>
   <word id="word_452">por_</word>
   <word id="word_453">o</word>
   <word id="word_454">ministro</word>
   <word id="word_455">de_</word>
   <word id="word_456">a</word>
   <word id="word_457">Agricultura</word>
   <word id="word_458">e</word>
   <word id="word_459">por_</word>
   <word id="word_460">a</word>
   <word id="word_461">Direcção</word>
   <word id="word_462">Regional</word>
   <word id="word_463">de</word>
   <word id="word_464">Agricultura</word>
   <word id="word_465">,</word>
   <word id="word_466">bem</word>
   <word id="word_467">como</word>
   <word id="word_468">por_</word>
   <word id="word_469">os</word>
   <word id="word_470">Serviços</word>
   <word id="word_471">Regionais</word>
   <word id="word_472">de</word>
   <word id="word_473">Emprego</word>
   <word id="word_474">.</word>
   <word id="word_475">Acerca</word>
   <word id="word_476">de_</word>
   <word id="word_477">a</word>
   <word id="word_478">manifestacão</word>
   <word id="word_479">convocada</word>
   <word id="word_480">hoje</word>
   <word id="word_481">para</word>
   <word id="word_482">Évora</word>
   <word id="word_483">por_</word>
   <word id="word_484">a</word>
   <word id="word_485">CAP</word>
   <word id="word_486">,</word>
   <word id="word_487">sob</word>
   <word id="word_488">a</word>
   <word id="word_489">palavra</word>
   <word id="word_490">de</word>
   <word id="word_491">ordem</word>
   <word id="word_492">"</word>
   <word id="word_493">Morte</word>
   <word id="word_494">a_</word>
   <word id="word_495">a</word>
   <word id="word_496">PAC</word>
   <word id="word_497">e</word>
   <word id="word_498">a</word>
   <word id="word_499">quem</word>
   <word id="word_500">a</word>
   <word id="word_501">apoiar</word>
   <word id="word_502">"</word>
   <word id="word_503">,</word>
   <word id="word_504">Lino</word>
   <word id="word_505">de</word>
   <word id="word_506">Carvalho</word>
   <word id="word_507">disse</word>
   <word id="word_508">a_</word>
   <word id="word_509">o</word>
   <word id="word_510">PÚBLICO</word>
   <word id="word_511">que</word>
   <word id="word_512">ela</word>
   <word id="word_513">"</word>
   <word id="word_514">resulta</word>
   <word id="word_515">de_</word>
   <word id="word_516">o</word>
   <word id="word_517">facto</word>
   <word id="word_518">de</word>
   <word id="word_519">a</word>
   <word id="word_520">CAP</word>
   <word id="word_521">,</word>
   <word id="word_522">a_</word>
   <word id="word_523">o</word>
   <word id="word_524">longo</word>
   <word id="word_525">de</word>
   <word id="word_526">alguns</word>
   <word id="word_527">anos</word>
   <word id="word_528">,</word>
   <word id="word_529">ter</word>
   <word id="word_530">vindo</word>
   <word id="word_531">a</word>
   <word id="word_532">defender</word>
   <word id="word_533">a</word>
   <word id="word_534">política</word>
   <word id="word_535">agrícola</word>
   <word id="word_536">comum</word>
   <word id="word_537">"</word>
   <word id="word_538">,</word>
   <word id="word_539">em</word>
   <word id="word_540">oposição</word>
   <word id="word_541">a_</word>
   <word id="word_542">a</word>
   <word id="word_543">Fenca</word>
   <word id="word_544">,</word>
   <word id="word_545">que</word>
   <word id="word_546">sempre</word>
   <word id="word_547">a</word>
   <word id="word_548">criticou</word>
   <word id="word_549">.</word>
   <word id="word_550">E</word>
   <word id="word_551">concluiu</word>
   <word id="word_552">:</word>
   <word id="word_553">"</word>
   <word id="word_554">Mudam</word>
   <word id="word_555">-se</word>
   <word id="word_556">os</word>
   <word id="word_557">tempos</word>
   <word id="word_558">,</word>
   <word id="word_559">mudam</word>
   <word id="word_560">-se</word>
   <word id="word_561">as</word>
   <word id="word_562">vontades</word>
   <word id="word_563">.</word>
   <word id="word_564">"</word>
</words>
