<?xml version="1.0" encoding="UTF-8"?>
<!DOCTYPE markables SYSTEM "markables.dtd">
<markables xmlns="www.eml.org/NameSpaces/sentences">
<markable id="markable_502" span="word_16258..word_16270" mmax_level="sentences" />
<markable id="markable_503" span="word_16271..word_16279" mmax_level="sentences" />
<markable id="markable_504" span="word_16280..word_16297" mmax_level="sentences" />
<markable id="markable_505" span="word_16298..word_16308" mmax_level="sentences" />
<markable id="markable_506" span="word_16309..word_16341" mmax_level="sentences" />
<markable id="markable_507" span="word_16342..word_16352" mmax_level="sentences" />
<markable id="markable_508" span="word_16353..word_16383" mmax_level="sentences" />
<markable id="markable_509" span="word_16384..word_16405" mmax_level="sentences" />
<markable id="markable_510" span="word_16406..word_16455" mmax_level="sentences" />
<markable id="markable_511" span="word_16456..word_16504" mmax_level="sentences" />
<markable id="markable_512" span="word_16505..word_16526" mmax_level="sentences" />
<markable id="markable_513" span="word_16527..word_16553" mmax_level="sentences" />
<markable id="markable_514" span="word_16554..word_16574" mmax_level="sentences" />
<markable id="markable_515" span="word_16575..word_16602" mmax_level="sentences" />
<markable id="markable_516" span="word_16603..word_16650" mmax_level="sentences" />
<markable id="markable_517" span="word_16651..word_16687" mmax_level="sentences" />
<markable id="markable_518" span="word_16688..word_16710" mmax_level="sentences" />
<markable id="markable_519" span="word_16711..word_16746" mmax_level="sentences" />
<markable id="markable_520" span="word_16747..word_16762" mmax_level="sentences" />
<markable id="markable_521" span="word_16763..word_16812" mmax_level="sentences" />
<markable id="markable_522" span="word_16813..word_16868" mmax_level="sentences" />
<markable id="markable_523" span="word_16869..word_16906" mmax_level="sentences" />
<markable id="markable_524" span="word_16907..word_16928" mmax_level="sentences" />
<markable id="markable_525" span="word_16929..word_16954" mmax_level="sentences" />
<markable id="markable_526" span="word_16955..word_16984" mmax_level="sentences" />
<markable id="markable_527" span="word_16985..word_17029" mmax_level="sentences" />
<markable id="markable_528" span="word_17030..word_17076" mmax_level="sentences" />
<markable id="markable_529" span="word_17077..word_17084" mmax_level="sentences" />
<markable id="markable_530" span="word_17085..word_17102" mmax_level="sentences" />
<markable id="markable_531" span="word_17103..word_17132" mmax_level="sentences" />
<markable id="markable_532" span="word_17133..word_17164" mmax_level="sentences" />
<markable id="markable_533" span="word_17165..word_17173" mmax_level="sentences" />
<markable id="markable_534" span="word_17174..word_17199" mmax_level="sentences" />
<markable id="markable_535" span="word_17200..word_17228" mmax_level="sentences" />
<markable id="markable_536" span="word_17229..word_17268" mmax_level="sentences" />
<markable id="markable_537" span="word_17269..word_17299" mmax_level="sentences" />
<markable id="markable_538" span="word_17300..word_17355" mmax_level="sentences" />
<markable id="markable_539" span="word_17356..word_17391" mmax_level="sentences" />
<markable id="markable_540" span="word_17392..word_17418" mmax_level="sentences" />
<markable id="markable_541" span="word_17419..word_17461" mmax_level="sentences" />
<markable id="markable_542" span="word_17462..word_17517" mmax_level="sentences" />
<markable id="markable_543" span="word_17518..word_17552" mmax_level="sentences" />
<markable id="markable_544" span="word_17553..word_17568" mmax_level="sentences" />
<markable id="markable_545" span="word_17569..word_17592" mmax_level="sentences" />
<markable id="markable_546" span="word_17593..word_17640" mmax_level="sentences" />
<markable id="markable_547" span="word_17641..word_17723" mmax_level="sentences" />
<markable id="markable_548" span="word_17724..word_17779" mmax_level="sentences" />
<markable id="markable_549" span="word_17780..word_17815" mmax_level="sentences" />
<markable id="markable_550" span="word_17816..word_17856" mmax_level="sentences" />
<markable id="markable_551" span="word_17857..word_17876" mmax_level="sentences" />
<markable id="markable_552" span="word_17877..word_17902" mmax_level="sentences" />
<markable id="markable_553" span="word_17903..word_17917" mmax_level="sentences" />
<markable id="markable_554" span="word_17918..word_17944" mmax_level="sentences" />
<markable id="markable_555" span="word_17945..word_18016" mmax_level="sentences" />
<markable id="markable_556" span="word_18017..word_18048" mmax_level="sentences" />
<markable id="markable_557" span="word_18049..word_18082" mmax_level="sentences" />
<markable id="markable_558" span="word_18083..word_18089" mmax_level="sentences" />
<markable id="markable_559" span="word_18090..word_18114" mmax_level="sentences" />
<markable id="markable_560" span="word_18115..word_18142" mmax_level="sentences" />
<markable id="markable_561" span="word_18143..word_18156" mmax_level="sentences" />
<markable id="markable_562" span="word_18157..word_18185" mmax_level="sentences" />
<markable id="markable_563" span="word_18186..word_18215" mmax_level="sentences" />
<markable id="markable_564" span="word_18216..word_18255" mmax_level="sentences" />
<markable id="markable_565" span="word_18256..word_18280" mmax_level="sentences" />
<markable id="markable_566" span="word_18281..word_18309" mmax_level="sentences" />
<markable id="markable_567" span="word_18310..word_18346" mmax_level="sentences" />
<markable id="markable_568" span="word_18347..word_18381" mmax_level="sentences" />
<markable id="markable_569" span="word_18382..word_18428" mmax_level="sentences" />
<markable id="markable_570" span="word_18429..word_18433" mmax_level="sentences" />
<markable id="markable_571" span="word_18434..word_18439" mmax_level="sentences" />
<markable id="markable_572" span="word_18440..word_18499" mmax_level="sentences" />
<markable id="markable_573" span="word_18500..word_18525" mmax_level="sentences" />
<markable id="markable_574" span="word_18526..word_18550" mmax_level="sentences" />
<markable id="markable_575" span="word_18551..word_18557" mmax_level="sentences" />
<markable id="markable_576" span="word_18558..word_18566" mmax_level="sentences" />
<markable id="markable_577" span="word_18567..word_18614" mmax_level="sentences" />
<markable id="markable_578" span="word_18615..word_18623" mmax_level="sentences" />
<markable id="markable_579" span="word_18624..word_18666" mmax_level="sentences" />
<markable id="markable_580" span="word_18667..word_18691" mmax_level="sentences" />
<markable id="markable_581" span="word_18692..word_18708" mmax_level="sentences" />
<markable id="markable_582" span="word_18709..word_18738" mmax_level="sentences" />
<markable id="markable_583" span="word_18739..word_18778" mmax_level="sentences" />
<markable id="markable_584" span="word_18779..word_18789" mmax_level="sentences" />
<markable id="markable_585" span="word_18790..word_18830" mmax_level="sentences" />
<markable id="markable_586" span="word_18831..word_18849" mmax_level="sentences" />
<markable id="markable_587" span="word_18850..word_18873" mmax_level="sentences" />
<markable id="markable_588" span="word_18874..word_18889" mmax_level="sentences" />
<markable id="markable_589" span="word_18890..word_18907" mmax_level="sentences" />
<markable id="markable_590" span="word_18908..word_18941" mmax_level="sentences" />
<markable id="markable_591" span="word_18942..word_18978" mmax_level="sentences" />
<markable id="markable_592" span="word_18979..word_19031" mmax_level="sentences" />
<markable id="markable_593" span="word_19032..word_19070" mmax_level="sentences" />
<markable id="markable_594" span="word_19071..word_19076" mmax_level="sentences" />
<markable id="markable_595" span="word_19077..word_19142" mmax_level="sentences" />
<markable id="markable_596" span="word_19143..word_19201" mmax_level="sentences" />
<markable id="markable_597" span="word_19202..word_19230" mmax_level="sentences" />
<markable id="markable_598" span="word_19231..word_19312" mmax_level="sentences" />
<markable id="markable_599" span="word_19313..word_19328" mmax_level="sentences" />
<markable id="markable_600" span="word_19329..word_19345" mmax_level="sentences" />
<markable id="markable_601" span="word_19346..word_19416" mmax_level="sentences" />
<markable id="markable_602" span="word_19417..word_19445" mmax_level="sentences" />
<markable id="markable_603" span="word_19446..word_19455" mmax_level="sentences" />
<markable id="markable_604" span="word_19456..word_19474" mmax_level="sentences" />
<markable id="markable_605" span="word_19475..word_19512" mmax_level="sentences" />
<markable id="markable_606" span="word_19513..word_19539" mmax_level="sentences" />
<markable id="markable_607" span="word_19540..word_19550" mmax_level="sentences" />
<markable id="markable_608" span="word_19551..word_19555" mmax_level="sentences" />
<markable id="markable_609" span="word_19556..word_19571" mmax_level="sentences" />
<markable id="markable_610" span="word_19572..word_19590" mmax_level="sentences" />
<markable id="markable_611" span="word_19591..word_19636" mmax_level="sentences" />
<markable id="markable_612" span="word_19637..word_19662" mmax_level="sentences" />
<markable id="markable_613" span="word_19663..word_19689" mmax_level="sentences" />
<markable id="markable_614" span="word_19690..word_19724" mmax_level="sentences" />
<markable id="markable_615" span="word_19725..word_19775" mmax_level="sentences" />
<markable id="markable_616" span="word_19776..word_19812" mmax_level="sentences" />
<markable id="markable_617" span="word_19813..word_19849" mmax_level="sentences" />
<markable id="markable_618" span="word_19850..word_19899" mmax_level="sentences" />
<markable id="markable_619" span="word_19900..word_19908" mmax_level="sentences" />
<markable id="markable_620" span="word_19909..word_19933" mmax_level="sentences" />
<markable id="markable_621" span="word_19934..word_19959" mmax_level="sentences" />
<markable id="markable_622" span="word_19960..word_19988" mmax_level="sentences" />
<markable id="markable_623" span="word_19989..word_20003" mmax_level="sentences" />
<markable id="markable_624" span="word_20004..word_20023" mmax_level="sentences" />
<markable id="markable_625" span="word_20024..word_20082" mmax_level="sentences" />
<markable id="markable_626" span="word_20083..word_20120" mmax_level="sentences" />
<markable id="markable_627" span="word_20121..word_20147" mmax_level="sentences" />
<markable id="markable_628" span="word_20148..word_20161" mmax_level="sentences" />
<markable id="markable_629" span="word_20162..word_20199" mmax_level="sentences" />
<markable id="markable_630" span="word_20200..word_20217" mmax_level="sentences" />
<markable id="markable_631" span="word_20218..word_20241" mmax_level="sentences" />
<markable id="markable_632" span="word_20242..word_20262" mmax_level="sentences" />
<markable id="markable_633" span="word_20263..word_20297" mmax_level="sentences" />
<markable id="markable_634" span="word_20298..word_20388" mmax_level="sentences" />
<markable id="markable_635" span="word_20389..word_20410" mmax_level="sentences" />
<markable id="markable_636" span="word_20411..word_20451" mmax_level="sentences" />
<markable id="markable_637" span="word_20452..word_20570" mmax_level="sentences" />
<markable id="markable_638" span="word_20571..word_20579" mmax_level="sentences" />
<markable id="markable_639" span="word_20580..word_20609" mmax_level="sentences" />
<markable id="markable_640" span="word_20610..word_20652" mmax_level="sentences" />
<markable id="markable_641" span="word_20653..word_20726" mmax_level="sentences" />
<markable id="markable_642" span="word_20727..word_20775" mmax_level="sentences" />
<markable id="markable_643" span="word_20776..word_20824" mmax_level="sentences" />
<markable id="markable_644" span="word_20825..word_20856" mmax_level="sentences" />
<markable id="markable_645" span="word_20857..word_20881" mmax_level="sentences" />
<markable id="markable_646" span="word_20882..word_20911" mmax_level="sentences" />
<markable id="markable_647" span="word_20912..word_20942" mmax_level="sentences" />
<markable id="markable_648" span="word_20943..word_20948" mmax_level="sentences" />
<markable id="markable_649" span="word_20949..word_20972" mmax_level="sentences" />
<markable id="markable_650" span="word_20973..word_20996" mmax_level="sentences" />
<markable id="markable_651" span="word_20997..word_21026" mmax_level="sentences" />
<markable id="markable_652" span="word_21027..word_21068" mmax_level="sentences" />
<markable id="markable_653" span="word_21069..word_21133" mmax_level="sentences" />
<markable id="markable_654" span="word_21134..word_21159" mmax_level="sentences" />
<markable id="markable_655" span="word_21160..word_21183" mmax_level="sentences" />
<markable id="markable_656" span="word_21184..word_21212" mmax_level="sentences" />
<markable id="markable_657" span="word_21213..word_21241" mmax_level="sentences" />
<markable id="markable_658" span="word_21242..word_21259" mmax_level="sentences" />
<markable id="markable_659" span="word_21260..word_21311" mmax_level="sentences" />
<markable id="markable_660" span="word_21312..word_21335" mmax_level="sentences" />
<markable id="markable_661" span="word_21336..word_21347" mmax_level="sentences" />
<markable id="markable_662" span="word_21348..word_21387" mmax_level="sentences" />
<markable id="markable_663" span="word_21388..word_21401" mmax_level="sentences" />
<markable id="markable_664" span="word_21402..word_21427" mmax_level="sentences" />
<markable id="markable_665" span="word_21428..word_21490" mmax_level="sentences" />
<markable id="markable_666" span="word_21491..word_21528" mmax_level="sentences" />
<markable id="markable_667" span="word_21529..word_21565" mmax_level="sentences" />
<markable id="markable_668" span="word_21566..word_21593" mmax_level="sentences" />
<markable id="markable_669" span="word_21594..word_21702" mmax_level="sentences" />
<markable id="markable_670" span="word_21703..word_21741" mmax_level="sentences" />
<markable id="markable_671" span="word_21742..word_21761" mmax_level="sentences" />
<markable id="markable_672" span="word_21762..word_21820" mmax_level="sentences" />
<markable id="markable_673" span="word_21821..word_21840" mmax_level="sentences" />
<markable id="markable_674" span="word_21841..word_21864" mmax_level="sentences" />
<markable id="markable_675" span="word_21865..word_21897" mmax_level="sentences" />
<markable id="markable_676" span="word_21898..word_21922" mmax_level="sentences" />
<markable id="markable_677" span="word_21923..word_21949" mmax_level="sentences" />
<markable id="markable_678" span="word_21950..word_22017" mmax_level="sentences" />
<markable id="markable_679" span="word_22018..word_22069" mmax_level="sentences" />
<markable id="markable_680" span="word_22070..word_22107" mmax_level="sentences" />
<markable id="markable_681" span="word_22108..word_22159" mmax_level="sentences" />
<markable id="markable_682" span="word_22160..word_22196" mmax_level="sentences" />
<markable id="markable_683" span="word_22197..word_22231" mmax_level="sentences" />
<markable id="markable_684" span="word_22232..word_22271" mmax_level="sentences" />
<markable id="markable_685" span="word_22272..word_22292" mmax_level="sentences" />
<markable id="markable_686" span="word_22293..word_22324" mmax_level="sentences" />
<markable id="markable_687" span="word_22325..word_22347" mmax_level="sentences" />
<markable id="markable_688" span="word_22348..word_22360" mmax_level="sentences" />
<markable id="markable_689" span="word_22361..word_22384" mmax_level="sentences" />
<markable id="markable_690" span="word_22385..word_22419" mmax_level="sentences" />
<markable id="markable_691" span="word_22420..word_22440" mmax_level="sentences" />
<markable id="markable_692" span="word_22441..word_22476" mmax_level="sentences" />
<markable id="markable_693" span="word_22477..word_22512" mmax_level="sentences" />
<markable id="markable_694" span="word_22513..word_22560" mmax_level="sentences" />
<markable id="markable_695" span="word_22561..word_22593" mmax_level="sentences" />
<markable id="markable_696" span="word_22594..word_22647" mmax_level="sentences" />
<markable id="markable_697" span="word_22648..word_22680" mmax_level="sentences" />
<markable id="markable_698" span="word_22681..word_22701" mmax_level="sentences" />
<markable id="markable_699" span="word_22702..word_22712" mmax_level="sentences" />
<markable id="markable_700" span="word_22713..word_22755" mmax_level="sentences" />
<markable id="markable_701" span="word_22756..word_22769" mmax_level="sentences" />
<markable id="markable_702" span="word_22770..word_22788" mmax_level="sentences" />
<markable id="markable_703" span="word_22789..word_22822" mmax_level="sentences" />
<markable id="markable_704" span="word_22823..word_22852" mmax_level="sentences" />
<markable id="markable_705" span="word_22853..word_22885" mmax_level="sentences" />
<markable id="markable_706" span="word_22886..word_22893" mmax_level="sentences" />
<markable id="markable_707" span="word_22894..word_22914" mmax_level="sentences" />
<markable id="markable_708" span="word_22915..word_22957" mmax_level="sentences" />
<markable id="markable_709" span="word_22958..word_22982" mmax_level="sentences" />
<markable id="markable_710" span="word_22983..word_23047" mmax_level="sentences" />
<markable id="markable_711" span="word_23048..word_23060" mmax_level="sentences" />
<markable id="markable_712" span="word_23061..word_23084" mmax_level="sentences" />
<markable id="markable_713" span="word_23085..word_23154" mmax_level="sentences" />
<markable id="markable_714" span="word_23155..word_23185" mmax_level="sentences" />
<markable id="markable_715" span="word_23186..word_23228" mmax_level="sentences" />
<markable id="markable_716" span="word_23229..word_23251" mmax_level="sentences" />
<markable id="markable_717" span="word_23252..word_23283" mmax_level="sentences" />
<markable id="markable_718" span="word_23284..word_23337" mmax_level="sentences" />
<markable id="markable_719" span="word_23338..word_23349" mmax_level="sentences" />
<markable id="markable_720" span="word_23350..word_23414" mmax_level="sentences" />
<markable id="markable_721" span="word_23415..word_23452" mmax_level="sentences" />
<markable id="markable_722" span="word_23453..word_23476" mmax_level="sentences" />
<markable id="markable_723" span="word_23477..word_23524" mmax_level="sentences" />
<markable id="markable_724" span="word_23525..word_23602" mmax_level="sentences" />
<markable id="markable_725" span="word_23603..word_23635" mmax_level="sentences" />
<markable id="markable_726" span="word_23636..word_23678" mmax_level="sentences" />
<markable id="markable_727" span="word_23679..word_23698" mmax_level="sentences" />
<markable id="markable_728" span="word_23699..word_23744" mmax_level="sentences" />
<markable id="markable_729" span="word_23745..word_23792" mmax_level="sentences" />
<markable id="markable_730" span="word_23793..word_23822" mmax_level="sentences" />
<markable id="markable_731" span="word_23823..word_23852" mmax_level="sentences" />
<markable id="markable_732" span="word_23853..word_23882" mmax_level="sentences" />
<markable id="markable_733" span="word_23883..word_23916" mmax_level="sentences" />
<markable id="markable_734" span="word_23917..word_23925" mmax_level="sentences" />
<markable id="markable_735" span="word_23926..word_23957" mmax_level="sentences" />
<markable id="markable_736" span="word_23958..word_23967" mmax_level="sentences" />
<markable id="markable_737" span="word_23968..word_24019" mmax_level="sentences" />
<markable id="markable_738" span="word_24020..word_24057" mmax_level="sentences" />
<markable id="markable_739" span="word_24058..word_24112" mmax_level="sentences" />
<markable id="markable_740" span="word_24113..word_24139" mmax_level="sentences" />
<markable id="markable_741" span="word_24140..word_24157" mmax_level="sentences" />
<markable id="markable_742" span="word_24158..word_24174" mmax_level="sentences" />
<markable id="markable_743" span="word_24175..word_24183" mmax_level="sentences" />
<markable id="markable_744" span="word_24184..word_24233" mmax_level="sentences" />
<markable id="markable_745" span="word_24234..word_24244" mmax_level="sentences" />
<markable id="markable_746" span="word_24245..word_24248" mmax_level="sentences" />
<markable id="markable_747" span="word_24249..word_24266" mmax_level="sentences" />
<markable id="markable_748" span="word_24267..word_24318" mmax_level="sentences" />
<markable id="markable_749" span="word_24319..word_24345" mmax_level="sentences" />
<markable id="markable_750" span="word_24346..word_24390" mmax_level="sentences" />
<markable id="markable_751" span="word_24391..word_24415" mmax_level="sentences" />
<markable id="markable_752" span="word_24416..word_24446" mmax_level="sentences" />
<markable id="markable_753" span="word_24447..word_24504" mmax_level="sentences" />
<markable id="markable_754" span="word_24505..word_24548" mmax_level="sentences" />
<markable id="markable_755" span="word_24549..word_24558" mmax_level="sentences" />
<markable id="markable_756" span="word_24559..word_24562" mmax_level="sentences" />
<markable id="markable_757" span="word_24563..word_24589" mmax_level="sentences" />
<markable id="markable_758" span="word_24590..word_24596" mmax_level="sentences" />
<markable id="markable_759" span="word_24597..word_24609" mmax_level="sentences" />
<markable id="markable_760" span="word_24610..word_24641" mmax_level="sentences" />
<markable id="markable_761" span="word_24642..word_24693" mmax_level="sentences" />
<markable id="markable_762" span="word_24694..word_24720" mmax_level="sentences" />
<markable id="markable_763" span="word_24721..word_24762" mmax_level="sentences" />
<markable id="markable_764" span="word_24763..word_24788" mmax_level="sentences" />
<markable id="markable_765" span="word_24789..word_24853" mmax_level="sentences" />
<markable id="markable_766" span="word_24854..word_24917" mmax_level="sentences" />
<markable id="markable_767" span="word_24918..word_24946" mmax_level="sentences" />
<markable id="markable_768" span="word_24947..word_25011" mmax_level="sentences" />
<markable id="markable_769" span="word_25012..word_25020" mmax_level="sentences" />
<markable id="markable_770" span="word_25021..word_25040" mmax_level="sentences" />
<markable id="markable_771" span="word_25041..word_25058" mmax_level="sentences" />
<markable id="markable_772" span="word_25059..word_25073" mmax_level="sentences" />
<markable id="markable_773" span="word_25074..word_25134" mmax_level="sentences" />
<markable id="markable_774" span="word_25135..word_25152" mmax_level="sentences" />
<markable id="markable_775" span="word_25153..word_25196" mmax_level="sentences" />
<markable id="markable_776" span="word_25197..word_25230" mmax_level="sentences" />
<markable id="markable_777" span="word_25231..word_25264" mmax_level="sentences" />
<markable id="markable_778" span="word_25265..word_25280" mmax_level="sentences" />
<markable id="markable_779" span="word_25281..word_25296" mmax_level="sentences" />
<markable id="markable_780" span="word_25297..word_25318" mmax_level="sentences" />
<markable id="markable_781" span="word_25319..word_25360" mmax_level="sentences" />
<markable id="markable_782" span="word_25361..word_25364" mmax_level="sentences" />
<markable id="markable_783" span="word_25365..word_25388" mmax_level="sentences" />
<markable id="markable_784" span="word_25389..word_25421" mmax_level="sentences" />
<markable id="markable_785" span="word_25422..word_25436" mmax_level="sentences" />
<markable id="markable_786" span="word_25437..word_25470" mmax_level="sentences" />
<markable id="markable_787" span="word_25471..word_25478" mmax_level="sentences" />
<markable id="markable_788" span="word_25479..word_25513" mmax_level="sentences" />
<markable id="markable_789" span="word_25514..word_25522" mmax_level="sentences" />
<markable id="markable_790" span="word_25523..word_25598" mmax_level="sentences" />
<markable id="markable_791" span="word_25599..word_25641" mmax_level="sentences" />
<markable id="markable_792" span="word_25642..word_25678" mmax_level="sentences" />
<markable id="markable_793" span="word_25679..word_25688" mmax_level="sentences" />
<markable id="markable_794" span="word_25689..word_25729" mmax_level="sentences" />
<markable id="markable_795" span="word_25730..word_25739" mmax_level="sentences" />
<markable id="markable_796" span="word_25740..word_25784" mmax_level="sentences" />
<markable id="markable_797" span="word_25785..word_25824" mmax_level="sentences" />
<markable id="markable_798" span="word_25825..word_25837" mmax_level="sentences" />
<markable id="markable_799" span="word_25838..word_25933" mmax_level="sentences" />
<markable id="markable_800" span="word_25934..word_25939" mmax_level="sentences" />
<markable id="markable_801" span="word_25940..word_25953" mmax_level="sentences" />
<markable id="markable_802" span="word_25954..word_26002" mmax_level="sentences" />
<markable id="markable_803" span="word_26003..word_26030" mmax_level="sentences" />
<markable id="markable_804" span="word_26031..word_26049" mmax_level="sentences" />
<markable id="markable_805" span="word_26050..word_26078" mmax_level="sentences" />
<markable id="markable_806" span="word_26079..word_26097" mmax_level="sentences" />
<markable id="markable_807" span="word_26098..word_26123" mmax_level="sentences" />
<markable id="markable_808" span="word_26124..word_26139" mmax_level="sentences" />
<markable id="markable_809" span="word_26140..word_26163" mmax_level="sentences" />
<markable id="markable_810" span="word_26164..word_26186" mmax_level="sentences" />
<markable id="markable_811" span="word_26187..word_26251" mmax_level="sentences" />
<markable id="markable_812" span="word_26252..word_26309" mmax_level="sentences" />
<markable id="markable_813" span="word_26310..word_26318" mmax_level="sentences" />
<markable id="markable_814" span="word_26319..word_26347" mmax_level="sentences" />
<markable id="markable_815" span="word_26348..word_26370" mmax_level="sentences" />
<markable id="markable_816" span="word_26371..word_26406" mmax_level="sentences" />
<markable id="markable_817" span="word_26407..word_26416" mmax_level="sentences" />
<markable id="markable_818" span="word_26417..word_26436" mmax_level="sentences" />
<markable id="markable_819" span="word_26437..word_26484" mmax_level="sentences" />
<markable id="markable_820" span="word_26485..word_26534" mmax_level="sentences" />
<markable id="markable_821" span="word_26535..word_26545" mmax_level="sentences" />
<markable id="markable_822" span="word_26546..word_26574" mmax_level="sentences" />
<markable id="markable_823" span="word_26575..word_26593" mmax_level="sentences" />
<markable id="markable_824" span="word_26594..word_26614" mmax_level="sentences" />
<markable id="markable_825" span="word_26615..word_26628" mmax_level="sentences" />
<markable id="markable_826" span="word_26629..word_26642" mmax_level="sentences" />
<markable id="markable_827" span="word_26643..word_26666" mmax_level="sentences" />
<markable id="markable_828" span="word_26667..word_26704" mmax_level="sentences" />
<markable id="markable_829" span="word_26705..word_26773" mmax_level="sentences" />
<markable id="markable_830" span="word_26774..word_26807" mmax_level="sentences" />
<markable id="markable_831" span="word_26808..word_26819" mmax_level="sentences" />
<markable id="markable_832" span="word_26820..word_26872" mmax_level="sentences" />
<markable id="markable_833" span="word_26873..word_26897" mmax_level="sentences" />
<markable id="markable_834" span="word_26898..word_26908" mmax_level="sentences" />
<markable id="markable_835" span="word_26909..word_26966" mmax_level="sentences" />
<markable id="markable_836" span="word_26967..word_26984" mmax_level="sentences" />
<markable id="markable_837" span="word_26985..word_27023" mmax_level="sentences" />
<markable id="markable_838" span="word_27024..word_27109" mmax_level="sentences" />
<markable id="markable_839" span="word_27110..word_27173" mmax_level="sentences" />
<markable id="markable_840" span="word_27174..word_27217" mmax_level="sentences" />
<markable id="markable_841" span="word_27218..word_27229" mmax_level="sentences" />
<markable id="markable_842" span="word_27230..word_27257" mmax_level="sentences" />
<markable id="markable_843" span="word_27258..word_27283" mmax_level="sentences" />
<markable id="markable_844" span="word_27284..word_27318" mmax_level="sentences" />
<markable id="markable_845" span="word_27319..word_27339" mmax_level="sentences" />
<markable id="markable_846" span="word_27340..word_27352" mmax_level="sentences" />
<markable id="markable_847" span="word_27353..word_27404" mmax_level="sentences" />
<markable id="markable_848" span="word_27405..word_27435" mmax_level="sentences" />
<markable id="markable_849" span="word_27436..word_27455" mmax_level="sentences" />
<markable id="markable_850" span="word_27456..word_27484" mmax_level="sentences" />
<markable id="markable_851" span="word_27485..word_27506" mmax_level="sentences" />
<markable id="markable_852" span="word_27507..word_27562" mmax_level="sentences" />
<markable id="markable_853" span="word_27563..word_27620" mmax_level="sentences" />
<markable id="markable_854" span="word_27621..word_27629" mmax_level="sentences" />
<markable id="markable_855" span="word_27630..word_27645" mmax_level="sentences" />
<markable id="markable_856" span="word_27646..word_27684" mmax_level="sentences" />
<markable id="markable_857" span="word_27685..word_27732" mmax_level="sentences" />
<markable id="markable_858" span="word_27733..word_27760" mmax_level="sentences" />
<markable id="markable_859" span="word_27761..word_27779" mmax_level="sentences" />
<markable id="markable_860" span="word_27780..word_27809" mmax_level="sentences" />
<markable id="markable_861" span="word_27810..word_27850" mmax_level="sentences" />
<markable id="markable_862" span="word_27851..word_27887" mmax_level="sentences" />
<markable id="markable_863" span="word_27888..word_27933" mmax_level="sentences" />
<markable id="markable_864" span="word_27934..word_27963" mmax_level="sentences" />
<markable id="markable_865" span="word_27964..word_28065" mmax_level="sentences" />
<markable id="markable_866" span="word_28066..word_28093" mmax_level="sentences" />
<markable id="markable_867" span="word_28094..word_28118" mmax_level="sentences" />
<markable id="markable_868" span="word_28119..word_28167" mmax_level="sentences" />
<markable id="markable_869" span="word_28168..word_28184" mmax_level="sentences" />
<markable id="markable_870" span="word_28185..word_28220" mmax_level="sentences" />
<markable id="markable_871" span="word_28221..word_28233" mmax_level="sentences" />
<markable id="markable_872" span="word_28234..word_28261" mmax_level="sentences" />
<markable id="markable_873" span="word_28262..word_28295" mmax_level="sentences" />
<markable id="markable_874" span="word_28296..word_28308" mmax_level="sentences" />
<markable id="markable_875" span="word_28309..word_28327" mmax_level="sentences" />
<markable id="markable_876" span="word_28328..word_28346" mmax_level="sentences" />
<markable id="markable_877" span="word_28347..word_28404" mmax_level="sentences" />
<markable id="markable_878" span="word_28405..word_28451" mmax_level="sentences" />
<markable id="markable_879" span="word_28452..word_28520" mmax_level="sentences" />
<markable id="markable_880" span="word_28521..word_28569" mmax_level="sentences" />
<markable id="markable_881" span="word_28570..word_28608" mmax_level="sentences" />
<markable id="markable_882" span="word_28609..word_28624" mmax_level="sentences" />
<markable id="markable_883" span="word_28625..word_28663" mmax_level="sentences" />
<markable id="markable_884" span="word_28664..word_28700" mmax_level="sentences" />
<markable id="markable_885" span="word_28701..word_28735" mmax_level="sentences" />
<markable id="markable_886" span="word_28736..word_28755" mmax_level="sentences" />
<markable id="markable_887" span="word_28756..word_28783" mmax_level="sentences" />
<markable id="markable_888" span="word_28784..word_28836" mmax_level="sentences" />
<markable id="markable_889" span="word_28837..word_28865" mmax_level="sentences" />
<markable id="markable_890" span="word_28866..word_28901" mmax_level="sentences" />
<markable id="markable_891" span="word_28902..word_28923" mmax_level="sentences" />
<markable id="markable_892" span="word_28924..word_28942" mmax_level="sentences" />
<markable id="markable_893" span="word_28943..word_28973" mmax_level="sentences" />
<markable id="markable_894" span="word_28974..word_28990" mmax_level="sentences" />
<markable id="markable_895" span="word_28991..word_29051" mmax_level="sentences" />
<markable id="markable_896" span="word_29052..word_29081" mmax_level="sentences" />
<markable id="markable_897" span="word_29082..word_29133" mmax_level="sentences" />
<markable id="markable_898" span="word_29134..word_29211" mmax_level="sentences" />
<markable id="markable_899" span="word_29212..word_29231" mmax_level="sentences" />
<markable id="markable_900" span="word_29232..word_29266" mmax_level="sentences" />
<markable id="markable_901" span="word_29267..word_29303" mmax_level="sentences" />
<markable id="markable_902" span="word_29304..word_29359" mmax_level="sentences" />
<markable id="markable_903" span="word_29360..word_29373" mmax_level="sentences" />
<markable id="markable_904" span="word_29374..word_29409" mmax_level="sentences" />
<markable id="markable_905" span="word_29410..word_29446" mmax_level="sentences" />
<markable id="markable_906" span="word_29447..word_29474" mmax_level="sentences" />
<markable id="markable_907" span="word_29475..word_29504" mmax_level="sentences" />
<markable id="markable_908" span="word_29505..word_29527" mmax_level="sentences" />
<markable id="markable_909" span="word_29528..word_29584" mmax_level="sentences" />
<markable id="markable_910" span="word_29585..word_29632" mmax_level="sentences" />
<markable id="markable_911" span="word_29633..word_29684" mmax_level="sentences" />
<markable id="markable_912" span="word_29685..word_29716" mmax_level="sentences" />
<markable id="markable_913" span="word_29717..word_29765" mmax_level="sentences" />
<markable id="markable_914" span="word_29766..word_29775" mmax_level="sentences" />
<markable id="markable_915" span="word_29776..word_29800" mmax_level="sentences" />
<markable id="markable_916" span="word_29801..word_29842" mmax_level="sentences" />
<markable id="markable_917" span="word_29843..word_29894" mmax_level="sentences" />
<markable id="markable_918" span="word_29895..word_29954" mmax_level="sentences" />
<markable id="markable_919" span="word_29955..word_29976" mmax_level="sentences" />
<markable id="markable_920" span="word_29977..word_30028" mmax_level="sentences" />
<markable id="markable_921" span="word_30029..word_30072" mmax_level="sentences" />
<markable id="markable_922" span="word_30073..word_30086" mmax_level="sentences" />
<markable id="markable_923" span="word_30087..word_30120" mmax_level="sentences" />
<markable id="markable_924" span="word_30121..word_30125" mmax_level="sentences" />
<markable id="markable_925" span="word_30126..word_30145" mmax_level="sentences" />
<markable id="markable_926" span="word_30146..word_30180" mmax_level="sentences" />
<markable id="markable_927" span="word_30181..word_30234" mmax_level="sentences" />
<markable id="markable_928" span="word_30235..word_30256" mmax_level="sentences" />
<markable id="markable_929" span="word_30257..word_30283" mmax_level="sentences" />
<markable id="markable_930" span="word_30284..word_30306" mmax_level="sentences" />
<markable id="markable_931" span="word_30307..word_30327" mmax_level="sentences" />
<markable id="markable_932" span="word_30328..word_30375" mmax_level="sentences" />
<markable id="markable_933" span="word_30376..word_30442" mmax_level="sentences" />
<markable id="markable_934" span="word_30443..word_30460" mmax_level="sentences" />
<markable id="markable_935" span="word_30461..word_30527" mmax_level="sentences" />
<markable id="markable_936" span="word_30528..word_30546" mmax_level="sentences" />
<markable id="markable_937" span="word_30547..word_30589" mmax_level="sentences" />
<markable id="markable_938" span="word_30590..word_30617" mmax_level="sentences" />
<markable id="markable_939" span="word_30618..word_30637" mmax_level="sentences" />
<markable id="markable_940" span="word_30638..word_30680" mmax_level="sentences" />
<markable id="markable_941" span="word_30681..word_30707" mmax_level="sentences" />
<markable id="markable_942" span="word_30708..word_30758" mmax_level="sentences" />
<markable id="markable_943" span="word_30759..word_30789" mmax_level="sentences" />
<markable id="markable_944" span="word_30790..word_30814" mmax_level="sentences" />
<markable id="markable_945" span="word_30815..word_30844" mmax_level="sentences" />
<markable id="markable_946" span="word_30845..word_30874" mmax_level="sentences" />
<markable id="markable_947" span="word_30875..word_30923" mmax_level="sentences" />
<markable id="markable_948" span="word_30924..word_30961" mmax_level="sentences" />
<markable id="markable_949" span="word_30962..word_30975" mmax_level="sentences" />
<markable id="markable_950" span="word_30976..word_30983" mmax_level="sentences" />
<markable id="markable_951" span="word_30984..word_31019" mmax_level="sentences" />
<markable id="markable_952" span="word_31020..word_31075" mmax_level="sentences" />
<markable id="markable_953" span="word_31076..word_31117" mmax_level="sentences" />
<markable id="markable_954" span="word_31118..word_31138" mmax_level="sentences" />
<markable id="markable_955" span="word_31139..word_31172" mmax_level="sentences" />
<markable id="markable_956" span="word_31173..word_31228" mmax_level="sentences" />
<markable id="markable_957" span="word_31229..word_31256" mmax_level="sentences" />
<markable id="markable_958" span="word_31257..word_31303" mmax_level="sentences" />
<markable id="markable_959" span="word_31304..word_31330" mmax_level="sentences" />
<markable id="markable_960" span="word_31331..word_31336" mmax_level="sentences" />
<markable id="markable_961" span="word_31337..word_31369" mmax_level="sentences" />
<markable id="markable_962" span="word_31370..word_31386" mmax_level="sentences" />
<markable id="markable_963" span="word_31387..word_31404" mmax_level="sentences" />
<markable id="markable_964" span="word_31405..word_31447" mmax_level="sentences" />
<markable id="markable_965" span="word_31448..word_31499" mmax_level="sentences" />
<markable id="markable_966" span="word_31500..word_31532" mmax_level="sentences" />
<markable id="markable_967" span="word_31533..word_31540" mmax_level="sentences" />
<markable id="markable_968" span="word_31541..word_31558" mmax_level="sentences" />
<markable id="markable_969" span="word_31559..word_31595" mmax_level="sentences" />
<markable id="markable_970" span="word_31596..word_31647" mmax_level="sentences" />
<markable id="markable_971" span="word_31648..word_31670" mmax_level="sentences" />
<markable id="markable_972" span="word_31671..word_31712" mmax_level="sentences" />
<markable id="markable_973" span="word_31713..word_31749" mmax_level="sentences" />
<markable id="markable_974" span="word_31750..word_31782" mmax_level="sentences" />
<markable id="markable_975" span="word_31783..word_31798" mmax_level="sentences" />
<markable id="markable_976" span="word_31799..word_31814" mmax_level="sentences" />
<markable id="markable_977" span="word_31815..word_31832" mmax_level="sentences" />
<markable id="markable_978" span="word_31833..word_31875" mmax_level="sentences" />
<markable id="markable_979" span="word_31876..word_31901" mmax_level="sentences" />
<markable id="markable_980" span="word_31902..word_31915" mmax_level="sentences" />
<markable id="markable_981" span="word_31916..word_31939" mmax_level="sentences" />
<markable id="markable_982" span="word_31940..word_31967" mmax_level="sentences" />
<markable id="markable_983" span="word_31968..word_31998" mmax_level="sentences" />
<markable id="markable_984" span="word_31999..word_32010" mmax_level="sentences" />
<markable id="markable_985" span="word_32011..word_32029" mmax_level="sentences" />
<markable id="markable_986" span="word_32030..word_32072" mmax_level="sentences" />
<markable id="markable_987" span="word_32073..word_32097" mmax_level="sentences" />
<markable id="markable_988" span="word_32098..word_32109" mmax_level="sentences" />
<markable id="markable_989" span="word_32110..word_32124" mmax_level="sentences" />
<markable id="markable_990" span="word_32125..word_32138" mmax_level="sentences" />
<markable id="markable_991" span="word_32139..word_32147" mmax_level="sentences" />
<markable id="markable_992" span="word_32148..word_32219" mmax_level="sentences" />
<markable id="markable_993" span="word_32220..word_32227" mmax_level="sentences" />
<markable id="markable_994" span="word_32228..word_32262" mmax_level="sentences" />
<markable id="markable_995" span="word_32263..word_32272" mmax_level="sentences" />
<markable id="markable_996" span="word_32273..word_32317" mmax_level="sentences" />
<markable id="markable_997" span="word_32318..word_32326" mmax_level="sentences" />
<markable id="markable_998" span="word_32327..word_32375" mmax_level="sentences" />
<markable id="markable_999" span="word_32376..word_32391" mmax_level="sentences" />
<markable id="markable_1000" span="word_32392..word_32439" mmax_level="sentences" />
<markable id="markable_1001" span="word_32440..word_32491" mmax_level="sentences" />
<markable id="markable_1002" span="word_32492..word_32511" mmax_level="sentences" />
</markables>
