<?xml version="1.0" encoding="ISO-8859-1"?>
<annotationscheme>



 <attribute id="level_type" name="Type" type="nominal_button" text="Choose type of expression!">
  <value id="value_type_none" name="none"/>
  <value id="value_type_target" name="target" next="level_polarity_target"/>
  <value id="value_type_trigger" name="trigger" next="level_modal_value,level_polarity,level_polarity_cue,level_focus,level_focus_cue,level_focus_value,level_ambiguity"/>
  <value id="value_type_source_modality" name="source_modality"/>
  <value id="value_type_event" name="source_event"/>
  <value id="value_type_focus_cue" name="focus_cue" />
  <value id="value_type_focus" name="scope_focus" next="level_ambiguity"/>
 </attribute>



 <attribute id="level_modal_value" name="modal_value" type="nominal_list" text="">
  <value id="value_modal_value_none" name="none"/>
  <value id="value_modal_value_epistemic_knowledge" name="epistemic_knowledge"/>
  <value id="value_modal_value_epistemic_belief" name="epistemic_belief"/>
  <value id="value_modal_value_epistemic_possibility" name="epistemic_possibility"/>
  <value id="value_modal_value_epistemic_possibility" name="epistemic_probability"/>
  <value id="value_modal_value_epistemic_interrogative" name="epistemic_interrogative"/>
  <value id="value_modal_value_epistemic_doubt" name="epistemic_doubt"/>
  <value id="value_modal_value_participant-internal_necessity" name="participant-internal_necessity"/>
  <value id="value_modal_value_participant-internal_capacity" name="participant-internal_capacity"/>     
  <value id="value_modal_value_deontic_permission" name="deontic_permission"/>
  <value id="value_modal_value_deontic_obligation" name="deontic_obligation"/>
  <value id="value_modal_value_success" name="success"/>
  <value id="value_modal_value_commissive" name="commissive"/>
  <value id="value_modal_value_volition" name="volition"/>
  <value id="value_modal_value_evaluation" name="evaluation"/>
  <value id="value_modal_value_effort" name="effort"/>      
 </attribute>


 <attribute id="level_polarity" name="polarity" type="nominal_button" text="Choose the polarity of the trigger.">
  <value id="value_polarity_pos" name="pos"/>
  <value id="value_polarity_neg" name="neg"/>
 </attribute>
 
 <attribute id="level_polarity_target" name="polarity_target" type="nominal_button" text="Choose the polarity of the target.">
  <value id="value_polarity_pos" name="pos"/>
  <value id="value_polarity_neg" name="neg"/>
 </attribute>

 <attribute id="level_polarity_cue" type="freetext" name="polarity_cue">
  <value id="value_polarity_cue" name="polarity_cue"/>
 </attribute>

 <attribute id="level_focus" type="nominal_button" name="focus">
  <value id="value_focus_excl" name="none"/>
  <value id="value_focus_excl" name="exclusive"/>
  <value id="value_focus_addit" name="additive"/>
 </attribute>

<attribute id="level_focus_cue" type="freetext" name="focus_cue">
  <value id="value_focus_cue" name="focus_cue"/>
 </attribute>

  <attribute id="level_focus_value" type="nominal_button" name="extra_focus_value">
  <value id="value_focus" name="none"/>
  <value id="value_focus_mir" name="mirative"/>
  <value id="value_focus_con" name="contrastive"/>
 </attribute>
  
<attribute id="level_modalclass" name="modal_class" color="green" width="2" type="markable_set" add_to_markableset_text="Mark as link"  style="lcurve" remove_from_markableset_text="Unmark as link" adopt_into_markableset_text="Move this into current modal set" merge_into_markableset_text="Merge both modal sets into one">
  <value id="value_modalclass" name="modal_class"/>
 </attribute>



<attribute id="level_ambiguity" type="freetext" name="ambiguity">
<value id="value_comment" name="ambiguity"/>
</attribute>


<attribute id="level_comment" type="freetext" name="comment">
<value id="value_comment" name="comment"/>
</attribute>

</annotationscheme>
