<?xml version="1.0"?>
<!DOCTYPE common_paths>
<common_paths>
<basedata_path>Basedata\</basedata_path>
<customization_path>Customizations\</customization_path>
<scheme_path>Schemes\</scheme_path>
<style_path>Styles\</style_path>
<markable_path>Markables\</markable_path>
<views>

<stylesheet>htc_4.xsl</stylesheet>
<stylesheet>htc_5.xsl</stylesheet>
</views>
<annotations>
<level name="modal" schemefile="modal_scheme.xml" customization_file="modal_customization.xml">$_modal_level.xml</level>
<level name="sentences" schemefile="sentence_scheme.xml" customization_file="sentence_customization.xml">$_sentence_level.xml</level>
</annotations>
<user_switches>
<user_switch name="modal_handle" default="on" description=""/>
</user_switches>
</common_paths>