<?xml version="1.0" encoding="UTF-8"?>
<!DOCTYPE words SYSTEM "words.dtd">
<words>
   <word id="word_1">O</word>
   <word id="word_2">SECRETÁRIO</word>
   <word id="word_3">de</word>
   <word id="word_4">Estado</word>
   <word id="word_5">de_</word>
   <word id="word_6">a</word>
   <word id="word_7">Administração</word>
   <word id="word_8">Local</word>
   <word id="word_9">e</word>
   <word id="word_10">Ordenamento</word>
   <word id="word_11">de_</word>
   <word id="word_12">o</word>
   <word id="word_13">Território</word>
   <word id="word_14">homologou</word>
   <word id="word_15">a</word>
   <word id="word_16">proposta</word>
   <word id="word_17">de</word>
   <word id="word_18">adjudicação</word>
   <word id="word_19">de_</word>
   <word id="word_20">a</word>
   <word id="word_21">construção</word>
   <word id="word_22">de_</word>
   <word id="word_23">o</word>
   <word id="word_24">auditório</word>
   <word id="word_25">e</word>
   <word id="word_26">edifício-sede</word>
   <word id="word_27">de_</word>
   <word id="word_28">o</word>
   <word id="word_29">coral</word>
   <word id="word_30">Luísa</word>
   <word id="word_31">Todi</word>
   <word id="word_32">em</word>
   <word id="word_33">Setúbal</word>
   <word id="word_34">.</word>
   <word id="word_35">Esta</word>
   <word id="word_36">empreitada</word>
   <word id="word_37">ronda</word>
   <word id="word_38">os</word>
   <word id="word_39">64</word>
   <word id="word_40">mil</word>
   <word id="word_41">contos</word>
   <word id="word_42">,</word>
   <word id="word_43">e</word>
   <word id="word_44">está</word>
   <word id="word_45">prevista</word>
   <word id="word_46">a</word>
   <word id="word_47">sua</word>
   <word id="word_48">conclusão</word>
   <word id="word_49">em_</word>
   <word id="word_50">um</word>
   <word id="word_51">prazo</word>
   <word id="word_52">de</word>
   <word id="word_53">12</word>
   <word id="word_54">meses</word>
   <word id="word_55">.</word>
   <word id="word_56">Recorde</word>
   <word id="word_57">-se</word>
   <word id="word_58">que</word>
   <word id="word_59">,</word>
   <word id="word_60">em</word>
   <word id="word_61">31</word>
   <word id="word_62">de</word>
   <word id="word_63">Março</word>
   <word id="word_64">decorreu</word>
   <word id="word_65">a</word>
   <word id="word_66">cerimónia</word>
   <word id="word_67">de</word>
   <word id="word_68">lançamento</word>
   <word id="word_69">de_</word>
   <word id="word_70">a</word>
   <word id="word_71">primeira</word>
   <word id="word_72">pedra</word>
   <word id="word_73">,</word>
   <word id="word_74">tendo</word>
   <word id="word_75">em_</word>
   <word id="word_76">a</word>
   <word id="word_77">ocasião</word>
   <word id="word_78">o</word>
   <word id="word_79">dr.</word>
   <word id="word_80">Nunes</word>
   <word id="word_81">Liberato</word>
   <word id="word_82">enaltecido</word>
   <word id="word_83">as</word>
   <word id="word_84">tradições</word>
   <word id="word_85">culturais</word>
   <word id="word_86">de</word>
   <word id="word_87">Setúbal</word>
   <word id="word_88">,</word>
   <word id="word_89">referindo</word>
   <word id="word_90">que</word>
   <word id="word_91">os</word>
   <word id="word_92">problemas</word>
   <word id="word_93">que</word>
   <word id="word_94">afectam</word>
   <word id="word_95">aquele</word>
   <word id="word_96">distrito</word>
   <word id="word_97">não</word>
   <word id="word_98">são</word>
   <word id="word_99">unicamente</word>
   <word id="word_100">socioeconómicos</word>
   <word id="word_101">,</word>
   <word id="word_102">nem</word>
   <word id="word_103">poderão</word>
   <word id="word_104">ser</word>
   <word id="word_105">,</word>
   <word id="word_106">cabalmente</word>
   <word id="word_107">,</word>
   <word id="word_108">ultrapassados</word>
   <word id="word_109">,</word>
   <word id="word_110">sem</word>
   <word id="word_111">a</word>
   <word id="word_112">consolidação</word>
   <word id="word_113">de_</word>
   <word id="word_114">uma</word>
   <word id="word_115">vertente</word>
   <word id="word_116">cultural</word>
   <word id="word_117">,</word>
   <word id="word_118">inserida</word>
   <word id="word_119">em_</word>
   <word id="word_120">uma</word>
   <word id="word_121">perspectiva</word>
   <word id="word_122">de</word>
   <word id="word_123">ordenamento</word>
   <word id="word_124">de_</word>
   <word id="word_125">o</word>
   <word id="word_126">território</word>
   <word id="word_127">.</word>
   <word id="word_128">Isto</word>
   <word id="word_129">mesmo</word>
   <word id="word_130">foi</word>
   <word id="word_131">sentido</word>
   <word id="word_132">por_</word>
   <word id="word_133">o</word>
   <word id="word_134">Governo</word>
   <word id="word_135">Civil</word>
   <word id="word_136">e</word>
   <word id="word_137">Câmara</word>
   <word id="word_138">Municipal</word>
   <word id="word_139">de</word>
   <word id="word_140">Setúbal</word>
   <word id="word_141">e</word>
   <word id="word_142">,</word>
   <word id="word_143">ainda</word>
   <word id="word_144">,</word>
   <word id="word_145">a</word>
   <word id="word_146">Secretaria</word>
   <word id="word_147">de</word>
   <word id="word_148">Estado</word>
   <word id="word_149">de_</word>
   <word id="word_150">a</word>
   <word id="word_151">Cultura</word>
   <word id="word_152">e</word>
   <word id="word_153">Fundação</word>
   <word id="word_154">Gulbenkian</word>
   <word id="word_155">,</word>
   <word id="word_156">que</word>
   <word id="word_157">,</word>
   <word id="word_158">igualmente</word>
   <word id="word_159">,</word>
   <word id="word_160">apoiaram</word>
   <word id="word_161">a</word>
   <word id="word_162">iniciativa</word>
   <word id="word_163">deste</word>
   <word id="word_164">empreendimento</word>
   <word id="word_165">.</word>
</words>
