<?xml version="1.0" encoding="UTF-8"?>
<!DOCTYPE words SYSTEM "words.dtd">
<words>
   <word id="word_1">A</word>
   <word id="word_2">SENTENÇA</word>
   <word id="word_3">de_</word>
   <word id="word_4">o</word>
   <word id="word_5">processo</word>
   <word id="word_6">conhecido</word>
   <word id="word_7">por</word>
   <word id="word_8">"</word>
   <word id="word_9">FP-27</word>
   <word id="word_10">"</word>
   <word id="word_11">,</word>
   <word id="word_12">cujo</word>
   <word id="word_13">julgamento</word>
   <word id="word_14">decorre</word>
   <word id="word_15">em</word>
   <word id="word_16">Monsanto</word>
   <word id="word_17">,</word>
   <word id="word_18">envolvendo</word>
   <word id="word_19">23</word>
   <word id="word_20">réus</word>
   <word id="word_21">,</word>
   <word id="word_22">entre</word>
   <word id="word_23">os</word>
   <word id="word_24">quais</word>
   <word id="word_25">Faustino</word>
   <word id="word_26">Cavaco</word>
   <word id="word_27">,</word>
   <word id="word_28">só</word>
   <word id="word_29">será</word>
   <word id="word_30">conhecida</word>
   <word id="word_31">em</word>
   <word id="word_32">Outubro</word>
   <word id="word_33">,</word>
   <word id="word_34">disse</word>
   <word id="word_35">o</word>
   <word id="word_36">juíz-presidente</word>
   <word id="word_37">de_</word>
   <word id="word_38">o</word>
   <word id="word_39">tribunal</word>
   <word id="word_40">.</word>
   <word id="word_41">Mário</word>
   <word id="word_42">Miranda</word>
   <word id="word_43">Jones</word>
   <word id="word_44">disse</word>
   <word id="word_45">que</word>
   <word id="word_46">as</word>
   <word id="word_47">alegações</word>
   <word id="word_48">estão</word>
   <word id="word_49">previstas</word>
   <word id="word_50">para</word>
   <word id="word_51">16</word>
   <word id="word_52">de</word>
   <word id="word_53">Julho</word>
   <word id="word_54">,</word>
   <word id="word_55">devendo</word>
   <word id="word_56">a</word>
   <word id="word_57">audiência</word>
   <word id="word_58">prolongar</word>
   <word id="word_59">-se</word>
   <word id="word_60">até</word>
   <word id="word_61">final</word>
   <word id="word_62">desse</word>
   <word id="word_63">mês</word>
   <word id="word_64">,</word>
   <word id="word_65">período</word>
   <word id="word_66">a</word>
   <word id="word_67">partir</word>
   <word id="word_68">de_</word>
   <word id="word_69">o</word>
   <word id="word_70">qual</word>
   <word id="word_71">os</word>
   <word id="word_72">juízes</word>
   <word id="word_73">que</word>
   <word id="word_74">constituem</word>
   <word id="word_75">o</word>
   <word id="word_76">colectivo</word>
   <word id="word_77">se</word>
   <word id="word_78">reunirão</word>
   <word id="word_79">,</word>
   <word id="word_80">para</word>
   <word id="word_81">apreciar</word>
   <word id="word_82">a</word>
   <word id="word_83">resposta</word>
   <word id="word_84">a_</word>
   <word id="word_85">as</word>
   <word id="word_86">várias</word>
   <word id="word_87">centenas</word>
   <word id="word_88">de</word>
   <word id="word_89">quesitos</word>
   <word id="word_90">.</word>
   <word id="word_91">O</word>
   <word id="word_92">julgamento</word>
   <word id="word_93">deste</word>
   <word id="word_94">processo</word>
   <word id="word_95">,</word>
   <word id="word_96">que</word>
   <word id="word_97">inclui</word>
   <word id="word_98">mais</word>
   <word id="word_99">de</word>
   <word id="word_100">30</word>
   <word id="word_101">assaltos</word>
   <word id="word_102">a_</word>
   <word id="word_103">a</word>
   <word id="word_104">mão</word>
   <word id="word_105">armada</word>
   <word id="word_106">,</word>
   <word id="word_107">que</word>
   <word id="word_108">renderam</word>
   <word id="word_109">,</word>
   <word id="word_110">segundo</word>
   <word id="word_111">a</word>
   <word id="word_112">acusação</word>
   <word id="word_113">,</word>
   <word id="word_114">60</word>
   <word id="word_115">mil</word>
   <word id="word_116">contos</word>
   <word id="word_117">,</word>
   <word id="word_118">iniciou</word>
   <word id="word_119">-se</word>
   <word id="word_120">em</word>
   <word id="word_121">21</word>
   <word id="word_122">de</word>
   <word id="word_123">Abril</word>
   <word id="word_124">e</word>
   <word id="word_125">encontra</word>
   <word id="word_126">-se</word>
   <word id="word_127">em_</word>
   <word id="word_128">a</word>
   <word id="word_129">fase</word>
   <word id="word_130">de</word>
   <word id="word_131">audição</word>
   <word id="word_132">de</word>
   <word id="word_133">testemunhas</word>
   <word id="word_134">e</word>
   <word id="word_135">declarantes</word>
   <word id="word_136">.</word>
   <word id="word_137">de_</word>
   <word id="word_138">os</word>
   <word id="word_139">réus</word>
   <word id="word_140">,</word>
   <word id="word_141">quatro</word>
   <word id="word_142">encontram</word>
   <word id="word_143">-se</word>
   <word id="word_144">em</word>
   <word id="word_145">liberdade</word>
   <word id="word_146">sob</word>
   <word id="word_147">caução</word>
   <word id="word_148">,</word>
   <word id="word_149">e</word>
   <word id="word_150">quatro</word>
   <word id="word_151">são</word>
   <word id="word_152">julgados</word>
   <word id="word_153">a_</word>
   <word id="word_154">a</word>
   <word id="word_155">revelia</word>
   <word id="word_156">e</word>
   <word id="word_157">os</word>
   <word id="word_158">restantes</word>
   <word id="word_159">permanecem</word>
   <word id="word_160">sob</word>
   <word id="word_161">prisão</word>
   <word id="word_162">preventiva</word>
   <word id="word_163">.</word>
</words>
