<?xml version="1.0" encoding="UTF-8"?>
<!DOCTYPE words SYSTEM "words.dtd">
<words>
   <word id="word_1">em_</word>
   <word id="word_2">um</word>
   <word id="word_3">ENCONTRO</word>
   <word id="word_4">com</word>
   <word id="word_5">os</word>
   <word id="word_6">jornalistas</word>
   <word id="word_7">,</word>
   <word id="word_8">ontem</word>
   <word id="word_9">a_</word>
   <word id="word_10">a</word>
   <word id="word_11">tarde</word>
   <word id="word_12">,</word>
   <word id="word_13">em_</word>
   <word id="word_14">a</word>
   <word id="word_15">residência</word>
   <word id="word_16">de_</word>
   <word id="word_17">o</word>
   <word id="word_18">embaixador</word>
   <word id="word_19">Costa</word>
   <word id="word_20">Lobo</word>
   <word id="word_21">,</word>
   <word id="word_22">o</word>
   <word id="word_23">Presidente</word>
   <word id="word_24">de_</word>
   <word id="word_25">a</word>
   <word id="word_26">República</word>
   <word id="word_27">reafirmou</word>
   <word id="word_28">que</word>
   <word id="word_29">Portugal</word>
   <word id="word_30">não</word>
   <word id="word_31">pode</word>
   <word id="word_32">converter</word>
   <word id="word_33">-se</word>
   <word id="word_34">em</word>
   <word id="word_35">"</word>
   <word id="word_36">santuário</word>
   <word id="word_37">"</word>
   <word id="word_38">de_</word>
   <word id="word_39">os</word>
   <word id="word_40">movimentos</word>
   <word id="word_41">que</word>
   <word id="word_42">combatem</word>
   <word id="word_43">os</word>
   <word id="word_44">Governos</word>
   <word id="word_45">legítimos</word>
   <word id="word_46">de</word>
   <word id="word_47">Angola</word>
   <word id="word_48">e</word>
   <word id="word_49">Moçambique</word>
   <word id="word_50">.</word>
   <word id="word_51">Mas</word>
   <word id="word_52">,</word>
   <word id="word_53">por_</word>
   <word id="word_54">o</word>
   <word id="word_55">alinhamento</word>
   <word id="word_56">de_</word>
   <word id="word_57">os</word>
   <word id="word_58">factos</word>
   <word id="word_59">,</word>
   <word id="word_60">de_</word>
   <word id="word_61">o</word>
   <word id="word_62">discurso</word>
   <word id="word_63">de</word>
   <word id="word_64">Mário</word>
   <word id="word_65">Soares</word>
   <word id="word_66">em_</word>
   <word id="word_67">a</word>
   <word id="word_68">sessão</word>
   <word id="word_69">especial</word>
   <word id="word_70">de_</word>
   <word id="word_71">a</word>
   <word id="word_72">73ª</word>
   <word id="word_73">conferência</word>
   <word id="word_74">de_</word>
   <word id="word_75">a</word>
   <word id="word_76">OIT</word>
   <word id="word_77">,</word>
   <word id="word_78">ontem</word>
   <word id="word_79">de</word>
   <word id="word_80">manhã</word>
   <word id="word_81">aqui</word>
   <word id="word_82">em</word>
   <word id="word_83">Genebra</word>
   <word id="word_84">,</word>
   <word id="word_85">e</word>
   <word id="word_86">o</word>
   <word id="word_87">encontro</word>
   <word id="word_88">com</word>
   <word id="word_89">o</word>
   <word id="word_90">presidente</word>
   <word id="word_91">de_</word>
   <word id="word_92">a</word>
   <word id="word_93">Cruz</word>
   <word id="word_94">Vermelha</word>
   <word id="word_95">Internacional</word>
   <word id="word_96">,</word>
   <word id="word_97">Cornélio</word>
   <word id="word_98">Sammaruga</word>
   <word id="word_99">,</word>
   <word id="word_100">foram</word>
   <word id="word_101">os</word>
   <word id="word_102">pontos</word>
   <word id="word_103">altos</word>
   <word id="word_104">de_</word>
   <word id="word_105">o</word>
   <word id="word_106">fim</word>
   <word id="word_107">de_</word>
   <word id="word_108">esta</word>
   <word id="word_109">rápida</word>
   <word id="word_110">volta</word>
   <word id="word_111">europeia</word>
   <word id="word_112">de_</word>
   <word id="word_113">o</word>
   <word id="word_114">Presidente</word>
   <word id="word_115">português</word>
   <word id="word_116">.</word>
   <word id="word_117">Soares</word>
   <word id="word_118">,</word>
   <word id="word_119">em_</word>
   <word id="word_120">o</word>
   <word id="word_121">Palácio</word>
   <word id="word_122">de_</word>
   <word id="word_123">a</word>
   <word id="word_124">Nações</word>
   <word id="word_125">Unidas</word>
   <word id="word_126">(</word>
   <word id="word_127">onde</word>
   <word id="word_128">decorrem</word>
   <word id="word_129">,</word>
   <word id="word_130">ainda</word>
   <word id="word_131">hoje</word>
   <word id="word_132">,</word>
   <word id="word_133">os</word>
   <word id="word_134">trabalhos</word>
   <word id="word_135">finais</word>
   <word id="word_136">de_</word>
   <word id="word_137">a</word>
   <word id="word_138">Conferência</word>
   <word id="word_139">de_</word>
   <word id="word_140">a</word>
   <word id="word_141">OIT</word>
   <word id="word_142">)</word>
   <word id="word_143">,</word>
   <word id="word_144">fez</word>
   <word id="word_145">um</word>
   <word id="word_146">veemente</word>
   <word id="word_147">apelo</word>
   <word id="word_148">a_</word>
   <word id="word_149">o</word>
   <word id="word_150">combate</word>
   <word id="word_151">a_</word>
   <word id="word_152">o</word>
   <word id="word_153">desemprego</word>
   <word id="word_154">mundial</word>
   <word id="word_155">,</word>
   <word id="word_156">a_</word>
   <word id="word_157">o</word>
   <word id="word_158">diálogo</word>
   <word id="word_159">,</word>
   <word id="word_160">a_</word>
   <word id="word_161">a</word>
   <word id="word_162">justiça</word>
   <word id="word_163">social</word>
   <word id="word_164">e</word>
   <word id="word_165">a_</word>
   <word id="word_166">o</word>
   <word id="word_167">desarmamento</word>
   <word id="word_168">,</word>
   <word id="word_169">cuja</word>
   <word id="word_170">corrida</word>
   <word id="word_171">classificou</word>
   <word id="word_172">de</word>
   <word id="word_173">insensata</word>
   <word id="word_174">.</word>
   <word id="word_175">A</word>
   <word id="word_176">este</word>
   <word id="word_177">discurso</word>
   <word id="word_178">seguiu</word>
   <word id="word_179">-se</word>
   <word id="word_180">uma</word>
   <word id="word_181">visita</word>
   <word id="word_182">a_</word>
   <word id="word_183">a</word>
   <word id="word_184">Cruz</word>
   <word id="word_185">Vermelha</word>
   <word id="word_186">Internacional</word>
   <word id="word_187">,</word>
   <word id="word_188">cuja</word>
   <word id="word_189">sede</word>
   <word id="word_190">fica</word>
   <word id="word_191">em</word>
   <word id="word_192">frente</word>
   <word id="word_193">de_</word>
   <word id="word_194">a</word>
   <word id="word_195">imensa</word>
   <word id="word_196">mole</word>
   <word id="word_197">de_</word>
   <word id="word_198">o</word>
   <word id="word_199">Palácio</word>
   <word id="word_200">de_</word>
   <word id="word_201">a</word>
   <word id="word_202">Nações</word>
   <word id="word_203">.</word>
   <word id="word_204">Em_</word>
   <word id="word_205">a</word>
   <word id="word_206">Cruz</word>
   <word id="word_207">Vermelha</word>
   <word id="word_208">Internacional</word>
   <word id="word_209">,</word>
   <word id="word_210">o</word>
   <word id="word_211">PR</word>
   <word id="word_212">,</word>
   <word id="word_213">conforme</word>
   <word id="word_214">disse</word>
   <word id="word_215">a_</word>
   <word id="word_216">o</word>
   <word id="word_217">DN</word>
   <word id="word_218">em_</word>
   <word id="word_219">o</word>
   <word id="word_220">fim</word>
   <word id="word_221">de_</word>
   <word id="word_222">o</word>
   <word id="word_223">encontro</word>
   <word id="word_224">com</word>
   <word id="word_225">o</word>
   <word id="word_226">presidente</word>
   <word id="word_227">de_</word>
   <word id="word_228">a</word>
   <word id="word_229">organização</word>
   <word id="word_230">humanitário</word>
   <word id="word_231">,</word>
   <word id="word_232">ouviu</word>
   <word id="word_233">um</word>
   <word id="word_234">relatório</word>
   <word id="word_235">verbal</word>
   <word id="word_236">acerca</word>
   <word id="word_237">de_</word>
   <word id="word_238">a</word>
   <word id="word_239">dramática</word>
   <word id="word_240">situação</word>
   <word id="word_241">de</word>
   <word id="word_242">Timor-Leste</word>
   <word id="word_243">,</word>
   <word id="word_244">assunto</word>
   <word id="word_245">,</word>
   <word id="word_246">aliás</word>
   <word id="word_247">,</word>
   <word id="word_248">a</word>
   <word id="word_249">que</word>
   <word id="word_250">Mário</word>
   <word id="word_251">Soares</word>
   <word id="word_252">se</word>
   <word id="word_253">tem</word>
   <word id="word_254">referido</word>
   <word id="word_255">em</word>
   <word id="word_256">todos</word>
   <word id="word_257">os</word>
   <word id="word_258">locais</word>
   <word id="word_259">por</word>
   <word id="word_260">onde</word>
   <word id="word_261">tem</word>
   <word id="word_262">passado</word>
   <word id="word_263">,</word>
   <word id="word_264">excepto</word>
   <word id="word_265">em_</word>
   <word id="word_266">a</word>
   <word id="word_267">OIT</word>
   <word id="word_268">,</word>
   <word id="word_269">certamente</word>
   <word id="word_270">para</word>
   <word id="word_271">evitar</word>
   <word id="word_272">alguma</word>
   <word id="word_273">atitude</word>
   <word id="word_274">menos</word>
   <word id="word_275">educada</word>
   <word id="word_276">de_</word>
   <word id="word_277">os</word>
   <word id="word_278">delegados</word>
   <word id="word_279">de_</word>
   <word id="word_280">a</word>
   <word id="word_281">Indonésia</word>
   <word id="word_282">.</word>
   <word id="word_283">Mário</word>
   <word id="word_284">Soares</word>
   <word id="word_285">tem</word>
   <word id="word_286">-se</word>
   <word id="word_287">referido</word>
   <word id="word_288">a_</word>
   <word id="word_289">o</word>
   <word id="word_290">assunto</word>
   <word id="word_291">de</word>
   <word id="word_292">Timor</word>
   <word id="word_293">com</word>
   <word id="word_294">expressões</word>
   <word id="word_295">de</word>
   <word id="word_296">preocupação</word>
   <word id="word_297">e</word>
   <word id="word_298">,</word>
   <word id="word_299">a_</word>
   <word id="word_300">o</word>
   <word id="word_301">mesmo</word>
   <word id="word_302">tempo</word>
   <word id="word_303">,</word>
   <word id="word_304">de</word>
   <word id="word_305">apelo</word>
   <word id="word_306">a_</word>
   <word id="word_307">a</word>
   <word id="word_308">comunidade</word>
   <word id="word_309">internacional</word>
   <word id="word_310">.</word>
   <word id="word_311">Mário</word>
   <word id="word_312">Soares</word>
   <word id="word_313">foi</word>
   <word id="word_314">prolongadamente</word>
   <word id="word_315">aplaudido</word>
   <word id="word_316">por_</word>
   <word id="word_317">os</word>
   <word id="word_318">delegados</word>
   <word id="word_319">de</word>
   <word id="word_320">todos</word>
   <word id="word_321">os</word>
   <word id="word_322">países</word>
   <word id="word_323">(</word>
   <word id="word_324">não</word>
   <word id="word_325">conseguimos</word>
   <word id="word_326">,</word>
   <word id="word_327">todavia</word>
   <word id="word_328">,</word>
   <word id="word_329">descortinar</word>
   <word id="word_330">o</word>
   <word id="word_331">comportamento</word>
   <word id="word_332">de_</word>
   <word id="word_333">o</word>
   <word id="word_334">delegado</word>
   <word id="word_335">governamental</word>
   <word id="word_336">de_</word>
   <word id="word_337">a</word>
   <word id="word_338">Namíbia</word>
   <word id="word_339">e</word>
   <word id="word_340">de_</word>
   <word id="word_341">os</word>
   <word id="word_342">delegados</word>
   <word id="word_343">Indonésios</word>
   <word id="word_344">)</word>
   <word id="word_345">e</word>
   <word id="word_346">,</word>
   <word id="word_347">nomeadamente</word>
   <word id="word_348">,</word>
   <word id="word_349">quando</word>
   <word id="word_350">se</word>
   <word id="word_351">referiu</word>
   <word id="word_352">a_</word>
   <word id="word_353">o</word>
   <word id="word_354">"</word>
   <word id="word_355">flagelo</word>
   <word id="word_356">de_</word>
   <word id="word_357">o</word>
   <word id="word_358">apartheid</word>
   <word id="word_359">"</word>
   <word id="word_360">,</word>
   <word id="word_361">notou</word>
   <word id="word_362">-se</word>
   <word id="word_363">,</word>
   <word id="word_364">de_</word>
   <word id="word_365">a</word>
   <word id="word_366">tribuna</word>
   <word id="word_367">de</word>
   <word id="word_368">Imprensa</word>
   <word id="word_369">,</word>
   <word id="word_370">que</word>
   <word id="word_371">as</word>
   <word id="word_372">delegações</word>
   <word id="word_373">de_</word>
   <word id="word_374">o</word>
   <word id="word_375">países</word>
   <word id="word_376">africanos</word>
   <word id="word_377">,</word>
   <word id="word_378">um</word>
   <word id="word_379">pouco</word>
   <word id="word_380">por</word>
   <word id="word_381">toda</word>
   <word id="word_382">parte</word>
   <word id="word_383">,</word>
   <word id="word_384">ajustaram</word>
   <word id="word_385">melhor</word>
   <word id="word_386">os</word>
   <word id="word_387">auscultadores</word>
   <word id="word_388">a_</word>
   <word id="word_389">os</word>
   <word id="word_390">ouvidos</word>
   <word id="word_391">e</word>
   <word id="word_392">cruzaram</word>
   <word id="word_393">olhares</word>
   <word id="word_394">de</word>
   <word id="word_395">recíproca</word>
   <word id="word_396">cumplicidade</word>
   <word id="word_397">e</word>
   <word id="word_398">adesão</word>
   <word id="word_399">.</word>
   <word id="word_400">A</word>
   <word id="word_401">delegação</word>
   <word id="word_402">de</word>
   <word id="word_403">Angola</word>
   <word id="word_404">,</word>
   <word id="word_405">logo</word>
   <word id="word_406">em_</word>
   <word id="word_407">a</word>
   <word id="word_408">primeira</word>
   <word id="word_409">fila</word>
   <word id="word_410">por</word>
   <word id="word_411">benefício</word>
   <word id="word_412">de_</word>
   <word id="word_413">a</word>
   <word id="word_414">ordem</word>
   <word id="word_415">alfabética</word>
   <word id="word_416">de_</word>
   <word id="word_417">a</word>
   <word id="word_418">instalação</word>
   <word id="word_419">,</word>
   <word id="word_420">aplaudiu</word>
   <word id="word_421">mesmo</word>
   <word id="word_422">com</word>
   <word id="word_423">entusiasmo</word>
   <word id="word_424">o</word>
   <word id="word_425">Presidente</word>
   <word id="word_426">Soares</word>
   <word id="word_427">,</word>
   <word id="word_428">enquanto</word>
   <word id="word_429">,</word>
   <word id="word_430">mesmo</word>
   <word id="word_431">a_</word>
   <word id="word_432">o</word>
   <word id="word_433">lado</word>
   <word id="word_434">a</word>
   <word id="word_435">delegação</word>
   <word id="word_436">de_</word>
   <word id="word_437">o</word>
   <word id="word_438">Afeganistão</word>
   <word id="word_439">foi</word>
   <word id="word_440">muito</word>
   <word id="word_441">discreta</word>
   <word id="word_442">em_</word>
   <word id="word_443">a</word>
   <word id="word_444">manifestação</word>
   <word id="word_445">.</word>
   <word id="word_446">Muito</word>
   <word id="word_447">pensativo</word>
   <word id="word_448">e</word>
   <word id="word_449">isolado</word>
   <word id="word_450">estava</word>
   <word id="word_451">o</word>
   <word id="word_452">representante</word>
   <word id="word_453">de_</word>
   <word id="word_454">o</word>
   <word id="word_455">Líbano</word>
   <word id="word_456">,</word>
   <word id="word_457">quase</word>
   <word id="word_458">a_</word>
   <word id="word_459">o</word>
   <word id="word_460">lado</word>
   <word id="word_461">de_</word>
   <word id="word_462">as</word>
   <word id="word_463">figuras</word>
   <word id="word_464">impenetráveis</word>
   <word id="word_465">de_</word>
   <word id="word_466">a</word>
   <word id="word_467">delegação</word>
   <word id="word_468">de_</word>
   <word id="word_469">o</word>
   <word id="word_470">Lesotho</word>
   <word id="word_471">,</word>
   <word id="word_472">que</word>
   <word id="word_473">,</word>
   <word id="word_474">imóveis</word>
   <word id="word_475">,</word>
   <word id="word_476">escutaram</word>
   <word id="word_477">as</word>
   <word id="word_478">críticas</word>
   <word id="word_479">de</word>
   <word id="word_480">Mário</word>
   <word id="word_481">Soares</word>
   <word id="word_482">a_</word>
   <word id="word_483">o</word>
   <word id="word_484">regime</word>
   <word id="word_485">de</word>
   <word id="word_486">apartheid</word>
   <word id="word_487">em_</word>
   <word id="word_488">a</word>
   <word id="word_489">África</word>
   <word id="word_490">de_</word>
   <word id="word_491">o</word>
   <word id="word_492">Sul</word>
   <word id="word_493">,</word>
   <word id="word_494">cujo</word>
   <word id="word_495">fim</word>
   <word id="word_496">o</word>
   <word id="word_497">Presidente</word>
   <word id="word_498">de_</word>
   <word id="word_499">a</word>
   <word id="word_500">República</word>
   <word id="word_501">Portuguesa</word>
   <word id="word_502">reclamou</word>
   <word id="word_503">,</word>
   <word id="word_504">afirmando</word>
   <word id="word_505">que</word>
   <word id="word_506">esse</word>
   <word id="word_507">fim</word>
   <word id="word_508">é</word>
   <word id="word_509">em_</word>
   <word id="word_510">o</word>
   <word id="word_511">interesse</word>
   <word id="word_512">também</word>
   <word id="word_513">de_</word>
   <word id="word_514">os</word>
   <word id="word_515">imigrantes</word>
   <word id="word_516">portugueses</word>
   <word id="word_517">residentes</word>
   <word id="word_518">em_</word>
   <word id="word_519">a</word>
   <word id="word_520">África</word>
   <word id="word_521">Austral</word>
   <word id="word_522">.</word>
   <word id="word_523">Francis</word>
   <word id="word_524">Blanchard</word>
   <word id="word_525">,</word>
   <word id="word_526">ontem</word>
   <word id="word_527">condecorado</word>
   <word id="word_528">com</word>
   <word id="word_529">a</word>
   <word id="word_530">Grã-Cruz</word>
   <word id="word_531">de</word>
   <word id="word_532">Mérito</word>
   <word id="word_533">,</word>
   <word id="word_534">apresentou</word>
   <word id="word_535">o</word>
   <word id="word_536">Presidente</word>
   <word id="word_537">português</word>
   <word id="word_538">a_</word>
   <word id="word_539">os</word>
   <word id="word_540">delegados</word>
   <word id="word_541">,</word>
   <word id="word_542">após</word>
   <word id="word_543">a</word>
   <word id="word_544">abertura</word>
   <word id="word_545">de_</word>
   <word id="word_546">a</word>
   <word id="word_547">sessão</word>
   <word id="word_548">,</word>
   <word id="word_549">feita</word>
   <word id="word_550">por_</word>
   <word id="word_551">o</word>
   <word id="word_552">presidente</word>
   <word id="word_553">de_</word>
   <word id="word_554">esta</word>
   <word id="word_555">73ª</word>
   <word id="word_556">Conferência</word>
   <word id="word_557">de_</word>
   <word id="word_558">a</word>
   <word id="word_559">OIT</word>
   <word id="word_560">,</word>
   <word id="word_561">o</word>
   <word id="word_562">ministro</word>
   <word id="word_563">jordano</word>
   <word id="word_564">Khaled</word>
   <word id="word_565">Haj'hassan</word>
   <word id="word_566">.</word>
   <word id="word_567">Mário</word>
   <word id="word_568">Soares</word>
   <word id="word_569">,</word>
   <word id="word_570">depois</word>
   <word id="word_571">de</word>
   <word id="word_572">defender</word>
   <word id="word_573">o</word>
   <word id="word_574">tripartismo</word>
   <word id="word_575">como</word>
   <word id="word_576">instrumentos</word>
   <word id="word_577">privilegiados</word>
   <word id="word_578">entre</word>
   <word id="word_579">Governos</word>
   <word id="word_580">e</word>
   <word id="word_581">organizações</word>
   <word id="word_582">de</word>
   <word id="word_583">trabalhadores</word>
   <word id="word_584">e</word>
   <word id="word_585">patronais</word>
   <word id="word_586">,</word>
   <word id="word_587">reconheceu</word>
   <word id="word_588">que</word>
   <word id="word_589">Portugal</word>
   <word id="word_590">está</word>
   <word id="word_591">consciente</word>
   <word id="word_592">de_</word>
   <word id="word_593">a</word>
   <word id="word_594">grande</word>
   <word id="word_595">distância</word>
   <word id="word_596">que</word>
   <word id="word_597">o</word>
   <word id="word_598">separa</word>
   <word id="word_599">de_</word>
   <word id="word_600">a</word>
   <word id="word_601">realização</word>
   <word id="word_602">de_</word>
   <word id="word_603">o</word>
   <word id="word_604">projecto</word>
   <word id="word_605">integral</word>
   <word id="word_606">que</word>
   <word id="word_607">aquele</word>
   <word id="word_608">mesmo</word>
   <word id="word_609">tripartismo</word>
   <word id="word_610">implica</word>
   <word id="word_611">.</word>
   <word id="word_612">E</word>
   <word id="word_613">foi</word>
   <word id="word_614">a</word>
   <word id="word_615">seguir</word>
   <word id="word_616">(</word>
   <word id="word_617">em_</word>
   <word id="word_618">uma</word>
   <word id="word_619">referência</word>
   <word id="word_620">indirecta</word>
   <word id="word_621">a</word>
   <word id="word_622">UGT</word>
   <word id="word_623">)</word>
   <word id="word_624">que</word>
   <word id="word_625">o</word>
   <word id="word_626">Presidente</word>
   <word id="word_627">recordou</word>
   <word id="word_628">que</word>
   <word id="word_629">uma</word>
   <word id="word_630">de_</word>
   <word id="word_631">as</word>
   <word id="word_632">grandes</word>
   <word id="word_633">centrais</word>
   <word id="word_634">sindicais</word>
   <word id="word_635">portuguesas</word>
   <word id="word_636">não</word>
   <word id="word_637">possui</word>
   <word id="word_638">,</word>
   <word id="word_639">este</word>
   <word id="word_640">ano</word>
   <word id="word_641">,</word>
   <word id="word_642">uma</word>
   <word id="word_643">representação</word>
   <word id="word_644">com</word>
   <word id="word_645">direito</word>
   <word id="word_646">de</word>
   <word id="word_647">voto</word>
   <word id="word_648">em_</word>
   <word id="word_649">as</word>
   <word id="word_650">conferências</word>
   <word id="word_651">anuais</word>
   <word id="word_652">de_</word>
   <word id="word_653">a</word>
   <word id="word_654">OIT</word>
   <word id="word_655">e</word>
   <word id="word_656">defendeu</word>
   <word id="word_657">que</word>
   <word id="word_658">a</word>
   <word id="word_659">situação</word>
   <word id="word_660">venha</word>
   <word id="word_661">a</word>
   <word id="word_662">ser</word>
   <word id="word_663">alterada</word>
   <word id="word_664">.</word>
   <word id="word_665">As</word>
   <word id="word_666">duas</word>
   <word id="word_667">centrais</word>
   <word id="word_668">sindicais</word>
   <word id="word_669">portuguesas</word>
   <word id="word_670">revezam</word>
   <word id="word_671">-se</word>
   <word id="word_672">anualmente</word>
   <word id="word_673">em_</word>
   <word id="word_674">o</word>
   <word id="word_675">direito</word>
   <word id="word_676">de</word>
   <word id="word_677">voto</word>
   <word id="word_678">.</word>
   <word id="word_679">"</word>
   <word id="word_680">Após</word>
   <word id="word_681">decénios</word>
   <word id="word_682">de</word>
   <word id="word_683">isolamento</word>
   <word id="word_684">,</word>
   <word id="word_685">Portugal</word>
   <word id="word_686">compreendeu</word>
   <word id="word_687">que</word>
   <word id="word_688">o</word>
   <word id="word_689">mundo</word>
   <word id="word_690">é</word>
   <word id="word_691">só</word>
   <word id="word_692">um</word>
   <word id="word_693">.</word>
   <word id="word_694">Portugal</word>
   <word id="word_695">deseja</word>
   <word id="word_696">avançar</word>
   <word id="word_697">em_</word>
   <word id="word_698">o</word>
   <word id="word_699">ritmo</word>
   <word id="word_700">desse</word>
   <word id="word_701">mundo</word>
   <word id="word_702">"</word>
   <word id="word_703">,</word>
   <word id="word_704">afirmou</word>
   <word id="word_705">Mário</word>
   <word id="word_706">Soares</word>
   <word id="word_707">quando</word>
   <word id="word_708">expôs</word>
   <word id="word_709">o</word>
   <word id="word_710">seu</word>
   <word id="word_711">pensamento</word>
   <word id="word_712">acerca</word>
   <word id="word_713">de_</word>
   <word id="word_714">a</word>
   <word id="word_715">necessária</word>
   <word id="word_716">redução</word>
   <word id="word_717">progressiva</word>
   <word id="word_718">de_</word>
   <word id="word_719">a</word>
   <word id="word_720">duração</word>
   <word id="word_721">de_</word>
   <word id="word_722">o</word>
   <word id="word_723">trabalho</word>
   <word id="word_724">,</word>
   <word id="word_725">de_</word>
   <word id="word_726">a</word>
   <word id="word_727">protecção</word>
   <word id="word_728">de_</word>
   <word id="word_729">os</word>
   <word id="word_730">trabalhadores</word>
   <word id="word_731">contra</word>
   <word id="word_732">a</word>
   <word id="word_733">doença</word>
   <word id="word_734">,</word>
   <word id="word_735">a</word>
   <word id="word_736">regulamentação</word>
   <word id="word_737">de_</word>
   <word id="word_738">o</word>
   <word id="word_739">trabalho</word>
   <word id="word_740">infantil</word>
   <word id="word_741">,</word>
   <word id="word_742">de_</word>
   <word id="word_743">as</word>
   <word id="word_744">mulheres</word>
   <word id="word_745">,</word>
   <word id="word_746">de_</word>
   <word id="word_747">os</word>
   <word id="word_748">trabalhadores</word>
   <word id="word_749">idosos</word>
   <word id="word_750">,</word>
   <word id="word_751">de_</word>
   <word id="word_752">os</word>
   <word id="word_753">inválidos</word>
   <word id="word_754">e</word>
   <word id="word_755">de_</word>
   <word id="word_756">os</word>
   <word id="word_757">emigrantes</word>
   <word id="word_758">.</word>
   <word id="word_759">Aliás</word>
   <word id="word_760">,</word>
   <word id="word_761">ontem</word>
   <word id="word_762">pudemos</word>
   <word id="word_763">constatar</word>
   <word id="word_764">que</word>
   <word id="word_765">a</word>
   <word id="word_766">situação</word>
   <word id="word_767">de_</word>
   <word id="word_768">o</word>
   <word id="word_769">trabalho</word>
   <word id="word_770">infantil</word>
   <word id="word_771">em</word>
   <word id="word_772">Portugal</word>
   <word id="word_773">está</word>
   <word id="word_774">a</word>
   <word id="word_775">preocupar</word>
   <word id="word_776">sectores</word>
   <word id="word_777">importantes</word>
   <word id="word_778">de_</word>
   <word id="word_779">a</word>
   <word id="word_780">OIT</word>
   <word id="word_781">que</word>
   <word id="word_782">,</word>
   <word id="word_783">a_</word>
   <word id="word_784">o</word>
   <word id="word_785">nível</word>
   <word id="word_786">de_</word>
   <word id="word_787">a</word>
   <word id="word_788">Comissão</word>
   <word id="word_789">de_</word>
   <word id="word_790">os</word>
   <word id="word_791">Direitos</word>
   <word id="word_792">Humanos</word>
   <word id="word_793">,</word>
   <word id="word_794">não</word>
   <word id="word_795">vai</word>
   <word id="word_796">deixar</word>
   <word id="word_797">cair</word>
   <word id="word_798">a</word>
   <word id="word_799">questão</word>
   <word id="word_800">.</word>
   <word id="word_801">É</word>
   <word id="word_802">de</word>
   <word id="word_803">registar</word>
   <word id="word_804">que</word>
   <word id="word_805">se</word>
   <word id="word_806">admite</word>
   <word id="word_807">que</word>
   <word id="word_808">o</word>
   <word id="word_809">embaixador</word>
   <word id="word_810">Costa</word>
   <word id="word_811">Lobo</word>
   <word id="word_812">seja</word>
   <word id="word_813">eleito</word>
   <word id="word_814">presidente</word>
   <word id="word_815">mesmo</word>
   <word id="word_816">de_</word>
   <word id="word_817">a</word>
   <word id="word_818">referida</word>
   <word id="word_819">comissão</word>
   <word id="word_820">a</word>
   <word id="word_821">partir</word>
   <word id="word_822">de</word>
   <word id="word_823">Janeiro</word>
   <word id="word_824">de_</word>
   <word id="word_825">o</word>
   <word id="word_826">próximo</word>
   <word id="word_827">ano</word>
   <word id="word_828">.</word>
   <word id="word_829">Mas</word>
   <word id="word_830">,</word>
   <word id="word_831">ontem</word>
   <word id="word_832">a_</word>
   <word id="word_833">a</word>
   <word id="word_834">tarde</word>
   <word id="word_835">,</word>
   <word id="word_836">Mário</word>
   <word id="word_837">Soares</word>
   <word id="word_838">visitou</word>
   <word id="word_839">o</word>
   <word id="word_840">Centro</word>
   <word id="word_841">Europeu</word>
   <word id="word_842">de</word>
   <word id="word_843">Investigação</word>
   <word id="word_844">Nuclear</word>
   <word id="word_845">,</word>
   <word id="word_846">outra</word>
   <word id="word_847">de_</word>
   <word id="word_848">a</word>
   <word id="word_849">organizações</word>
   <word id="word_850">existentes</word>
   <word id="word_851">em_</word>
   <word id="word_852">uma</word>
   <word id="word_853">Suiça</word>
   <word id="word_854">que</word>
   <word id="word_855">formalmente</word>
   <word id="word_856">vive</word>
   <word id="word_857">a_</word>
   <word id="word_858">a</word>
   <word id="word_859">margem</word>
   <word id="word_860">de_</word>
   <word id="word_861">o</word>
   <word id="word_862">mundo</word>
   <word id="word_863">(</word>
   <word id="word_864">fora</word>
   <word id="word_865">de_</word>
   <word id="word_866">a</word>
   <word id="word_867">ONU</word>
   <word id="word_868">e</word>
   <word id="word_869">fora</word>
   <word id="word_870">de_</word>
   <word id="word_871">a</word>
   <word id="word_872">Comunidade</word>
   <word id="word_873">Europeia</word>
   <word id="word_874">em_</word>
   <word id="word_875">o</word>
   <word id="word_876">papel</word>
   <word id="word_877">,</word>
   <word id="word_878">mas</word>
   <word id="word_879">palco</word>
   <word id="word_880">de</word>
   <word id="word_881">algumas</word>
   <word id="word_882">de_</word>
   <word id="word_883">as</word>
   <word id="word_884">maiores</word>
   <word id="word_885">representações</word>
   <word id="word_886">de_</word>
   <word id="word_887">o</word>
   <word id="word_888">diálogo</word>
   <word id="word_889">internacional</word>
   <word id="word_890">)</word>
   <word id="word_891">.</word>
   <word id="word_892">Em_</word>
   <word id="word_893">o</word>
   <word id="word_894">Centro</word>
   <word id="word_895">Europeu</word>
   <word id="word_896">de</word>
   <word id="word_897">Investigação</word>
   <word id="word_898">Nuclear</word>
   <word id="word_899">trabalham</word>
   <word id="word_900">alguns</word>
   <word id="word_901">bolseiros</word>
   <word id="word_902">portugueses</word>
   <word id="word_903">que</word>
   <word id="word_904">beneficiam</word>
   <word id="word_905">de_</word>
   <word id="word_906">a</word>
   <word id="word_907">grande</word>
   <word id="word_908">redução</word>
   <word id="word_909">de</word>
   <word id="word_910">contrapartidas</word>
   <word id="word_911">exigidas</word>
   <word id="word_912">a</word>
   <word id="word_913">Portugal</word>
   <word id="word_914">em_</word>
   <word id="word_915">um</word>
   <word id="word_916">período</word>
   <word id="word_917">de</word>
   <word id="word_918">dez</word>
   <word id="word_919">anos</word>
   <word id="word_920">.</word>
   <word id="word_921">Ontem</word>
   <word id="word_922">a_</word>
   <word id="word_923">a</word>
   <word id="word_924">noite</word>
   <word id="word_925">,</word>
   <word id="word_926">o</word>
   <word id="word_927">Presidente</word>
   <word id="word_928">de_</word>
   <word id="word_929">a</word>
   <word id="word_930">República</word>
   <word id="word_931">pronunciou</word>
   <word id="word_932">uma</word>
   <word id="word_933">conferência</word>
   <word id="word_934">em</word>
   <word id="word_935">Lausana</word>
   <word id="word_936">,</word>
   <word id="word_937">cidade</word>
   <word id="word_938">que</word>
   <word id="word_939">celebra</word>
   <word id="word_940">mais</word>
   <word id="word_941">um</word>
   <word id="word_942">centenário</word>
   <word id="word_943">a</word>
   <word id="word_944">acrescentar</word>
   <word id="word_945">a_</word>
   <word id="word_946">a</word>
   <word id="word_947">sua</word>
   <word id="word_948">longa</word>
   <word id="word_949">história</word>
   <word id="word_950">.</word>
   <word id="word_951">A</word>
   <word id="word_952">essa</word>
   <word id="word_953">hora</word>
   <word id="word_954">voltara</word>
   <word id="word_955">já</word>
   <word id="word_956">a</word>
   <word id="word_957">chuva</word>
   <word id="word_958">miudinha</word>
   <word id="word_959">sobre</word>
   <word id="word_960">o</word>
   <word id="word_961">lago</word>
   <word id="word_962">de</word>
   <word id="word_963">Genebra</word>
   <word id="word_964">.</word>
   <word id="word_965">Tratou</word>
   <word id="word_966">-se</word>
   <word id="word_967">de</word>
   <word id="word_968">convite</word>
   <word id="word_969">de_</word>
   <word id="word_970">a</word>
   <word id="word_971">Fundação</word>
   <word id="word_972">Jean</word>
   <word id="word_973">Monnet</word>
   <word id="word_974">,</word>
   <word id="word_975">cuja</word>
   <word id="word_976">figura</word>
   <word id="word_977">Mário</word>
   <word id="word_978">Soares</word>
   <word id="word_979">evocou</word>
   <word id="word_980">.</word>
   <word id="word_981">"</word>
   <word id="word_982">A</word>
   <word id="word_983">sua</word>
   <word id="word_984">larga</word>
   <word id="word_985">visão</word>
   <word id="word_986">europeísta</word>
   <word id="word_987">e</word>
   <word id="word_988">as</word>
   <word id="word_989">suas</word>
   <word id="word_990">raras</word>
   <word id="word_991">capacidades</word>
   <word id="word_992">de</word>
   <word id="word_993">determinação</word>
   <word id="word_994">e</word>
   <word id="word_995">de</word>
   <word id="word_996">persuasão</word>
   <word id="word_997">devem</word>
   <word id="word_998">continuar</word>
   <word id="word_999">a</word>
   <word id="word_1000">constituir</word>
   <word id="word_1001">o</word>
   <word id="word_1002">estímulo</word>
   <word id="word_1003">fundamental</word>
   <word id="word_1004">para</word>
   <word id="word_1005">todos</word>
   <word id="word_1006">os</word>
   <word id="word_1007">que</word>
   <word id="word_1008">acreditam</word>
   <word id="word_1009">em_</word>
   <word id="word_1010">a</word>
   <word id="word_1011">possibilidade</word>
   <word id="word_1012">e</word>
   <word id="word_1013">em_</word>
   <word id="word_1014">a</word>
   <word id="word_1015">necessidade</word>
   <word id="word_1016">de</word>
   <word id="word_1017">se</word>
   <word id="word_1018">tornarem</word>
   <word id="word_1019">realidade</word>
   <word id="word_1020">as</word>
   <word id="word_1021">generosas</word>
   <word id="word_1022">motivações</word>
   <word id="word_1023">e</word>
   <word id="word_1024">objectivos</word>
   <word id="word_1025">de_</word>
   <word id="word_1026">os</word>
   <word id="word_1027">países</word>
   <word id="word_1028">fundadores</word>
   <word id="word_1029">de_</word>
   <word id="word_1030">a</word>
   <word id="word_1031">Europa</word>
   <word id="word_1032">."</word>
   <word id="word_1033">"</word>
   <word id="word_1034">Não</word>
   <word id="word_1035">podemos</word>
   <word id="word_1036">consentir</word>
   <word id="word_1037">,</word>
   <word id="word_1038">sem</word>
   <word id="word_1039">protesto</word>
   <word id="word_1040">,</word>
   <word id="word_1041">que</word>
   <word id="word_1042">persista</word>
   <word id="word_1043">a</word>
   <word id="word_1044">pobreza</word>
   <word id="word_1045">,</word>
   <word id="word_1046">a</word>
   <word id="word_1047">ignorância</word>
   <word id="word_1048">,</word>
   <word id="word_1049">o</word>
   <word id="word_1050">estado</word>
   <word id="word_1051">de</word>
   <word id="word_1052">carência</word>
   <word id="word_1053">absoluta</word>
   <word id="word_1054">em</word>
   <word id="word_1055">que</word>
   <word id="word_1056">vivem</word>
   <word id="word_1057">dois</word>
   <word id="word_1058">terços</word>
   <word id="word_1059">de_</word>
   <word id="word_1060">a</word>
   <word id="word_1061">humanidade</word>
   <word id="word_1062">,</word>
   <word id="word_1063">quando</word>
   <word id="word_1064">vemos</word>
   <word id="word_1065">gastarem</word>
   <word id="word_1066">-se</word>
   <word id="word_1067">somas</word>
   <word id="word_1068">astronómicas</word>
   <word id="word_1069">em_</word>
   <word id="word_1070">a</word>
   <word id="word_1071">construção</word>
   <word id="word_1072">de</word>
   <word id="word_1073">material</word>
   <word id="word_1074">de</word>
   <word id="word_1075">guerra</word>
   <word id="word_1076">e</word>
   <word id="word_1077">em_</word>
   <word id="word_1078">a</word>
   <word id="word_1079">criação</word>
   <word id="word_1080">de</word>
   <word id="word_1081">novos</word>
   <word id="word_1082">meios</word>
   <word id="word_1083">de</word>
   <word id="word_1084">destruição</word>
   <word id="word_1085">.</word>
   <word id="word_1086">Compete</word>
   <word id="word_1087">-nos</word>
   <word id="word_1088">a</word>
   <word id="word_1089">nós</word>
   <word id="word_1090">,</word>
   <word id="word_1091">europeus</word>
   <word id="word_1092">,</word>
   <word id="word_1093">levantar</word>
   <word id="word_1094">a</word>
   <word id="word_1095">voz</word>
   <word id="word_1096">para</word>
   <word id="word_1097">denunciar</word>
   <word id="word_1098">este</word>
   <word id="word_1099">absurdo</word>
   <word id="word_1100">"</word>
   <word id="word_1101">,</word>
   <word id="word_1102">disse</word>
   <word id="word_1103">Soares</word>
   <word id="word_1104">.</word>
   <word id="word_1105">O</word>
   <word id="word_1106">tema</word>
   <word id="word_1107">de</word>
   <word id="word_1108">Timor</word>
   <word id="word_1109">Leste</word>
   <word id="word_1110">voltou</word>
   <word id="word_1111">então</word>
   <word id="word_1112">a</word>
   <word id="word_1113">ser</word>
   <word id="word_1114">focado</word>
   <word id="word_1115">em</word>
   <word id="word_1116">Lausana</word>
   <word id="word_1117">.</word>
   <word id="word_1118">Soares</word>
   <word id="word_1119">exprimiu</word>
   <word id="word_1120">que</word>
   <word id="word_1121">Portugal</word>
   <word id="word_1122">condena</word>
   <word id="word_1123">"</word>
   <word id="word_1124">como</word>
   <word id="word_1125">antiga</word>
   <word id="word_1126">potência</word>
   <word id="word_1127">administradora</word>
   <word id="word_1128">,</word>
   <word id="word_1129">a</word>
   <word id="word_1130">ocupação</word>
   <word id="word_1131">militar</word>
   <word id="word_1132">de</word>
   <word id="word_1133">Timor</word>
   <word id="word_1134">Leste</word>
   <word id="word_1135">por_</word>
   <word id="word_1136">a</word>
   <word id="word_1137">Indonésia</word>
   <word id="word_1138">,</word>
   <word id="word_1139">renegando</word>
   <word id="word_1140">a_</word>
   <word id="word_1141">o</word>
   <word id="word_1142">martirizado</word>
   <word id="word_1143">povo</word>
   <word id="word_1144">maubere</word>
   <word id="word_1145">o</word>
   <word id="word_1146">direito</word>
   <word id="word_1147">sagrado</word>
   <word id="word_1148">a_</word>
   <word id="word_1149">a</word>
   <word id="word_1150">autodeterminação</word>
   <word id="word_1151">".</word>
</words>
