<?xml version="1.0" encoding="UTF-8"?>
<!DOCTYPE words SYSTEM "words.dtd">
<words>
   <word id="word_1">De</word>
   <word id="word_2">doutrina</word>
   <word id="word_3">chocante</word>
   <word id="word_4">é</word>
   <word id="word_5">como</word>
   <word id="word_6">a</word>
   <word id="word_7">Liga</word>
   <word id="word_8">de_</word>
   <word id="word_9">os</word>
   <word id="word_10">Direitos</word>
   <word id="word_11">de_</word>
   <word id="word_12">a</word>
   <word id="word_13">Mulheres</word>
   <word id="word_14">classifica</word>
   <word id="word_15">este</word>
   <word id="word_16">Assento</word>
   <word id="word_17">de_</word>
   <word id="word_18">o</word>
   <word id="word_19">Supremo</word>
   <word id="word_20">Tribunal</word>
   <word id="word_21">de_</word>
   <word id="word_22">a</word>
   <word id="word_23">Justiça</word>
   <word id="word_24">.</word>
   <word id="word_25">Com</word>
   <word id="word_26">força</word>
   <word id="word_27">de</word>
   <word id="word_28">lei</word>
   <word id="word_29">,</word>
   <word id="word_30">vem</word>
   <word id="word_31">ele</word>
   <word id="word_32">,</word>
   <word id="word_33">tardiamente</word>
   <word id="word_34">,</word>
   <word id="word_35">entender</word>
   <word id="word_36">que</word>
   <word id="word_37">o</word>
   <word id="word_38">artº</word>
   <word id="word_39">1110</word>
   <word id="word_40">de_</word>
   <word id="word_41">o</word>
   <word id="word_42">Código</word>
   <word id="word_43">Civil</word>
   <word id="word_44">(</word>
   <word id="word_45">que</word>
   <word id="word_46">tutela</word>
   <word id="word_47">o</word>
   <word id="word_48">direito</word>
   <word id="word_49">a_</word>
   <word id="word_50">o</word>
   <word id="word_51">arrendamento</word>
   <word id="word_52">em</word>
   <word id="word_53">caso</word>
   <word id="word_54">de</word>
   <word id="word_55">rotura</word>
   <word id="word_56">de_</word>
   <word id="word_57">o</word>
   <word id="word_58">casal</word>
   <word id="word_59">)</word>
   <word id="word_60">não</word>
   <word id="word_61">se</word>
   <word id="word_62">aplica</word>
   <word id="word_63">a_</word>
   <word id="word_64">as</word>
   <word id="word_65">pessoas</word>
   <word id="word_66">que</word>
   <word id="word_67">vivem</word>
   <word id="word_68">em</word>
   <word id="word_69">união</word>
   <word id="word_70">de</word>
   <word id="word_71">facto</word>
   <word id="word_72">.</word>
   <word id="word_73">O</word>
   <word id="word_74">alcance</word>
   <word id="word_75">ideológico</word>
   <word id="word_76">,</word>
   <word id="word_77">político</word>
   <word id="word_78">e</word>
   <word id="word_79">prático</word>
   <word id="word_80">de_</word>
   <word id="word_81">esta</word>
   <word id="word_82">decisão</word>
   <word id="word_83">é</word>
   <word id="word_84">de_</word>
   <word id="word_85">a</word>
   <word id="word_86">maior</word>
   <word id="word_87">gravidade</word>
   <word id="word_88">.</word>
   <word id="word_89">Primeiro</word>
   <word id="word_90">,</word>
   <word id="word_91">porque</word>
   <word id="word_92">lesiva</word>
   <word id="word_93">de_</word>
   <word id="word_94">os</word>
   <word id="word_95">direitos</word>
   <word id="word_96">fundamentais</word>
   <word id="word_97">constitucionalmente</word>
   <word id="word_98">consagrados</word>
   <word id="word_99">;</word>
   <word id="word_100">segundo</word>
   <word id="word_101">,</word>
   <word id="word_102">porque</word>
   <word id="word_103">entra</word>
   <word id="word_104">em</word>
   <word id="word_105">aberto</word>
   <word id="word_106">confronto</word>
   <word id="word_107">com</word>
   <word id="word_108">a</word>
   <word id="word_109">decisão</word>
   <word id="word_110">de_</word>
   <word id="word_111">o</word>
   <word id="word_112">Tribunal</word>
   <word id="word_113">Europeu</word>
   <word id="word_114">de_</word>
   <word id="word_115">os</word>
   <word id="word_116">Direitos</word>
   <word id="word_117">de_</word>
   <word id="word_118">o</word>
   <word id="word_119">Homem</word>
   <word id="word_120">,</word>
   <word id="word_121">que</word>
   <word id="word_122">Portugal</word>
   <word id="word_123">ratificou</word>
   <word id="word_124">;</word>
   <word id="word_125">terceiro</word>
   <word id="word_126">,</word>
   <word id="word_127">porque</word>
   <word id="word_128">é</word>
   <word id="word_129">discriminatório</word>
   <word id="word_130">e</word>
   <word id="word_131">prejudicial</word>
   <word id="word_132">em</word>
   <word id="word_133">relação</word>
   <word id="word_134">a_</word>
   <word id="word_135">as</word>
   <word id="word_136">mulheres</word>
   <word id="word_137">.</word>
   <word id="word_138">Por</word>
   <word id="word_139">detrás</word>
   <word id="word_140">de_</word>
   <word id="word_141">esta</word>
   <word id="word_142">decisão</word>
   <word id="word_143">,</word>
   <word id="word_144">os</word>
   <word id="word_145">mesmos</word>
   <word id="word_146">quadros</word>
   <word id="word_147">mentais</word>
   <word id="word_148">de_</word>
   <word id="word_149">o</word>
   <word id="word_150">princípio</word>
   <word id="word_151">de_</word>
   <word id="word_152">o</word>
   <word id="word_153">século</word>
   <word id="word_154">.</word>
   <word id="word_155">de_</word>
   <word id="word_156">estes</word>
   <word id="word_157">aplicadores</word>
   <word id="word_158">de_</word>
   <word id="word_159">o</word>
   <word id="word_160">Direito</word>
   <word id="word_161">é</word>
   <word id="word_162">,</word>
   <word id="word_163">assim</word>
   <word id="word_164">,</word>
   <word id="word_165">impensável</word>
   <word id="word_166">esperar</word>
   <word id="word_167">um</word>
   <word id="word_168">rejuvenecimento</word>
   <word id="word_169">de_</word>
   <word id="word_170">as</word>
   <word id="word_171">leis</word>
   <word id="word_172">por</word>
   <word id="word_173">via</word>
   <word id="word_174">judicial</word>
   <word id="word_175">,</word>
   <word id="word_176">a_</word>
   <word id="word_177">o</word>
   <word id="word_178">contrário</word>
   <word id="word_179">de_</word>
   <word id="word_180">o</word>
   <word id="word_181">que</word>
   <word id="word_182">se</word>
   <word id="word_183">passa</word>
   <word id="word_184">a</word>
   <word id="word_185">nível</word>
   <word id="word_186">de_</word>
   <word id="word_187">os</word>
   <word id="word_188">tribunais</word>
   <word id="word_189">europeus</word>
   <word id="word_190">.</word>
   <word id="word_191">Atenta</word>
   <word id="word_192">a</word>
   <word id="word_193">jurisprudência</word>
   <word id="word_194">estrangeira</word>
   <word id="word_195">a_</word>
   <word id="word_196">as</word>
   <word id="word_197">realidades</word>
   <word id="word_198">sociais</word>
   <word id="word_199">,</word>
   <word id="word_200">são</word>
   <word id="word_201">os</word>
   <word id="word_202">tribunais</word>
   <word id="word_203">que</word>
   <word id="word_204">rasgam</word>
   <word id="word_205">novos</word>
   <word id="word_206">e</word>
   <word id="word_207">adequados</word>
   <word id="word_208">horizontes</word>
   <word id="word_209">através</word>
   <word id="word_210">de_</word>
   <word id="word_211">a</word>
   <word id="word_212">interpretação</word>
   <word id="word_213">e</word>
   <word id="word_214">prática</word>
   <word id="word_215">de_</word>
   <word id="word_216">as</word>
   <word id="word_217">leis</word>
   <word id="word_218">existentes</word>
   <word id="word_219">.</word>
   <word id="word_220">Lá</word>
   <word id="word_221">fora</word>
   <word id="word_222">são</word>
   <word id="word_223">muitas</word>
   <word id="word_224">vezes</word>
   <word id="word_225">os</word>
   <word id="word_226">juízes</word>
   <word id="word_227">que</word>
   <word id="word_228">,</word>
   <word id="word_229">por</word>
   <word id="word_230">força</word>
   <word id="word_231">de</word>
   <word id="word_232">uma</word>
   <word id="word_233">prática</word>
   <word id="word_234">adequada</word>
   <word id="word_235">a_</word>
   <word id="word_236">as</word>
   <word id="word_237">realidades</word>
   <word id="word_238">sociais</word>
   <word id="word_239">,</word>
   <word id="word_240">"</word>
   <word id="word_241">obrigam</word>
   <word id="word_242">"</word>
   <word id="word_243">o</word>
   <word id="word_244">legislador</word>
   <word id="word_245">a</word>
   <word id="word_246">"</word>
   <word id="word_247">arejar</word>
   <word id="word_248">"</word>
   <word id="word_249">,</word>
   <word id="word_250">posteriormente</word>
   <word id="word_251">,</word>
   <word id="word_252">diplomas</word>
   <word id="word_253">legais</word>
   <word id="word_254">que</word>
   <word id="word_255">já</word>
   <word id="word_256">não</word>
   <word id="word_257">servem</word>
   <word id="word_258">.</word>
   <word id="word_259">Entre</word>
   <word id="word_260">nós</word>
   <word id="word_261">passa-se</word>
   <word id="word_262">o</word>
   <word id="word_263">inverso</word>
   <word id="word_264">.</word>
   <word id="word_265">Se</word>
   <word id="word_266">o</word>
   <word id="word_267">legislador</word>
   <word id="word_268">está</word>
   <word id="word_269">divorciado</word>
   <word id="word_270">de_</word>
   <word id="word_271">a</word>
   <word id="word_272">realidade</word>
   <word id="word_273">e</word>
   <word id="word_274">é</word>
   <word id="word_275">ambíguo</word>
   <word id="word_276">,</word>
   <word id="word_277">é</word>
   <word id="word_278">certo</word>
   <word id="word_279">que</word>
   <word id="word_280">os</word>
   <word id="word_281">nossos</word>
   <word id="word_282">tribunais</word>
   <word id="word_283">retrocedem</word>
   <word id="word_284">e</word>
   <word id="word_285">proferem</word>
   <word id="word_286">decisões</word>
   <word id="word_287">que</word>
   <word id="word_288">ainda</word>
   <word id="word_289">menos</word>
   <word id="word_290">têm</word>
   <word id="word_291">a</word>
   <word id="word_292">ver</word>
   <word id="word_293">com</word>
   <word id="word_294">as</word>
   <word id="word_295">necessidades</word>
   <word id="word_296">de_</word>
   <word id="word_297">o</word>
   <word id="word_298">nosso</word>
   <word id="word_299">quotidiano</word>
   <word id="word_300">,</word>
   <word id="word_301">prejudicando</word>
   <word id="word_302">gravemente</word>
   <word id="word_303">os</word>
   <word id="word_304">cidadãos</word>
   <word id="word_305">.</word>
   <word id="word_306">Com</word>
   <word id="word_307">este</word>
   <word id="word_308">assento</word>
   <word id="word_309">de_</word>
   <word id="word_310">o</word>
   <word id="word_311">Supremo</word>
   <word id="word_312">,</word>
   <word id="word_313">em_</word>
   <word id="word_314">um</word>
   <word id="word_315">caso</word>
   <word id="word_316">de</word>
   <word id="word_317">regulação</word>
   <word id="word_318">de_</word>
   <word id="word_319">o</word>
   <word id="word_320">poder</word>
   <word id="word_321">paternal</word>
   <word id="word_322">entre</word>
   <word id="word_323">pais</word>
   <word id="word_324">não</word>
   <word id="word_325">casados</word>
   <word id="word_326">em</word>
   <word id="word_327">situação</word>
   <word id="word_328">de</word>
   <word id="word_329">rotura</word>
   <word id="word_330">,</word>
   <word id="word_331">o</word>
   <word id="word_332">juiz</word>
   <word id="word_333">não</word>
   <word id="word_334">poderá</word>
   <word id="word_335">,</word>
   <word id="word_336">como</word>
   <word id="word_337">já</word>
   <word id="word_338">se</word>
   <word id="word_339">vinha</word>
   <word id="word_340">fazendo</word>
   <word id="word_341">em_</word>
   <word id="word_342">a</word>
   <word id="word_343">1ª</word>
   <word id="word_344">e</word>
   <word id="word_345">2ª</word>
   <word id="word_346">instâncias</word>
   <word id="word_347">,</word>
   <word id="word_348">atribuir</word>
   <word id="word_349">o</word>
   <word id="word_350">arrendamento</word>
   <word id="word_351">a_</word>
   <word id="word_352">o</word>
   <word id="word_353">progenitor</word>
   <word id="word_354">mais</word>
   <word id="word_355">necessitado</word>
   <word id="word_356">.</word>
   <word id="word_357">Pondo</word>
   <word id="word_358">um</word>
   <word id="word_359">caso</word>
   <word id="word_360">concreto</word>
   <word id="word_361">:</word>
   <word id="word_362">Um</word>
   <word id="word_363">casal</word>
   <word id="word_364">não</word>
   <word id="word_365">casado</word>
   <word id="word_366">e</word>
   <word id="word_367">com</word>
   <word id="word_368">filhos</word>
   <word id="word_369">menores</word>
   <word id="word_370">entra</word>
   <word id="word_371">em</word>
   <word id="word_372">rotura</word>
   <word id="word_373">.</word>
   <word id="word_374">Em</word>
   <word id="word_375">discussão</word>
   <word id="word_376">,</word>
   <word id="word_377">a</word>
   <word id="word_378">casa</word>
   <word id="word_379">de_</word>
   <word id="word_380">a</word>
   <word id="word_381">morada</word>
   <word id="word_382">de_</word>
   <word id="word_383">a</word>
   <word id="word_384">família</word>
   <word id="word_385">.</word>
   <word id="word_386">Perante</word>
   <word id="word_387">os</word>
   <word id="word_388">factos</word>
   <word id="word_389">levados</word>
   <word id="word_390">a</word>
   <word id="word_391">tribunal</word>
   <word id="word_392">,</word>
   <word id="word_393">o</word>
   <word id="word_394">juiz</word>
   <word id="word_395">entende</word>
   <word id="word_396">que</word>
   <word id="word_397">é</word>
   <word id="word_398">a</word>
   <word id="word_399">mãe</word>
   <word id="word_400">que</word>
   <word id="word_401">deve</word>
   <word id="word_402">ficar</word>
   <word id="word_403">com</word>
   <word id="word_404">guarda</word>
   <word id="word_405">de_</word>
   <word id="word_406">os</word>
   <word id="word_407">menores</word>
   <word id="word_408">.</word>
   <word id="word_409">Acontece</word>
   <word id="word_410">que</word>
   <word id="word_411">também</word>
   <word id="word_412">é</word>
   <word id="word_413">ela</word>
   <word id="word_414">mais</word>
   <word id="word_415">débil</word>
   <word id="word_416">economicamente</word>
   <word id="word_417">.</word>
   <word id="word_418">Não</word>
   <word id="word_419">obstante</word>
   <word id="word_420">,</word>
   <word id="word_421">como</word>
   <word id="word_422">os</word>
   <word id="word_423">contratos</word>
   <word id="word_424">de</word>
   <word id="word_425">arrendamento</word>
   <word id="word_426">continuam</word>
   <word id="word_427">a</word>
   <word id="word_428">ser</word>
   <word id="word_429">feitos</word>
   <word id="word_430">em</word>
   <word id="word_431">nome</word>
   <word id="word_432">de_</word>
   <word id="word_433">o</word>
   <word id="word_434">homem</word>
   <word id="word_435">,</word>
   <word id="word_436">a</word>
   <word id="word_437">partir</word>
   <word id="word_438">de_</word>
   <word id="word_439">aquela</word>
   <word id="word_440">decisão</word>
   <word id="word_441">de_</word>
   <word id="word_442">o</word>
   <word id="word_443">Supremo</word>
   <word id="word_444">os</word>
   <word id="word_445">juizes</word>
   <word id="word_446">de_</word>
   <word id="word_447">os</word>
   <word id="word_448">tribunais</word>
   <word id="word_449">inferiores</word>
   <word id="word_450">,</word>
   <word id="word_451">agora</word>
   <word id="word_452">apegados</word>
   <word id="word_453">a</word>
   <word id="word_454">ela</word>
   <word id="word_455">,</word>
   <word id="word_456">não</word>
   <word id="word_457">podem</word>
   <word id="word_458">atribuir</word>
   <word id="word_459">o</word>
   <word id="word_460">contrato</word>
   <word id="word_461">de</word>
   <word id="word_462">arrendamento</word>
   <word id="word_463">a_</word>
   <word id="word_464">a</word>
   <word id="word_465">mãe</word>
   <word id="word_466">.</word>
   <word id="word_467">Resultado</word>
   <word id="word_468">imediato</word>
   <word id="word_469">:</word>
   <word id="word_470">mãe</word>
   <word id="word_471">e</word>
   <word id="word_472">filhos</word>
   <word id="word_473">em_</word>
   <word id="word_474">a</word>
   <word id="word_475">rua</word>
   <word id="word_476">!</word>
   <word id="word_477">Ressalta</word>
   <word id="word_478">desde</word>
   <word id="word_479">logo</word>
   <word id="word_480">uma</word>
   <word id="word_481">discriminação</word>
   <word id="word_482">entre</word>
   <word id="word_483">filhos</word>
   <word id="word_484">legítimos</word>
   <word id="word_485">e</word>
   <word id="word_486">ilegítimos</word>
   <word id="word_487">,</word>
   <word id="word_488">o</word>
   <word id="word_489">que</word>
   <word id="word_490">é</word>
   <word id="word_491">inconstitucional</word>
   <word id="word_492">,</word>
   <word id="word_493">por</word>
   <word id="word_494">força</word>
   <word id="word_495">de_</word>
   <word id="word_496">os</word>
   <word id="word_497">artº</word>
   <word id="word_498">13</word>
   <word id="word_499">e</word>
   <word id="word_500">36</word>
   <word id="word_501">,</word>
   <word id="word_502">nº</word>
   <word id="word_503">4</word>
   <word id="word_504">,</word>
   <word id="word_505">de_</word>
   <word id="word_506">a</word>
   <word id="word_507">Constituição</word>
   <word id="word_508">de_</word>
   <word id="word_509">a</word>
   <word id="word_510">República</word>
   <word id="word_511">.</word>
   <word id="word_512">E</word>
   <word id="word_513">porquê</word>
   <word id="word_514">?</word>
   <word id="word_515">Muito</word>
   <word id="word_516">simples</word>
   <word id="word_517">:</word>
   <word id="word_518">se</word>
   <word id="word_519">em_</word>
   <word id="word_520">aquele</word>
   <word id="word_521">caso</word>
   <word id="word_522">apontado</word>
   <word id="word_523">os</word>
   <word id="word_524">pais</word>
   <word id="word_525">fossem</word>
   <word id="word_526">casados</word>
   <word id="word_527">já</word>
   <word id="word_528">o</word>
   <word id="word_529">tribunal</word>
   <word id="word_530">poderia</word>
   <word id="word_531">atribuir</word>
   <word id="word_532">o</word>
   <word id="word_533">arrendamento</word>
   <word id="word_534">a_</word>
   <word id="word_535">a</word>
   <word id="word_536">mãe</word>
   <word id="word_537">.</word>
   <word id="word_538">O</word>
   <word id="word_539">Assento</word>
   <word id="word_540">em</word>
   <word id="word_541">discussão</word>
   <word id="word_542">atropela</word>
   <word id="word_543">o</word>
   <word id="word_544">Tribunal</word>
   <word id="word_545">Europeu</word>
   <word id="word_546">de_</word>
   <word id="word_547">os</word>
   <word id="word_548">Direitos</word>
   <word id="word_549">de_</word>
   <word id="word_550">o</word>
   <word id="word_551">Homem</word>
   <word id="word_552">,</word>
   <word id="word_553">de</word>
   <word id="word_554">Estrasburgo</word>
   <word id="word_555">,</word>
   <word id="word_556">já</word>
   <word id="word_557">que</word>
   <word id="word_558">foi</word>
   <word id="word_559">consagrado</word>
   <word id="word_560">que</word>
   <word id="word_561">uma</word>
   <word id="word_562">decisão</word>
   <word id="word_563">de_</word>
   <word id="word_564">aquele</word>
   <word id="word_565">tipo</word>
   <word id="word_566">é</word>
   <word id="word_567">violadora</word>
   <word id="word_568">de_</word>
   <word id="word_569">aquela</word>
   <word id="word_570">convenção</word>
   <word id="word_571">.</word>
   <word id="word_572">Por_</word>
   <word id="word_573">a</word>
   <word id="word_574">Lei</word>
   <word id="word_575">nº</word>
   <word id="word_576">65</word>
   <word id="word_577">de</word>
   <word id="word_578">13/10/76</word>
   <word id="word_579">foi</word>
   <word id="word_580">ratificada</word>
   <word id="word_581">entre</word>
   <word id="word_582">nós</word>
   <word id="word_583">a</word>
   <word id="word_584">referida</word>
   <word id="word_585">convenção</word>
   <word id="word_586">vinculando</word>
   <word id="word_587">o</word>
   <word id="word_588">Estado</word>
   <word id="word_589">português</word>
   <word id="word_590">.</word>
   <word id="word_591">É</word>
   <word id="word_592">,</word>
   <word id="word_593">portanto</word>
   <word id="word_594">,</word>
   <word id="word_595">lei</word>
   <word id="word_596">imperativa</word>
   <word id="word_597">em_</word>
   <word id="word_598">os</word>
   <word id="word_599">termos</word>
   <word id="word_600">de_</word>
   <word id="word_601">o</word>
   <word id="word_602">artº</word>
   <word id="word_603">8</word>
   <word id="word_604">,</word>
   <word id="word_605">nº</word>
   <word id="word_606">2</word>
   <word id="word_607">,</word>
   <word id="word_608">de_</word>
   <word id="word_609">a</word>
   <word id="word_610">nossa</word>
   <word id="word_611">Constituição</word>
   <word id="word_612">.</word>
   <word id="word_613">É</word>
   <word id="word_614">assim</word>
   <word id="word_615">,</word>
   <word id="word_616">estranho</word>
   <word id="word_617">que</word>
   <word id="word_618">aquele</word>
   <word id="word_619">Assento</word>
   <word id="word_620">tenha</word>
   <word id="word_621">sido</word>
   <word id="word_622">proferido</word>
   <word id="word_623">por_</word>
   <word id="word_624">o</word>
   <word id="word_625">Supremo</word>
   <word id="word_626">,</word>
   <word id="word_627">a_</word>
   <word id="word_628">o</word>
   <word id="word_629">arrepio</word>
   <word id="word_630">de</word>
   <word id="word_631">toda</word>
   <word id="word_632">a</word>
   <word id="word_633">doutrina</word>
   <word id="word_634">de_</word>
   <word id="word_635">a</word>
   <word id="word_636">CEE</word>
   <word id="word_637">.</word>
   <word id="word_638">O</word>
   <word id="word_639">que</word>
   <word id="word_640">é</word>
   <word id="word_641">ainda</word>
   <word id="word_642">caso</word>
   <word id="word_643">para</word>
   <word id="word_644">pensar</word>
   <word id="word_645">é</word>
   <word id="word_646">o</word>
   <word id="word_647">facto</word>
   <word id="word_648">de</word>
   <word id="word_649">ser</word>
   <word id="word_650">juiz</word>
   <word id="word_651">de_</word>
   <word id="word_652">o</word>
   <word id="word_653">Supremo</word>
   <word id="word_654">o</word>
   <word id="word_655">sr.</word>
   <word id="word_656">conselheiro</word>
   <word id="word_657">Pinheiro</word>
   <word id="word_658">Farinha</word>
   <word id="word_659">que</word>
   <word id="word_660">é</word>
   <word id="word_661">,</word>
   <word id="word_662">também</word>
   <word id="word_663">,</word>
   <word id="word_664">membro</word>
   <word id="word_665">de_</word>
   <word id="word_666">o</word>
   <word id="word_667">Tribunal</word>
   <word id="word_668">de</word>
   <word id="word_669">Estrasburgo</word>
   <word id="word_670">.</word>
   <word id="word_671">Pode</word>
   <word id="word_672">-se</word>
   <word id="word_673">dizer</word>
   <word id="word_674">com</word>
   <word id="word_675">segurança</word>
   <word id="word_676">que</word>
   <word id="word_677">o</word>
   <word id="word_678">presente</word>
   <word id="word_679">Assento</word>
   <word id="word_680">é</word>
   <word id="word_681">a</word>
   <word id="word_682">gota</word>
   <word id="word_683">de</word>
   <word id="word_684">água</word>
   <word id="word_685">que</word>
   <word id="word_686">vem</word>
   <word id="word_687">alarmar</word>
   <word id="word_688">toda</word>
   <word id="word_689">a</word>
   <word id="word_690">gente</word>
   <word id="word_691">.</word>
   <word id="word_692">Mas</word>
   <word id="word_693">o</word>
   <word id="word_694">certo</word>
   <word id="word_695">é</word>
   <word id="word_696">que</word>
   <word id="word_697">de</word>
   <word id="word_698">há</word>
   <word id="word_699">muito</word>
   <word id="word_700">que</word>
   <word id="word_701">o</word>
   <word id="word_702">Supremo</word>
   <word id="word_703">tem</word>
   <word id="word_704">vindo</word>
   <word id="word_705">a</word>
   <word id="word_706">proferir</word>
   <word id="word_707">decisões</word>
   <word id="word_708">que</word>
   <word id="word_709">já</word>
   <word id="word_710">faziam</word>
   <word id="word_711">prever</word>
   <word id="word_712">um</word>
   <word id="word_713">desfecho</word>
   <word id="word_714">semelhante</word>
   <word id="word_715">.</word>
   <word id="word_716">É</word>
   <word id="word_717">que</word>
   <word id="word_718">,</word>
   <word id="word_719">em_</word>
   <word id="word_720">o</word>
   <word id="word_721">que</word>
   <word id="word_722">respeita</word>
   <word id="word_723">a_</word>
   <word id="word_724">o</word>
   <word id="word_725">direito</word>
   <word id="word_726">de_</word>
   <word id="word_727">o</word>
   <word id="word_728">arrendamento</word>
   <word id="word_729">,</word>
   <word id="word_730">aquele</word>
   <word id="word_731">nosso</word>
   <word id="word_732">alto</word>
   <word id="word_733">tribunal</word>
   <word id="word_734">já</word>
   <word id="word_735">vinha</word>
   <word id="word_736">proferindo</word>
   <word id="word_737">assentos</word>
   <word id="word_738">com</word>
   <word id="word_739">manifesto</word>
   <word id="word_740">prejuízo</word>
   <word id="word_741">para</word>
   <word id="word_742">a</word>
   <word id="word_743">mulher</word>
   <word id="word_744">casada</word>
   <word id="word_745">que</word>
   <word id="word_746">se</word>
   <word id="word_747">separa</word>
   <word id="word_748">de_</word>
   <word id="word_749">o</word>
   <word id="word_750">marido</word>
   <word id="word_751">.</word>
   <word id="word_752">Senão</word>
   <word id="word_753">vejamos</word>
   <word id="word_754">:</word>
   <word id="word_755">Não</word>
   <word id="word_756">obstante</word>
   <word id="word_757">a</word>
   <word id="word_758">Lei</word>
   <word id="word_759">nº</word>
   <word id="word_760">35/81</word>
   <word id="word_761">de</word>
   <word id="word_762">27</word>
   <word id="word_763">de</word>
   <word id="word_764">Agosto</word>
   <word id="word_765">mandar</word>
   <word id="word_766">citar</word>
   <word id="word_767">sempre</word>
   <word id="word_768">o</word>
   <word id="word_769">outro</word>
   <word id="word_770">cônjuge</word>
   <word id="word_771">para</word>
   <word id="word_772">acção</word>
   <word id="word_773">de</word>
   <word id="word_774">despejo</word>
   <word id="word_775">;</word>
   <word id="word_776">não</word>
   <word id="word_777">obstante</word>
   <word id="word_778">a</word>
   <word id="word_779">reforma</word>
   <word id="word_780">de_</word>
   <word id="word_781">o</word>
   <word id="word_782">Código</word>
   <word id="word_783">Civil</word>
   <word id="word_784">introduzida</word>
   <word id="word_785">por_</word>
   <word id="word_786">o</word>
   <word id="word_787">D/L</word>
   <word id="word_788">nº</word>
   <word id="word_789">496/77</word>
   <word id="word_790">de</word>
   <word id="word_791">25</word>
   <word id="word_792">de</word>
   <word id="word_793">Novembro</word>
   <word id="word_794">ter</word>
   <word id="word_795">alterado</word>
   <word id="word_796">disposições</word>
   <word id="word_797">deste</word>
   <word id="word_798">Côdigo</word>
   <word id="word_799">(</word>
   <word id="word_800">artº</word>
   <word id="word_801">1682</word>
   <word id="word_802">B</word>
   <word id="word_803">,</word>
   <word id="word_804">1793</word>
   <word id="word_805">,</word>
   <word id="word_806">21037</word>
   <word id="word_807">)</word>
   <word id="word_808">a_</word>
   <word id="word_809">o</word>
   <word id="word_810">declarar</word>
   <word id="word_811">que</word>
   <word id="word_812">a</word>
   <word id="word_813">casa</word>
   <word id="word_814">de_</word>
   <word id="word_815">a</word>
   <word id="word_816">morada</word>
   <word id="word_817">de_</word>
   <word id="word_818">a</word>
   <word id="word_819">família</word>
   <word id="word_820">é</word>
   <word id="word_821">indisponível</word>
   <word id="word_822">por</word>
   <word id="word_823">qualquer</word>
   <word id="word_824">de_</word>
   <word id="word_825">os</word>
   <word id="word_826">cônjuges</word>
   <word id="word_827">,</word>
   <word id="word_828">o</word>
   <word id="word_829">Supremo</word>
   <word id="word_830">tem</word>
   <word id="word_831">decidido</word>
   <word id="word_832">que</word>
   <word id="word_833">em_</word>
   <word id="word_834">o</word>
   <word id="word_835">caso</word>
   <word id="word_836">de</word>
   <word id="word_837">um</word>
   <word id="word_838">de_</word>
   <word id="word_839">os</word>
   <word id="word_840">cônjuges</word>
   <word id="word_841">(</word>
   <word id="word_842">que</word>
   <word id="word_843">é</word>
   <word id="word_844">sempre</word>
   <word id="word_845">o</word>
   <word id="word_846">marido</word>
   <word id="word_847">,</word>
   <word id="word_848">dado</word>
   <word id="word_849">que</word>
   <word id="word_850">os</word>
   <word id="word_851">contratos</word>
   <word id="word_852">de</word>
   <word id="word_853">arrendamento</word>
   <word id="word_854">são</word>
   <word id="word_855">feitos</word>
   <word id="word_856">em</word>
   <word id="word_857">seu</word>
   <word id="word_858">nome</word>
   <word id="word_859">)</word>
   <word id="word_860">dispor</word>
   <word id="word_861">de_</word>
   <word id="word_862">o</word>
   <word id="word_863">arrendamento</word>
   <word id="word_864">para</word>
   <word id="word_865">habitação</word>
   <word id="word_866">,</word>
   <word id="word_867">a</word>
   <word id="word_868">mulher</word>
   <word id="word_869">não</word>
   <word id="word_870">pode</word>
   <word id="word_871">depois</word>
   <word id="word_872">usar</word>
   <word id="word_873">de</word>
   <word id="word_874">acções</word>
   <word id="word_875">possessórias</word>
   <word id="word_876">para</word>
   <word id="word_877">ser</word>
   <word id="word_878">readmitida</word>
   <word id="word_879">em_</word>
   <word id="word_880">a</word>
   <word id="word_881">casa</word>
   <word id="word_882">de_</word>
   <word id="word_883">a</word>
   <word id="word_884">morada</word>
   <word id="word_885">de_</word>
   <word id="word_886">o</word>
   <word id="word_887">casal</word>
   <word id="word_888">.</word>
   <word id="word_889">Isto</word>
   <word id="word_890">é</word>
   <word id="word_891">,</word>
   <word id="word_892">em_</word>
   <word id="word_893">a</word>
   <word id="word_894">prática</word>
   <word id="word_895">,</word>
   <word id="word_896">tutela</word>
   <word id="word_897">o</word>
   <word id="word_898">Supremo</word>
   <word id="word_899">,</word>
   <word id="word_900">com</word>
   <word id="word_901">estas</word>
   <word id="word_902">decisões</word>
   <word id="word_903">,</word>
   <word id="word_904">a</word>
   <word id="word_905">seguinte</word>
   <word id="word_906">situação</word>
   <word id="word_907">:</word>
   <word id="word_908">o</word>
   <word id="word_909">marido</word>
   <word id="word_910">abandona</word>
   <word id="word_911">a</word>
   <word id="word_912">mulher</word>
   <word id="word_913">e</word>
   <word id="word_914">filhos</word>
   <word id="word_915">.</word>
   <word id="word_916">Junto</word>
   <word id="word_917">de_</word>
   <word id="word_918">o</word>
   <word id="word_919">senhorio</word>
   <word id="word_920">,</word>
   <word id="word_921">se</word>
   <word id="word_922">quiser</word>
   <word id="word_923">,</word>
   <word id="word_924">põe</word>
   <word id="word_925">termo</word>
   <word id="word_926">a_</word>
   <word id="word_927">o</word>
   <word id="word_928">contrato</word>
   <word id="word_929">de</word>
   <word id="word_930">arrendamento</word>
   <word id="word_931">.</word>
   <word id="word_932">O</word>
   <word id="word_933">senhorio</word>
   <word id="word_934">pode</word>
   <word id="word_935">despejar</word>
   <word id="word_936">a</word>
   <word id="word_937">mulher</word>
   <word id="word_938">e</word>
   <word id="word_939">os</word>
   <word id="word_940">filhos</word>
   <word id="word_941">,</word>
   <word id="word_942">sendo</word>
   <word id="word_943">que</word>
   <word id="word_944">esta</word>
   <word id="word_945">não</word>
   <word id="word_946">tem</word>
   <word id="word_947">meios</word>
   <word id="word_948">para</word>
   <word id="word_949">obter</word>
   <word id="word_950">uma</word>
   <word id="word_951">decisão</word>
   <word id="word_952">que</word>
   <word id="word_953">não</word>
   <word id="word_954">permita</word>
   <word id="word_955">o</word>
   <word id="word_956">despejo</word>
   <word id="word_957">.</word>
   <word id="word_958">Ainda</word>
   <word id="word_959">em_</word>
   <word id="word_960">o</word>
   <word id="word_961">caso</word>
   <word id="word_962">de</word>
   <word id="word_963">o</word>
   <word id="word_964">despejo</word>
   <word id="word_965">já</word>
   <word id="word_966">estar</word>
   <word id="word_967">executado</word>
   <word id="word_968">,</word>
   <word id="word_969">os</word>
   <word id="word_970">referidos</word>
   <word id="word_971">assentos</word>
   <word id="word_972">não</word>
   <word id="word_973">lhe</word>
   <word id="word_974">permitem</word>
   <word id="word_975">voltar</word>
   <word id="word_976">a_</word>
   <word id="word_977">a</word>
   <word id="word_978">casa</word>
   <word id="word_979">de_</word>
   <word id="word_980">a</word>
   <word id="word_981">morada</word>
   <word id="word_982">de_</word>
   <word id="word_983">o</word>
   <word id="word_984">casal</word>
   <word id="word_985">.</word>
   <word id="word_986">O</word>
   <word id="word_987">que</word>
   <word id="word_988">é</word>
   <word id="word_989">escandaloso</word>
   <word id="word_990">.</word>
   <word id="word_991">Perante</word>
   <word id="word_992">tribunais</word>
   <word id="word_993">que</word>
   <word id="word_994">não</word>
   <word id="word_995">se</word>
   <word id="word_996">mostram</word>
   <word id="word_997">a_</word>
   <word id="word_998">a</word>
   <word id="word_999">altura</word>
   <word id="word_1000">de</word>
   <word id="word_1001">compreender</word>
   <word id="word_1002">as</word>
   <word id="word_1003">realidades</word>
   <word id="word_1004">sociais</word>
   <word id="word_1005">de_</word>
   <word id="word_1006">o</word>
   <word id="word_1007">nosso</word>
   <word id="word_1008">tempo</word>
   <word id="word_1009">e</word>
   <word id="word_1010">que</word>
   <word id="word_1011">continuam</word>
   <word id="word_1012">a</word>
   <word id="word_1013">decidir</word>
   <word id="word_1014">de_</word>
   <word id="word_1015">essa</word>
   <word id="word_1016">forma</word>
   <word id="word_1017">é</word>
   <word id="word_1018">preciso</word>
   <word id="word_1019">que</word>
   <word id="word_1020">o</word>
   <word id="word_1021">legislador</word>
   <word id="word_1022">intervenha</word>
   <word id="word_1023">com</word>
   <word id="word_1024">determinação</word>
   <word id="word_1025">e</word>
   <word id="word_1026">coragem</word>
   <word id="word_1027">em_</word>
   <word id="word_1028">a</word>
   <word id="word_1029">feitura</word>
   <word id="word_1030">de_</word>
   <word id="word_1031">as</word>
   <word id="word_1032">leis</word>
   <word id="word_1033">novas</word>
   <word id="word_1034">.</word>
   <word id="word_1035">de_</word>
   <word id="word_1036">aí</word>
   <word id="word_1037">a</word>
   <word id="word_1038">grande</word>
   <word id="word_1039">esperança</word>
   <word id="word_1040">que</word>
   <word id="word_1041">agora</word>
   <word id="word_1042">se</word>
   <word id="word_1043">põe</word>
   <word id="word_1044">em_</word>
   <word id="word_1045">o</word>
   <word id="word_1046">novo</word>
   <word id="word_1047">Parlamento</word>
   <word id="word_1048">.</word>
   <word id="word_1049">Sobretudo</word>
   <word id="word_1050">,</word>
   <word id="word_1051">grande</word>
   <word id="word_1052">é</word>
   <word id="word_1053">a</word>
   <word id="word_1054">responsabilidade</word>
   <word id="word_1055">de_</word>
   <word id="word_1056">as</word>
   <word id="word_1057">deputadas</word>
   <word id="word_1058">que</word>
   <word id="word_1059">forem</word>
   <word id="word_1060">eleitas</word>
   <word id="word_1061">,</word>
   <word id="word_1062">sabido</word>
   <word id="word_1063">que</word>
   <word id="word_1064">estão</word>
   <word id="word_1065">mais</word>
   <word id="word_1066">conscientes</word>
   <word id="word_1067">de_</word>
   <word id="word_1068">os</word>
   <word id="word_1069">problemas</word>
   <word id="word_1070">de_</word>
   <word id="word_1071">o</word>
   <word id="word_1072">eleitorado</word>
   <word id="word_1073">feminimo</word>
   <word id="word_1074">.</word>
   <word id="word_1075">Confiando</word>
   <word id="word_1076">que</word>
   <word id="word_1077">as</word>
   <word id="word_1078">novas</word>
   <word id="word_1079">deputadas</word>
   <word id="word_1080">serão</word>
   <word id="word_1081">,</word>
   <word id="word_1082">em_</word>
   <word id="word_1083">a</word>
   <word id="word_1084">Assembleia</word>
   <word id="word_1085">de_</word>
   <word id="word_1086">a</word>
   <word id="word_1087">República</word>
   <word id="word_1088">,</word>
   <word id="word_1089">a</word>
   <word id="word_1090">voz</word>
   <word id="word_1091">de_</word>
   <word id="word_1092">as</word>
   <word id="word_1093">cidadãs</word>
   <word id="word_1094">portuguesas</word>
   <word id="word_1095">,</word>
   <word id="word_1096">a</word>
   <word id="word_1097">Liga</word>
   <word id="word_1098">de_</word>
   <word id="word_1099">os</word>
   <word id="word_1100">Direitos</word>
   <word id="word_1101">de_</word>
   <word id="word_1102">as</word>
   <word id="word_1103">Mulheres</word>
   <word id="word_1104">recomenda</word>
   <word id="word_1105">:</word>
   <word id="word_1106">mulher</word>
   <word id="word_1107">,</word>
   <word id="word_1108">dá</word>
   <word id="word_1109">voz</word>
   <word id="word_1110">a_</word>
   <word id="word_1111">o</word>
   <word id="word_1112">teu</word>
   <word id="word_1113">voto</word>
   <word id="word_1114">.</word>
   <word id="word_1115">Vota</word>
   <word id="word_1116">por</word>
   <word id="word_1117">ti</word>
   <word id="word_1118">.</word>
</words>
