<?xml version="1.0" encoding="UTF-8"?>
<!DOCTYPE words SYSTEM "words.dtd">
<words>
   <word id="word_1">A</word>
   <word id="word_2">companhia</word>
   <word id="word_3">de</word>
   <word id="word_4">seguros</word>
   <word id="word_5">Metrópole</word>
   <word id="word_6">vai</word>
   <word id="word_7">aumentar</word>
   <word id="word_8">o</word>
   <word id="word_9">seu</word>
   <word id="word_10">capital</word>
   <word id="word_11">social</word>
   <word id="word_12">de</word>
   <word id="word_13">237</word>
   <word id="word_14">mil</word>
   <word id="word_15">contos</word>
   <word id="word_16">para</word>
   <word id="word_17">592</word>
   <word id="word_18">,</word>
   <word id="word_19">5</word>
   <word id="word_20">mil</word>
   <word id="word_21">contos</word>
   <word id="word_22">,</word>
   <word id="word_23">indicou</word>
   <word id="word_24">uma</word>
   <word id="word_25">portaria</word>
   <word id="word_26">publicada</word>
   <word id="word_27">ontem</word>
   <word id="word_28">em_</word>
   <word id="word_29">o</word>
   <word id="word_30">Diário</word>
   <word id="word_31">de_</word>
   <word id="word_32">a</word>
   <word id="word_33">República</word>
   <word id="word_34">.</word>
   <word id="word_35">O</word>
   <word id="word_36">aumento</word>
   <word id="word_37">de_</word>
   <word id="word_38">o</word>
   <word id="word_39">capital</word>
   <word id="word_40">social</word>
   <word id="word_41">de_</word>
   <word id="word_42">a</word>
   <word id="word_43">seguradora</word>
   <word id="word_44">Metrópole</word>
   <word id="word_45">efectua</word>
   <word id="word_46">-se</word>
   <word id="word_47">por</word>
   <word id="word_48">incorporação</word>
   <word id="word_49">de</word>
   <word id="word_50">reservas</word>
   <word id="word_51">avaliadas</word>
   <word id="word_52">em</word>
   <word id="word_53">355,5</word>
   <word id="word_54">mil</word>
   <word id="word_55">contos</word>
   <word id="word_56">,</word>
   <word id="word_57">dado</word>
   <word id="word_58">lugar</word>
   <word id="word_59">a_</word>
   <word id="word_60">a</word>
   <word id="word_61">emissão</word>
   <word id="word_62">de</word>
   <word id="word_63">30</word>
   <word id="word_64">mil</word>
   <word id="word_65">novas</word>
   <word id="word_66">acções</word>
   <word id="word_67">,</word>
   <word id="word_68">em_</word>
   <word id="word_69">o</word>
   <word id="word_70">valor</word>
   <word id="word_71">nominal</word>
   <word id="word_72">de</word>
   <word id="word_73">11</word>
   <word id="word_74">mil</word>
   <word id="word_75">850</word>
   <word id="word_76">escudos</word>
   <word id="word_77">cada</word>
   <word id="word_78">uma</word>
   <word id="word_79">.</word>
   <word id="word_80">As</word>
   <word id="word_81">acções</word>
   <word id="word_82">serão</word>
   <word id="word_83">subscritas</word>
   <word id="word_84">por_</word>
   <word id="word_85">os</word>
   <word id="word_86">actuais</word>
   <word id="word_87">accionistas</word>
   <word id="word_88">em_</word>
   <word id="word_89">a</word>
   <word id="word_90">proporção</word>
   <word id="word_91">de_</word>
   <word id="word_92">o</word>
   <word id="word_93">número</word>
   <word id="word_94">de</word>
   <word id="word_95">acções</word>
   <word id="word_96">que</word>
   <word id="word_97">cada</word>
   <word id="word_98">um</word>
   <word id="word_99">possui</word>
   <word id="word_100">actualmente</word>
   <word id="word_101">.</word>
   <word id="word_102">O</word>
   <word id="word_103">Ministério</word>
   <word id="word_104">de_</word>
   <word id="word_105">as</word>
   <word id="word_106">Finanças</word>
   <word id="word_107">,</word>
   <word id="word_108">também</word>
   <word id="word_109">em</word>
   <word id="word_110">portaria</word>
   <word id="word_111">ontem</word>
   <word id="word_112">publicada</word>
   <word id="word_113">em_</word>
   <word id="word_114">o</word>
   <word id="word_115">Diário</word>
   <word id="word_116">de_</word>
   <word id="word_117">a</word>
   <word id="word_118">República</word>
   <word id="word_119">,</word>
   <word id="word_120">autoriza</word>
   <word id="word_121">a</word>
   <word id="word_122">companhia</word>
   <word id="word_123">de</word>
   <word id="word_124">seguros</word>
   <word id="word_125">Garantia</word>
   <word id="word_126">a</word>
   <word id="word_127">aumentar</word>
   <word id="word_128">o</word>
   <word id="word_129">seu</word>
   <word id="word_130">capital</word>
   <word id="word_131">social</word>
   <word id="word_132">de</word>
   <word id="word_133">cerca</word>
   <word id="word_134">de</word>
   <word id="word_135">275</word>
   <word id="word_136">mil</word>
   <word id="word_137">contos</word>
   <word id="word_138">para</word>
   <word id="word_139">558</word>
   <word id="word_140">mil</word>
   <word id="word_141">contos</word>
   <word id="word_142">,</word>
   <word id="word_143">sendo</word>
   <word id="word_144">7980</word>
   <word id="word_145">contos</word>
   <word id="word_146">por</word>
   <word id="word_147">incorporação</word>
   <word id="word_148">de</word>
   <word id="word_149">reservas</word>
   <word id="word_150">livres</word>
   <word id="word_151">e</word>
   <word id="word_152">275</word>
   <word id="word_153">mil</word>
   <word id="word_154">contos</word>
   <word id="word_155">por</word>
   <word id="word_156">entrada</word>
   <word id="word_157">de</word>
   <word id="word_158">dinheiro</word>
   <word id="word_159">fresco</word>
   <word id="word_160">.</word>
   <word id="word_161">A</word>
   <word id="word_162">subscrição</word>
   <word id="word_163">de_</word>
   <word id="word_164">as</word>
   <word id="word_165">acções</word>
   <word id="word_166">correspondentes</word>
   <word id="word_167">a</word>
   <word id="word_168">este</word>
   <word id="word_169">aumento</word>
   <word id="word_170">de</word>
   <word id="word_171">capital</word>
   <word id="word_172">será</word>
   <word id="word_173">feita</word>
   <word id="word_174">por_</word>
   <word id="word_175">os</word>
   <word id="word_176">accionistas</word>
   <word id="word_177">,</word>
   <word id="word_178">em_</word>
   <word id="word_179">a</word>
   <word id="word_180">proporção</word>
   <word id="word_181">de_</word>
   <word id="word_182">o</word>
   <word id="word_183">número</word>
   <word id="word_184">de</word>
   <word id="word_185">acções</word>
   <word id="word_186">que</word>
   <word id="word_187">actualmente</word>
   <word id="word_188">possuem</word>
   <word id="word_189">.</word>
   <word id="word_190">As</word>
   <word id="word_191">acções</word>
   <word id="word_192">actualmente</word>
   <word id="word_193">existentes</word>
   <word id="word_194">serão</word>
   <word id="word_195">trocadas</word>
   <word id="word_196">por</word>
   <word id="word_197">novos</word>
   <word id="word_198">títulos</word>
   <word id="word_199">com</word>
   <word id="word_200">um</word>
   <word id="word_201">valor</word>
   <word id="word_202">nominal</word>
   <word id="word_203">de</word>
   <word id="word_204">mil</word>
   <word id="word_205">escudos</word>
   <word id="word_206">cada</word>
   <word id="word_207">acção</word>
   <word id="word_208">.</word>
   <word id="word_209">Assim</word>
   <word id="word_210">,</word>
   <word id="word_211">o</word>
   <word id="word_212">capital</word>
   <word id="word_213">social</word>
   <word id="word_214">após</word>
   <word id="word_215">o</word>
   <word id="word_216">referido</word>
   <word id="word_217">aumento</word>
   <word id="word_218">passará</word>
   <word id="word_219">a</word>
   <word id="word_220">ser</word>
   <word id="word_221">representado</word>
   <word id="word_222">por</word>
   <word id="word_223">558</word>
   <word id="word_224">mil</word>
   <word id="word_225">acções</word>
   <word id="word_226">em_</word>
   <word id="word_227">o</word>
   <word id="word_228">valor</word>
   <word id="word_229">de</word>
   <word id="word_230">mil</word>
   <word id="word_231">escudos</word>
   <word id="word_232">cada</word>
   <word id="word_233">uma</word>
   <word id="word_234">.</word>
</words>
