<?xml version="1.0" encoding="UTF-8"?>
<!DOCTYPE words SYSTEM "words.dtd">
<words>
   <word id="word_1">AQUELE</word>
   <word id="word_2">LAGO</word>
   <word id="word_3">de_</word>
   <word id="word_4">a</word>
   <word id="word_5">região</word>
   <word id="word_6">de</word>
   <word id="word_7">Valtellina</word>
   <word id="word_8">,</word>
   <word id="word_9">em_</word>
   <word id="word_10">o</word>
   <word id="word_11">Norte</word>
   <word id="word_12">de</word>
   <word id="word_13">Itália</word>
   <word id="word_14">,</word>
   <word id="word_15">contém</word>
   <word id="word_16">15</word>
   <word id="word_17">milhões</word>
   <word id="word_18">de</word>
   <word id="word_19">metros</word>
   <word id="word_20">cúbicos</word>
   <word id="word_21">de</word>
   <word id="word_22">água</word>
   <word id="word_23">em</word>
   <word id="word_24">consequência</word>
   <word id="word_25">de_</word>
   <word id="word_26">o</word>
   <word id="word_27">gigantesco</word>
   <word id="word_28">deslizamento</word>
   <word id="word_29">de</word>
   <word id="word_30">terrenos</word>
   <word id="word_31">ocorrido</word>
   <word id="word_32">a</word>
   <word id="word_33">28</word>
   <word id="word_34">de</word>
   <word id="word_35">Julho</word>
   <word id="word_36">e</word>
   <word id="word_37">que</word>
   <word id="word_38">provocou</word>
   <word id="word_39">a</word>
   <word id="word_40">morte</word>
   <word id="word_41">de</word>
   <word id="word_42">28</word>
   <word id="word_43">pessoas</word>
   <word id="word_44">.</word>
   <word id="word_45">Alimentado</word>
   <word id="word_46">por_</word>
   <word id="word_47">a</word>
   <word id="word_48">ribeira</word>
   <word id="word_49">de</word>
   <word id="word_50">Adda</word>
   <word id="word_51">,</word>
   <word id="word_52">cujo</word>
   <word id="word_53">curso</word>
   <word id="word_54">foi</word>
   <word id="word_55">bloqueado</word>
   <word id="word_56">por_</word>
   <word id="word_57">a</word>
   <word id="word_58">massa</word>
   <word id="word_59">de</word>
   <word id="word_60">rochas</word>
   <word id="word_61">que</word>
   <word id="word_62">se</word>
   <word id="word_63">precipitaram</word>
   <word id="word_64">em_</word>
   <word id="word_65">o</word>
   <word id="word_66">vale</word>
   <word id="word_67">(</word>
   <word id="word_68">mais</word>
   <word id="word_69">de</word>
   <word id="word_70">20</word>
   <word id="word_71">milhões</word>
   <word id="word_72">de</word>
   <word id="word_73">metros</word>
   <word id="word_74">cúbicos</word>
   <word id="word_75">,</word>
   <word id="word_76">segundo</word>
   <word id="word_77">os</word>
   <word id="word_78">geólogos</word>
   <word id="word_79">)</word>
   <word id="word_80">,</word>
   <word id="word_81">o</word>
   <word id="word_82">nível</word>
   <word id="word_83">de_</word>
   <word id="word_84">o</word>
   <word id="word_85">lago</word>
   <word id="word_86">não</word>
   <word id="word_87">para</word>
   <word id="word_88">de</word>
   <word id="word_89">subir</word>
   <word id="word_90">desde</word>
   <word id="word_91">há</word>
   <word id="word_92">três</word>
   <word id="word_93">dias</word>
   <word id="word_94">.</word>
   <word id="word_95">A</word>
   <word id="word_96">água</word>
   <word id="word_97">que</word>
   <word id="word_98">atinge</word>
   <word id="word_99">o</word>
   <word id="word_100">bordo</word>
   <word id="word_101">de_</word>
   <word id="word_102">o</word>
   <word id="word_103">dique</word>
   <word id="word_104">natural</word>
   <word id="word_105">já</word>
   <word id="word_106">começou</word>
   <word id="word_107">mesmo</word>
   <word id="word_108">a</word>
   <word id="word_109">erodi#</word>
   <word id="word_110">-lo</word>
   <word id="word_111">.</word>
   <word id="word_112">Segundo</word>
   <word id="word_113">o</word>
   <word id="word_114">presidente</word>
   <word id="word_115">de_</word>
   <word id="word_116">a</word>
   <word id="word_117">Câmara</word>
   <word id="word_118">de</word>
   <word id="word_119">Sondrio</word>
   <word id="word_120">,</word>
   <word id="word_121">"</word>
   <word id="word_122">cada</word>
   <word id="word_123">centímetro</word>
   <word id="word_124">é</word>
   <word id="word_125">mais</word>
   <word id="word_126">de_</word>
   <word id="word_127">o</word>
   <word id="word_128">que</word>
   <word id="word_129">decisivo</word>
   <word id="word_130">"</word>
   <word id="word_131">.</word>
   <word id="word_132">de_</word>
   <word id="word_133">aí</word>
   <word id="word_134">,</word>
   <word id="word_135">a</word>
   <word id="word_136">decisão</word>
   <word id="word_137">de_</word>
   <word id="word_138">as</word>
   <word id="word_139">autoridades</word>
   <word id="word_140">de</word>
   <word id="word_141">evacuarem</word>
   <word id="word_142">os</word>
   <word id="word_143">habitantes</word>
   <word id="word_144">de_</word>
   <word id="word_145">as</word>
   <word id="word_146">aldeias</word>
   <word id="word_147">situadas</word>
   <word id="word_148">a</word>
   <word id="word_149">juzante</word>
   <word id="word_150">,</word>
   <word id="word_151">operação</word>
   <word id="word_152">que</word>
   <word id="word_153">já</word>
   <word id="word_154">registou</word>
   <word id="word_155">o</word>
   <word id="word_156">abandono</word>
   <word id="word_157">de_</word>
   <word id="word_158">as</word>
   <word id="word_159">casas</word>
   <word id="word_160">por</word>
   <word id="word_161">parte</word>
   <word id="word_162">de</word>
   <word id="word_163">20</word>
   <word id="word_164">mil</word>
   <word id="word_165">pessoas</word>
   <word id="word_166">,</word>
   <word id="word_167">enquanto</word>
   <word id="word_168">outras</word>
   <word id="word_169">dez</word>
   <word id="word_170">mil</word>
   <word id="word_171">se</word>
   <word id="word_172">preparam</word>
   <word id="word_173">para</word>
   <word id="word_174">partir</word>
   <word id="word_175">.</word>
   <word id="word_176">Recorde</word>
   <word id="word_177">-se</word>
   <word id="word_178">que</word>
   <word id="word_179">,</word>
   <word id="word_180">há</word>
   <word id="word_181">já</word>
   <word id="word_182">alguns</word>
   <word id="word_183">dias</word>
   <word id="word_184">,</word>
   <word id="word_185">foram</word>
   <word id="word_186">iniciados</word>
   <word id="word_187">trabalhos</word>
   <word id="word_188">extremamente</word>
   <word id="word_189">dificultosos</word>
   <word id="word_190">-</word>
   <word id="word_191">em</word>
   <word id="word_192">termos</word>
   <word id="word_193">de</word>
   <word id="word_194">engenharia</word>
   <word id="word_195">-</word>
   <word id="word_196">para</word>
   <word id="word_197">a</word>
   <word id="word_198">abertura</word>
   <word id="word_199">de</word>
   <word id="word_200">duas</word>
   <word id="word_201">galerias</word>
   <word id="word_202">sob</word>
   <word id="word_203">o</word>
   <word id="word_204">dique</word>
   <word id="word_205">,</word>
   <word id="word_206">que</word>
   <word id="word_207">permitiriam</word>
   <word id="word_208">o</word>
   <word id="word_209">escoamento</word>
   <word id="word_210">gradual</word>
   <word id="word_211">de_</word>
   <word id="word_212">as</word>
   <word id="word_213">águas</word>
   <word id="word_214">.</word>
   <word id="word_215">Só</word>
   <word id="word_216">que</word>
   <word id="word_217">estes</word>
   <word id="word_218">trabalhos</word>
   <word id="word_219">foram</word>
   <word id="word_220">ontem</word>
   <word id="word_221">interrompidos</word>
   <word id="word_222">por</word>
   <word id="word_223">causa</word>
   <word id="word_224">de_</word>
   <word id="word_225">a</word>
   <word id="word_226">instabilidade</word>
   <word id="word_227">de_</word>
   <word id="word_228">as</word>
   <word id="word_229">margens</word>
   <word id="word_230">de_</word>
   <word id="word_231">a</word>
   <word id="word_232">represa</word>
   <word id="word_233">,</word>
   <word id="word_234">que</word>
   <word id="word_235">pronunciava</word>
   <word id="word_236">um</word>
   <word id="word_237">novo</word>
   <word id="word_238">deslizamento</word>
   <word id="word_239">de</word>
   <word id="word_240">terrenos</word>
   <word id="word_241">.</word>
   <word id="word_242">Em_</word>
   <word id="word_243">o</word>
   <word id="word_244">pico</word>
   <word id="word_245">de_</word>
   <word id="word_246">a</word>
   <word id="word_247">vertente</word>
   <word id="word_248">direita</word>
   <word id="word_249">,</word>
   <word id="word_250">um</word>
   <word id="word_251">triângulo</word>
   <word id="word_252">de</word>
   <word id="word_253">rochas</word>
   <word id="word_254">,</word>
   <word id="word_255">em</word>
   <word id="word_256">equilíbrio</word>
   <word id="word_257">instável</word>
   <word id="word_258">,</word>
   <word id="word_259">deslocou</word>
   <word id="word_260">-se</word>
   <word id="word_261">14</word>
   <word id="word_262">centímetros</word>
   <word id="word_263">durante</word>
   <word id="word_264">a</word>
   <word id="word_265">noite</word>
   <word id="word_266">enquanto</word>
   <word id="word_267">que</word>
   <word id="word_268">,</word>
   <word id="word_269">a_</word>
   <word id="word_270">a</word>
   <word id="word_271">esquerda</word>
   <word id="word_272">,</word>
   <word id="word_273">um</word>
   <word id="word_274">outro</word>
   <word id="word_275">pico</word>
   <word id="word_276">rochoso</word>
   <word id="word_277">ameaçava</word>
   <word id="word_278">o</word>
   <word id="word_279">flanco</word>
   <word id="word_280">de_</word>
   <word id="word_281">o</word>
   <word id="word_282">dique</word>
   <word id="word_283">,</word>
   <word id="word_284">precisamente</word>
   <word id="word_285">em_</word>
   <word id="word_286">o</word>
   <word id="word_287">local</word>
   <word id="word_288">onde</word>
   <word id="word_289">os</word>
   <word id="word_290">engenheiros</word>
   <word id="word_291">ensaiavam</word>
   <word id="word_292">a</word>
   <word id="word_293">abertura</word>
   <word id="word_294">de</word>
   <word id="word_295">uma</word>
   <word id="word_296">passagem</word>
   <word id="word_297">de</word>
   <word id="word_298">água</word>
   <word id="word_299">.</word>
   <word id="word_300">Os</word>
   <word id="word_301">responsáveis</word>
   <word id="word_302">por_</word>
   <word id="word_303">o</word>
   <word id="word_304">equivalente</word>
   <word id="word_305">a_</word>
   <word id="word_306">o</word>
   <word id="word_307">nosso</word>
   <word id="word_308">Serviço</word>
   <word id="word_309">Nacional</word>
   <word id="word_310">de</word>
   <word id="word_311">Protecção</word>
   <word id="word_312">Civil</word>
   <word id="word_313">continuam</word>
   <word id="word_314">a</word>
   <word id="word_315">analisar</word>
   <word id="word_316">todas</word>
   <word id="word_317">as</word>
   <word id="word_318">hipóteses</word>
   <word id="word_319">,</word>
   <word id="word_320">mesmo</word>
   <word id="word_321">as</word>
   <word id="word_322">mais</word>
   <word id="word_323">catastróficas</word>
   <word id="word_324">.</word>
   <word id="word_325">A</word>
   <word id="word_326">menos</word>
   <word id="word_327">dramática</word>
   <word id="word_328">será</word>
   <word id="word_329">,</word>
   <word id="word_330">sem</word>
   <word id="word_331">dúvida</word>
   <word id="word_332">,</word>
   <word id="word_333">um</word>
   <word id="word_334">simples</word>
   <word id="word_335">galgar</word>
   <word id="word_336">de_</word>
   <word id="word_337">o</word>
   <word id="word_338">bordo</word>
   <word id="word_339">de_</word>
   <word id="word_340">o</word>
   <word id="word_341">dique</word>
   <word id="word_342">,</word>
   <word id="word_343">se</word>
   <word id="word_344">a</word>
   <word id="word_345">chuva</word>
   <word id="word_346">continuar</word>
   <word id="word_347">a</word>
   <word id="word_348">cair</word>
   <word id="word_349">.</word>
   <word id="word_350">Isto</word>
   <word id="word_351">é</word>
   <word id="word_352">,</word>
   <word id="word_353">uma</word>
   <word id="word_354">dezena</word>
   <word id="word_355">de</word>
   <word id="word_356">aldeias</word>
   <word id="word_357">próximas</word>
   <word id="word_358">de_</word>
   <word id="word_359">a</word>
   <word id="word_360">barragem</word>
   <word id="word_361">serão</word>
   <word id="word_362">invadidas</word>
   <word id="word_363">por_</word>
   <word id="word_364">as</word>
   <word id="word_365">águas</word>
   <word id="word_366">,</word>
   <word id="word_367">os</word>
   <word id="word_368">estragos</word>
   <word id="word_369">serão</word>
   <word id="word_370">importantes</word>
   <word id="word_371">,</word>
   <word id="word_372">mas</word>
   <word id="word_373">quase</word>
   <word id="word_374">toda</word>
   <word id="word_375">área</word>
   <word id="word_376">estará</word>
   <word id="word_377">desocupada</word>
   <word id="word_378">de_</word>
   <word id="word_379">os</word>
   <word id="word_380">seus</word>
   <word id="word_381">habitantes</word>
   <word id="word_382">.</word>
   <word id="word_383">Muito</word>
   <word id="word_384">mais</word>
   <word id="word_385">grave</word>
   <word id="word_386">será</word>
   <word id="word_387">um</word>
   <word id="word_388">aluimento</word>
   <word id="word_389">,</word>
   <word id="word_390">mesmo</word>
   <word id="word_391">parcial</word>
   <word id="word_392">,</word>
   <word id="word_393">de_</word>
   <word id="word_394">o</word>
   <word id="word_395">dique</word>
   <word id="word_396">,</word>
   <word id="word_397">sob</word>
   <word id="word_398">pressão</word>
   <word id="word_399">de_</word>
   <word id="word_400">a</word>
   <word id="word_401">água</word>
   <word id="word_402">ou</word>
   <word id="word_403">por</word>
   <word id="word_404">causa</word>
   <word id="word_405">de_</word>
   <word id="word_406">a</word>
   <word id="word_407">erosão</word>
   <word id="word_408">devida</word>
   <word id="word_409">a_</word>
   <word id="word_410">as</word>
   <word id="word_411">escorrências</word>
   <word id="word_412">.</word>
   <word id="word_413">em_</word>
   <word id="word_414">esse</word>
   <word id="word_415">caso</word>
   <word id="word_416">,</word>
   <word id="word_417">uma</word>
   <word id="word_418">vaga</word>
   <word id="word_419">enorme</word>
   <word id="word_420">descerá</word>
   <word id="word_421">sobre</word>
   <word id="word_422">todo</word>
   <word id="word_423">o</word>
   <word id="word_424">vale</word>
   <word id="word_425">,</word>
   <word id="word_426">até</word>
   <word id="word_427">a_</word>
   <word id="word_428">a</word>
   <word id="word_429">cidade</word>
   <word id="word_430">de</word>
   <word id="word_431">Sondrio</word>
   <word id="word_432">(</word>
   <word id="word_433">20</word>
   <word id="word_434">mil</word>
   <word id="word_435">habitantes</word>
   <word id="word_436">)</word>
   <word id="word_437">,</word>
   <word id="word_438">arrastando</word>
   <word id="word_439">tudo</word>
   <word id="word_440">a_</word>
   <word id="word_441">a</word>
   <word id="word_442">sua</word>
   <word id="word_443">passagem</word>
   <word id="word_444">.</word>
   <word id="word_445">Resta</word>
   <word id="word_446">a</word>
   <word id="word_447">hipótese</word>
   <word id="word_448">mais</word>
   <word id="word_449">inquietante</word>
   <word id="word_450">:</word>
   <word id="word_451">a</word>
   <word id="word_452">queda</word>
   <word id="word_453">de</word>
   <word id="word_454">uma</word>
   <word id="word_455">nova</word>
   <word id="word_456">massa</word>
   <word id="word_457">de</word>
   <word id="word_458">rochas</word>
   <word id="word_459">em_</word>
   <word id="word_460">o</word>
   <word id="word_461">lago</word>
   <word id="word_462">,</word>
   <word id="word_463">que</word>
   <word id="word_464">poderá</word>
   <word id="word_465">provocar</word>
   <word id="word_466">um</word>
   <word id="word_467">minimaremoto</word>
   <word id="word_468">.</word>
   <word id="word_469">Ontem</word>
   <word id="word_470">,</word>
   <word id="word_471">de</word>
   <word id="word_472">manhã</word>
   <word id="word_473">,</word>
   <word id="word_474">o</word>
   <word id="word_475">nível</word>
   <word id="word_476">de_</word>
   <word id="word_477">o</word>
   <word id="word_478">lago</word>
   <word id="word_479">continuava</word>
   <word id="word_480">a</word>
   <word id="word_481">aumentar</word>
   <word id="word_482">(</word>
   <word id="word_483">quatro</word>
   <word id="word_484">centímetros</word>
   <word id="word_485">por</word>
   <word id="word_486">hora</word>
   <word id="word_487">)</word>
   <word id="word_488">,</word>
   <word id="word_489">mas</word>
   <word id="word_490">mais</word>
   <word id="word_491">lentamente</word>
   <word id="word_492">de_</word>
   <word id="word_493">o</word>
   <word id="word_494">que</word>
   <word id="word_495">em_</word>
   <word id="word_496">as</word>
   <word id="word_497">últimas</word>
   <word id="word_498">horas</word>
   <word id="word_499">.</word>
   <word id="word_500">Por</word>
   <word id="word_501">outro</word>
   <word id="word_502">lado</word>
   <word id="word_503">,</word>
   <word id="word_504">a</word>
   <word id="word_505">chuva</word>
   <word id="word_506">parou</word>
   <word id="word_507">de</word>
   <word id="word_508">cair</word>
   <word id="word_509">e</word>
   <word id="word_510">os</word>
   <word id="word_511">habitantes</word>
   <word id="word_512">de</word>
   <word id="word_513">toda</word>
   <word id="word_514">a</word>
   <word id="word_515">região</word>
   <word id="word_516">começam</word>
   <word id="word_517">a</word>
   <word id="word_518">acreditar</word>
   <word id="word_519">que</word>
   <word id="word_520">o</word>
   <word id="word_521">"</word>
   <word id="word_522">pesadelo</word>
   <word id="word_523">"</word>
   <word id="word_524">está</word>
   <word id="word_525">a</word>
   <word id="word_526">acabar</word>
   <word id="word_527">.</word>
   <word id="word_528">O</word>
   <word id="word_529">mau</word>
   <word id="word_530">tempo</word>
   <word id="word_531">,</word>
   <word id="word_532">que</word>
   <word id="word_533">provocou</word>
   <word id="word_534">,</word>
   <word id="word_535">em_</word>
   <word id="word_536">os</word>
   <word id="word_537">últimos</word>
   <word id="word_538">dias</word>
   <word id="word_539">,</word>
   <word id="word_540">deslizamentos</word>
   <word id="word_541">de</word>
   <word id="word_542">terrenos</word>
   <word id="word_543">em_</word>
   <word id="word_544">o</word>
   <word id="word_545">Valais</word>
   <word id="word_546">,</word>
   <word id="word_547">em_</word>
   <word id="word_548">o</word>
   <word id="word_549">cantão</word>
   <word id="word_550">de</word>
   <word id="word_551">Uri</word>
   <word id="word_552">,</word>
   <word id="word_553">em_</word>
   <word id="word_554">os</word>
   <word id="word_555">Grisons</word>
   <word id="word_556">e</word>
   <word id="word_557">em_</word>
   <word id="word_558">o</word>
   <word id="word_559">Tessin</word>
   <word id="word_560">,</word>
   <word id="word_561">é</word>
   <word id="word_562">responsável</word>
   <word id="word_563">por</word>
   <word id="word_564">danos</word>
   <word id="word_565">materiais</word>
   <word id="word_566">estimados</word>
   <word id="word_567">em</word>
   <word id="word_568">Berna</word>
   <word id="word_569">em</word>
   <word id="word_570">várias</word>
   <word id="word_571">centenas</word>
   <word id="word_572">de</word>
   <word id="word_573">milhões</word>
   <word id="word_574">de</word>
   <word id="word_575">francos</word>
   <word id="word_576">suíços</word>
   <word id="word_577">.</word>
   <word id="word_578">Em_</word>
   <word id="word_579">o</word>
   <word id="word_580">cantão</word>
   <word id="word_581">de</word>
   <word id="word_582">Uri</word>
   <word id="word_583">(</word>
   <word id="word_584">Este</word>
   <word id="word_585">de_</word>
   <word id="word_586">a</word>
   <word id="word_587">Suíça</word>
   <word id="word_588">)</word>
   <word id="word_589">,</word>
   <word id="word_590">o</word>
   <word id="word_591">mais</word>
   <word id="word_592">duramente</word>
   <word id="word_593">afectado</word>
   <word id="word_594">,</word>
   <word id="word_595">800</word>
   <word id="word_596">bombeiros</word>
   <word id="word_597">,</word>
   <word id="word_598">500</word>
   <word id="word_599">soldados</word>
   <word id="word_600">e</word>
   <word id="word_601">numerosos</word>
   <word id="word_602">voluntários</word>
   <word id="word_603">estão</word>
   <word id="word_604">ocupados</word>
   <word id="word_605">em_</word>
   <word id="word_606">os</word>
   <word id="word_607">trabalhos</word>
   <word id="word_608">de</word>
   <word id="word_609">remoção</word>
   <word id="word_610">de</word>
   <word id="word_611">toneladas</word>
   <word id="word_612">de</word>
   <word id="word_613">lama</word>
   <word id="word_614">e</word>
   <word id="word_615">outros</word>
   <word id="word_616">detritos</word>
   <word id="word_617">,</word>
   <word id="word_618">tentando</word>
   <word id="word_619">reabrir</word>
   <word id="word_620">os</word>
   <word id="word_621">acessos</word>
   <word id="word_622">a_</word>
   <word id="word_623">as</word>
   <word id="word_624">cidades</word>
   <word id="word_625">e</word>
   <word id="word_626">localidades</word>
   <word id="word_627">isoladas</word>
   <word id="word_628">de_</word>
   <word id="word_629">o</word>
   <word id="word_630">resto</word>
   <word id="word_631">de_</word>
   <word id="word_632">o</word>
   <word id="word_633">país</word>
   <word id="word_634">.</word>
   <word id="word_635">Em_</word>
   <word id="word_636">o</word>
   <word id="word_637">vale</word>
   <word id="word_638">de</word>
   <word id="word_639">Conches</word>
   <word id="word_640">(</word>
   <word id="word_641">Valais</word>
   <word id="word_642">)</word>
   <word id="word_643">,</word>
   <word id="word_644">um</word>
   <word id="word_645">vintena</word>
   <word id="word_646">de</word>
   <word id="word_647">casas</word>
   <word id="word_648">foi</word>
   <word id="word_649">completamente</word>
   <word id="word_650">destruída</word>
   <word id="word_651">,</word>
   <word id="word_652">enquanto</word>
   <word id="word_653">a</word>
   <word id="word_654">comuna</word>
   <word id="word_655">de</word>
   <word id="word_656">Munster</word>
   <word id="word_657">continua</word>
   <word id="word_658">privada</word>
   <word id="word_659">de</word>
   <word id="word_660">electricidade</word>
   <word id="word_661">e</word>
   <word id="word_662">de_</word>
   <word id="word_663">as</word>
   <word id="word_664">comunicações</word>
   <word id="word_665">telefónicas</word>
   <word id="word_666">.</word>
   <word id="word_667">Em_</word>
   <word id="word_668">o</word>
   <word id="word_669">Grisons</word>
   <word id="word_670">,</word>
   <word id="word_671">o</word>
   <word id="word_672">tráfego</word>
   <word id="word_673">automóvel</word>
   <word id="word_674">continua</word>
   <word id="word_675">interdito</word>
   <word id="word_676">em</word>
   <word id="word_677">diversos</word>
   <word id="word_678">troços</word>
   <word id="word_679">,</word>
   <word id="word_680">enquanto</word>
   <word id="word_681">a</word>
   <word id="word_682">direcção</word>
   <word id="word_683">de_</word>
   <word id="word_684">os</word>
   <word id="word_685">caminhos-de-ferro</word>
   <word id="word_686">suíços</word>
   <word id="word_687">prevê</word>
   <word id="word_688">que</word>
   <word id="word_689">a</word>
   <word id="word_690">linha</word>
   <word id="word_691">de_</word>
   <word id="word_692">o</word>
   <word id="word_693">Gotardo</word>
   <word id="word_694">só</word>
   <word id="word_695">possa</word>
   <word id="word_696">ser</word>
   <word id="word_697">reaberta</word>
   <word id="word_698">de_</word>
   <word id="word_699">aqui</word>
   <word id="word_700">a</word>
   <word id="word_701">uma</word>
   <word id="word_702">semana</word>
   <word id="word_703">.</word>
   <word id="word_704">Mais</word>
   <word id="word_705">de</word>
   <word id="word_706">60</word>
   <word id="word_707">pessoas</word>
   <word id="word_708">morreram</word>
   <word id="word_709">ou</word>
   <word id="word_710">desapareceram</word>
   <word id="word_711">depois</word>
   <word id="word_712">de_</word>
   <word id="word_713">a</word>
   <word id="word_714">queda</word>
   <word id="word_715">de</word>
   <word id="word_716">chuvas</word>
   <word id="word_717">torrenciais</word>
   <word id="word_718">e</word>
   <word id="word_719">consequentes</word>
   <word id="word_720">inundações</word>
   <word id="word_721">em_</word>
   <word id="word_722">o</word>
   <word id="word_723">Nordeste</word>
   <word id="word_724">de_</word>
   <word id="word_725">a</word>
   <word id="word_726">China</word>
   <word id="word_727">.</word>
   <word id="word_728">O</word>
   <word id="word_729">nível</word>
   <word id="word_730">de_</word>
   <word id="word_731">a</word>
   <word id="word_732">precipitação</word>
   <word id="word_733">chegou</word>
   <word id="word_734">a</word>
   <word id="word_735">alcançar</word>
   <word id="word_736">,</word>
   <word id="word_737">em_</word>
   <word id="word_738">a</word>
   <word id="word_739">semana</word>
   <word id="word_740">passada</word>
   <word id="word_741">,</word>
   <word id="word_742">19</word>
   <word id="word_743">centímetros</word>
   <word id="word_744">em</word>
   <word id="word_745">24</word>
   <word id="word_746">horas</word>
   <word id="word_747">(</word>
   <word id="word_748">19</word>
   <word id="word_749">litros</word>
   <word id="word_750">por</word>
   <word id="word_751">metro</word>
   <word id="word_752">quadrado</word>
   <word id="word_753">)</word>
   <word id="word_754">,</word>
   <word id="word_755">designadamente</word>
   <word id="word_756">em</word>
   <word id="word_757">Xiuyan</word>
   <word id="word_758">e</word>
   <word id="word_759">em_</word>
   <word id="word_760">outras</word>
   <word id="word_761">áreas</word>
   <word id="word_762">perto</word>
   <word id="word_763">de_</word>
   <word id="word_764">a</word>
   <word id="word_765">fronteira</word>
   <word id="word_766">com</word>
   <word id="word_767">a</word>
   <word id="word_768">Correia</word>
   <word id="word_769">de_</word>
   <word id="word_770">o</word>
   <word id="word_771">Norte</word>
   <word id="word_772">.</word>
   <word id="word_773">As</word>
   <word id="word_774">águas</word>
   <word id="word_775">de_</word>
   <word id="word_776">as</word>
   <word id="word_777">inundações</word>
   <word id="word_778">e</word>
   <word id="word_779">a</word>
   <word id="word_780">lama</word>
   <word id="word_781">de_</word>
   <word id="word_782">os</word>
   <word id="word_783">desmoronamentos</word>
   <word id="word_784">invadiram</word>
   <word id="word_785">2500</word>
   <word id="word_786">casas</word>
   <word id="word_787">,</word>
   <word id="word_788">destruiram</word>
   <word id="word_789">cerca</word>
   <word id="word_790">de</word>
   <word id="word_791">140</word>
   <word id="word_792">quilómetros</word>
   <word id="word_793">de</word>
   <word id="word_794">estradas</word>
   <word id="word_795">e</word>
   <word id="word_796">varreram</word>
   <word id="word_797">pontes</word>
   <word id="word_798">e</word>
   <word id="word_799">terrenos</word>
   <word id="word_800">agrícolas</word>
   <word id="word_801">.</word>
   <word id="word_802">Recorde</word>
   <word id="word_803">-se</word>
   <word id="word_804">que</word>
   <word id="word_805">,</word>
   <word id="word_806">este</word>
   <word id="word_807">ano</word>
   <word id="word_808">,</word>
   <word id="word_809">já</word>
   <word id="word_810">morreram</word>
   <word id="word_811">centenas</word>
   <word id="word_812">de</word>
   <word id="word_813">pessoas</word>
   <word id="word_814">em_</word>
   <word id="word_815">a</word>
   <word id="word_816">China</word>
   <word id="word_817">,</word>
   <word id="word_818">devido</word>
   <word id="word_819">a_</word>
   <word id="word_820">as</word>
   <word id="word_821">inundações</word>
   <word id="word_822">,</word>
   <word id="word_823">mas</word>
   <word id="word_824">a</word>
   <word id="word_825">maioria</word>
   <word id="word_826">de_</word>
   <word id="word_827">os</word>
   <word id="word_828">desastres</word>
   <word id="word_829">registou</word>
   <word id="word_830">-se</word>
   <word id="word_831">em_</word>
   <word id="word_832">as</word>
   <word id="word_833">províncias</word>
   <word id="word_834">de_</word>
   <word id="word_835">o</word>
   <word id="word_836">Centro</word>
   <word id="word_837">e</word>
   <word id="word_838">Sul</word>
   <word id="word_839">de_</word>
   <word id="word_840">o</word>
   <word id="word_841">país</word>
   <word id="word_842">,</word>
   <word id="word_843">enquanto</word>
   <word id="word_844">a</word>
   <word id="word_845">agricultura</word>
   <word id="word_846">de_</word>
   <word id="word_847">o</word>
   <word id="word_848">Norte</word>
   <word id="word_849">era</word>
   <word id="word_850">afectada</word>
   <word id="word_851">por</word>
   <word id="word_852">uma</word>
   <word id="word_853">grave</word>
   <word id="word_854">seca</word>
   <word id="word_855">.</word>
   <word id="word_856">Entretanto</word>
   <word id="word_857">,</word>
   <word id="word_858">soube</word>
   <word id="word_859">-se</word>
   <word id="word_860">que</word>
   <word id="word_861">morreram</word>
   <word id="word_862">400</word>
   <word id="word_863">crianças</word>
   <word id="word_864">e</word>
   <word id="word_865">anciãos</word>
   <word id="word_866">indianos</word>
   <word id="word_867">,</word>
   <word id="word_868">em_</word>
   <word id="word_869">o</word>
   <word id="word_870">Estado</word>
   <word id="word_871">de</word>
   <word id="word_872">Orissa</word>
   <word id="word_873">,</word>
   <word id="word_874">duramente</word>
   <word id="word_875">afectado</word>
   <word id="word_876">por_</word>
   <word id="word_877">a</word>
   <word id="word_878">seca</word>
   <word id="word_879">,</word>
   <word id="word_880">por</word>
   <word id="word_881">terem</word>
   <word id="word_882">ingerido</word>
   <word id="word_883">cereais</word>
   <word id="word_884">que</word>
   <word id="word_885">se</word>
   <word id="word_886">encontravam</word>
   <word id="word_887">impróprios</word>
   <word id="word_888">para</word>
   <word id="word_889">consumo</word>
   <word id="word_890">.</word>
   <word id="word_891">A</word>
   <word id="word_892">Imprensa</word>
   <word id="word_893">indiana</word>
   <word id="word_894">tem</word>
   <word id="word_895">vindo</word>
   <word id="word_896">,</word>
   <word id="word_897">desde</word>
   <word id="word_898">há</word>
   <word id="word_899">algum</word>
   <word id="word_900">tempo</word>
   <word id="word_901">,</word>
   <word id="word_902">a</word>
   <word id="word_903">noticiar</word>
   <word id="word_904">assaltos</word>
   <word id="word_905">feitos</word>
   <word id="word_906">por</word>
   <word id="word_907">pessoas</word>
   <word id="word_908">esfomeadas</word>
   <word id="word_909">a</word>
   <word id="word_910">armazéns</word>
   <word id="word_911">de</word>
   <word id="word_912">cereais</word>
   <word id="word_913">em_</word>
   <word id="word_914">as</word>
   <word id="word_915">zonas</word>
   <word id="word_916">rurais</word>
   <word id="word_917">.</word>
   <word id="word_918">Uma</word>
   <word id="word_919">outra</word>
   <word id="word_920">informação</word>
   <word id="word_921">diz</word>
   <word id="word_922">que</word>
   <word id="word_923">aquelas</word>
   <word id="word_924">mortes</word>
   <word id="word_925">ocorreram</word>
   <word id="word_926">em_</word>
   <word id="word_927">a</word>
   <word id="word_928">aldeia</word>
   <word id="word_929">de</word>
   <word id="word_930">Kasipur</word>
   <word id="word_931">,</word>
   <word id="word_932">em_</word>
   <word id="word_933">o</word>
   <word id="word_934">distrito</word>
   <word id="word_935">de</word>
   <word id="word_936">Koraput</word>
   <word id="word_937">,</word>
   <word id="word_938">não</word>
   <word id="word_939">só</word>
   <word id="word_940">devido</word>
   <word id="word_941">a_</word>
   <word id="word_942">a</word>
   <word id="word_943">ingestão</word>
   <word id="word_944">de</word>
   <word id="word_945">cereais</word>
   <word id="word_946">impróprios</word>
   <word id="word_947">para</word>
   <word id="word_948">consumo</word>
   <word id="word_949">mas</word>
   <word id="word_950">também</word>
   <word id="word_951">a_</word>
   <word id="word_952">a</word>
   <word id="word_953">fome</word>
   <word id="word_954">e</word>
   <word id="word_955">a</word>
   <word id="word_956">doenças</word>
   <word id="word_957">.</word>
</words>
