<?xml version="1.0" encoding="UTF-8"?>
<!DOCTYPE words SYSTEM "words.dtd">
<words>
   <word id="word_1">OS</word>
   <word id="word_2">MINISTROS</word>
   <word id="word_3">de_</word>
   <word id="word_4">os</word>
   <word id="word_5">Negócios</word>
   <word id="word_6">Estrangeiros</word>
   <word id="word_7">português</word>
   <word id="word_8">e</word>
   <word id="word_9">moçambicano</word>
   <word id="word_10">mostraram</word>
   <word id="word_11">-se</word>
   <word id="word_12">satisfeitos</word>
   <word id="word_13">com</word>
   <word id="word_14">os</word>
   <word id="word_15">resultados</word>
   <word id="word_16">obtidos</word>
   <word id="word_17">em_</word>
   <word id="word_18">a</word>
   <word id="word_19">deslocação</word>
   <word id="word_20">de_</word>
   <word id="word_21">os</word>
   <word id="word_22">chefes</word>
   <word id="word_23">de_</word>
   <word id="word_24">as</word>
   <word id="word_25">diplomacias</word>
   <word id="word_26">de_</word>
   <word id="word_27">os</word>
   <word id="word_28">cinco</word>
   <word id="word_29">países</word>
   <word id="word_30">africanos</word>
   <word id="word_31">de</word>
   <word id="word_32">língua</word>
   <word id="word_33">portuguesa</word>
   <word id="word_34">a</word>
   <word id="word_35">Lisboa</word>
   <word id="word_36">.</word>
   <word id="word_37">Pires</word>
   <word id="word_38">de</word>
   <word id="word_39">Miranda</word>
   <word id="word_40">,</word>
   <word id="word_41">pouco</word>
   <word id="word_42">antes</word>
   <word id="word_43">de_</word>
   <word id="word_44">a</word>
   <word id="word_45">partida</word>
   <word id="word_46">de_</word>
   <word id="word_47">o</word>
   <word id="word_48">ministro</word>
   <word id="word_49">de_</word>
   <word id="word_50">os</word>
   <word id="word_51">Negócios</word>
   <word id="word_52">Estrangeiros</word>
   <word id="word_53">moçambicano</word>
   <word id="word_54">,</word>
   <word id="word_55">Pascoal</word>
   <word id="word_56">Mocumbi</word>
   <word id="word_57">,</word>
   <word id="word_58">porta-voz</word>
   <word id="word_59">de</word>
   <word id="word_60">todo</word>
   <word id="word_61">o</word>
   <word id="word_62">grupo</word>
   <word id="word_63">,</word>
   <word id="word_64">qualificou</word>
   <word id="word_65">a</word>
   <word id="word_66">deslocação</word>
   <word id="word_67">como</word>
   <word id="word_68">"</word>
   <word id="word_69">muito</word>
   <word id="word_70">positiva</word>
   <word id="word_71">"</word>
   <word id="word_72">e</word>
   <word id="word_73">afirmou</word>
   <word id="word_74">que</word>
   <word id="word_75">"</word>
   <word id="word_76">vão</word>
   <word id="word_77">aumentar</word>
   <word id="word_78">os</word>
   <word id="word_79">contactos</word>
   <word id="word_80">,</word>
   <word id="word_81">o</word>
   <word id="word_82">intercâmbio</word>
   <word id="word_83">e</word>
   <word id="word_84">a</word>
   <word id="word_85">cooperação</word>
   <word id="word_86">".</word>
   <word id="word_87">"</word>
   <word id="word_88">O</word>
   <word id="word_89">relacionamento</word>
   <word id="word_90">político</word>
   <word id="word_91">normal</word>
   <word id="word_92">e</word>
   <word id="word_93">um</word>
   <word id="word_94">incremento</word>
   <word id="word_95">importante</word>
   <word id="word_96">em</word>
   <word id="word_97">todas</word>
   <word id="word_98">as</word>
   <word id="word_99">áreas</word>
   <word id="word_100">,</word>
   <word id="word_101">nomeadamente</word>
   <word id="word_102">em_</word>
   <word id="word_103">as</word>
   <word id="word_104">trocas</word>
   <word id="word_105">comerciais</word>
   <word id="word_106">,</word>
   <word id="word_107">cultura</word>
   <word id="word_108">e</word>
   <word id="word_109">cooperação</word>
   <word id="word_110">entre</word>
   <word id="word_111">os</word>
   <word id="word_112">cinco</word>
   <word id="word_113">países</word>
   <word id="word_114">e</word>
   <word id="word_115">Portugal</word>
   <word id="word_116">são</word>
   <word id="word_117">de_</word>
   <word id="word_118">o</word>
   <word id="word_119">interesse</word>
   <word id="word_120">mútuo</word>
   <word id="word_121">e</word>
   <word id="word_122">todos</word>
   <word id="word_123">têm</word>
   <word id="word_124">a</word>
   <word id="word_125">ganhar</word>
   <word id="word_126">com</word>
   <word id="word_127">isso</word>
   <word id="word_128">"</word>
   <word id="word_129">,</word>
   <word id="word_130">considerou</word>
   <word id="word_131">Pires</word>
   <word id="word_132">Miranda</word>
   <word id="word_133">.</word>
   <word id="word_134">Dizendo</word>
   <word id="word_135">que</word>
   <word id="word_136">a</word>
   <word id="word_137">presença</word>
   <word id="word_138">simultânea</word>
   <word id="word_139">de_</word>
   <word id="word_140">os</word>
   <word id="word_141">cinco</word>
   <word id="word_142">ministros</word>
   <word id="word_143">em</word>
   <word id="word_144">Lisboa</word>
   <word id="word_145">por</word>
   <word id="word_146">si</word>
   <word id="word_147">só</word>
   <word id="word_148">"</word>
   <word id="word_149">seria</word>
   <word id="word_150">importante</word>
   <word id="word_151">por</word>
   <word id="word_152">claramente</word>
   <word id="word_153">evidenciar</word>
   <word id="word_154">esta</word>
   <word id="word_155">realidade</word>
   <word id="word_156">e</word>
   <word id="word_157">uma</word>
   <word id="word_158">melhoria</word>
   <word id="word_159">de_</word>
   <word id="word_160">as</word>
   <word id="word_161">relações</word>
   <word id="word_162">com</word>
   <word id="word_163">estes</word>
   <word id="word_164">países</word>
   <word id="word_165">"</word>
   <word id="word_166">,</word>
   <word id="word_167">Pires</word>
   <word id="word_168">de</word>
   <word id="word_169">Miranda</word>
   <word id="word_170">salientou</word>
   <word id="word_171">que</word>
   <word id="word_172">"</word>
   <word id="word_173">o</word>
   <word id="word_174">degelo</word>
   <word id="word_175">em_</word>
   <word id="word_176">as</word>
   <word id="word_177">relações</word>
   <word id="word_178">só</word>
   <word id="word_179">foi</word>
   <word id="word_180">possível</word>
   <word id="word_181">porque</word>
   <word id="word_182">elas</word>
   <word id="word_183">se</word>
   <word id="word_184">passaram</word>
   <word id="word_185">a</word>
   <word id="word_186">processar</word>
   <word id="word_187">Estado</word>
   <word id="word_188">a</word>
   <word id="word_189">Estado</word>
   <word id="word_190">"</word>
   <word id="word_191">.</word>
   <word id="word_192">"</word>
   <word id="word_193">Respeitamo</word>
   <word id="word_194">-nos</word>
   <word id="word_195">mutuamente</word>
   <word id="word_196">e</word>
   <word id="word_197">não</word>
   <word id="word_198">interferimos</word>
   <word id="word_199">em_</word>
   <word id="word_200">os</word>
   <word id="word_201">negócios</word>
   <word id="word_202">internos</word>
   <word id="word_203">uns</word>
   <word id="word_204">de_</word>
   <word id="word_205">os</word>
   <word id="word_206">outros</word>
   <word id="word_207">"</word>
   <word id="word_208">,</word>
   <word id="word_209">disse</word>
   <word id="word_210">,</word>
   <word id="word_211">considerando</word>
   <word id="word_212">,</word>
   <word id="word_213">ainda</word>
   <word id="word_214">,</word>
   <word id="word_215">que</word>
   <word id="word_216">"</word>
   <word id="word_217">aquilo</word>
   <word id="word_218">que</word>
   <word id="word_219">nos</word>
   <word id="word_220">une</word>
   <word id="word_221">é</word>
   <word id="word_222">mais</word>
   <word id="word_223">importante</word>
   <word id="word_224">de_</word>
   <word id="word_225">o</word>
   <word id="word_226">que</word>
   <word id="word_227">o</word>
   <word id="word_228">que</word>
   <word id="word_229">nos</word>
   <word id="word_230">divide</word>
   <word id="word_231">"</word>
   <word id="word_232">.</word>
   <word id="word_233">E</word>
   <word id="word_234">acrescentou</word>
   <word id="word_235">:</word>
   <word id="word_236">"</word>
   <word id="word_237">Portugal</word>
   <word id="word_238">não</word>
   <word id="word_239">será</word>
   <word id="word_240">,</word>
   <word id="word_241">como</word>
   <word id="word_242">não</word>
   <word id="word_243">tem</word>
   <word id="word_244">sido</word>
   <word id="word_245">,</word>
   <word id="word_246">plataforma</word>
   <word id="word_247">onde</word>
   <word id="word_248">se</word>
   <word id="word_249">desenvolvem</word>
   <word id="word_250">acções</word>
   <word id="word_251">contra</word>
   <word id="word_252">os</word>
   <word id="word_253">cinco</word>
   <word id="word_254">países</word>
   <word id="word_255">.</word>
   <word id="word_256">O</word>
   <word id="word_257">que</word>
   <word id="word_258">Portugal</word>
   <word id="word_259">pode</word>
   <word id="word_260">ser</word>
   <word id="word_261">e</word>
   <word id="word_262">será</word>
   <word id="word_263">,</word>
   <word id="word_264">em_</word>
   <word id="word_265">o</word>
   <word id="word_266">futuro</word>
   <word id="word_267">,</word>
   <word id="word_268">é</word>
   <word id="word_269">uma</word>
   <word id="word_270">plataforma</word>
   <word id="word_271">diplomática</word>
   <word id="word_272">importante</word>
   <word id="word_273">útil</word>
   <word id="word_274">para</word>
   <word id="word_275">acções</word>
   <word id="word_276">internacionais</word>
   <word id="word_277">a</word>
   <word id="word_278">tomar</word>
   <word id="word_279">por_</word>
   <word id="word_280">os</word>
   <word id="word_281">cinco</word>
   <word id="word_282">e</word>
   <word id="word_283">por</word>
   <word id="word_284">Portugal</word>
   <word id="word_285">".</word>
   <word id="word_286">Adiantou</word>
   <word id="word_287">que</word>
   <word id="word_288">durante</word>
   <word id="word_289">os</word>
   <word id="word_290">encontros</word>
   <word id="word_291">mantidos</word>
   <word id="word_292">em_</word>
   <word id="word_293">a</word>
   <word id="word_294">capital</word>
   <word id="word_295">portuguesa</word>
   <word id="word_296">,</word>
   <word id="word_297">os</word>
   <word id="word_298">ministros</word>
   <word id="word_299">haviam</word>
   <word id="word_300">abordado</word>
   <word id="word_301">também</word>
   <word id="word_302">,</word>
   <word id="word_303">as</word>
   <word id="word_304">questões</word>
   <word id="word_305">de</word>
   <word id="word_306">Timor-Leste</word>
   <word id="word_307">,</word>
   <word id="word_308">África</word>
   <word id="word_309">Austral</word>
   <word id="word_310">,</word>
   <word id="word_311">apatheid</word>
   <word id="word_312">,</word>
   <word id="word_313">UNESCO</word>
   <word id="word_314">e</word>
   <word id="word_315">de_</word>
   <word id="word_316">as</word>
   <word id="word_317">Comemorações</word>
   <word id="word_318">de_</word>
   <word id="word_319">os</word>
   <word id="word_320">Descobrimentos</word>
   <word id="word_321">Portugueses</word>
   <word id="word_322">.</word>
   <word id="word_323">Por</word>
   <word id="word_324">sua</word>
   <word id="word_325">vez</word>
   <word id="word_326">,</word>
   <word id="word_327">Pascoal</word>
   <word id="word_328">Mocumbi</word>
   <word id="word_329">,</word>
   <word id="word_330">que</word>
   <word id="word_331">falava</word>
   <word id="word_332">em</word>
   <word id="word_333">nome</word>
   <word id="word_334">de_</word>
   <word id="word_335">os</word>
   <word id="word_336">ministros</word>
   <word id="word_337">de_</word>
   <word id="word_338">os</word>
   <word id="word_339">Estrangeiros</word>
   <word id="word_340">de_</word>
   <word id="word_341">os</word>
   <word id="word_342">PALOP</word>
   <word id="word_343">,</word>
   <word id="word_344">declarou</word>
   <word id="word_345">que</word>
   <word id="word_346">partiam</word>
   <word id="word_347">com</word>
   <word id="word_348">o</word>
   <word id="word_349">sentimento</word>
   <word id="word_350">de</word>
   <word id="word_351">terem</word>
   <word id="word_352">cumprido</word>
   <word id="word_353">a</word>
   <word id="word_354">missão</word>
   <word id="word_355">de</word>
   <word id="word_356">que</word>
   <word id="word_357">foram</word>
   <word id="word_358">incumbidos</word>
   <word id="word_359">por_</word>
   <word id="word_360">os</word>
   <word id="word_361">seus</word>
   <word id="word_362">chefes</word>
   <word id="word_363">de</word>
   <word id="word_364">Estado</word>
   <word id="word_365">.</word>
   <word id="word_366">Agradeceu</word>
   <word id="word_367">a_</word>
   <word id="word_368">o</word>
   <word id="word_369">povo</word>
   <word id="word_370">português</word>
   <word id="word_371">,</word>
   <word id="word_372">que</word>
   <word id="word_373">qualificou</word>
   <word id="word_374">de</word>
   <word id="word_375">"</word>
   <word id="word_376">garante</word>
   <word id="word_377">de_</word>
   <word id="word_378">a</word>
   <word id="word_379">perenidade</word>
   <word id="word_380">de_</word>
   <word id="word_381">as</word>
   <word id="word_382">relações</word>
   <word id="word_383">"</word>
   <word id="word_384">,</word>
   <word id="word_385">o</word>
   <word id="word_386">calor</word>
   <word id="word_387">,</word>
   <word id="word_388">a</word>
   <word id="word_389">hospitalidade</word>
   <word id="word_390">a</word>
   <word id="word_391">amizade</word>
   <word id="word_392">dispensados</word>
   <word id="word_393">,</word>
   <word id="word_394">bem</word>
   <word id="word_395">como</word>
   <word id="word_396">a_</word>
   <word id="word_397">as</word>
   <word id="word_398">autoridades</word>
   <word id="word_399">portuguesas</word>
   <word id="word_400">e</word>
   <word id="word_401">a_</word>
   <word id="word_402">as</word>
   <word id="word_403">forças</word>
   <word id="word_404">políticas</word>
   <word id="word_405">com</word>
   <word id="word_406">quem</word>
   <word id="word_407">contactaram</word>
   <word id="word_408">"</word>
   <word id="word_409">a</word>
   <word id="word_410">compreensão</word>
   <word id="word_411">e</word>
   <word id="word_412">determinação</word>
   <word id="word_413">demonstradas</word>
   <word id="word_414">e</word>
   <word id="word_415">reafirmadas</word>
   <word id="word_416">em_</word>
   <word id="word_417">a</word>
   <word id="word_418">luta</word>
   <word id="word_419">contra</word>
   <word id="word_420">o</word>
   <word id="word_421">terrorismo</word>
   <word id="word_422">,</word>
   <word id="word_423">em</word>
   <word id="word_424">particular</word>
   <word id="word_425">em_</word>
   <word id="word_426">a</word>
   <word id="word_427">África</word>
   <word id="word_428">Austral</word>
   <word id="word_429">".</word>
   <word id="word_430">Entretanto</word>
   <word id="word_431">,</word>
   <word id="word_432">em_</word>
   <word id="word_433">um</word>
   <word id="word_434">encontro</word>
   <word id="word_435">efectuado</word>
   <word id="word_436">entre</word>
   <word id="word_437">os</word>
   <word id="word_438">cinco</word>
   <word id="word_439">e</word>
   <word id="word_440">o</word>
   <word id="word_441">presidente</word>
   <word id="word_442">de_</word>
   <word id="word_443">o</word>
   <word id="word_444">Sindicato</word>
   <word id="word_445">de_</word>
   <word id="word_446">os</word>
   <word id="word_447">Jornalistas</word>
   <word id="word_448">,</word>
   <word id="word_449">Joaquim</word>
   <word id="word_450">Letria</word>
   <word id="word_451">,</word>
   <word id="word_452">ficou</word>
   <word id="word_453">assente</word>
   <word id="word_454">a</word>
   <word id="word_455">realização</word>
   <word id="word_456">,</word>
   <word id="word_457">em_</word>
   <word id="word_458">o</word>
   <word id="word_459">próximo</word>
   <word id="word_460">ano</word>
   <word id="word_461">,</word>
   <word id="word_462">de_</word>
   <word id="word_463">o</word>
   <word id="word_464">I</word>
   <word id="word_465">Encontro</word>
   <word id="word_466">de_</word>
   <word id="word_467">os</word>
   <word id="word_468">Jornalistas</word>
   <word id="word_469">de</word>
   <word id="word_470">Língua</word>
   <word id="word_471">Portuguesa</word>
   <word id="word_472">.</word>
</words>
