<?xml version="1.0" encoding="UTF-8"?>
<!DOCTYPE words SYSTEM "words.dtd">
<words>
   <word id="word_1">A</word>
   <word id="word_2">fase</word>
   <word id="word_3">final</word>
   <word id="word_4">de_</word>
   <word id="word_5">os</word>
   <word id="word_6">Campeonatos</word>
   <word id="word_7">Nacionais</word>
   <word id="word_8">de</word>
   <word id="word_9">Ténis</word>
   <word id="word_10">,</word>
   <word id="word_11">em_</word>
   <word id="word_12">as</word>
   <word id="word_13">categorias</word>
   <word id="word_14">de</word>
   <word id="word_15">juniores</word>
   <word id="word_16">e</word>
   <word id="word_17">cadetes</word>
   <word id="word_18">,</word>
   <word id="word_19">para</word>
   <word id="word_20">a</word>
   <word id="word_21">qual</word>
   <word id="word_22">foram</word>
   <word id="word_23">apurados</word>
   <word id="word_24">cerca</word>
   <word id="word_25">de</word>
   <word id="word_26">duas</word>
   <word id="word_27">centenas</word>
   <word id="word_28">e</word>
   <word id="word_29">meia</word>
   <word id="word_30">de</word>
   <word id="word_31">jovens</word>
   <word id="word_32">de</word>
   <word id="word_33">ambos</word>
   <word id="word_34">os</word>
   <word id="word_35">sexos</word>
   <word id="word_36">de</word>
   <word id="word_37">todo</word>
   <word id="word_38">o</word>
   <word id="word_39">País</word>
   <word id="word_40">,</word>
   <word id="word_41">vai</word>
   <word id="word_42">realizar</word>
   <word id="word_43">-se</word>
   <word id="word_44">em_</word>
   <word id="word_45">os</word>
   <word id="word_46">courts</word>
   <word id="word_47">de_</word>
   <word id="word_48">o</word>
   <word id="word_49">Jamor</word>
   <word id="word_50">,</word>
   <word id="word_51">a</word>
   <word id="word_52">partir</word>
   <word id="word_53">de</word>
   <word id="word_54">segunda-feira</word>
   <word id="word_55">e</word>
   <word id="word_56">até</word>
   <word id="word_57">5</word>
   <word id="word_58">de</word>
   <word id="word_59">Julho</word>
   <word id="word_60">,</word>
   <word id="word_61">segundo</word>
   <word id="word_62">foi</word>
   <word id="word_63">anunciado</word>
   <word id="word_64">,</word>
   <word id="word_65">ontem</word>
   <word id="word_66">,</word>
   <word id="word_67">em</word>
   <word id="word_68">conferência</word>
   <word id="word_69">de</word>
   <word id="word_70">Imprensa</word>
   <word id="word_71">,</word>
   <word id="word_72">em_</word>
   <word id="word_73">o</word>
   <word id="word_74">Forum</word>
   <word id="word_75">Picoas</word>
   <word id="word_76">,</word>
   <word id="word_77">em</word>
   <word id="word_78">Lisboa</word>
   <word id="word_79">.</word>
   <word id="word_80">O</word>
   <word id="word_81">número</word>
   <word id="word_82">de</word>
   <word id="word_83">tenistas</word>
   <word id="word_84">envolvidos</word>
   <word id="word_85">em_</word>
   <word id="word_86">as</word>
   <word id="word_87">fases</word>
   <word id="word_88">distritais</word>
   <word id="word_89">cifrou</word>
   <word id="word_90">-se</word>
   <word id="word_91">acima</word>
   <word id="word_92">de_</word>
   <word id="word_93">o</word>
   <word id="word_94">milhar</word>
   <word id="word_95">,</word>
   <word id="word_96">o</word>
   <word id="word_97">que</word>
   <word id="word_98">representa</word>
   <word id="word_99">um</word>
   <word id="word_100">acréscimo</word>
   <word id="word_101">de</word>
   <word id="word_102">participação</word>
   <word id="word_103">de</word>
   <word id="word_104">cerca</word>
   <word id="word_105">de</word>
   <word id="word_106">25</word>
   <word id="word_107">por</word>
   <word id="word_108">cento</word>
   <word id="word_109">em</word>
   <word id="word_110">relação</word>
   <word id="word_111">a_</word>
   <word id="word_112">o</word>
   <word id="word_113">ano</word>
   <word id="word_114">passado</word>
   <word id="word_115">,</word>
   <word id="word_116">mostrando</word>
   <word id="word_117">o</word>
   <word id="word_118">cada</word>
   <word id="word_119">vez</word>
   <word id="word_120">maior</word>
   <word id="word_121">interesse</word>
   <word id="word_122">de_</word>
   <word id="word_123">a</word>
   <word id="word_124">juventude</word>
   <word id="word_125">nacional</word>
   <word id="word_126">por_</word>
   <word id="word_127">a</word>
   <word id="word_128">modalidade</word>
   <word id="word_129">,</word>
   <word id="word_130">como</word>
   <word id="word_131">realçou</word>
   <word id="word_132">o</word>
   <word id="word_133">vice-presidente</word>
   <word id="word_134">federativo</word>
   <word id="word_135">,</word>
   <word id="word_136">Miguel</word>
   <word id="word_137">Costa</word>
   <word id="word_138">.</word>
   <word id="word_139">Lisboa</word>
   <word id="word_140">e</word>
   <word id="word_141">Porto</word>
   <word id="word_142">,</word>
   <word id="word_143">respectivamente</word>
   <word id="word_144">com</word>
   <word id="word_145">84</word>
   <word id="word_146">e</word>
   <word id="word_147">56</word>
   <word id="word_148">apurados</word>
   <word id="word_149">,</word>
   <word id="word_150">entre</word>
   <word id="word_151">rapazes</word>
   <word id="word_152">e</word>
   <word id="word_153">raparigas</word>
   <word id="word_154">de_</word>
   <word id="word_155">os</word>
   <word id="word_156">mais</word>
   <word id="word_157">de</word>
   <word id="word_158">meio</word>
   <word id="word_159">milhar</word>
   <word id="word_160">de</word>
   <word id="word_161">concorrentes</word>
   <word id="word_162">,</word>
   <word id="word_163">segundo</word>
   <word id="word_164">uma</word>
   <word id="word_165">tabela</word>
   <word id="word_166">pré-estabelecida</word>
   <word id="word_167">de</word>
   <word id="word_168">quotas</word>
   <word id="word_169">de</word>
   <word id="word_170">selecção</word>
   <word id="word_171">em</word>
   <word id="word_172">função</word>
   <word id="word_173">de_</word>
   <word id="word_174">o</word>
   <word id="word_175">número</word>
   <word id="word_176">de</word>
   <word id="word_177">inscritos</word>
   <word id="word_178">-</word>
   <word id="word_179">garantiu</word>
   <word id="word_180">o</word>
   <word id="word_181">juiz-árbitro</word>
   <word id="word_182">Flores</word>
   <word id="word_183">Marques</word>
   <word id="word_184">-</word>
   <word id="word_185">são</word>
   <word id="word_186">as</word>
   <word id="word_187">regiões</word>
   <word id="word_188">com</word>
   <word id="word_189">mais</word>
   <word id="word_190">forte</word>
   <word id="word_191">representação</word>
   <word id="word_192">,</word>
   <word id="word_193">seguindo</word>
   <word id="word_194">-se</word>
   <word id="word_195">a</word>
   <word id="word_196">Região</word>
   <word id="word_197">Autónoma</word>
   <word id="word_198">de_</word>
   <word id="word_199">a</word>
   <word id="word_200">Madeira</word>
   <word id="word_201">,</word>
   <word id="word_202">Faro</word>
   <word id="word_203">e</word>
   <word id="word_204">Leiria</word>
   <word id="word_205">.</word>
   <word id="word_206">Entretanto</word>
   <word id="word_207">,</word>
   <word id="word_208">foram</word>
   <word id="word_209">lamentadas</word>
   <word id="word_210">as</word>
   <word id="word_211">ausências</word>
   <word id="word_212">de</word>
   <word id="word_213">representantes</word>
   <word id="word_214">de</word>
   <word id="word_215">Beja</word>
   <word id="word_216">,</word>
   <word id="word_217">Bragança</word>
   <word id="word_218">e</word>
   <word id="word_219">Portalegre</word>
   <word id="word_220">,</word>
   <word id="word_221">apesar</word>
   <word id="word_222">de_</word>
   <word id="word_223">o</word>
   <word id="word_224">esforço</word>
   <word id="word_225">conjunto</word>
   <word id="word_226">de_</word>
   <word id="word_227">a</word>
   <word id="word_228">Federação</word>
   <word id="word_229">e</word>
   <word id="word_230">de_</word>
   <word id="word_231">o</word>
   <word id="word_232">patrocinador</word>
   <word id="word_233">de_</word>
   <word id="word_234">esta</word>
   <word id="word_235">edição</word>
   <word id="word_236">de_</word>
   <word id="word_237">os</word>
   <word id="word_238">campeonatos</word>
   <word id="word_239">,</word>
   <word id="word_240">que</word>
   <word id="word_241">instituiu</word>
   <word id="word_242">os</word>
   <word id="word_243">Troféus</word>
   <word id="word_244">Seven-Up</word>
   <word id="word_245">,</word>
   <word id="word_246">comprometendo</word>
   <word id="word_247">-se</word>
   <word id="word_248">a</word>
   <word id="word_249">intensificar</word>
   <word id="word_250">o</word>
   <word id="word_251">apoio</word>
   <word id="word_252">em_</word>
   <word id="word_253">o</word>
   <word id="word_254">desenvolvimento</word>
   <word id="word_255">de_</word>
   <word id="word_256">a</word>
   <word id="word_257">modalidade</word>
   <word id="word_258">em_</word>
   <word id="word_259">os</word>
   <word id="word_260">próximos</word>
   <word id="word_261">anos</word>
   <word id="word_262">.</word>
   <word id="word_263">Disputou</word>
   <word id="word_264">-se</word>
   <word id="word_265">,</word>
   <word id="word_266">em_</word>
   <word id="word_267">o</word>
   <word id="word_268">Funchal</word>
   <word id="word_269">,</word>
   <word id="word_270">o</word>
   <word id="word_271">II</word>
   <word id="word_272">Torneio</word>
   <word id="word_273">Internacional</word>
   <word id="word_274">Madeira-Palácio</word>
   <word id="word_275">,</word>
   <word id="word_276">que</word>
   <word id="word_277">contou</word>
   <word id="word_278">com</word>
   <word id="word_279">a</word>
   <word id="word_280">participação</word>
   <word id="word_281">de</word>
   <word id="word_282">16</word>
   <word id="word_283">tenistas</word>
   <word id="word_284">,</word>
   <word id="word_285">entre</word>
   <word id="word_286">portugueses</word>
   <word id="word_287">e</word>
   <word id="word_288">estrangeiros</word>
   <word id="word_289">,</word>
   <word id="word_290">e</word>
   <word id="word_291">em</word>
   <word id="word_292">cuja</word>
   <word id="word_293">final</word>
   <word id="word_294">o</word>
   <word id="word_295">sueco</word>
   <word id="word_296">Nils</word>
   <word id="word_297">Holm</word>
   <word id="word_298">derrotou</word>
   <word id="word_299">o</word>
   <word id="word_300">dinamarquês</word>
   <word id="word_301">Frederick</word>
   <word id="word_302">Fetterlein</word>
   <word id="word_303">,</word>
   <word id="word_304">por</word>
   <word id="word_305">2-1</word>
   <word id="word_306">,</word>
   <word id="word_307">com</word>
   <word id="word_308">os</word>
   <word id="word_309">parciais</word>
   <word id="word_310">de</word>
   <word id="word_311">7/5</word>
   <word id="word_312">,</word>
   <word id="word_313">5/7</word>
   <word id="word_314">e</word>
   <word id="word_315">6/3</word>
   <word id="word_316">,</word>
   <word id="word_317">em</word>
   <word id="word_318">mais</word>
   <word id="word_319">de</word>
   <word id="word_320">duas</word>
   <word id="word_321">horas</word>
   <word id="word_322">de</word>
   <word id="word_323">competição</word>
   <word id="word_324">.</word>
</words>
