<?xml version="1.0" encoding="UTF-8"?>
<!DOCTYPE words SYSTEM "words.dtd">
<words>
   <word id="word_1">O</word>
   <word id="word_2">SUPREMO</word>
   <word id="word_3">Tribunal</word>
   <word id="word_4">polaco</word>
   <word id="word_5">confirmou</word>
   <word id="word_6">em_</word>
   <word id="word_7">a</word>
   <word id="word_8">terça-feira</word>
   <word id="word_9">a</word>
   <word id="word_10">proibição</word>
   <word id="word_11">de</word>
   <word id="word_12">criação</word>
   <word id="word_13">de</word>
   <word id="word_14">secções</word>
   <word id="word_15">sindicais</word>
   <word id="word_16">de_</word>
   <word id="word_17">o</word>
   <word id="word_18">Solidariedade</word>
   <word id="word_19">dentro</word>
   <word id="word_20">de_</word>
   <word id="word_21">as</word>
   <word id="word_22">empresas</word>
   <word id="word_23">,</word>
   <word id="word_24">em_</word>
   <word id="word_25">as</word>
   <word id="word_26">cidades</word>
   <word id="word_27">de</word>
   <word id="word_28">Torum</word>
   <word id="word_29">e</word>
   <word id="word_30">Szczecin</word>
   <word id="word_31">.</word>
   <word id="word_32">A</word>
   <word id="word_33">sentença</word>
   <word id="word_34">,</word>
   <word id="word_35">que</word>
   <word id="word_36">tinha</word>
   <word id="word_37">sido</word>
   <word id="word_38">pronunciada</word>
   <word id="word_39">por</word>
   <word id="word_40">um</word>
   <word id="word_41">tribunal</word>
   <word id="word_42">de</word>
   <word id="word_43">primeira</word>
   <word id="word_44">instância</word>
   <word id="word_45">,</word>
   <word id="word_46">baseou</word>
   <word id="word_47">-se</word>
   <word id="word_48">em_</word>
   <word id="word_49">a</word>
   <word id="word_50">lei</word>
   <word id="word_51">de</word>
   <word id="word_52">sindicatos</word>
   <word id="word_53">de</word>
   <word id="word_54">1982</word>
   <word id="word_55">,</word>
   <word id="word_56">segundo</word>
   <word id="word_57">a</word>
   <word id="word_58">qual</word>
   <word id="word_59">o</word>
   <word id="word_60">Conselho</word>
   <word id="word_61">de</word>
   <word id="word_62">Estado</word>
   <word id="word_63">permitirá</word>
   <word id="word_64">,</word>
   <word id="word_65">em_</word>
   <word id="word_66">a</word>
   <word id="word_67">devida</word>
   <word id="word_68">altura</word>
   <word id="word_69">e</word>
   <word id="word_70">não</word>
   <word id="word_71">antes</word>
   <word id="word_72">,</word>
   <word id="word_73">o</word>
   <word id="word_74">pluralismo</word>
   <word id="word_75">sindical</word>
   <word id="word_76">em_</word>
   <word id="word_77">as</word>
   <word id="word_78">empresas</word>
   <word id="word_79">.</word>
   <word id="word_80">Esta</word>
   <word id="word_81">lei</word>
   <word id="word_82">,</word>
   <word id="word_83">segundo</word>
   <word id="word_84">o</word>
   <word id="word_85">Supremo</word>
   <word id="word_86">Tribunal</word>
   <word id="word_87">,</word>
   <word id="word_88">não</word>
   <word id="word_89">contradiz</word>
   <word id="word_90">o</word>
   <word id="word_91">princípio</word>
   <word id="word_92">constitucional</word>
   <word id="word_93">de</word>
   <word id="word_94">liberdade</word>
   <word id="word_95">de</word>
   <word id="word_96">associação</word>
   <word id="word_97">.</word>
   <word id="word_98">Os</word>
   <word id="word_99">sindicalistas</word>
   <word id="word_100">tinham</word>
   <word id="word_101">solicitado</word>
   <word id="word_102">a</word>
   <word id="word_103">criação</word>
   <word id="word_104">de</word>
   <word id="word_105">grupos</word>
   <word id="word_106">de</word>
   <word id="word_107">base</word>
   <word id="word_108">,</word>
   <word id="word_109">dependentes</word>
   <word id="word_110">de_</word>
   <word id="word_111">o</word>
   <word id="word_112">Solidariedade</word>
   <word id="word_113">,</word>
   <word id="word_114">em</word>
   <word id="word_115">três</word>
   <word id="word_116">empresas</word>
   <word id="word_117">de</word>
   <word id="word_118">Torum</word>
   <word id="word_119">,</word>
   <word id="word_120">centro</word>
   <word id="word_121">de_</word>
   <word id="word_122">o</word>
   <word id="word_123">país</word>
   <word id="word_124">,</word>
   <word id="word_125">e</word>
   <word id="word_126">em_</word>
   <word id="word_127">uma</word>
   <word id="word_128">de</word>
   <word id="word_129">Szezecin</word>
   <word id="word_130">,</word>
   <word id="word_131">em_</word>
   <word id="word_132">a</word>
   <word id="word_133">costa</word>
   <word id="word_134">de_</word>
   <word id="word_135">o</word>
   <word id="word_136">Báltico</word>
   <word id="word_137">.</word>
   <word id="word_138">O</word>
   <word id="word_139">tribunal</word>
   <word id="word_140">polaco</word>
   <word id="word_141">rejeitou</word>
   <word id="word_142">os</word>
   <word id="word_143">argumentos</word>
   <word id="word_144">de_</word>
   <word id="word_145">a</word>
   <word id="word_146">Defesa</word>
   <word id="word_147">,</word>
   <word id="word_148">segundo</word>
   <word id="word_149">os</word>
   <word id="word_150">quais</word>
   <word id="word_151">a</word>
   <word id="word_152">proibição</word>
   <word id="word_153">viola</word>
   <word id="word_154">as</word>
   <word id="word_155">convenções</word>
   <word id="word_156">sobre</word>
   <word id="word_157">direitos</word>
   <word id="word_158">humanos</word>
   <word id="word_159">,</word>
   <word id="word_160">e</word>
   <word id="word_161">de_</word>
   <word id="word_162">a</word>
   <word id="word_163">Organização</word>
   <word id="word_164">Internacional</word>
   <word id="word_165">de_</word>
   <word id="word_166">o</word>
   <word id="word_167">Trabalho</word>
   <word id="word_168">(</word>
   <word id="word_169">OIT</word>
   <word id="word_170">)</word>
   <word id="word_171">,</word>
   <word id="word_172">assindos</word>
   <word id="word_173">por_</word>
   <word id="word_174">a</word>
   <word id="word_175">Polónia</word>
   <word id="word_176">,</word>
   <word id="word_177">a_</word>
   <word id="word_178">o</word>
   <word id="word_179">alegar</word>
   <word id="word_180">que</word>
   <word id="word_181">as</word>
   <word id="word_182">normas</word>
   <word id="word_183">internacionais</word>
   <word id="word_184">não</word>
   <word id="word_185">devem</word>
   <word id="word_186">suplantar</word>
   <word id="word_187">a</word>
   <word id="word_188">legislação</word>
   <word id="word_189">interna</word>
   <word id="word_190">.</word>
</words>
