<?xml version="1.0" encoding="UTF-8"?>
<!DOCTYPE words SYSTEM "words.dtd">
<words>
   <word id="word_1">ESTE</word>
   <word id="word_2">IV</word>
   <word id="word_3">Festival</word>
   <word id="word_4">Internacional</word>
   <word id="word_5">de_</word>
   <word id="word_6">os</word>
   <word id="word_7">Açores</word>
   <word id="word_8">,</word>
   <word id="word_9">em_</word>
   <word id="word_10">o</word>
   <word id="word_11">seu</word>
   <word id="word_12">segundo</word>
   <word id="word_13">dia</word>
   <word id="word_14">,</word>
   <word id="word_15">15</word>
   <word id="word_16">de</word>
   <word id="word_17">Junho</word>
   <word id="word_18">,</word>
   <word id="word_19">fez</word>
   <word id="word_20">um</word>
   <word id="word_21">quase</word>
   <word id="word_22">milagre</word>
   <word id="word_23">meteorológico</word>
   <word id="word_24">.</word>
   <word id="word_25">Os</word>
   <word id="word_26">Açores</word>
   <word id="word_27">,</word>
   <word id="word_28">onde</word>
   <word id="word_29">o</word>
   <word id="word_30">saudoso</word>
   <word id="word_31">José</word>
   <word id="word_32">Agostino</word>
   <word id="word_33">,</word>
   <word id="word_34">sucessor</word>
   <word id="word_35">de_</word>
   <word id="word_36">a</word>
   <word id="word_37">obra</word>
   <word id="word_38">de_</word>
   <word id="word_39">o</word>
   <word id="word_40">coronel</word>
   <word id="word_41">Chaves</word>
   <word id="word_42">,</word>
   <word id="word_43">via</word>
   <word id="word_44">que</word>
   <word id="word_45">cada</word>
   <word id="word_46">dia</word>
   <word id="word_47">mostrava</word>
   <word id="word_48">as</word>
   <word id="word_49">quatro</word>
   <word id="word_50">estações</word>
   <word id="word_51">de_</word>
   <word id="word_52">o</word>
   <word id="word_53">ano</word>
   <word id="word_54">,</word>
   <word id="word_55">mostra</word>
   <word id="word_56">-se</word>
   <word id="word_57">primaveril</word>
   <word id="word_58">,</word>
   <word id="word_59">e</word>
   <word id="word_60">as</word>
   <word id="word_61">poucas</word>
   <word id="word_62">nuvens</word>
   <word id="word_63">que</word>
   <word id="word_64">se</word>
   <word id="word_65">diriam</word>
   <word id="word_66">meramente</word>
   <word id="word_67">decorativas</word>
   <word id="word_68">,</word>
   <word id="word_69">descobrem</word>
   <word id="word_70">o</word>
   <word id="word_71">pico</word>
   <word id="word_72">de_</word>
   <word id="word_73">o</word>
   <word id="word_74">pico</word>
   <word id="word_75">de_</word>
   <word id="word_76">o</word>
   <word id="word_77">Pico</word>
   <word id="word_78">em</word>
   <word id="word_79">toda</word>
   <word id="word_80">a</word>
   <word id="word_81">sua</word>
   <word id="word_82">majestade</word>
   <word id="word_83">.</word>
   <word id="word_84">O</word>
   <word id="word_85">sol</word>
   <word id="word_86">é</word>
   <word id="word_87">radioso</word>
   <word id="word_88">sem</word>
   <word id="word_89">agressividade</word>
   <word id="word_90">,</word>
   <word id="word_91">a</word>
   <word id="word_92">cidade</word>
   <word id="word_93">de_</word>
   <word id="word_94">a</word>
   <word id="word_95">Horta</word>
   <word id="word_96">brilha</word>
   <word id="word_97">,</word>
   <word id="word_98">espelhando</word>
   <word id="word_99">-se</word>
   <word id="word_100">em_</word>
   <word id="word_101">um</word>
   <word id="word_102">mar</word>
   <word id="word_103">apenas</word>
   <word id="word_104">enrugado</word>
   <word id="word_105">.</word>
   <word id="word_106">A</word>
   <word id="word_107">natureza</word>
   <word id="word_108">proficia</word>
   <word id="word_109">o</word>
   <word id="word_110">Festival</word>
   <word id="word_111">.</word>
   <word id="word_112">Às</word>
   <word id="word_113">10</word>
   <word id="word_114">e</word>
   <word id="word_115">30</word>
   <word id="word_116">de_</word>
   <word id="word_117">a</word>
   <word id="word_118">manhã</word>
   <word id="word_119">resisto</word>
   <word id="word_120">a_</word>
   <word id="word_121">as</word>
   <word id="word_122">belezas</word>
   <word id="word_123">naturais</word>
   <word id="word_124">e</word>
   <word id="word_125">a_</word>
   <word id="word_126">as</word>
   <word id="word_127">obras</word>
   <word id="word_128">humanas</word>
   <word id="word_129">de_</word>
   <word id="word_130">o</word>
   <word id="word_131">Faial</word>
   <word id="word_132">para</word>
   <word id="word_133">assistir</word>
   <word id="word_134">a_</word>
   <word id="word_135">o</word>
   <word id="word_136">ensaio</word>
   <word id="word_137">de_</word>
   <word id="word_138">os</word>
   <word id="word_139">concertos</word>
   <word id="word_140">em</word>
   <word id="word_141">que</word>
   <word id="word_142">cantará</word>
   <word id="word_143">o</word>
   <word id="word_144">belíssimo</word>
   <word id="word_145">Stadad</word>
   <word id="word_146">Matarr</word>
   <word id="word_147">de</word>
   <word id="word_148">Gargolesi</word>
   <word id="word_149">,</word>
   <word id="word_150">com</word>
   <word id="word_151">a</word>
   <word id="word_152">Cotrubas</word>
   <word id="word_153">e</word>
   <word id="word_154">Liliane</word>
   <word id="word_155">Bizindeche</word>
   <word id="word_156">,</word>
   <word id="word_157">acompanhada</word>
   <word id="word_158">por_</word>
   <word id="word_159">o</word>
   <word id="word_160">magnífico</word>
   <word id="word_161">Goldberg</word>
   <word id="word_162">Emsemble</word>
   <word id="word_163">,</word>
   <word id="word_164">dirigido</word>
   <word id="word_165">por</word>
   <word id="word_166">Malcolm</word>
   <word id="word_167">Layfielde</word>
   <word id="word_168">.</word>
   <word id="word_169">É</word>
   <word id="word_170">um</word>
   <word id="word_171">previlégio</word>
   <word id="word_172">inesquecível</word>
   <word id="word_173">por_</word>
   <word id="word_174">a</word>
   <word id="word_175">lição</word>
   <word id="word_176">de</word>
   <word id="word_177">arte</word>
   <word id="word_178">vocal</word>
   <word id="word_179">e</word>
   <word id="word_180">instrumental</word>
   <word id="word_181">.</word>
   <word id="word_182">Mas</word>
   <word id="word_183">o</word>
   <word id="word_184">concerto</word>
   <word id="word_185">público</word>
   <word id="word_186">será</word>
   <word id="word_187">a_</word>
   <word id="word_188">a</word>
   <word id="word_189">noite</word>
   <word id="word_190">e</word>
   <word id="word_191">de</word>
   <word id="word_192">novo</word>
   <word id="word_193">em_</word>
   <word id="word_194">a</word>
   <word id="word_195">Majestosa</word>
   <word id="word_196">Sociedade</word>
   <word id="word_197">Amor</word>
   <word id="word_198">de_</word>
   <word id="word_199">a</word>
   <word id="word_200">Pátria</word>
   <word id="word_201">.</word>
   <word id="word_202">Uma</word>
   <word id="word_203">pausa</word>
   <word id="word_204">para</word>
   <word id="word_205">o</word>
   <word id="word_206">turismo</word>
   <word id="word_207">e</word>
   <word id="word_208">eis</word>
   <word id="word_209">-me</word>
   <word id="word_210">em_</word>
   <word id="word_211">a</word>
   <word id="word_212">sala</word>
   <word id="word_213">de</word>
   <word id="word_214">concertos</word>
   <word id="word_215">para</word>
   <word id="word_216">ouvir</word>
   <word id="word_217">o</word>
   <word id="word_218">guitarrista</word>
   <word id="word_219">brasileiro</word>
   <word id="word_220">Dagoberto</word>
   <word id="word_221">Linhares</word>
   <word id="word_222">,</word>
   <word id="word_223">em_</word>
   <word id="word_224">um</word>
   <word id="word_225">programa</word>
   <word id="word_226">bem</word>
   <word id="word_227">de</word>
   <word id="word_228">molde</word>
   <word id="word_229">a</word>
   <word id="word_230">entusiasmar</word>
   <word id="word_231">o</word>
   <word id="word_232">público</word>
   <word id="word_233">e</word>
   <word id="word_234">mostrar</word>
   <word id="word_235">os</word>
   <word id="word_236">seus</word>
   <word id="word_237">recursos</word>
   <word id="word_238">técnicos</word>
   <word id="word_239">e</word>
   <word id="word_240">estilísticos</word>
   <word id="word_241">,</word>
   <word id="word_242">passando</word>
   <word id="word_243">de_</word>
   <word id="word_244">os</word>
   <word id="word_245">espanhóis</word>
   <word id="word_246">Sainz</word>
   <word id="word_247">e</word>
   <word id="word_248">Albeniz</word>
   <word id="word_249">a_</word>
   <word id="word_250">o</word>
   <word id="word_251">virtuosismo</word>
   <word id="word_252">de</word>
   <word id="word_253">Paganini</word>
   <word id="word_254">,</word>
   <word id="word_255">tão</word>
   <word id="word_256">notável</word>
   <word id="word_257">em_</word>
   <word id="word_258">o</word>
   <word id="word_259">violino</word>
   <word id="word_260">como</word>
   <word id="word_261">em_</word>
   <word id="word_262">a</word>
   <word id="word_263">viola</word>
   <word id="word_264">clássica</word>
   <word id="word_265">.</word>
   <word id="word_266">Isto</word>
   <word id="word_267">em_</word>
   <word id="word_268">a</word>
   <word id="word_269">primeira</word>
   <word id="word_270">parte</word>
   <word id="word_271">de_</word>
   <word id="word_272">o</word>
   <word id="word_273">seu</word>
   <word id="word_274">programa</word>
   <word id="word_275">.</word>
   <word id="word_276">A</word>
   <word id="word_277">segunda</word>
   <word id="word_278">foi</word>
   <word id="word_279">integralmente</word>
   <word id="word_280">dedicada</word>
   <word id="word_281">a</word>
   <word id="word_282">compositores</word>
   <word id="word_283">brasileiros</word>
   <word id="word_284">como</word>
   <word id="word_285">Heitor</word>
   <word id="word_286">Villa-Lobos</word>
   <word id="word_287">(</word>
   <word id="word_288">Prelúdios</word>
   <word id="word_289">1</word>
   <word id="word_290">e</word>
   <word id="word_291">3</word>
   <word id="word_292">e</word>
   <word id="word_293">uma</word>
   <word id="word_294">Mazurka</word>
   <word id="word_295">)</word>
   <word id="word_296">e</word>
   <word id="word_297">Isaías</word>
   <word id="word_298">Sávio</word>
   <word id="word_299">,</word>
   <word id="word_300">com</word>
   <word id="word_301">a</word>
   <word id="word_302">modinha-fado</word>
   <word id="word_303">em_</word>
   <word id="word_304">esta</word>
   <word id="word_305">Rua</word>
   <word id="word_306">de</word>
   <word id="word_307">deliciosa</word>
   <word id="word_308">simplicidade</word>
   <word id="word_309">em_</word>
   <word id="word_310">a</word>
   <word id="word_311">sua</word>
   <word id="word_312">emoção</word>
   <word id="word_313">profunda</word>
   <word id="word_314">.</word>
   <word id="word_315">A</word>
   <word id="word_316">mestria</word>
   <word id="word_317">de</word>
   <word id="word_318">Dagoberto</word>
   <word id="word_319">Linhares</word>
   <word id="word_320">,</word>
   <word id="word_321">actualmente</word>
   <word id="word_322">professor</word>
   <word id="word_323">de</word>
   <word id="word_324">guitarra</word>
   <word id="word_325">em_</word>
   <word id="word_326">o</word>
   <word id="word_327">Conservatório</word>
   <word id="word_328">de</word>
   <word id="word_329">Lausana</word>
   <word id="word_330">(</word>
   <word id="word_331">Suíça</word>
   <word id="word_332">)</word>
   <word id="word_333">,</word>
   <word id="word_334">foi</word>
   <word id="word_335">imediatamente</word>
   <word id="word_336">reconhecida</word>
   <word id="word_337">por_</word>
   <word id="word_338">o</word>
   <word id="word_339">público</word>
   <word id="word_340">entusiasta</word>
   <word id="word_341">,</word>
   <word id="word_342">que</word>
   <word id="word_343">conseguiu</word>
   <word id="word_344">obter</word>
   <word id="word_345">este</word>
   <word id="word_346">programa</word>
   <word id="word_347">,</word>
   <word id="word_348">onde</word>
   <word id="word_349">não</word>
   <word id="word_350">menos</word>
   <word id="word_351">aliciante</word>
   <word id="word_352">Tango</word>
   <word id="word_353">Brasileiro</word>
   <word id="word_354">de</word>
   <word id="word_355">Atílio</word>
   <word id="word_356">Bernardino</word>
   <word id="word_357">.</word>
   <word id="word_358">A</word>
   <word id="word_359">assistência</word>
   <word id="word_360">aplaudiu</word>
   <word id="word_361">de</word>
   <word id="word_362">pé</word>
   <word id="word_363">,</word>
   <word id="word_364">o</word>
   <word id="word_365">que</word>
   <word id="word_366">prova</word>
   <word id="word_367">a</word>
   <word id="word_368">sua</word>
   <word id="word_369">capacidade</word>
   <word id="word_370">musical</word>
   <word id="word_371">receptiva</word>
   <word id="word_372">.</word>
   <word id="word_373">A</word>
   <word id="word_374">Horta</word>
   <word id="word_375">ainda</word>
   <word id="word_376">não</word>
   <word id="word_377">tem</word>
   <word id="word_378">um</word>
   <word id="word_379">conservatório</word>
   <word id="word_380">,</word>
   <word id="word_381">mas</word>
   <word id="word_382">tudo</word>
   <word id="word_383">se</word>
   <word id="word_384">prepara</word>
   <word id="word_385">para</word>
   <word id="word_386">brevemente</word>
   <word id="word_387">o</word>
   <word id="word_388">ter</word>
   <word id="word_389">,</word>
   <word id="word_390">como</word>
   <word id="word_391">nos</word>
   <word id="word_392">revelou</word>
   <word id="word_393">com</word>
   <word id="word_394">consciente</word>
   <word id="word_395">entusiasmo</word>
   <word id="word_396">a</word>
   <word id="word_397">professora</word>
   <word id="word_398">de_</word>
   <word id="word_399">o</word>
   <word id="word_400">Conservatório</word>
   <word id="word_401">de</word>
   <word id="word_402">Ponta</word>
   <word id="word_403">Delgada</word>
   <word id="word_404">,</word>
   <word id="word_405">a</word>
   <word id="word_406">pianista</word>
   <word id="word_407">Elisabeth</word>
   <word id="word_408">Oliveira</word>
   <word id="word_409">,</word>
   <word id="word_410">que</word>
   <word id="word_411">divide</word>
   <word id="word_412">a</word>
   <word id="word_413">sua</word>
   <word id="word_414">actividade</word>
   <word id="word_415">entre</word>
   <word id="word_416">os</word>
   <word id="word_417">Açores</word>
   <word id="word_418">e</word>
   <word id="word_419">o</word>
   <word id="word_420">desenvolvimento</word>
   <word id="word_421">de_</word>
   <word id="word_422">os</word>
   <word id="word_423">seus</word>
   <word id="word_424">estudos</word>
   <word id="word_425">pessoais</word>
   <word id="word_426">em</word>
   <word id="word_427">Paris</word>
   <word id="word_428">.</word>
   <word id="word_429">Soube</word>
   <word id="word_430">hoje</word>
   <word id="word_431">notícias</word>
   <word id="word_432">que</word>
   <word id="word_433">mais</word>
   <word id="word_434">alegraram</word>
   <word id="word_435">os</word>
   <word id="word_436">interessados</word>
   <word id="word_437">por_</word>
   <word id="word_438">a</word>
   <word id="word_439">cultura</word>
   <word id="word_440">musical</word>
   <word id="word_441">portuguesa</word>
   <word id="word_442">.</word>
   <word id="word_443">Para</word>
   <word id="word_444">a</word>
   <word id="word_445">realização</word>
   <word id="word_446">deste</word>
   <word id="word_447">concerto</word>
   <word id="word_448">,</word>
   <word id="word_449">mais</word>
   <word id="word_450">uma</word>
   <word id="word_451">vez</word>
   <word id="word_452">interveio</word>
   <word id="word_453">o</word>
   <word id="word_454">mecenato</word>
   <word id="word_455">:</word>
   <word id="word_456">o</word>
   <word id="word_457">patrocínio</word>
   <word id="word_458">exclusivo</word>
   <word id="word_459">é</word>
   <word id="word_460">de_</word>
   <word id="word_461">a</word>
   <word id="word_462">FAPA</word>
   <word id="word_463">.</word>
   <word id="word_464">Partirei</word>
   <word id="word_465">para</word>
   <word id="word_466">ilha</word>
   <word id="word_467">Terceira</word>
   <word id="word_468">,</word>
   <word id="word_469">hoje</word>
   <word id="word_470">16</word>
   <word id="word_471">,</word>
   <word id="word_472">enquanto</word>
   <word id="word_473">o</word>
   <word id="word_474">festival</word>
   <word id="word_475">continua</word>
   <word id="word_476">com</word>
   <word id="word_477">concertos</word>
   <word id="word_478">em</word>
   <word id="word_479">Angra</word>
   <word id="word_480">,</word>
   <word id="word_481">São</word>
   <word id="word_482">Roque</word>
   <word id="word_483">de_</word>
   <word id="word_484">o</word>
   <word id="word_485">Pico</word>
   <word id="word_486">e</word>
   <word id="word_487">Horta</word>
   <word id="word_488">,</word>
   <word id="word_489">aqui</word>
   <word id="word_490">,</word>
   <word id="word_491">hoje</word>
   <word id="word_492">17</word>
   <word id="word_493">de</word>
   <word id="word_494">Junho</word>
   <word id="word_495">,</word>
   <word id="word_496">com</word>
   <word id="word_497">o</word>
   <word id="word_498">pianista</word>
   <word id="word_499">Pedro</word>
   <word id="word_500">Burmester</word>
   <word id="word_501">,</word>
   <word id="word_502">um</word>
   <word id="word_503">de_</word>
   <word id="word_504">os</word>
   <word id="word_505">novos</word>
   <word id="word_506">valores</word>
   <word id="word_507">portugueses</word>
   <word id="word_508">.</word>
   <word id="word_509">O</word>
   <word id="word_510">tempo</word>
   <word id="word_511">continua</word>
   <word id="word_512">de</word>
   <word id="word_513">feição</word>
   <word id="word_514">primaveril</word>
   <word id="word_515">,</word>
   <word id="word_516">o</word>
   <word id="word_517">céu</word>
   <word id="word_518">pouco</word>
   <word id="word_519">mas</word>
   <word id="word_520">artisticamente</word>
   <word id="word_521">nublado</word>
   <word id="word_522">.</word>
   <word id="word_523">a_</word>
   <word id="word_524">o</word>
   <word id="word_525">pôr</word>
   <word id="word_526">de_</word>
   <word id="word_527">o</word>
   <word id="word_528">Sol</word>
   <word id="word_529">,</word>
   <word id="word_530">nuvens</word>
   <word id="word_531">de</word>
   <word id="word_532">algodão</word>
   <word id="word_533">,</word>
   <word id="word_534">cor-de-rosa</word>
   <word id="word_535">e</word>
   <word id="word_536">de</word>
   <word id="word_537">todos</word>
   <word id="word_538">os</word>
   <word id="word_539">cambiantes</word>
   <word id="word_540">de</word>
   <word id="word_541">violeta</word>
   <word id="word_542">sobre</word>
   <word id="word_543">o</word>
   <word id="word_544">luminoso</word>
   <word id="word_545">céu</word>
   <word id="word_546">azul</word>
   <word id="word_547">,</word>
   <word id="word_548">o</word>
   <word id="word_549">mar</word>
   <word id="word_550">apenas</word>
   <word id="word_551">discretamente</word>
   <word id="word_552">ondulado</word>
   <word id="word_553">...</word>
   <word id="word_554">Hoje</word>
   <word id="word_555">,</word>
   <word id="word_556">foi</word>
   <word id="word_557">o</word>
   <word id="word_558">triunfo</word>
   <word id="word_559">de</word>
   <word id="word_560">um</word>
   <word id="word_561">artista</word>
   <word id="word_562">brasileiro</word>
   <word id="word_563">.</word>
   <word id="word_564">Espera</word>
   <word id="word_565">-se</word>
   <word id="word_566">que</word>
   <word id="word_567">amanhã</word>
   <word id="word_568">seja</word>
   <word id="word_569">de_</word>
   <word id="word_570">o</word>
   <word id="word_571">português</word>
   <word id="word_572">Pedro</word>
   <word id="word_573">Burmester</word>
   <word id="word_574">,</word>
   <word id="word_575">depois</word>
   <word id="word_576">de_</word>
   <word id="word_577">o</word>
   <word id="word_578">de</word>
   <word id="word_579">Adriano</word>
   <word id="word_580">Jordão</word>
   <word id="word_581">,</word>
   <word id="word_582">o</word>
   <word id="word_583">ideador</word>
   <word id="word_584">de_</word>
   <word id="word_585">os</word>
   <word id="word_586">Festivais</word>
   <word id="word_587">Internacionais</word>
   <word id="word_588">de_</word>
   <word id="word_589">os</word>
   <word id="word_590">Açores</word>
   <word id="word_591">.</word>
</words>
