<?xml version="1.0" encoding="UTF-8"?>
<!DOCTYPE words SYSTEM "words.dtd">
<words>
   <word id="word_1">O</word>
   <word id="word_2">MINISTRO</word>
   <word id="word_3">de</word>
   <word id="word_4">Estado</word>
   <word id="word_5">e</word>
   <word id="word_6">de_</word>
   <word id="word_7">a</word>
   <word id="word_8">Administração</word>
   <word id="word_9">Interna</word>
   <word id="word_10">disse</word>
   <word id="word_11">segunda-feira</word>
   <word id="word_12">em</word>
   <word id="word_13">Vieira</word>
   <word id="word_14">de_</word>
   <word id="word_15">o</word>
   <word id="word_16">Minho</word>
   <word id="word_17">que</word>
   <word id="word_18">a</word>
   <word id="word_19">GNR</word>
   <word id="word_20">"</word>
   <word id="word_21">está</word>
   <word id="word_22">sempre</word>
   <word id="word_23">mobilizada</word>
   <word id="word_24">para</word>
   <word id="word_25">garantir</word>
   <word id="word_26">a</word>
   <word id="word_27">legalidade</word>
   <word id="word_28">democrática</word>
   <word id="word_29">e</word>
   <word id="word_30">actuar</word>
   <word id="word_31">em_</word>
   <word id="word_32">o</word>
   <word id="word_33">grau</word>
   <word id="word_34">de</word>
   <word id="word_35">intervenção</word>
   <word id="word_36">que</word>
   <word id="word_37">as</word>
   <word id="word_38">circunstâncias</word>
   <word id="word_39">exigirem</word>
   <word id="word_40">".</word>
   <word id="word_41">Eurico</word>
   <word id="word_42">de</word>
   <word id="word_43">Melo</word>
   <word id="word_44">falava</word>
   <word id="word_45">por</word>
   <word id="word_46">ocasião</word>
   <word id="word_47">de_</word>
   <word id="word_48">a</word>
   <word id="word_49">inauguração</word>
   <word id="word_50">de_</word>
   <word id="word_51">o</word>
   <word id="word_52">novo</word>
   <word id="word_53">quartel</word>
   <word id="word_54">de_</word>
   <word id="word_55">a</word>
   <word id="word_56">GNR</word>
   <word id="word_57">em_</word>
   <word id="word_58">aquela</word>
   <word id="word_59">localidade</word>
   <word id="word_60">.</word>
   <word id="word_61">Depois</word>
   <word id="word_62">de</word>
   <word id="word_63">agradecer</word>
   <word id="word_64">a_</word>
   <word id="word_65">a</word>
   <word id="word_66">Câmara</word>
   <word id="word_67">Municipal</word>
   <word id="word_68">a</word>
   <word id="word_69">sua</word>
   <word id="word_70">colaboração</word>
   <word id="word_71">em_</word>
   <word id="word_72">o</word>
   <word id="word_73">financiamento</word>
   <word id="word_74">de_</word>
   <word id="word_75">as</word>
   <word id="word_76">novas</word>
   <word id="word_77">instalações</word>
   <word id="word_78">,</word>
   <word id="word_79">o</word>
   <word id="word_80">ministro</word>
   <word id="word_81">disse</word>
   <word id="word_82">que</word>
   <word id="word_83">"</word>
   <word id="word_84">é</word>
   <word id="word_85">oportuno</word>
   <word id="word_86">e</word>
   <word id="word_87">imperioso</word>
   <word id="word_88">afirmar</word>
   <word id="word_89">que</word>
   <word id="word_90">a</word>
   <word id="word_91">Guarda</word>
   <word id="word_92">é</word>
   <word id="word_93">nacional</word>
   <word id="word_94">e</word>
   <word id="word_95">repúblicana</word>
   <word id="word_96">".</word>
   <word id="word_97">"</word>
   <word id="word_98">Está</word>
   <word id="word_99">"</word>
   <word id="word_100">,</word>
   <word id="word_101">disse</word>
   <word id="word_102">,</word>
   <word id="word_103">"</word>
   <word id="word_104">presente</word>
   <word id="word_105">em</word>
   <word id="word_106">todo</word>
   <word id="word_107">território</word>
   <word id="word_108">português</word>
   <word id="word_109">,</word>
   <word id="word_110">e</word>
   <word id="word_111">estará</word>
   <word id="word_112">sempre</word>
   <word id="word_113">activa</word>
   <word id="word_114">em_</word>
   <word id="word_115">a</word>
   <word id="word_116">defesa</word>
   <word id="word_117">de_</word>
   <word id="word_118">as</word>
   <word id="word_119">pessoas</word>
   <word id="word_120">e</word>
   <word id="word_121">seus</word>
   <word id="word_122">bens</word>
   <word id="word_123">e</word>
   <word id="word_124">em_</word>
   <word id="word_125">a</word>
   <word id="word_126">manutenção</word>
   <word id="word_127">e</word>
   <word id="word_128">tranquilidade</word>
   <word id="word_129">públicas</word>
   <word id="word_130">."</word>
   <word id="word_131">"</word>
   <word id="word_132">Em</word>
   <word id="word_133">democracia</word>
   <word id="word_134">"</word>
   <word id="word_135">,</word>
   <word id="word_136">disse</word>
   <word id="word_137">também</word>
   <word id="word_138">Eurico</word>
   <word id="word_139">de</word>
   <word id="word_140">Melo</word>
   <word id="word_141">,</word>
   <word id="word_142">"</word>
   <word id="word_143">há</word>
   <word id="word_144">sempre</word>
   <word id="word_145">foros</word>
   <word id="word_146">adequados</word>
   <word id="word_147">para</word>
   <word id="word_148">corrigir</word>
   <word id="word_149">a</word>
   <word id="word_150">injustiça</word>
   <word id="word_151">que</word>
   <word id="word_152">eventualmente</word>
   <word id="word_153">a</word>
   <word id="word_154">prática</word>
   <word id="word_155">de_</word>
   <word id="word_156">a</word>
   <word id="word_157">lei</word>
   <word id="word_158">venha</word>
   <word id="word_159">a</word>
   <word id="word_160">revelar</word>
   <word id="word_161">."</word>
   <word id="word_162">"</word>
   <word id="word_163">Seria</word>
   <word id="word_164">perversão</word>
   <word id="word_165">de_</word>
   <word id="word_166">o</word>
   <word id="word_167">Estado</word>
   <word id="word_168">de</word>
   <word id="word_169">direito</word>
   <word id="word_170">democrárico</word>
   <word id="word_171">ver</word>
   <word id="word_172">a</word>
   <word id="word_173">GNR</word>
   <word id="word_174">a</word>
   <word id="word_175">diferenciar</word>
   <word id="word_176">o</word>
   <word id="word_177">seu</word>
   <word id="word_178">comportamento</word>
   <word id="word_179">em_</word>
   <word id="word_180">o</word>
   <word id="word_181">espaço</word>
   <word id="word_182">e</word>
   <word id="word_183">interpretar</word>
   <word id="word_184">a</word>
   <word id="word_185">lei</word>
   <word id="word_186">conforme</word>
   <word id="word_187">as</word>
   <word id="word_188">circunstâncias</word>
   <word id="word_189">."</word>
</words>
