<?xml version="1.0" encoding="UTF-8"?>
<!DOCTYPE words SYSTEM "words.dtd">
<words>
   <word id="word_1">Em_</word>
   <word id="word_2">a</word>
   <word id="word_3">sequência</word>
   <word id="word_4">de_</word>
   <word id="word_5">o</word>
   <word id="word_6">êxito</word>
   <word id="word_7">de_</word>
   <word id="word_8">os</word>
   <word id="word_9">anos</word>
   <word id="word_10">anteriores</word>
   <word id="word_11">,</word>
   <word id="word_12">o</word>
   <word id="word_13">Pereiro</word>
   <word id="word_14">abalançou</word>
   <word id="word_15">-se</word>
   <word id="word_16">este</word>
   <word id="word_17">ano</word>
   <word id="word_18">a</word>
   <word id="word_19">transformar</word>
   <word id="word_20">o</word>
   <word id="word_21">seu</word>
   <word id="word_22">primeiro</word>
   <word id="word_23">pequeno</word>
   <word id="word_24">circuito</word>
   <word id="word_25">em</word>
   <word id="word_26">Grande</word>
   <word id="word_27">Prémio</word>
   <word id="word_28">Pereiro</word>
   <word id="word_29">de</word>
   <word id="word_30">Mação</word>
   <word id="word_31">,</word>
   <word id="word_32">com</word>
   <word id="word_33">três</word>
   <word id="word_34">etapas</word>
   <word id="word_35">a</word>
   <word id="word_36">disputar</word>
   <word id="word_37">sexta-feira</word>
   <word id="word_38">e</word>
   <word id="word_39">em_</word>
   <word id="word_40">o</word>
   <word id="word_41">sábado</word>
   <word id="word_42">,</word>
   <word id="word_43">em_</word>
   <word id="word_44">um</word>
   <word id="word_45">total</word>
   <word id="word_46">de</word>
   <word id="word_47">quase</word>
   <word id="word_48">300</word>
   <word id="word_49">quilómetros</word>
   <word id="word_50">e</word>
   <word id="word_51">em</word>
   <word id="word_52">que</word>
   <word id="word_53">vão</word>
   <word id="word_54">estar</word>
   <word id="word_55">presentes</word>
   <word id="word_56">todas</word>
   <word id="word_57">as</word>
   <word id="word_58">equipas</word>
   <word id="word_59">profissionais</word>
   <word id="word_60">de</word>
   <word id="word_61">ciclismo</word>
   <word id="word_62">.</word>
   <word id="word_63">O</word>
   <word id="word_64">fim-de-semana</word>
   <word id="word_65">em_</word>
   <word id="word_66">a</word>
   <word id="word_67">modalidade</word>
   <word id="word_68">é</word>
   <word id="word_69">,</word>
   <word id="word_70">depois</word>
   <word id="word_71">,</word>
   <word id="word_72">concluído</word>
   <word id="word_73">com</word>
   <word id="word_74">o</word>
   <word id="word_75">tradicional</word>
   <word id="word_76">Circuito</word>
   <word id="word_77">Malveira</word>
   <word id="word_78">,</word>
   <word id="word_79">que</word>
   <word id="word_80">a</word>
   <word id="word_81">partir</word>
   <word id="word_82">de_</word>
   <word id="word_83">as</word>
   <word id="word_84">13</word>
   <word id="word_85">e</word>
   <word id="word_86">30</word>
   <word id="word_87">horas</word>
   <word id="word_88">animará</word>
   <word id="word_89">aquela</word>
   <word id="word_90">vila</word>
   <word id="word_91">.</word>
   <word id="word_92">Quanto</word>
   <word id="word_93">a_</word>
   <word id="word_94">o</word>
   <word id="word_95">programa</word>
   <word id="word_96">de_</word>
   <word id="word_97">as</word>
   <word id="word_98">duas</word>
   <word id="word_99">corridas</word>
   <word id="word_100">é</word>
   <word id="word_101">o</word>
   <word id="word_102">seguinte</word>
   <word id="word_103">:</word>
   <word id="word_104">Sexta-feira</word>
   <word id="word_105">,</word>
   <word id="word_106">14</word>
   <word id="word_107">e</word>
   <word id="word_108">30</word>
   <word id="word_109">,</word>
   <word id="word_110">Pereiro-Alpiarça</word>
   <word id="word_111">(</word>
   <word id="word_112">159</word>
   <word id="word_113">km</word>
   <word id="word_114">)</word>
   <word id="word_115">;</word>
   <word id="word_116">sábado</word>
   <word id="word_117">,</word>
   <word id="word_118">8</word>
   <word id="word_119">e</word>
   <word id="word_120">30</word>
   <word id="word_121">,</word>
   <word id="word_122">Salvaterra</word>
   <word id="word_123">de</word>
   <word id="word_124">Magos-Ferreira</word>
   <word id="word_125">de_</word>
   <word id="word_126">o</word>
   <word id="word_127">Zézere</word>
   <word id="word_128">(</word>
   <word id="word_129">107km</word>
   <word id="word_130">)</word>
   <word id="word_131">;</word>
   <word id="word_132">17</word>
   <word id="word_133">horas</word>
   <word id="word_134">,</word>
   <word id="word_135">Pereiro-Pereiro</word>
   <word id="word_136">(</word>
   <word id="word_137">32km</word>
   <word id="word_138">)</word>
   <word id="word_139">.</word>
   <word id="word_140">Domingo</word>
   <word id="word_141">,</word>
   <word id="word_142">em_</word>
   <word id="word_143">a</word>
   <word id="word_144">Malveira</word>
   <word id="word_145">,</word>
   <word id="word_146">o</word>
   <word id="word_147">programa</word>
   <word id="word_148">começa</word>
   <word id="word_149">com</word>
   <word id="word_150">35</word>
   <word id="word_151">voltas</word>
   <word id="word_152">circuito</word>
   <word id="word_153">tradicional</word>
   <word id="word_154">,</word>
   <word id="word_155">seguindo</word>
   <word id="word_156">-se</word>
   <word id="word_157">,</word>
   <word id="word_158">em_</word>
   <word id="word_159">a</word>
   <word id="word_160">pista</word>
   <word id="word_161">Túlio</word>
   <word id="word_162">Pereira</word>
   <word id="word_163">,</word>
   <word id="word_164">com</word>
   <word id="word_165">uma</word>
   <word id="word_166">primeira</word>
   <word id="word_167">prova</word>
   <word id="word_168">de</word>
   <word id="word_169">compensação</word>
   <word id="word_170">que</word>
   <word id="word_171">engloba</word>
   <word id="word_172">os</word>
   <word id="word_173">ciclistas</word>
   <word id="word_174">desistentes</word>
   <word id="word_175">de_</word>
   <word id="word_176">a</word>
   <word id="word_177">primeira</word>
   <word id="word_178">corrida</word>
   <word id="word_179">e</word>
   <word id="word_180">os</word>
   <word id="word_181">classificados</word>
   <word id="word_182">depois</word>
   <word id="word_183">de_</word>
   <word id="word_184">o</word>
   <word id="word_185">décimo</word>
   <word id="word_186">lugar</word>
   <word id="word_187">.</word>
   <word id="word_188">Correr-CL-ão</word>
   <word id="word_189">-se</word>
   <word id="word_190">30</word>
   <word id="word_191">voltas</word>
   <word id="word_192">com</word>
   <word id="word_193">lançamentos</word>
   <word id="word_194">de</word>
   <word id="word_195">cinco</word>
   <word id="word_196">em</word>
   <word id="word_197">cinco</word>
   <word id="word_198">.</word>
   <word id="word_199">Às</word>
   <word id="word_200">16</word>
   <word id="word_201">horas</word>
   <word id="word_202">,</word>
   <word id="word_203">inicia</word>
   <word id="word_204">-se</word>
   <word id="word_205">a</word>
   <word id="word_206">corrida</word>
   <word id="word_207">de</word>
   <word id="word_208">honra</word>
   <word id="word_209">para</word>
   <word id="word_210">os</word>
   <word id="word_211">dez</word>
   <word id="word_212">primeiros</word>
   <word id="word_213">classificados</word>
   <word id="word_214">de_</word>
   <word id="word_215">a</word>
   <word id="word_216">prova</word>
   <word id="word_217">em</word>
   <word id="word_218">linha</word>
   <word id="word_219">.</word>
   <word id="word_220">A</word>
   <word id="word_221">fechar</word>
   <word id="word_222">o</word>
   <word id="word_223">programa</word>
   <word id="word_224">,</word>
   <word id="word_225">realiza</word>
   <word id="word_226">-se</word>
   <word id="word_227">um</word>
   <word id="word_228">jogo</word>
   <word id="word_229">de</word>
   <word id="word_230">futebol</word>
   <word id="word_231">entre</word>
   <word id="word_232">o</word>
   <word id="word_233">Atlético</word>
   <word id="word_234">de_</word>
   <word id="word_235">a</word>
   <word id="word_236">Malveira</word>
   <word id="word_237">,</word>
   <word id="word_238">mais</word>
   <word id="word_239">uma</word>
   <word id="word_240">vez</word>
   <word id="word_241">o</word>
   <word id="word_242">organizador</word>
   <word id="word_243">de_</word>
   <word id="word_244">o</word>
   <word id="word_245">circuito</word>
   <word id="word_246">,</word>
   <word id="word_247">e</word>
   <word id="word_248">o</word>
   <word id="word_249">Torriense</word>
   <word id="word_250">.</word>
   <word id="word_251">Entretanto</word>
   <word id="word_252">.</word>
   <word id="word_253">também</word>
   <word id="word_254">em_</word>
   <word id="word_255">o</word>
   <word id="word_256">domingo</word>
   <word id="word_257">,</word>
   <word id="word_258">organizado</word>
   <word id="word_259">por_</word>
   <word id="word_260">a</word>
   <word id="word_261">empresa</word>
   <word id="word_262">de_</word>
   <word id="word_263">o</word>
   <word id="word_264">JN</word>
   <word id="word_265">,</word>
   <word id="word_266">realiza</word>
   <word id="word_267">-se</word>
   <word id="word_268">em</word>
   <word id="word_269">Santo</word>
   <word id="word_270">Tirso</word>
   <word id="word_271">,</word>
   <word id="word_272">o</word>
   <word id="word_273">VI</word>
   <word id="word_274">Prémio</word>
   <word id="word_275">Nacional</word>
   <word id="word_276">de_</word>
   <word id="word_277">a</word>
   <word id="word_278">Juventude</word>
   <word id="word_279">,</word>
   <word id="word_280">destinado</word>
   <word id="word_281">a_</word>
   <word id="word_282">as</word>
   <word id="word_283">categoria</word>
   <word id="word_284">de</word>
   <word id="word_285">juniores</word>
   <word id="word_286">e</word>
   <word id="word_287">cadetes</word>
   <word id="word_288">.</word>
   <word id="word_289">Ali</word>
   <word id="word_290">vão</word>
   <word id="word_291">estar</word>
   <word id="word_292">ciclistas</word>
   <word id="word_293">de</word>
   <word id="word_294">todas</word>
   <word id="word_295">as</word>
   <word id="word_296">associações</word>
   <word id="word_297">de_</word>
   <word id="word_298">o</word>
   <word id="word_299">País</word>
   <word id="word_300">,</word>
   <word id="word_301">enquanto</word>
   <word id="word_302">em</word>
   <word id="word_303">Serpa</word>
   <word id="word_304">se</word>
   <word id="word_305">realiza</word>
   <word id="word_306">a</word>
   <word id="word_307">terceira</word>
   <word id="word_308">Volta</word>
   <word id="word_309">a_</word>
   <word id="word_310">o</word>
   <word id="word_311">Concelho</word>
   <word id="word_312">,</word>
   <word id="word_313">esta</word>
   <word id="word_314">prova</word>
   <word id="word_315">destinada</word>
   <word id="word_316">a</word>
   <word id="word_317">ciclistas</word>
   <word id="word_318">amadores</word>
   <word id="word_319">e</word>
   <word id="word_320">seniores</word>
   <word id="word_321">.</word>
   <word id="word_322">O</word>
   <word id="word_323">australiano</word>
   <word id="word_324">Martin</word>
   <word id="word_325">Vinnicombe</word>
   <word id="word_326">,</word>
   <word id="word_327">de</word>
   <word id="word_328">22</word>
   <word id="word_329">anos</word>
   <word id="word_330">,</word>
   <word id="word_331">causou</word>
   <word id="word_332">a</word>
   <word id="word_333">primeira</word>
   <word id="word_334">surpresa</word>
   <word id="word_335">de_</word>
   <word id="word_336">os</word>
   <word id="word_337">mundiais</word>
   <word id="word_338">de</word>
   <word id="word_339">ciclismo</word>
   <word id="word_340">que</word>
   <word id="word_341">estão</word>
   <word id="word_342">a</word>
   <word id="word_343">decorrer</word>
   <word id="word_344">em</word>
   <word id="word_345">Viena</word>
   <word id="word_346">,</word>
   <word id="word_347">a_</word>
   <word id="word_348">o</word>
   <word id="word_349">vencer</word>
   <word id="word_350">a</word>
   <word id="word_351">prova</word>
   <word id="word_352">de_</word>
   <word id="word_353">o</word>
   <word id="word_354">quilómetro</word>
   <word id="word_355">para</word>
   <word id="word_356">amadores</word>
   <word id="word_357">,</word>
   <word id="word_358">conquistando</word>
   <word id="word_359">,</word>
   <word id="word_360">assim</word>
   <word id="word_361">,</word>
   <word id="word_362">a</word>
   <word id="word_363">primeira</word>
   <word id="word_364">medalha</word>
   <word id="word_365">de</word>
   <word id="word_366">ouro</word>
   <word id="word_367">de_</word>
   <word id="word_368">o</word>
   <word id="word_369">certame</word>
   <word id="word_370">.</word>
   <word id="word_371">Entretanto</word>
   <word id="word_372">,</word>
   <word id="word_373">os</word>
   <word id="word_374">recordes</word>
   <word id="word_375">começaram</word>
   <word id="word_376">a</word>
   <word id="word_377">cair</word>
   <word id="word_378">.</word>
   <word id="word_379">Primeiro</word>
   <word id="word_380">,</word>
   <word id="word_381">foi</word>
   <word id="word_382">o</word>
   <word id="word_383">australiano</word>
   <word id="word_384">Dean</word>
   <word id="word_385">Woods</word>
   <word id="word_386">,</word>
   <word id="word_387">que</word>
   <word id="word_388">melhorou</word>
   <word id="word_389">o</word>
   <word id="word_390">máximo</word>
   <word id="word_391">mundial</word>
   <word id="word_392">de_</word>
   <word id="word_393">os</word>
   <word id="word_394">quatro</word>
   <word id="word_395">mil</word>
   <word id="word_396">metros</word>
   <word id="word_397">amadores</word>
   <word id="word_398">,</word>
   <word id="word_399">com</word>
   <word id="word_400">4.27,11</word>
   <word id="word_401">s</word>
   <word id="word_402">,</word>
   <word id="word_403">batendo</word>
   <word id="word_404">o</word>
   <word id="word_405">soviético</word>
   <word id="word_406">Viacheslav</word>
   <word id="word_407">Yekimov</word>
   <word id="word_408">,</word>
   <word id="word_409">que</word>
   <word id="word_410">terminou</word>
   <word id="word_411">com</word>
   <word id="word_412">4.27,65</word>
   <word id="word_413">.</word>
   <word id="word_414">depois</word>
   <word id="word_415">,</word>
   <word id="word_416">foi</word>
   <word id="word_417">o</word>
   <word id="word_418">italiano</word>
   <word id="word_419">Claudio</word>
   <word id="word_420">Golinenni</word>
   <word id="word_421">que</word>
   <word id="word_422">em_</word>
   <word id="word_423">os</word>
   <word id="word_424">200</word>
   <word id="word_425">metros</word>
   <word id="word_426">sprint</word>
   <word id="word_427">para</word>
   <word id="word_428">profissionais</word>
   <word id="word_429">fez</word>
   <word id="word_430">o</word>
   <word id="word_431">tempo</word>
   <word id="word_432">de</word>
   <word id="word_433">10,587</word>
   <word id="word_434">segundos</word>
   <word id="word_435">.</word>
   <word id="word_436">O</word>
   <word id="word_437">anterior</word>
   <word id="word_438">máximo</word>
   <word id="word_439">há</word>
   <word id="word_440">26</word>
   <word id="word_441">anos</word>
   <word id="word_442">que</word>
   <word id="word_443">não</word>
   <word id="word_444">era</word>
   <word id="word_445">batido</word>
   <word id="word_446">e</word>
   <word id="word_447">pertencia</word>
   <word id="word_448">a_</word>
   <word id="word_449">o</word>
   <word id="word_450">checoslovaco</word>
   <word id="word_451">Oskar</word>
   <word id="word_452">Plattner</word>
   <word id="word_453">,</word>
   <word id="word_454">10,990</word>
   <word id="word_455">s</word>
   <word id="word_456">,</word>
   <word id="word_457">em</word>
   <word id="word_458">1961</word>
   <word id="word_459">,</word>
   <word id="word_460">em</word>
   <word id="word_461">Zurique</word>
   <word id="word_462">.</word>
</words>
