<?xml version="1.0" encoding="UTF-8"?>
<!DOCTYPE words SYSTEM "words.dtd">
<words>
   <word id="word_1">O</word>
   <word id="word_2">PRIMEIRO-MINISTRO</word>
   <word id="word_3">espanhol</word>
   <word id="word_4">,</word>
   <word id="word_5">Felipe</word>
   <word id="word_6">González</word>
   <word id="word_7">,</word>
   <word id="word_8">rejeitou</word>
   <word id="word_9">qualquer</word>
   <word id="word_10">hipótese</word>
   <word id="word_11">de</word>
   <word id="word_12">negociação</word>
   <word id="word_13">política</word>
   <word id="word_14">com</word>
   <word id="word_15">a</word>
   <word id="word_16">organização</word>
   <word id="word_17">separatista</word>
   <word id="word_18">basca</word>
   <word id="word_19">ETA</word>
   <word id="word_20">,</word>
   <word id="word_21">baseando</word>
   <word id="word_22">-se</word>
   <word id="word_23">em_</word>
   <word id="word_24">o</word>
   <word id="word_25">respeito</word>
   <word id="word_26">de_</word>
   <word id="word_27">a</word>
   <word id="word_28">soberania</word>
   <word id="word_29">de_</word>
   <word id="word_30">o</word>
   <word id="word_31">povo</word>
   <word id="word_32">espanhol</word>
   <word id="word_33">.</word>
   <word id="word_34">O</word>
   <word id="word_35">chefe</word>
   <word id="word_36">de_</word>
   <word id="word_37">o</word>
   <word id="word_38">Governo</word>
   <word id="word_39">espanhol</word>
   <word id="word_40">fez</word>
   <word id="word_41">esta</word>
   <word id="word_42">declaração</word>
   <word id="word_43">em_</word>
   <word id="word_44">a</word>
   <word id="word_45">terça-feira</word>
   <word id="word_46">em</word>
   <word id="word_47">conferência</word>
   <word id="word_48">de</word>
   <word id="word_49">Imprensa</word>
   <word id="word_50">conjunta</word>
   <word id="word_51">com</word>
   <word id="word_52">François</word>
   <word id="word_53">Mitterrand</word>
   <word id="word_54">,</word>
   <word id="word_55">após</word>
   <word id="word_56">o</word>
   <word id="word_57">termo</word>
   <word id="word_58">de_</word>
   <word id="word_59">a</word>
   <word id="word_60">reunião</word>
   <word id="word_61">que</word>
   <word id="word_62">os</word>
   <word id="word_63">dois</word>
   <word id="word_64">mantiveram</word>
   <word id="word_65">em_</word>
   <word id="word_66">a</word>
   <word id="word_67">residência</word>
   <word id="word_68">de</word>
   <word id="word_69">campo</word>
   <word id="word_70">de_</word>
   <word id="word_71">o</word>
   <word id="word_72">Presidente</word>
   <word id="word_73">francês</word>
   <word id="word_74">,</word>
   <word id="word_75">em</word>
   <word id="word_76">Soustons</word>
   <word id="word_77">.</word>
   <word id="word_78">Felipe</word>
   <word id="word_79">González</word>
   <word id="word_80">considerou</word>
   <word id="word_81">que</word>
   <word id="word_82">o</word>
   <word id="word_83">"</word>
   <word id="word_84">estado</word>
   <word id="word_85">democrárico</word>
   <word id="word_86">não</word>
   <word id="word_87">pode</word>
   <word id="word_88">negociar</word>
   <word id="word_89">politicamente</word>
   <word id="word_90">com</word>
   <word id="word_91">terroristas</word>
   <word id="word_92">.</word>
   <word id="word_93">Se</word>
   <word id="word_94">quer</word>
   <word id="word_95">sobreviver</word>
   <word id="word_96">como</word>
   <word id="word_97">Estado</word>
   <word id="word_98">não</word>
   <word id="word_99">pode</word>
   <word id="word_100">ceder</word>
   <word id="word_101">a_</word>
   <word id="word_102">a</word>
   <word id="word_103">chantagem</word>
   <word id="word_104">de_</word>
   <word id="word_105">a</word>
   <word id="word_106">violência</word>
   <word id="word_107">"</word>
   <word id="word_108">.</word>
   <word id="word_109">González</word>
   <word id="word_110">sublinhou</word>
   <word id="word_111">que</word>
   <word id="word_112">"</word>
   <word id="word_113">está</word>
   <word id="word_114">excluída</word>
   <word id="word_115">qualquer</word>
   <word id="word_116">hipótese</word>
   <word id="word_117">de</word>
   <word id="word_118">negociação</word>
   <word id="word_119">política</word>
   <word id="word_120">"</word>
   <word id="word_121">e</word>
   <word id="word_122">precisou</word>
   <word id="word_123">que</word>
   <word id="word_124">"</word>
   <word id="word_125">a</word>
   <word id="word_126">posição</word>
   <word id="word_127">de_</word>
   <word id="word_128">o</word>
   <word id="word_129">Governo</word>
   <word id="word_130">espanhol</word>
   <word id="word_131">em_</word>
   <word id="word_132">esta</word>
   <word id="word_133">matéria</word>
   <word id="word_134">nunca</word>
   <word id="word_135">mudou</word>
   <word id="word_136">"</word>
   <word id="word_137">.</word>
   <word id="word_138">"</word>
   <word id="word_139">Convém</word>
   <word id="word_140">não</word>
   <word id="word_141">confundir</word>
   <word id="word_142">a</word>
   <word id="word_143">opinião</word>
   <word id="word_144">pública</word>
   <word id="word_145">"</word>
   <word id="word_146">,</word>
   <word id="word_147">disse</word>
   <word id="word_148">González</word>
   <word id="word_149">,</word>
   <word id="word_150">"</word>
   <word id="word_151">o</word>
   <word id="word_152">Governo</word>
   <word id="word_153">não</word>
   <word id="word_154">vai</word>
   <word id="word_155">alterar</word>
   <word id="word_156">em</word>
   <word id="word_157">nada</word>
   <word id="word_158">o</word>
   <word id="word_159">seu</word>
   <word id="word_160">ponto</word>
   <word id="word_161">de</word>
   <word id="word_162">vista</word>
   <word id="word_163">político</word>
   <word id="word_164">porque</word>
   <word id="word_165">isso</word>
   <word id="word_166">afectaria</word>
   <word id="word_167">a</word>
   <word id="word_168">soberania</word>
   <word id="word_169">de_</word>
   <word id="word_170">o</word>
   <word id="word_171">povo</word>
   <word id="word_172">espanhol</word>
   <word id="word_173">"</word>
   <word id="word_174">.</word>
   <word id="word_175">Felipe</word>
   <word id="word_176">González</word>
   <word id="word_177">disse</word>
   <word id="word_178">todavia</word>
   <word id="word_179">estar</word>
   <word id="word_180">aberto</word>
   <word id="word_181">a_</word>
   <word id="word_182">o</word>
   <word id="word_183">"</word>
   <word id="word_184">diálogo</word>
   <word id="word_185">"</word>
   <word id="word_186">que</word>
   <word id="word_187">contribuiu</word>
   <word id="word_188">para</word>
   <word id="word_189">travar</word>
   <word id="word_190">19</word>
   <word id="word_191">anos</word>
   <word id="word_192">de</word>
   <word id="word_193">guerrilha</word>
   <word id="word_194">independentista</word>
   <word id="word_195">basca</word>
   <word id="word_196">.</word>
   <word id="word_197">Em_</word>
   <word id="word_198">a</word>
   <word id="word_199">conferência</word>
   <word id="word_200">de</word>
   <word id="word_201">Imprensa</word>
   <word id="word_202">conjunta</word>
   <word id="word_203">com</word>
   <word id="word_204">Mitterrand</word>
   <word id="word_205">,</word>
   <word id="word_206">González</word>
   <word id="word_207">disse</word>
   <word id="word_208">que</word>
   <word id="word_209">a</word>
   <word id="word_210">Espanha</word>
   <word id="word_211">desejava</word>
   <word id="word_212">participar</word>
   <word id="word_213">em_</word>
   <word id="word_214">uma</word>
   <word id="word_215">cooperação</word>
   <word id="word_216">europeia</word>
   <word id="word_217">acrescida</word>
   <word id="word_218">em</word>
   <word id="word_219">assuntos</word>
   <word id="word_220">económicos</word>
   <word id="word_221">e</word>
   <word id="word_222">de</word>
   <word id="word_223">segurança</word>
   <word id="word_224">.</word>
   <word id="word_225">"</word>
   <word id="word_226">Foi</word>
   <word id="word_227">dado</word>
   <word id="word_228">um</word>
   <word id="word_229">primeiro</word>
   <word id="word_230">passo</word>
   <word id="word_231">entre</word>
   <word id="word_232">a</word>
   <word id="word_233">França</word>
   <word id="word_234">e</word>
   <word id="word_235">a</word>
   <word id="word_236">Alemanha</word>
   <word id="word_237">Federal</word>
   <word id="word_238">,</word>
   <word id="word_239">e</word>
   <word id="word_240">queremos</word>
   <word id="word_241">participar</word>
   <word id="word_242">em_</word>
   <word id="word_243">esse</word>
   <word id="word_244">processo</word>
   <word id="word_245">"</word>
   <word id="word_246">,</word>
   <word id="word_247">afirmou</word>
   <word id="word_248">.</word>
   <word id="word_249">Paris</word>
   <word id="word_250">e</word>
   <word id="word_251">Bona</word>
   <word id="word_252">concordaram</word>
   <word id="word_253">em</word>
   <word id="word_254">estudar</word>
   <word id="word_255">a</word>
   <word id="word_256">possibilidade</word>
   <word id="word_257">de</word>
   <word id="word_258">relações</word>
   <word id="word_259">militares</word>
   <word id="word_260">mais</word>
   <word id="word_261">estreitas</word>
   <word id="word_262">,</word>
   <word id="word_263">incluindo</word>
   <word id="word_264">a</word>
   <word id="word_265">formação</word>
   <word id="word_266">de</word>
   <word id="word_267">uma</word>
   <word id="word_268">brigada</word>
   <word id="word_269">militar</word>
   <word id="word_270">conjunta</word>
   <word id="word_271">franco-germânica</word>
   <word id="word_272">.</word>
</words>
