<?xml version="1.0" encoding="UTF-8"?>
<!DOCTYPE words SYSTEM "words.dtd">
<words>
   <word id="word_1">"</word>
   <word id="word_2">EXISTEM</word>
   <word id="word_3">em_</word>
   <word id="word_4">este</word>
   <word id="word_5">momento</word>
   <word id="word_6">cerca</word>
   <word id="word_7">de</word>
   <word id="word_8">200</word>
   <word id="word_9">mil</word>
   <word id="word_10">crianças</word>
   <word id="word_11">,</word>
   <word id="word_12">de_</word>
   <word id="word_13">os</word>
   <word id="word_14">sete</word>
   <word id="word_15">a_</word>
   <word id="word_16">os</word>
   <word id="word_17">13</word>
   <word id="word_18">anos</word>
   <word id="word_19">,</word>
   <word id="word_20">a</word>
   <word id="word_21">trabalhar</word>
   <word id="word_22">ilegalmente</word>
   <word id="word_23">em</word>
   <word id="word_24">Portugal</word>
   <word id="word_25">"</word>
   <word id="word_26">,</word>
   <word id="word_27">disse</word>
   <word id="word_28">ontem</word>
   <word id="word_29">Álvaro</word>
   <word id="word_30">Rana</word>
   <word id="word_31">,</word>
   <word id="word_32">dirigente</word>
   <word id="word_33">de_</word>
   <word id="word_34">a</word>
   <word id="word_35">CGTP</word>
   <word id="word_36">e</word>
   <word id="word_37">candidato</word>
   <word id="word_38">a</word>
   <word id="word_39">deputado</word>
   <word id="word_40">por_</word>
   <word id="word_41">a</word>
   <word id="word_42">CDU</word>
   <word id="word_43">.</word>
   <word id="word_44">Seis</word>
   <word id="word_45">candidatos</word>
   <word id="word_46">de_</word>
   <word id="word_47">aquela</word>
   <word id="word_48">coligação</word>
   <word id="word_49">deram</word>
   <word id="word_50">ontem</word>
   <word id="word_51">uma</word>
   <word id="word_52">conferência</word>
   <word id="word_53">de</word>
   <word id="word_54">Imprensa</word>
   <word id="word_55">em_</word>
   <word id="word_56">o</word>
   <word id="word_57">intuito</word>
   <word id="word_58">de</word>
   <word id="word_59">denunciar</word>
   <word id="word_60">os</word>
   <word id="word_61">problemas</word>
   <word id="word_62">que</word>
   <word id="word_63">rodeiam</word>
   <word id="word_64">a</word>
   <word id="word_65">área</word>
   <word id="word_66">de_</word>
   <word id="word_67">o</word>
   <word id="word_68">trabalho</word>
   <word id="word_69">e</word>
   <word id="word_70">propor</word>
   <word id="word_71">as</word>
   <word id="word_72">respectivas</word>
   <word id="word_73">soluções</word>
   <word id="word_74">.</word>
   <word id="word_75">Domingos</word>
   <word id="word_76">Abrantes</word>
   <word id="word_77">,</word>
   <word id="word_78">cabeça</word>
   <word id="word_79">de</word>
   <word id="word_80">lista</word>
   <word id="word_81">de_</word>
   <word id="word_82">a</word>
   <word id="word_83">CDU</word>
   <word id="word_84">por</word>
   <word id="word_85">Setúbal</word>
   <word id="word_86">,</word>
   <word id="word_87">disse</word>
   <word id="word_88">,</word>
   <word id="word_89">relativamente</word>
   <word id="word_90">a_</word>
   <word id="word_91">o</word>
   <word id="word_92">trabalho</word>
   <word id="word_93">infantil</word>
   <word id="word_94">,</word>
   <word id="word_95">que</word>
   <word id="word_96">se</word>
   <word id="word_97">"</word>
   <word id="word_98">está</word>
   <word id="word_99">a</word>
   <word id="word_100">viver</word>
   <word id="word_101">uma</word>
   <word id="word_102">situação</word>
   <word id="word_103">muito</word>
   <word id="word_104">semelhante</word>
   <word id="word_105">a_</word>
   <word id="word_106">a</word>
   <word id="word_107">de_</word>
   <word id="word_108">o</word>
   <word id="word_109">princípio</word>
   <word id="word_110">de_</word>
   <word id="word_111">o</word>
   <word id="word_112">século</word>
   <word id="word_113">".</word>
   <word id="word_114">Com</word>
   <word id="word_115">efeito</word>
   <word id="word_116">,</word>
   <word id="word_117">antes</word>
   <word id="word_118">de</word>
   <word id="word_119">iniciar</word>
   <word id="word_120">a</word>
   <word id="word_121">conversa</word>
   <word id="word_122">com</word>
   <word id="word_123">os</word>
   <word id="word_124">jornalistas</word>
   <word id="word_125">,</word>
   <word id="word_126">os</word>
   <word id="word_127">candidatos</word>
   <word id="word_128">mostraram</word>
   <word id="word_129">um</word>
   <word id="word_130">vídeo</word>
   <word id="word_131">(</word>
   <word id="word_132">que</word>
   <word id="word_133">vai</word>
   <word id="word_134">circular</word>
   <word id="word_135">por_</word>
   <word id="word_136">o</word>
   <word id="word_137">País</word>
   <word id="word_138">,</word>
   <word id="word_139">intregrado</word>
   <word id="word_140">em_</word>
   <word id="word_141">a</word>
   <word id="word_142">campanha</word>
   <word id="word_143">audiovisual</word>
   <word id="word_144">de_</word>
   <word id="word_145">a</word>
   <word id="word_146">CDU</word>
   <word id="word_147">)</word>
   <word id="word_148">com</word>
   <word id="word_149">cenas</word>
   <word id="word_150">de</word>
   <word id="word_151">crianças</word>
   <word id="word_152">fazendo</word>
   <word id="word_153">trabalhos</word>
   <word id="word_154">pesados</word>
   <word id="word_155">,</word>
   <word id="word_156">que</word>
   <word id="word_157">confessavam</word>
   <word id="word_158">ganhar</word>
   <word id="word_159">entre</word>
   <word id="word_160">quatro</word>
   <word id="word_161">e</word>
   <word id="word_162">quinze</word>
   <word id="word_163">mil</word>
   <word id="word_164">escudos</word>
   <word id="word_165">mensais</word>
   <word id="word_166">,</word>
   <word id="word_167">com</word>
   <word id="word_168">horários</word>
   <word id="word_169">de</word>
   <word id="word_170">trabalho</word>
   <word id="word_171">de</word>
   <word id="word_172">oito</word>
   <word id="word_173">a</word>
   <word id="word_174">12</word>
   <word id="word_175">horas</word>
   <word id="word_176">diárias</word>
   <word id="word_177">.</word>
   <word id="word_178">"</word>
   <word id="word_179">Charles</word>
   <word id="word_180">Dickens</word>
   <word id="word_181">jamais</word>
   <word id="word_182">poderia</word>
   <word id="word_183">imaginar</word>
   <word id="word_184">ser</word>
   <word id="word_185">ilustrado</word>
   <word id="word_186">em_</word>
   <word id="word_187">um</word>
   <word id="word_188">vídeo-clip</word>
   <word id="word_189">tão</word>
   <word id="word_190">impressionante</word>
   <word id="word_191">"</word>
   <word id="word_192">,</word>
   <word id="word_193">disseram</word>
   <word id="word_194">.</word>
   <word id="word_195">Álvaro</word>
   <word id="word_196">Rana</word>
   <word id="word_197">precisou</word>
   <word id="word_198">que</word>
   <word id="word_199">este</word>
   <word id="word_200">tipo</word>
   <word id="word_201">de</word>
   <word id="word_202">trabalho</word>
   <word id="word_203">infantil</word>
   <word id="word_204">começou</word>
   <word id="word_205">a</word>
   <word id="word_206">ser</word>
   <word id="word_207">detectado</word>
   <word id="word_208">há</word>
   <word id="word_209">cerca</word>
   <word id="word_210">de</word>
   <word id="word_211">14</word>
   <word id="word_212">meses</word>
   <word id="word_213">,</word>
   <word id="word_214">por_</word>
   <word id="word_215">o</word>
   <word id="word_216">que</word>
   <word id="word_217">a</word>
   <word id="word_218">CDU</word>
   <word id="word_219">considera</word>
   <word id="word_220">ser</word>
   <word id="word_221">esta</word>
   <word id="word_222">política</word>
   <word id="word_223">de_</word>
   <word id="word_224">o</word>
   <word id="word_225">Governo</word>
   <word id="word_226">PSD</word>
   <word id="word_227">/</word>
   <word id="word_228">Cavaco</word>
   <word id="word_229">Silva</word>
   <word id="word_230">".</word>
   <word id="word_231">Domingos</word>
   <word id="word_232">Abrantes</word>
   <word id="word_233">insurgiu</word>
   <word id="word_234">-se</word>
   <word id="word_235">igualmente</word>
   <word id="word_236">contra</word>
   <word id="word_237">a</word>
   <word id="word_238">"</word>
   <word id="word_239">manutenção</word>
   <word id="word_240">de_</word>
   <word id="word_241">a</word>
   <word id="word_242">chaga</word>
   <word id="word_243">social</word>
   <word id="word_244">de_</word>
   <word id="word_245">os</word>
   <word id="word_246">salários</word>
   <word id="word_247">em</word>
   <word id="word_248">atraso</word>
   <word id="word_249">"</word>
   <word id="word_250">,</word>
   <word id="word_251">o</word>
   <word id="word_252">aumento</word>
   <word id="word_253">de_</word>
   <word id="word_254">o</word>
   <word id="word_255">trabalho</word>
   <word id="word_256">precário</word>
   <word id="word_257">e</word>
   <word id="word_258">clandestino</word>
   <word id="word_259">(</word>
   <word id="word_260">a</word>
   <word id="word_261">prazo</word>
   <word id="word_262">,</word>
   <word id="word_263">a_</word>
   <word id="word_264">a</word>
   <word id="word_265">tarefa</word>
   <word id="word_266">,</word>
   <word id="word_267">a_</word>
   <word id="word_268">a</word>
   <word id="word_269">peça</word>
   <word id="word_270">,</word>
   <word id="word_271">a_</word>
   <word id="word_272">o</word>
   <word id="word_273">dia</word>
   <word id="word_274">e</word>
   <word id="word_275">mesmo</word>
   <word id="word_276">a_</word>
   <word id="word_277">a</word>
   <word id="word_278">hora</word>
   <word id="word_279">)</word>
   <word id="word_280">,</word>
   <word id="word_281">a</word>
   <word id="word_282">proliferação</word>
   <word id="word_283">de_</word>
   <word id="word_284">os</word>
   <word id="word_285">alugadores</word>
   <word id="word_286">de</word>
   <word id="word_287">mão-de-obra</word>
   <word id="word_288">que</word>
   <word id="word_289">,</word>
   <word id="word_290">disse</word>
   <word id="word_291">,</word>
   <word id="word_292">"</word>
   <word id="word_293">chegam</word>
   <word id="word_294">a</word>
   <word id="word_295">instalar</word>
   <word id="word_296">-se</word>
   <word id="word_297">a_</word>
   <word id="word_298">a</word>
   <word id="word_299">porta</word>
   <word id="word_300">de_</word>
   <word id="word_301">as</word>
   <word id="word_302">empresas</word>
   <word id="word_303">,</word>
   <word id="word_304">em</word>
   <word id="word_305">barracões</word>
   <word id="word_306">,</word>
   <word id="word_307">a</word>
   <word id="word_308">contratarem</word>
   <word id="word_309">para</word>
   <word id="word_310">a</word>
   <word id="word_311">mesma</word>
   <word id="word_312">empresa</word>
   <word id="word_313">os</word>
   <word id="word_314">mesmos</word>
   <word id="word_315">trabalhadores</word>
   <word id="word_316">que</word>
   <word id="word_317">estas</word>
   <word id="word_318">empresas</word>
   <word id="word_319">despediram</word>
   <word id="word_320">".</word>
   <word id="word_321">Abrantes</word>
   <word id="word_322">recordou</word>
   <word id="word_323">que</word>
   <word id="word_324">,</word>
   <word id="word_325">em_</word>
   <word id="word_326">o</word>
   <word id="word_327">que</word>
   <word id="word_328">respeita</word>
   <word id="word_329">a_</word>
   <word id="word_330">a</word>
   <word id="word_331">precarização</word>
   <word id="word_332">de_</word>
   <word id="word_333">os</word>
   <word id="word_334">empregos</word>
   <word id="word_335">,</word>
   <word id="word_336">"</word>
   <word id="word_337">foi</word>
   <word id="word_338">o</word>
   <word id="word_339">próprio</word>
   <word id="word_340">Governo</word>
   <word id="word_341">a</word>
   <word id="word_342">dar</word>
   <word id="word_343">o</word>
   <word id="word_344">exemplo</word>
   <word id="word_345">,</word>
   <word id="word_346">a_</word>
   <word id="word_347">o</word>
   <word id="word_348">fazer</word>
   <word id="word_349">aumentar</word>
   <word id="word_350">em</word>
   <word id="word_351">flecha</word>
   <word id="word_352">o</word>
   <word id="word_353">número</word>
   <word id="word_354">de</word>
   <word id="word_355">tarefeiros</word>
   <word id="word_356">em_</word>
   <word id="word_357">a</word>
   <word id="word_358">Função</word>
   <word id="word_359">Pública</word>
   <word id="word_360">".</word>
   <word id="word_361">A</word>
   <word id="word_362">CDU</word>
   <word id="word_363">propõe</word>
   <word id="word_364">,</word>
   <word id="word_365">entretanto</word>
   <word id="word_366">,</word>
   <word id="word_367">que</word>
   <word id="word_368">"</word>
   <word id="word_369">a</word>
   <word id="word_370">política</word>
   <word id="word_371">económica</word>
   <word id="word_372">centrada</word>
   <word id="word_373">em_</word>
   <word id="word_374">os</word>
   <word id="word_375">recursos</word>
   <word id="word_376">nacionais</word>
   <word id="word_377">tenha</word>
   <word id="word_378">como</word>
   <word id="word_379">primeira</word>
   <word id="word_380">preocupação</word>
   <word id="word_381">a</word>
   <word id="word_382">criação</word>
   <word id="word_383">de</word>
   <word id="word_384">empregos</word>
   <word id="word_385">"</word>
   <word id="word_386">,</word>
   <word id="word_387">e</word>
   <word id="word_388">que</word>
   <word id="word_389">"</word>
   <word id="word_390">seja</word>
   <word id="word_391">anulada</word>
   <word id="word_392">a</word>
   <word id="word_393">agenda</word>
   <word id="word_394">de</word>
   <word id="word_395">despedimentos</word>
   <word id="word_396">que</word>
   <word id="word_397">o</word>
   <word id="word_398">Governo</word>
   <word id="word_399">PSD</word>
   <word id="word_400">-</word>
   <word id="word_401">/</word>
   <word id="word_402">Cavaco</word>
   <word id="word_403">Silva</word>
   <word id="word_404">elaborou</word>
   <word id="word_405">"</word>
   <word id="word_406">e</word>
   <word id="word_407">que</word>
   <word id="word_408">,</word>
   <word id="word_409">em_</word>
   <word id="word_410">o</word>
   <word id="word_411">dizer</word>
   <word id="word_412">de_</word>
   <word id="word_413">aquele</word>
   <word id="word_414">candidato</word>
   <word id="word_415">de_</word>
   <word id="word_416">a</word>
   <word id="word_417">CDU</word>
   <word id="word_418">,</word>
   <word id="word_419">só</word>
   <word id="word_420">em_</word>
   <word id="word_421">a</word>
   <word id="word_422">área</word>
   <word id="word_423">de_</word>
   <word id="word_424">a</word>
   <word id="word_425">Grande</word>
   <word id="word_426">Lisboa</word>
   <word id="word_427">"</word>
   <word id="word_428">abrange</word>
   <word id="word_429">cerca</word>
   <word id="word_430">de</word>
   <word id="word_431">16</word>
   <word id="word_432">mil</word>
   <word id="word_433">postos</word>
   <word id="word_434">de</word>
   <word id="word_435">trabalho</word>
   <word id="word_436">"</word>
   <word id="word_437">,</word>
   <word id="word_438">em_</word>
   <word id="word_439">a</word>
   <word id="word_440">Siderurgia</word>
   <word id="word_441">,</word>
   <word id="word_442">Centrel</word>
   <word id="word_443">,</word>
   <word id="word_444">Entreposto</word>
   <word id="word_445">,</word>
   <word id="word_446">Sorefame</word>
   <word id="word_447">,</word>
   <word id="word_448">INDEP</word>
   <word id="word_449">,</word>
   <word id="word_450">UTIC</word>
   <word id="word_451">,</word>
   <word id="word_452">entre</word>
   <word id="word_453">outras</word>
   <word id="word_454">empresas</word>
   <word id="word_455">.</word>
   <word id="word_456">Pretende</word>
   <word id="word_457">também</word>
   <word id="word_458">a</word>
   <word id="word_459">CDU</word>
   <word id="word_460">que</word>
   <word id="word_461">seja</word>
   <word id="word_462">aprovada</word>
   <word id="word_463">"</word>
   <word id="word_464">com</word>
   <word id="word_465">urgência</word>
   <word id="word_466">uma</word>
   <word id="word_467">lei</word>
   <word id="word_468">contra</word>
   <word id="word_469">o</word>
   <word id="word_470">trabalho</word>
   <word id="word_471">infantil</word>
   <word id="word_472">"</word>
   <word id="word_473">,</word>
   <word id="word_474">que</word>
   <word id="word_475">sejam</word>
   <word id="word_476">tomadas</word>
   <word id="word_477">medidas</word>
   <word id="word_478">legislativas</word>
   <word id="word_479">.</word>
</words>
