<?xml version="1.0" encoding="UTF-8"?>
<!DOCTYPE words SYSTEM "words.dtd">
<words>
   <word id="word_1">HÁ</word>
   <word id="word_2">ALIMENTOS</word>
   <word id="word_3">que</word>
   <word id="word_4">têm</word>
   <word id="word_5">em_</word>
   <word id="word_6">a</word>
   <word id="word_7">sua</word>
   <word id="word_8">composição</word>
   <word id="word_9">várias</word>
   <word id="word_10">vitaminas</word>
   <word id="word_11">e</word>
   <word id="word_12">minerais</word>
   <word id="word_13">,</word>
   <word id="word_14">mas</word>
   <word id="word_15">não</word>
   <word id="word_16">há</word>
   <word id="word_17">alimento</word>
   <word id="word_18">nenhum</word>
   <word id="word_19">que</word>
   <word id="word_20">contenha</word>
   <word id="word_21">todos</word>
   <word id="word_22">estes</word>
   <word id="word_23">nutrientes</word>
   <word id="word_24">necessários</word>
   <word id="word_25">e</word>
   <word id="word_26">em_</word>
   <word id="word_27">as</word>
   <word id="word_28">quantidades</word>
   <word id="word_29">adequadas</word>
   <word id="word_30">:</word>
   <word id="word_31">esta</word>
   <word id="word_32">é</word>
   <word id="word_33">uma</word>
   <word id="word_34">de_</word>
   <word id="word_35">as</word>
   <word id="word_36">razões</word>
   <word id="word_37">porque</word>
   <word id="word_38">o</word>
   <word id="word_39">homem</word>
   <word id="word_40">deve</word>
   <word id="word_41">e</word>
   <word id="word_42">tem</word>
   <word id="word_43">de</word>
   <word id="word_44">comer</word>
   <word id="word_45">,</word>
   <word id="word_46">por</word>
   <word id="word_47">dia</word>
   <word id="word_48">,</word>
   <word id="word_49">vários</word>
   <word id="word_50">alimentos</word>
   <word id="word_51">diferentes</word>
   <word id="word_52">,</word>
   <word id="word_53">em</word>
   <word id="word_54">quantidades</word>
   <word id="word_55">diferentes</word>
   <word id="word_56">,</word>
   <word id="word_57">para</word>
   <word id="word_58">que</word>
   <word id="word_59">em_</word>
   <word id="word_60">o</word>
   <word id="word_61">conjunto</word>
   <word id="word_62">desses</word>
   <word id="word_63">alimentos</word>
   <word id="word_64">encontre</word>
   <word id="word_65">tudo</word>
   <word id="word_66">o</word>
   <word id="word_67">que</word>
   <word id="word_68">precisa</word>
   <word id="word_69">ou</word>
   <word id="word_70">seja</word>
   <word id="word_71">cerca</word>
   <word id="word_72">de</word>
   <word id="word_73">52</word>
   <word id="word_74">nutrientes</word>
   <word id="word_75">diferentes</word>
   <word id="word_76">que</word>
   <word id="word_77">devem</word>
   <word id="word_78">fazer</word>
   <word id="word_79">parte</word>
   <word id="word_80">de_</word>
   <word id="word_81">a</word>
   <word id="word_82">sua</word>
   <word id="word_83">alimentação</word>
   <word id="word_84">,</word>
   <word id="word_85">para</word>
   <word id="word_86">que</word>
   <word id="word_87">esta</word>
   <word id="word_88">se</word>
   <word id="word_89">possa</word>
   <word id="word_90">chamar</word>
   <word id="word_91">de</word>
   <word id="word_92">alimentação</word>
   <word id="word_93">racional</word>
   <word id="word_94">ou</word>
   <word id="word_95">correcta</word>
   <word id="word_96">.</word>
   <word id="word_97">É</word>
   <word id="word_98">evidente</word>
   <word id="word_99">que</word>
   <word id="word_100">de_</word>
   <word id="word_101">os</word>
   <word id="word_102">nutrientes</word>
   <word id="word_103">-</word>
   <word id="word_104">vitaminas</word>
   <word id="word_105">e</word>
   <word id="word_106">minerais</word>
   <word id="word_107">-</word>
   <word id="word_108">só</word>
   <word id="word_109">iremos</word>
   <word id="word_110">falar</word>
   <word id="word_111">em_</word>
   <word id="word_112">os</word>
   <word id="word_113">mais</word>
   <word id="word_114">importantes</word>
   <word id="word_115">.</word>
   <word id="word_116">As</word>
   <word id="word_117">vitaminas</word>
   <word id="word_118">são</word>
   <word id="word_119">substâncias</word>
   <word id="word_120">que</word>
   <word id="word_121">ou</word>
   <word id="word_122">se</word>
   <word id="word_123">dissolvem</word>
   <word id="word_124">em_</word>
   <word id="word_125">as</word>
   <word id="word_126">gorduras</word>
   <word id="word_127">e</word>
   <word id="word_128">por</word>
   <word id="word_129">isso</word>
   <word id="word_130">são</word>
   <word id="word_131">chamadas</word>
   <word id="word_132">lipossolúveis</word>
   <word id="word_133">,</word>
   <word id="word_134">ou</word>
   <word id="word_135">se</word>
   <word id="word_136">dissolvem</word>
   <word id="word_137">em_</word>
   <word id="word_138">a</word>
   <word id="word_139">água</word>
   <word id="word_140">e</word>
   <word id="word_141">por</word>
   <word id="word_142">isso</word>
   <word id="word_143">são</word>
   <word id="word_144">chamadas</word>
   <word id="word_145">hidrossolúveis</word>
   <word id="word_146">.</word>
   <word id="word_147">Entre</word>
   <word id="word_148">as</word>
   <word id="word_149">lipossolúveis</word>
   <word id="word_150">temos</word>
   <word id="word_151">as</word>
   <word id="word_152">vitaminas</word>
   <word id="word_153">A</word>
   <word id="word_154">,</word>
   <word id="word_155">D</word>
   <word id="word_156">,</word>
   <word id="word_157">E</word>
   <word id="word_158">,</word>
   <word id="word_159">K</word>
   <word id="word_160">e</word>
   <word id="word_161">,</word>
   <word id="word_162">em_</word>
   <word id="word_163">as</word>
   <word id="word_164">hidrossolúveis</word>
   <word id="word_165">o</word>
   <word id="word_166">grupo</word>
   <word id="word_167">de_</word>
   <word id="word_168">as</word>
   <word id="word_169">B1</word>
   <word id="word_170">,</word>
   <word id="word_171">B2</word>
   <word id="word_172">,</word>
   <word id="word_173">PP</word>
   <word id="word_174">,</word>
   <word id="word_175">B12</word>
   <word id="word_176">,</word>
   <word id="word_177">C</word>
   <word id="word_178">.</word>
   <word id="word_179">Poucos</word>
   <word id="word_180">alimentos</word>
   <word id="word_181">existem</word>
   <word id="word_182">que</word>
   <word id="word_183">contenham</word>
   <word id="word_184">vitamina</word>
   <word id="word_185">A</word>
   <word id="word_186">.</word>
   <word id="word_187">Entre</word>
   <word id="word_188">estes</word>
   <word id="word_189">,</word>
   <word id="word_190">de</word>
   <word id="word_191">assinalar</word>
   <word id="word_192">os</word>
   <word id="word_193">óleos</word>
   <word id="word_194">de</word>
   <word id="word_195">fígado</word>
   <word id="word_196">de</word>
   <word id="word_197">peixe</word>
   <word id="word_198">,</word>
   <word id="word_199">o</word>
   <word id="word_200">leite</word>
   <word id="word_201">,</word>
   <word id="word_202">a</word>
   <word id="word_203">gema</word>
   <word id="word_204">de</word>
   <word id="word_205">ovo</word>
   <word id="word_206">,</word>
   <word id="word_207">a</word>
   <word id="word_208">manteiga</word>
   <word id="word_209">e</word>
   <word id="word_210">o</word>
   <word id="word_211">fígado</word>
   <word id="word_212">de</word>
   <word id="word_213">boi</word>
   <word id="word_214">e</word>
   <word id="word_215">porco</word>
   <word id="word_216">.</word>
   <word id="word_217">Há</word>
   <word id="word_218">em_</word>
   <word id="word_219">o</word>
   <word id="word_220">entanto</word>
   <word id="word_221">,</word>
   <word id="word_222">muitos</word>
   <word id="word_223">outros</word>
   <word id="word_224">alimentos</word>
   <word id="word_225">que</word>
   <word id="word_226">contêm</word>
   <word id="word_227">substâncias</word>
   <word id="word_228">que</word>
   <word id="word_229">o</word>
   <word id="word_230">organismo</word>
   <word id="word_231">humano</word>
   <word id="word_232">é</word>
   <word id="word_233">capaz</word>
   <word id="word_234">de</word>
   <word id="word_235">transformar</word>
   <word id="word_236">em</word>
   <word id="word_237">vitamina</word>
   <word id="word_238">A</word>
   <word id="word_239">e</word>
   <word id="word_240">que</word>
   <word id="word_241">se</word>
   <word id="word_242">chamam</word>
   <word id="word_243">carotenos</word>
   <word id="word_244">.</word>
   <word id="word_245">Estas</word>
   <word id="word_246">substâncias</word>
   <word id="word_247">existem</word>
   <word id="word_248">principalmente</word>
   <word id="word_249">em</word>
   <word id="word_250">alimentos</word>
   <word id="word_251">vegetais</word>
   <word id="word_252">fortemente</word>
   <word id="word_253">corados</word>
   <word id="word_254">(</word>
   <word id="word_255">cenouras</word>
   <word id="word_256">,</word>
   <word id="word_257">coves</word>
   <word id="word_258">,</word>
   <word id="word_259">espinafres</word>
   <word id="word_260">,</word>
   <word id="word_261">tomates</word>
   <word id="word_262">,</word>
   <word id="word_263">frutos</word>
   <word id="word_264">amarelos</word>
   <word id="word_265">e</word>
   <word id="word_266">vermelhos</word>
   <word id="word_267">,</word>
   <word id="word_268">etc</word>
   <word id="word_269">)</word>
   <word id="word_270">.</word>
   <word id="word_271">Quando</word>
   <word id="word_272">cozinhamos</word>
   <word id="word_273">os</word>
   <word id="word_274">alimentos</word>
   <word id="word_275">a</word>
   <word id="word_276">temperaturas</word>
   <word id="word_277">,</word>
   <word id="word_278">muito</word>
   <word id="word_279">altas</word>
   <word id="word_280">e</word>
   <word id="word_281">demoradamente</word>
   <word id="word_282">,</word>
   <word id="word_283">em</word>
   <word id="word_284">recipientes</word>
   <word id="word_285">abertos</word>
   <word id="word_286">,</word>
   <word id="word_287">em</word>
   <word id="word_288">contacto</word>
   <word id="word_289">com</word>
   <word id="word_290">o</word>
   <word id="word_291">ar</word>
   <word id="word_292">,</word>
   <word id="word_293">há</word>
   <word id="word_294">perdas</word>
   <word id="word_295">grandes</word>
   <word id="word_296">,</word>
   <word id="word_297">quer</word>
   <word id="word_298">de</word>
   <word id="word_299">vitamina</word>
   <word id="word_300">A</word>
   <word id="word_301">quer</word>
   <word id="word_302">de</word>
   <word id="word_303">carotenos</word>
   <word id="word_304">.</word>
   <word id="word_305">Por</word>
   <word id="word_306">isso</word>
   <word id="word_307">a</word>
   <word id="word_308">panela</word>
   <word id="word_309">de</word>
   <word id="word_310">pressão</word>
   <word id="word_311">que</word>
   <word id="word_312">cozinha</word>
   <word id="word_313">rapidamente</word>
   <word id="word_314">e</word>
   <word id="word_315">a_</word>
   <word id="word_316">o</word>
   <word id="word_317">abrigo</word>
   <word id="word_318">de_</word>
   <word id="word_319">o</word>
   <word id="word_320">ar</word>
   <word id="word_321">,</word>
   <word id="word_322">é</word>
   <word id="word_323">um</word>
   <word id="word_324">bom</word>
   <word id="word_325">utensílio</word>
   <word id="word_326">pois</word>
   <word id="word_327">há</word>
   <word id="word_328">pequena</word>
   <word id="word_329">destruição</word>
   <word id="word_330">de_</word>
   <word id="word_331">as</word>
   <word id="word_332">vitaminas</word>
   <word id="word_333">em</word>
   <word id="word_334">causa</word>
   <word id="word_335">,</word>
   <word id="word_336">digamos</word>
   <word id="word_337">de</word>
   <word id="word_338">um</word>
   <word id="word_339">modo</word>
   <word id="word_340">geral</word>
   <word id="word_341">de</word>
   <word id="word_342">todas</word>
   <word id="word_343">as</word>
   <word id="word_344">vitaminas</word>
   <word id="word_345">.</word>
   <word id="word_346">As</word>
   <word id="word_347">necessidades</word>
   <word id="word_348">diárias</word>
   <word id="word_349">vão</word>
   <word id="word_350">de</word>
   <word id="word_351">1500</word>
   <word id="word_352">unidades</word>
   <word id="word_353">internacionais</word>
   <word id="word_354">para</word>
   <word id="word_355">crianças</word>
   <word id="word_356">até</word>
   <word id="word_357">8000</word>
   <word id="word_358">em_</word>
   <word id="word_359">a</word>
   <word id="word_360">mulher</word>
   <word id="word_361">em</word>
   <word id="word_362">aleitamento</word>
   <word id="word_363">.</word>
   <word id="word_364">Para</word>
   <word id="word_365">jovens</word>
   <word id="word_366">e</word>
   <word id="word_367">adultos</word>
   <word id="word_368">as</word>
   <word id="word_369">necessidades</word>
   <word id="word_370">médias</word>
   <word id="word_371">são</word>
   <word id="word_372">de_</word>
   <word id="word_373">a</word>
   <word id="word_374">ordem</word>
   <word id="word_375">de_</word>
   <word id="word_376">as</word>
   <word id="word_377">5000</word>
   <word id="word_378">U.I</word>
   <word id="word_379">.</word>
   <word id="word_380">.</word>
   <word id="word_381">Quando</word>
   <word id="word_382">se</word>
   <word id="word_383">ingere</word>
   <word id="word_384">vitamina</word>
   <word id="word_385">A</word>
   <word id="word_386">ou</word>
   <word id="word_387">carotenos</word>
   <word id="word_388">em</word>
   <word id="word_389">quantidades</word>
   <word id="word_390">muito</word>
   <word id="word_391">inferiores</word>
   <word id="word_392">a_</word>
   <word id="word_393">o</word>
   <word id="word_394">necessário</word>
   <word id="word_395">podem</word>
   <word id="word_396">surgir</word>
   <word id="word_397">lesões</word>
   <word id="word_398">a</word>
   <word id="word_399">nível</word>
   <word id="word_400">:</word>
   <word id="word_401">de_</word>
   <word id="word_402">os</word>
   <word id="word_403">olhos</word>
   <word id="word_404">-</word>
   <word id="word_405">úlceras</word>
   <word id="word_406">em_</word>
   <word id="word_407">os</word>
   <word id="word_408">olhos</word>
   <word id="word_409">que</word>
   <word id="word_410">podem</word>
   <word id="word_411">levar</word>
   <word id="word_412">a</word>
   <word id="word_413">cegueira</word>
   <word id="word_414">.</word>
   <word id="word_415">Dificuldades</word>
   <word id="word_416">de</word>
   <word id="word_417">adaptação</word>
   <word id="word_418">a_</word>
   <word id="word_419">as</word>
   <word id="word_420">grandes</word>
   <word id="word_421">variações</word>
   <word id="word_422">de</word>
   <word id="word_423">luminosidade</word>
   <word id="word_424">,</word>
   <word id="word_425">(</word>
   <word id="word_426">cegueira</word>
   <word id="word_427">noturna</word>
   <word id="word_428">)</word>
   <word id="word_429">.</word>
   <word id="word_430">Dificuldades</word>
   <word id="word_431">de</word>
   <word id="word_432">distinguir</word>
   <word id="word_433">certas</word>
   <word id="word_434">cores</word>
   <word id="word_435">especialmente</word>
   <word id="word_436">o</word>
   <word id="word_437">azul</word>
   <word id="word_438">.</word>
   <word id="word_439">de_</word>
   <word id="word_440">a</word>
   <word id="word_441">pele</word>
   <word id="word_442">-</word>
   <word id="word_443">A</word>
   <word id="word_444">pele</word>
   <word id="word_445">torna</word>
   <word id="word_446">-se</word>
   <word id="word_447">rugosa</word>
   <word id="word_448">e</word>
   <word id="word_449">seca</word>
   <word id="word_450">,</word>
   <word id="word_451">descasca</word>
   <word id="word_452">facilmente</word>
   <word id="word_453">e</word>
   <word id="word_454">fica</word>
   <word id="word_455">mais</word>
   <word id="word_456">escura</word>
   <word id="word_457">.</word>
   <word id="word_458">de_</word>
   <word id="word_459">as</word>
   <word id="word_460">mucosas</word>
   <word id="word_461">-</word>
   <word id="word_462">As</word>
   <word id="word_463">mucosas</word>
   <word id="word_464">,</word>
   <word id="word_465">que</word>
   <word id="word_466">não</word>
   <word id="word_467">são</word>
   <word id="word_468">mais</word>
   <word id="word_469">de_</word>
   <word id="word_470">o</word>
   <word id="word_471">que</word>
   <word id="word_472">um</word>
   <word id="word_473">tipo</word>
   <word id="word_474">especial</word>
   <word id="word_475">de</word>
   <word id="word_476">pele</word>
   <word id="word_477">que</word>
   <word id="word_478">forra</word>
   <word id="word_479">o</word>
   <word id="word_480">interior</word>
   <word id="word_481">de_</word>
   <word id="word_482">a</word>
   <word id="word_483">boca</word>
   <word id="word_484">,</word>
   <word id="word_485">tubo</word>
   <word id="word_486">digestivo</word>
   <word id="word_487">,</word>
   <word id="word_488">brônquios</word>
   <word id="word_489">,</word>
   <word id="word_490">etc</word>
   <word id="word_491">.</word>
   <word id="word_492">,</word>
   <word id="word_493">ficam</word>
   <word id="word_494">mais</word>
   <word id="word_495">grossas</word>
   <word id="word_496">,</word>
   <word id="word_497">começam</word>
   <word id="word_498">a</word>
   <word id="word_499">descamar</word>
   <word id="word_500">e</word>
   <word id="word_501">acabam</word>
   <word id="word_502">por</word>
   <word id="word_503">abrir</word>
   <word id="word_504">fendas</word>
   <word id="word_505">e</word>
   <word id="word_506">permitir</word>
   <word id="word_507">a</word>
   <word id="word_508">entrada</word>
   <word id="word_509">mais</word>
   <word id="word_510">fácil</word>
   <word id="word_511">de_</word>
   <word id="word_512">os</word>
   <word id="word_513">micróbios</word>
   <word id="word_514">,</word>
   <word id="word_515">dando</word>
   <word id="word_516">-se</word>
   <word id="word_517">infecções</word>
   <word id="word_518">graves</word>
   <word id="word_519">como</word>
   <word id="word_520">,</word>
   <word id="word_521">por</word>
   <word id="word_522">exemplo</word>
   <word id="word_523">;</word>
   <word id="word_524">broncopneumonias</word>
   <word id="word_525">em</word>
   <word id="word_526">crianças</word>
   <word id="word_527">.</word>
   <word id="word_528">de_</word>
   <word id="word_529">os</word>
   <word id="word_530">dentes</word>
   <word id="word_531">-</word>
   <word id="word_532">Dificuldade</word>
   <word id="word_533">em_</word>
   <word id="word_534">a</word>
   <word id="word_535">formação</word>
   <word id="word_536">em_</word>
   <word id="word_537">o</word>
   <word id="word_538">esmalte</word>
   <word id="word_539">de_</word>
   <word id="word_540">os</word>
   <word id="word_541">dentes</word>
   <word id="word_542">.</word>
   <word id="word_543">Podem</word>
   <word id="word_544">também</word>
   <word id="word_545">verificar</word>
   <word id="word_546">-se</word>
   <word id="word_547">dificuldades</word>
   <word id="word_548">de</word>
   <word id="word_549">crescimento</word>
   <word id="word_550">.</word>
   <word id="word_551">Situações</word>
   <word id="word_552">de</word>
   <word id="word_553">bócio</word>
   <word id="word_554">são</word>
   <word id="word_555">mais</word>
   <word id="word_556">frequentes</word>
   <word id="word_557">em</word>
   <word id="word_558">pessoas</word>
   <word id="word_559">que</word>
   <word id="word_560">não</word>
   <word id="word_561">ingerem</word>
   <word id="word_562">vitamina</word>
   <word id="word_563">A</word>
   <word id="word_564">ou</word>
   <word id="word_565">carotenos</word>
   <word id="word_566">,</word>
   <word id="word_567">em</word>
   <word id="word_568">quantidade</word>
   <word id="word_569">suficiente</word>
   <word id="word_570">.</word>
   <word id="word_571">A</word>
   <word id="word_572">incidência</word>
   <word id="word_573">de_</word>
   <word id="word_574">o</word>
   <word id="word_575">cancro</word>
   <word id="word_576">de_</word>
   <word id="word_577">o</word>
   <word id="word_578">pulmão</word>
   <word id="word_579">em</word>
   <word id="word_580">grandes</word>
   <word id="word_581">fumadores</word>
   <word id="word_582">que</word>
   <word id="word_583">têm</word>
   <word id="word_584">carências</word>
   <word id="word_585">de</word>
   <word id="word_586">Vitamina</word>
   <word id="word_587">A</word>
   <word id="word_588">é</word>
   <word id="word_589">superior</word>
   <word id="word_590">em</word>
   <word id="word_591">40%</word>
   <word id="word_592">a_</word>
   <word id="word_593">os</word>
   <word id="word_594">que</word>
   <word id="word_595">,</word>
   <word id="word_596">embora</word>
   <word id="word_597">grandes</word>
   <word id="word_598">fumadores</word>
   <word id="word_599">,</word>
   <word id="word_600">ingerem</word>
   <word id="word_601">doses</word>
   <word id="word_602">adequadas</word>
   <word id="word_603">de</word>
   <word id="word_604">vitamina</word>
   <word id="word_605">A</word>
   <word id="word_606">ou</word>
   <word id="word_607">carotenos</word>
   <word id="word_608">.</word>
   <word id="word_609">A</word>
   <word id="word_610">vitamina</word>
   <word id="word_611">A</word>
   <word id="word_612">parece</word>
   <word id="word_613">actuar</word>
   <word id="word_614">como</word>
   <word id="word_615">preventivo</word>
   <word id="word_616">de</word>
   <word id="word_617">aterosclerose</word>
   <word id="word_618">bem</word>
   <word id="word_619">como</word>
   <word id="word_620">intervir</word>
   <word id="word_621">em</word>
   <word id="word_622">certas</word>
   <word id="word_623">defesas</word>
   <word id="word_624">imunitárias</word>
   <word id="word_625">,</word>
   <word id="word_626">aumentando</word>
   <word id="word_627">-as</word>
   <word id="word_628">.</word>
   <word id="word_629">Associando</word>
   <word id="word_630">altas</word>
   <word id="word_631">doses</word>
   <word id="word_632">de</word>
   <word id="word_633">vitamina</word>
   <word id="word_634">A</word>
   <word id="word_635">a_</word>
   <word id="word_636">os</word>
   <word id="word_637">tratamentos</word>
   <word id="word_638">quimioterápicos</word>
   <word id="word_639">de</word>
   <word id="word_640">certos</word>
   <word id="word_641">tipos</word>
   <word id="word_642">de</word>
   <word id="word_643">tumores</word>
   <word id="word_644">malígnos</word>
   <word id="word_645">,</word>
   <word id="word_646">não</word>
   <word id="word_647">se</word>
   <word id="word_648">verificou</word>
   <word id="word_649">o</word>
   <word id="word_650">reaparecimento</word>
   <word id="word_651">de_</word>
   <word id="word_652">o</word>
   <word id="word_653">tumor</word>
   <word id="word_654">.</word>
   <word id="word_655">As</word>
   <word id="word_656">crianças</word>
   <word id="word_657">são</word>
   <word id="word_658">muito</word>
   <word id="word_659">sensíveis</word>
   <word id="word_660">a_</word>
   <word id="word_661">a</word>
   <word id="word_662">falta</word>
   <word id="word_663">de</word>
   <word id="word_664">vitamina</word>
   <word id="word_665">A</word>
   <word id="word_666">em_</word>
   <word id="word_667">a</word>
   <word id="word_668">sua</word>
   <word id="word_669">alimentação</word>
   <word id="word_670">,</word>
   <word id="word_671">por_</word>
   <word id="word_672">o</word>
   <word id="word_673">que</word>
   <word id="word_674">uma</word>
   <word id="word_675">refeição</word>
   <word id="word_676">por</word>
   <word id="word_677">semana</word>
   <word id="word_678">a_</word>
   <word id="word_679">a</word>
   <word id="word_680">base</word>
   <word id="word_681">de</word>
   <word id="word_682">fígado</word>
   <word id="word_683">é</word>
   <word id="word_684">de</word>
   <word id="word_685">recomendar</word>
   <word id="word_686">.</word>
   <word id="word_687">São</word>
   <word id="word_688">três</word>
   <word id="word_689">as</word>
   <word id="word_690">principais</word>
   <word id="word_691">causas</word>
   <word id="word_692">que</word>
   <word id="word_693">podem</word>
   <word id="word_694">levar</word>
   <word id="word_695">a</word>
   <word id="word_696">carências</word>
   <word id="word_697">(</word>
   <word id="word_698">faltas</word>
   <word id="word_699">)</word>
   <word id="word_700">de</word>
   <word id="word_701">vitamina</word>
   <word id="word_702">A</word>
   <word id="word_703">:</word>
   <word id="word_704">-</word>
   <word id="word_705">Ingerir</word>
   <word id="word_706">muito</word>
   <word id="word_707">poucos</word>
   <word id="word_708">alimentos</word>
   <word id="word_709">que</word>
   <word id="word_710">contenham</word>
   <word id="word_711">vitamina</word>
   <word id="word_712">A</word>
   <word id="word_713">ou</word>
   <word id="word_714">carotenos</word>
   <word id="word_715">e</word>
   <word id="word_716">mesmo</word>
   <word id="word_717">esses</word>
   <word id="word_718">poucos</word>
   <word id="word_719">em</word>
   <word id="word_720">pequena</word>
   <word id="word_721">quantidade</word>
   <word id="word_722">.</word>
   <word id="word_723">-</word>
   <word id="word_724">Má</word>
   <word id="word_725">absorção</word>
   <word id="word_726">a</word>
   <word id="word_727">nível</word>
   <word id="word_728">de_</word>
   <word id="word_729">o</word>
   <word id="word_730">intestino</word>
   <word id="word_731">.</word>
   <word id="word_732">-</word>
   <word id="word_733">Dificuldades</word>
   <word id="word_734">de_</word>
   <word id="word_735">o</word>
   <word id="word_736">caroteno</word>
   <word id="word_737">em</word>
   <word id="word_738">se</word>
   <word id="word_739">transformar</word>
   <word id="word_740">em</word>
   <word id="word_741">vitamina</word>
   <word id="word_742">A</word>
   <word id="word_743">por</word>
   <word id="word_744">existirem</word>
   <word id="word_745">doenças</word>
   <word id="word_746">hepáticas</word>
   <word id="word_747">.</word>
   <word id="word_748">A</word>
   <word id="word_749">vitamina</word>
   <word id="word_750">A</word>
   <word id="word_751">administrada</word>
   <word id="word_752">sob</word>
   <word id="word_753">a</word>
   <word id="word_754">forma</word>
   <word id="word_755">de</word>
   <word id="word_756">medicamento</word>
   <word id="word_757">,</word>
   <word id="word_758">em</word>
   <word id="word_759">excesso</word>
   <word id="word_760">e</word>
   <word id="word_761">prolongadamente</word>
   <word id="word_762">,</word>
   <word id="word_763">principalmente</word>
   <word id="word_764">em</word>
   <word id="word_765">crianças</word>
   <word id="word_766">,</word>
   <word id="word_767">pode</word>
   <word id="word_768">provocar</word>
   <word id="word_769">situações</word>
   <word id="word_770">graves</word>
   <word id="word_771">.</word>
   <word id="word_772">A</word>
   <word id="word_773">vitamina</word>
   <word id="word_774">D</word>
   <word id="word_775">existe</word>
   <word id="word_776">em_</word>
   <word id="word_777">os</word>
   <word id="word_778">óleos</word>
   <word id="word_779">de</word>
   <word id="word_780">fígado</word>
   <word id="word_781">de</word>
   <word id="word_782">peixes</word>
   <word id="word_783">,</word>
   <word id="word_784">leite</word>
   <word id="word_785">,</word>
   <word id="word_786">ovos</word>
   <word id="word_787">,</word>
   <word id="word_788">manteiga</word>
   <word id="word_789">,</word>
   <word id="word_790">queijo</word>
   <word id="word_791">e</word>
   <word id="word_792">fígado</word>
   <word id="word_793">.</word>
   <word id="word_794">Também</word>
   <word id="word_795">em_</word>
   <word id="word_796">a</word>
   <word id="word_797">natureza</word>
   <word id="word_798">existem</word>
   <word id="word_799">outras</word>
   <word id="word_800">substâncias</word>
   <word id="word_801">,</word>
   <word id="word_802">tal</word>
   <word id="word_803">como</word>
   <word id="word_804">para</word>
   <word id="word_805">vitamina</word>
   <word id="word_806">A</word>
   <word id="word_807">,</word>
   <word id="word_808">chamadas</word>
   <word id="word_809">protovitaminas</word>
   <word id="word_810">que</word>
   <word id="word_811">o</word>
   <word id="word_812">organismo</word>
   <word id="word_813">transforma</word>
   <word id="word_814">em</word>
   <word id="word_815">vitamina</word>
   <word id="word_816">D</word>
   <word id="word_817">e</word>
   <word id="word_818">que</word>
   <word id="word_819">se</word>
   <word id="word_820">chamam</word>
   <word id="word_821">esteróis</word>
   <word id="word_822">.</word>
   <word id="word_823">A</word>
   <word id="word_824">principal</word>
   <word id="word_825">fonte</word>
   <word id="word_826">de</word>
   <word id="word_827">vitamina</word>
   <word id="word_828">D</word>
   <word id="word_829">para</word>
   <word id="word_830">a</word>
   <word id="word_831">raça</word>
   <word id="word_832">humana</word>
   <word id="word_833">provém</word>
   <word id="word_834">de_</word>
   <word id="word_835">a</word>
   <word id="word_836">transformação</word>
   <word id="word_837">a_</word>
   <word id="word_838">o</word>
   <word id="word_839">nível</word>
   <word id="word_840">de_</word>
   <word id="word_841">a</word>
   <word id="word_842">pele</word>
   <word id="word_843">por_</word>
   <word id="word_844">os</word>
   <word id="word_845">raios</word>
   <word id="word_846">de_</word>
   <word id="word_847">o</word>
   <word id="word_848">Sol</word>
   <word id="word_849">de</word>
   <word id="word_850">um</word>
   <word id="word_851">composto</word>
   <word id="word_852">ali</word>
   <word id="word_853">existente</word>
   <word id="word_854">,</word>
   <word id="word_855">que</word>
   <word id="word_856">por</word>
   <word id="word_857">sua</word>
   <word id="word_858">vez</word>
   <word id="word_859">é</word>
   <word id="word_860">levado</word>
   <word id="word_861">a_</word>
   <word id="word_862">o</word>
   <word id="word_863">fígado</word>
   <word id="word_864">e</word>
   <word id="word_865">depois</word>
   <word id="word_866">a_</word>
   <word id="word_867">o</word>
   <word id="word_868">rim</word>
   <word id="word_869">acabando</word>
   <word id="word_870">por</word>
   <word id="word_871">dar</word>
   <word id="word_872">aí</word>
   <word id="word_873">a</word>
   <word id="word_874">vitamina</word>
   <word id="word_875">D</word>
   <word id="word_876">activa</word>
   <word id="word_877">que</word>
   <word id="word_878">necessitamos</word>
   <word id="word_879">.</word>
   <word id="word_880">As</word>
   <word id="word_881">necessidades</word>
   <word id="word_882">vão</word>
   <word id="word_883">de</word>
   <word id="word_884">400</word>
   <word id="word_885">unidades</word>
   <word id="word_886">internacionais</word>
   <word id="word_887">em</word>
   <word id="word_888">lactentes</word>
   <word id="word_889">até</word>
   <word id="word_890">600</word>
   <word id="word_891">unidades</word>
   <word id="word_892">internacionais</word>
   <word id="word_893">em_</word>
   <word id="word_894">a</word>
   <word id="word_895">mulher</word>
   <word id="word_896">grávida</word>
   <word id="word_897">.</word>
   <word id="word_898">A</word>
   <word id="word_899">falta</word>
   <word id="word_900">de</word>
   <word id="word_901">vitamina</word>
   <word id="word_902">D</word>
   <word id="word_903">em_</word>
   <word id="word_904">o</word>
   <word id="word_905">organismo</word>
   <word id="word_906">é</word>
   <word id="word_907">,</word>
   <word id="word_908">em_</word>
   <word id="word_909">a</word>
   <word id="word_910">maioria</word>
   <word id="word_911">de_</word>
   <word id="word_912">os</word>
   <word id="word_913">casos</word>
   <word id="word_914">,</word>
   <word id="word_915">devido</word>
   <word id="word_916">a_</word>
   <word id="word_917">as</word>
   <word id="word_918">pessoas</word>
   <word id="word_919">não</word>
   <word id="word_920">apanharem</word>
   <word id="word_921">sol</word>
   <word id="word_922">com</word>
   <word id="word_923">conta</word>
   <word id="word_924">peso</word>
   <word id="word_925">e</word>
   <word id="word_926">medida</word>
   <word id="word_927">(</word>
   <word id="word_928">atenção</word>
   <word id="word_929">:</word>
   <word id="word_930">o</word>
   <word id="word_931">excesso</word>
   <word id="word_932">de</word>
   <word id="word_933">sol</word>
   <word id="word_934">pode</word>
   <word id="word_935">provocar</word>
   <word id="word_936">graves</word>
   <word id="word_937">lesões</word>
   <word id="word_938">cutâneas</word>
   <word id="word_939">)</word>
   <word id="word_940">;</word>
   <word id="word_941">essa</word>
   <word id="word_942">falta</word>
   <word id="word_943">traduz</word>
   <word id="word_944">-se</word>
   <word id="word_945">:</word>
   <word id="word_946">A</word>
   <word id="word_947">nível</word>
   <word id="word_948">de_</word>
   <word id="word_949">os</word>
   <word id="word_950">ossos</word>
   <word id="word_951">-</word>
   <word id="word_952">por</word>
   <word id="word_953">raquitismo</word>
   <word id="word_954">de_</word>
   <word id="word_955">a</word>
   <word id="word_956">criança</word>
   <word id="word_957">,</word>
   <word id="word_958">de_</word>
   <word id="word_959">o</word>
   <word id="word_960">adulto</word>
   <word id="word_961">(</word>
   <word id="word_962">osteomalacia</word>
   <word id="word_963">)</word>
   <word id="word_964">ou</word>
   <word id="word_965">de_</word>
   <word id="word_966">a</word>
   <word id="word_967">terceira</word>
   <word id="word_968">idade</word>
   <word id="word_969">(</word>
   <word id="word_970">osteoporose</word>
   <word id="word_971">)</word>
   <word id="word_972">;</word>
   <word id="word_973">A</word>
   <word id="word_974">nível</word>
   <word id="word_975">de_</word>
   <word id="word_976">os</word>
   <word id="word_977">dentes</word>
   <word id="word_978">-</word>
   <word id="word_979">por</word>
   <word id="word_980">facilitar</word>
   <word id="word_981">o</word>
   <word id="word_982">aparecimento</word>
   <word id="word_983">de_</word>
   <word id="word_984">a</word>
   <word id="word_985">cárie</word>
   <word id="word_986">dentária</word>
   <word id="word_987">;</word>
   <word id="word_988">A</word>
   <word id="word_989">nível</word>
   <word id="word_990">de_</word>
   <word id="word_991">os</word>
   <word id="word_992">vasos</word>
   <word id="word_993">-</word>
   <word id="word_994">como</word>
   <word id="word_995">factor</word>
   <word id="word_996">de</word>
   <word id="word_997">risco</word>
   <word id="word_998">de_</word>
   <word id="word_999">a</word>
   <word id="word_1000">etiopatogenia</word>
   <word id="word_1001">de_</word>
   <word id="word_1002">a</word>
   <word id="word_1003">ateroesclerose</word>
   <word id="word_1004">.</word>
   <word id="word_1005">O</word>
   <word id="word_1006">excesso</word>
   <word id="word_1007">de</word>
   <word id="word_1008">vitamina</word>
   <word id="word_1009">D</word>
   <word id="word_1010">medicamentosa</word>
   <word id="word_1011">pode</word>
   <word id="word_1012">,</word>
   <word id="word_1013">principalmente</word>
   <word id="word_1014">em</word>
   <word id="word_1015">crianças</word>
   <word id="word_1016">,</word>
   <word id="word_1017">criar</word>
   <word id="word_1018">situações</word>
   <word id="word_1019">graves</word>
   <word id="word_1020">.</word>
</words>
