<?xml version="1.0" encoding="UTF-8"?>
<!DOCTYPE words SYSTEM "words.dtd">
<words>
   <word id="word_1">FACTORES</word>
   <word id="word_2">de</word>
   <word id="word_3">crescimento</word>
   <word id="word_4">hematológico</word>
   <word id="word_5">favorecem</word>
   <word id="word_6">a</word>
   <word id="word_7">produção</word>
   <word id="word_8">de</word>
   <word id="word_9">células</word>
   <word id="word_10">em</word>
   <word id="word_11">doentes</word>
   <word id="word_12">com</word>
   <word id="word_13">cancro</word>
   <word id="word_14">,</word>
   <word id="word_15">Sida</word>
   <word id="word_16">e</word>
   <word id="word_17">deficiências</word>
   <word id="word_18">renais</word>
   <word id="word_19">;</word>
   <word id="word_20">tais</word>
   <word id="word_21">factores</word>
   <word id="word_22">estão</word>
   <word id="word_23">agora</word>
   <word id="word_24">a</word>
   <word id="word_25">ser</word>
   <word id="word_26">sujeitos</word>
   <word id="word_27">a</word>
   <word id="word_28">novos</word>
   <word id="word_29">testes</word>
   <word id="word_30">clínicos</word>
   <word id="word_31">.</word>
   <word id="word_32">Um</word>
   <word id="word_33">grupo</word>
   <word id="word_34">de</word>
   <word id="word_35">hormonas</word>
   <word id="word_36">,</word>
   <word id="word_37">recentemente</word>
   <word id="word_38">tornado</word>
   <word id="word_39">acessível</word>
   <word id="word_40">,</word>
   <word id="word_41">poderá</word>
   <word id="word_42">ter</word>
   <word id="word_43">um</word>
   <word id="word_44">papel</word>
   <word id="word_45">importante</word>
   <word id="word_46">em_</word>
   <word id="word_47">a</word>
   <word id="word_48">medicina</word>
   <word id="word_49">.</word>
   <word id="word_50">As</word>
   <word id="word_51">hormonas</word>
   <word id="word_52">,</word>
   <word id="word_53">chamadas</word>
   <word id="word_54">factores</word>
   <word id="word_55">de</word>
   <word id="word_56">crescimento</word>
   <word id="word_57">hematológico</word>
   <word id="word_58">,</word>
   <word id="word_59">podem</word>
   <word id="word_60">estimular</word>
   <word id="word_61">a</word>
   <word id="word_62">medula</word>
   <word id="word_63">óssea</word>
   <word id="word_64">a</word>
   <word id="word_65">produzir</word>
   <word id="word_66">glóbulos</word>
   <word id="word_67">vermelhos</word>
   <word id="word_68">ou</word>
   <word id="word_69">brancos</word>
   <word id="word_70">em</word>
   <word id="word_71">praticamente</word>
   <word id="word_72">qualquer</word>
   <word id="word_73">quantidade</word>
   <word id="word_74">desejada</word>
   <word id="word_75">.</word>
   <word id="word_76">Três</word>
   <word id="word_77">de_</word>
   <word id="word_78">essas</word>
   <word id="word_79">quatro</word>
   <word id="word_80">homonas</word>
   <word id="word_81">estão</word>
   <word id="word_82">agora</word>
   <word id="word_83">a</word>
   <word id="word_84">ser</word>
   <word id="word_85">testadas</word>
   <word id="word_86">em</word>
   <word id="word_87">centros</word>
   <word id="word_88">médicos</word>
   <word id="word_89">espalhados</word>
   <word id="word_90">por_</word>
   <word id="word_91">os</word>
   <word id="word_92">EUA</word>
   <word id="word_93">,</word>
   <word id="word_94">em</word>
   <word id="word_95">doentes</word>
   <word id="word_96">com</word>
   <word id="word_97">Sida</word>
   <word id="word_98">,</word>
   <word id="word_99">várias</word>
   <word id="word_100">formas</word>
   <word id="word_101">de</word>
   <word id="word_102">anemia</word>
   <word id="word_103">,</word>
   <word id="word_104">cancro</word>
   <word id="word_105">ou</word>
   <word id="word_106">que</word>
   <word id="word_107">tenham</word>
   <word id="word_108">sofrido</word>
   <word id="word_109">doentes</word>
   <word id="word_110">que</word>
   <word id="word_111">sofreram</word>
   <word id="word_112">transplantes</word>
   <word id="word_113">de_</word>
   <word id="word_114">a</word>
   <word id="word_115">medula</word>
   <word id="word_116">óssea</word>
   <word id="word_117">.</word>
   <word id="word_118">Os</word>
   <word id="word_119">primeiros</word>
   <word id="word_120">resultados</word>
   <word id="word_121">clínicos</word>
   <word id="word_122">com</word>
   <word id="word_123">seres</word>
   <word id="word_124">humanos</word>
   <word id="word_125">,</word>
   <word id="word_126">publicados</word>
   <word id="word_127">em</word>
   <word id="word_128">Janeiro</word>
   <word id="word_129">em_</word>
   <word id="word_130">o</word>
   <word id="word_131">New</word>
   <word id="word_132">England</word>
   <word id="word_133">Journal</word>
   <word id="word_134">of</word>
   <word id="word_135">Medicine</word>
   <word id="word_136">,</word>
   <word id="word_137">indicam</word>
   <word id="word_138">que</word>
   <word id="word_139">a</word>
   <word id="word_140">hormona</word>
   <word id="word_141">que</word>
   <word id="word_142">estimula</word>
   <word id="word_143">os</word>
   <word id="word_144">glóbulos</word>
   <word id="word_145">vermelhos</word>
   <word id="word_146">actua</word>
   <word id="word_147">bem</word>
   <word id="word_148">e</word>
   <word id="word_149">não</word>
   <word id="word_150">possui</word>
   <word id="word_151">,</word>
   <word id="word_152">em</word>
   <word id="word_153">geral</word>
   <word id="word_154">,</word>
   <word id="word_155">efeitos</word>
   <word id="word_156">secundário</word>
   <word id="word_157">,</word>
   <word id="word_158">Joseph</word>
   <word id="word_159">Eschbach</word>
   <word id="word_160">e</word>
   <word id="word_161">os</word>
   <word id="word_162">seus</word>
   <word id="word_163">colegas</word>
   <word id="word_164">de_</word>
   <word id="word_165">a</word>
   <word id="word_166">Universidade</word>
   <word id="word_167">de</word>
   <word id="word_168">Washington</word>
   <word id="word_169">,</word>
   <word id="word_170">em</word>
   <word id="word_171">Seatle</word>
   <word id="word_172">,</word>
   <word id="word_173">aplicaram</word>
   <word id="word_174">várias</word>
   <word id="word_175">doses</word>
   <word id="word_176">de</word>
   <word id="word_177">Erythropoietin</word>
   <word id="word_178">a</word>
   <word id="word_179">25</word>
   <word id="word_180">doentes</word>
   <word id="word_181">anémicos</word>
   <word id="word_182">e</word>
   <word id="word_183">relataram</word>
   <word id="word_184">que</word>
   <word id="word_185">todos</word>
   <word id="word_186">os</word>
   <word id="word_187">doentes</word>
   <word id="word_188">que</word>
   <word id="word_189">receberam</word>
   <word id="word_190">uma</word>
   <word id="word_191">dose</word>
   <word id="word_192">razoável</word>
   <word id="word_193">reagiram</word>
   <word id="word_194">bem</word>
   <word id="word_195">.</word>
   <word id="word_196">Doze</word>
   <word id="word_197">doentes</word>
   <word id="word_198">que</word>
   <word id="word_199">antes</word>
   <word id="word_200">de_</word>
   <word id="word_201">o</word>
   <word id="word_202">tratamento</word>
   <word id="word_203">necessitavam</word>
   <word id="word_204">de</word>
   <word id="word_205">transfusões</word>
   <word id="word_206">de</word>
   <word id="word_207">sangue</word>
   <word id="word_208">já</word>
   <word id="word_209">não</word>
   <word id="word_210">precisaram</word>
   <word id="word_211">mais</word>
   <word id="word_212">de_</word>
   <word id="word_213">elas</word>
   <word id="word_214">depois</word>
   <word id="word_215">de</word>
   <word id="word_216">terem</word>
   <word id="word_217">recebido</word>
   <word id="word_218">a</word>
   <word id="word_219">hormona</word>
   <word id="word_220">.</word>
   <word id="word_221">Os</word>
   <word id="word_222">resultados</word>
   <word id="word_223">de</word>
   <word id="word_224">todos</word>
   <word id="word_225">estes</word>
   <word id="word_226">três</word>
   <word id="word_227">estudos</word>
   <word id="word_228">recentes</word>
   <word id="word_229">são</word>
   <word id="word_230">coincidentes</word>
   <word id="word_231">com</word>
   <word id="word_232">os</word>
   <word id="word_233">de</word>
   <word id="word_234">estudos</word>
   <word id="word_235">anteriores</word>
   <word id="word_236">feitos</word>
   <word id="word_237">com</word>
   <word id="word_238">animais</word>
   <word id="word_239">,</word>
   <word id="word_240">incluindo</word>
   <word id="word_241">primatas</word>
   <word id="word_242">.</word>
   <word id="word_243">Mas</word>
   <word id="word_244">Groopman</word>
   <word id="word_245">refere</word>
   <word id="word_246">:</word>
   <word id="word_247">"</word>
   <word id="word_248">Até</word>
   <word id="word_249">se</word>
   <word id="word_250">testar</word>
   <word id="word_251">uma</word>
   <word id="word_252">substância</word>
   <word id="word_253">clinicamente</word>
   <word id="word_254">,</word>
   <word id="word_255">nunca</word>
   <word id="word_256">se</word>
   <word id="word_257">sabe</word>
   <word id="word_258">se</word>
   <word id="word_259">é</word>
   <word id="word_260">um</word>
   <word id="word_261">beco</word>
   <word id="word_262">sem</word>
   <word id="word_263">saída</word>
   <word id="word_264">ou</word>
   <word id="word_265">um</word>
   <word id="word_266">sucesso</word>
   <word id="word_267">.</word>
   <word id="word_268">"</word>
   <word id="word_269">Se</word>
   <word id="word_270">os</word>
   <word id="word_271">resultados</word>
   <word id="word_272">de_</word>
   <word id="word_273">os</word>
   <word id="word_274">estudos</word>
   <word id="word_275">que</word>
   <word id="word_276">estão</word>
   <word id="word_277">a</word>
   <word id="word_278">ser</word>
   <word id="word_279">feitos</word>
   <word id="word_280">continuarem</word>
   <word id="word_281">positivos</word>
   <word id="word_282">,</word>
   <word id="word_283">há</word>
   <word id="word_284">um</word>
   <word id="word_285">número</word>
   <word id="word_286">de</word>
   <word id="word_287">aplicações</word>
   <word id="word_288">clínicas</word>
   <word id="word_289">imediatas</word>
   <word id="word_290">para</word>
   <word id="word_291">os</word>
   <word id="word_292">factores</word>
   <word id="word_293">de</word>
   <word id="word_294">crescimento</word>
   <word id="word_295">hematológico</word>
   <word id="word_296">.</word>
   <word id="word_297">Por</word>
   <word id="word_298">exemplo</word>
   <word id="word_299">,</word>
   <word id="word_300">as</word>
   <word id="word_301">hormonas</word>
   <word id="word_302">poderiam</word>
   <word id="word_303">transformar</word>
   <word id="word_304">os</word>
   <word id="word_305">bancos</word>
   <word id="word_306">de</word>
   <word id="word_307">sangue</word>
   <word id="word_308">.</word>
   <word id="word_309">Os</word>
   <word id="word_310">doentes</word>
   <word id="word_311">a_</word>
   <word id="word_312">a</word>
   <word id="word_313">espera</word>
   <word id="word_314">de</word>
   <word id="word_315">cirurgia</word>
   <word id="word_316">poderiam</word>
   <word id="word_317">tomar</word>
   <word id="word_318">Erythropoietin</word>
   <word id="word_319">,</word>
   <word id="word_320">que</word>
   <word id="word_321">estimula</word>
   <word id="word_322">a</word>
   <word id="word_323">produção</word>
   <word id="word_324">de</word>
   <word id="word_325">glóbulos</word>
   <word id="word_326">vermelhos</word>
   <word id="word_327">,</word>
   <word id="word_328">e</word>
   <word id="word_329">poderiam</word>
   <word id="word_330">doar</word>
   <word id="word_331">duas</word>
   <word id="word_332">vezes</word>
   <word id="word_333">mais</word>
   <word id="word_334">sangue</word>
   <word id="word_335">antes</word>
   <word id="word_336">de_</word>
   <word id="word_337">a</word>
   <word id="word_338">operação</word>
   <word id="word_339">de_</word>
   <word id="word_340">o</word>
   <word id="word_341">que</word>
   <word id="word_342">o</word>
   <word id="word_343">que</word>
   <word id="word_344">podem</word>
   <word id="word_345">fazer</word>
   <word id="word_346">presentemente</word>
   <word id="word_347">.</word>
   <word id="word_348">Depois</word>
   <word id="word_349">de</word>
   <word id="word_350">uma</word>
   <word id="word_351">operação</word>
   <word id="word_352">cirúrgica</word>
   <word id="word_353">,</word>
   <word id="word_354">os</word>
   <word id="word_355">doentes</word>
   <word id="word_356">poderiam</word>
   <word id="word_357">tomar</word>
   <word id="word_358">Erythropoietin</word>
   <word id="word_359">para</word>
   <word id="word_360">apressar</word>
   <word id="word_361">a</word>
   <word id="word_362">recuperação</word>
   <word id="word_363">depois</word>
   <word id="word_364">de</word>
   <word id="word_365">uma</word>
   <word id="word_366">perda</word>
   <word id="word_367">de</word>
   <word id="word_368">sangue</word>
   <word id="word_369">em_</word>
   <word id="word_370">a</word>
   <word id="word_371">operação</word>
   <word id="word_372">.</word>
   <word id="word_373">Às</word>
   <word id="word_374">hormonas</word>
   <word id="word_375">que</word>
   <word id="word_376">estimulam</word>
   <word id="word_377">a</word>
   <word id="word_378">produção</word>
   <word id="word_379">de</word>
   <word id="word_380">glóbulos</word>
   <word id="word_381">brancos</word>
   <word id="word_382">,</word>
   <word id="word_383">chamadas</word>
   <word id="word_384">factores</word>
   <word id="word_385">de</word>
   <word id="word_386">estimulação</word>
   <word id="word_387">de</word>
   <word id="word_388">colónias</word>
   <word id="word_389">,</word>
   <word id="word_390">cabe</word>
   <word id="word_391">a</word>
   <word id="word_392">esperança</word>
   <word id="word_393">de</word>
   <word id="word_394">reanimar</word>
   <word id="word_395">os</word>
   <word id="word_396">sistemas</word>
   <word id="word_397">de</word>
   <word id="word_398">imunidade</word>
   <word id="word_399">enfraquecidos</word>
   <word id="word_400">.</word>
   <word id="word_401">Se</word>
   <word id="word_402">actuarem</word>
   <word id="word_403">como</word>
   <word id="word_404">se</word>
   <word id="word_405">espera</word>
   <word id="word_406">,</word>
   <word id="word_407">elas</word>
   <word id="word_408">serão</word>
   <word id="word_409">o</word>
   <word id="word_410">primeiro</word>
   <word id="word_411">tratamento</word>
   <word id="word_412">,</word>
   <word id="word_413">desde</word>
   <word id="word_414">que</word>
   <word id="word_415">há</word>
   <word id="word_416">mais</word>
   <word id="word_417">de</word>
   <word id="word_418">cem</word>
   <word id="word_419">anos</word>
   <word id="word_420">se</word>
   <word id="word_421">descobriram</word>
   <word id="word_422">as</word>
   <word id="word_423">vacinas</word>
   <word id="word_424">,</word>
   <word id="word_425">capaz</word>
   <word id="word_426">de</word>
   <word id="word_427">em_</word>
   <word id="word_428">a</word>
   <word id="word_429">realidade</word>
   <word id="word_430">aumentar</word>
   <word id="word_431">a</word>
   <word id="word_432">capacidade</word>
   <word id="word_433">de</word>
   <word id="word_434">uma</word>
   <word id="word_435">pessoa</word>
   <word id="word_436">combater</word>
   <word id="word_437">as</word>
   <word id="word_438">infecções</word>
   <word id="word_439">.</word>
</words>
