<?xml version="1.0" encoding="UTF-8"?>
<!DOCTYPE words SYSTEM "words.dtd">
<words>
   <word id="word_1">"</word>
   <word id="word_2">Em_</word>
   <word id="word_3">a</word>
   <word id="word_4">próxima</word>
   <word id="word_5">temporada</word>
   <word id="word_6">manter-CL-á</word>
   <word id="word_7">-se</word>
   <word id="word_8">basicamente</word>
   <word id="word_9">o</word>
   <word id="word_10">mesmo</word>
   <word id="word_11">grupo</word>
   <word id="word_12">de</word>
   <word id="word_13">trabalho</word>
   <word id="word_14">,</word>
   <word id="word_15">com</word>
   <word id="word_16">a</word>
   <word id="word_17">continuidade</word>
   <word id="word_18">de_</word>
   <word id="word_19">o</word>
   <word id="word_20">técnico</word>
   <word id="word_21">José</word>
   <word id="word_22">Manuel</word>
   <word id="word_23">e</word>
   <word id="word_24">de_</word>
   <word id="word_25">o</word>
   <word id="word_26">angolano</word>
   <word id="word_27">Paulo</word>
   <word id="word_28">Bunze</word>
   <word id="word_29">já</word>
   <word id="word_30">asseguradas</word>
   <word id="word_31">",</word>
   <word id="word_32">revelou</word>
   <word id="word_33">a_</word>
   <word id="word_34">o</word>
   <word id="word_35">DN</word>
   <word id="word_36">em_</word>
   <word id="word_37">o</word>
   <word id="word_38">final</word>
   <word id="word_39">de_</word>
   <word id="word_40">a</word>
   <word id="word_41">partida</word>
   <word id="word_42">de_</word>
   <word id="word_43">a</word>
   <word id="word_44">Taça</word>
   <word id="word_45">de</word>
   <word id="word_46">Portugal</word>
   <word id="word_47">disputada</word>
   <word id="word_48">em_</word>
   <word id="word_49">o</word>
   <word id="word_50">Funchal</word>
   <word id="word_51">,</word>
   <word id="word_52">José</word>
   <word id="word_53">Gomes</word>
   <word id="word_54">Machado</word>
   <word id="word_55">,</word>
   <word id="word_56">presidente</word>
   <word id="word_57">de_</word>
   <word id="word_58">a</word>
   <word id="word_59">secção</word>
   <word id="word_60">de</word>
   <word id="word_61">andebol</word>
   <word id="word_62">de_</word>
   <word id="word_63">o</word>
   <word id="word_64">Benfica</word>
   <word id="word_65">.</word>
   <word id="word_66">Quanto</word>
   <word id="word_67">a_</word>
   <word id="word_68">os</word>
   <word id="word_69">restantes</word>
   <word id="word_70">jogadores</word>
   <word id="word_71">,</word>
   <word id="word_72">o</word>
   <word id="word_73">Benfica</word>
   <word id="word_74">pretende</word>
   <word id="word_75">conservá#</word>
   <word id="word_76">-los</word>
   <word id="word_77">,</word>
   <word id="word_78">reforçando</word>
   <word id="word_79">,</word>
   <word id="word_80">em_</word>
   <word id="word_81">o</word>
   <word id="word_82">entanto</word>
   <word id="word_83">a</word>
   <word id="word_84">equipa</word>
   <word id="word_85">com</word>
   <word id="word_86">algumas</word>
   <word id="word_87">aquisições</word>
   <word id="word_88">.</word>
   <word id="word_89">Quais</word>
   <word id="word_90">?</word>
   <word id="word_91">Esse</word>
   <word id="word_92">é</word>
   <word id="word_93">um</word>
   <word id="word_94">segredo</word>
   <word id="word_95">bem</word>
   <word id="word_96">guardado</word>
   <word id="word_97">por_</word>
   <word id="word_98">os</word>
   <word id="word_99">dirigentes</word>
   <word id="word_100">"</word>
   <word id="word_101">encarnados</word>
   <word id="word_102">"</word>
   <word id="word_103">,</word>
   <word id="word_104">que</word>
   <word id="word_105">preferem</word>
   <word id="word_106">não</word>
   <word id="word_107">divulgar</word>
   <word id="word_108">os</word>
   <word id="word_109">seus</word>
   <word id="word_110">trunfos</word>
   <word id="word_111">.</word>
   <word id="word_112">Quem</word>
   <word id="word_113">está</word>
   <word id="word_114">de</word>
   <word id="word_115">saída</word>
   <word id="word_116">de_</word>
   <word id="word_117">o</word>
   <word id="word_118">conjunto</word>
   <word id="word_119">de_</word>
   <word id="word_120">a</word>
   <word id="word_121">Luz</word>
   <word id="word_122">é</word>
   <word id="word_123">Veríssimo</word>
   <word id="word_124">,</word>
   <word id="word_125">que</word>
   <word id="word_126">abandona</word>
   <word id="word_127">a</word>
   <word id="word_128">modalidade</word>
   <word id="word_129">devido</word>
   <word id="word_130">a</word>
   <word id="word_131">afazeres</word>
   <word id="word_132">profissionais</word>
   <word id="word_133">.</word>
   <word id="word_134">Em_</word>
   <word id="word_135">o</word>
   <word id="word_136">Belenenses</word>
   <word id="word_137">,</word>
   <word id="word_138">o</word>
   <word id="word_139">espírito</word>
   <word id="word_140">que</word>
   <word id="word_141">parece</word>
   <word id="word_142">presidir</word>
   <word id="word_143">é</word>
   <word id="word_144">o</word>
   <word id="word_145">de_</word>
   <word id="word_146">a</word>
   <word id="word_147">reconstrução</word>
   <word id="word_148">.</word>
   <word id="word_149">Esquecer</word>
   <word id="word_150">a</word>
   <word id="word_151">má</word>
   <word id="word_152">época</word>
   <word id="word_153">e</word>
   <word id="word_154">os</word>
   <word id="word_155">problemas</word>
   <word id="word_156">internos</word>
   <word id="word_157">que</word>
   <word id="word_158">existiram</word>
   <word id="word_159">esta</word>
   <word id="word_160">temporada</word>
   <word id="word_161">,</word>
   <word id="word_162">e</word>
   <word id="word_163">procurar</word>
   <word id="word_164">criar</word>
   <word id="word_165">um</word>
   <word id="word_166">grupo</word>
   <word id="word_167">mais</word>
   <word id="word_168">coeso</word>
   <word id="word_169">,</word>
   <word id="word_170">determinado</word>
   <word id="word_171">e</word>
   <word id="word_172">sem</word>
   <word id="word_173">clivagens</word>
   <word id="word_174">.</word>
   <word id="word_175">Os</word>
   <word id="word_176">problemas</word>
   <word id="word_177">que</word>
   <word id="word_178">assolaram</word>
   <word id="word_179">esta</word>
   <word id="word_180">formação</word>
   <word id="word_181">tiveram</word>
   <word id="word_182">clara</word>
   <word id="word_183">influência</word>
   <word id="word_184">em_</word>
   <word id="word_185">o</word>
   <word id="word_186">desfecho</word>
   <word id="word_187">de_</word>
   <word id="word_188">a</word>
   <word id="word_189">final</word>
   <word id="word_190">,</word>
   <word id="word_191">já</word>
   <word id="word_192">que</word>
   <word id="word_193">se</word>
   <word id="word_194">compreende</word>
   <word id="word_195">mal</word>
   <word id="word_196">a</word>
   <word id="word_197">derrota</word>
   <word id="word_198">de_</word>
   <word id="word_199">o</word>
   <word id="word_200">Belenenses</word>
   <word id="word_201">com</word>
   <word id="word_202">uma</word>
   <word id="word_203">primeira</word>
   <word id="word_204">linha</word>
   <word id="word_205">muito</word>
   <word id="word_206">mais</word>
   <word id="word_207">poderosa</word>
   <word id="word_208">e</word>
   <word id="word_209">eficaz</word>
   <word id="word_210">que</word>
   <word id="word_211">a</word>
   <word id="word_212">de_</word>
   <word id="word_213">os</word>
   <word id="word_214">"</word>
   <word id="word_215">encarnados</word>
   <word id="word_216">"</word>
   <word id="word_217">,</word>
   <word id="word_218">mas</word>
   <word id="word_219">incapaz</word>
   <word id="word_220">de</word>
   <word id="word_221">vencer</word>
   <word id="word_222">,</word>
   <word id="word_223">mesmo</word>
   <word id="word_224">usufruindo</word>
   <word id="word_225">de_</word>
   <word id="word_226">a</word>
   <word id="word_227">vantagem</word>
   <word id="word_228">a</word>
   <word id="word_229">pouco</word>
   <word id="word_230">tempo</word>
   <word id="word_231">de_</word>
   <word id="word_232">o</word>
   <word id="word_233">final</word>
   <word id="word_234">,</word>
   <word id="word_235">em_</word>
   <word id="word_236">uma</word>
   <word id="word_237">altura</word>
   <word id="word_238">em</word>
   <word id="word_239">que</word>
   <word id="word_240">o</word>
   <word id="word_241">Benfica</word>
   <word id="word_242">"</word>
   <word id="word_243">abanou</word>
   <word id="word_244">".</word>
   <word id="word_245">Claro</word>
   <word id="word_246">que</word>
   <word id="word_247">a</word>
   <word id="word_248">infelicidade</word>
   <word id="word_249">bateu</word>
   <word id="word_250">a_</word>
   <word id="word_251">a</word>
   <word id="word_252">porta</word>
   <word id="word_253">de_</word>
   <word id="word_254">os</word>
   <word id="word_255">"</word>
   <word id="word_256">azuis</word>
   <word id="word_257">"</word>
   <word id="word_258">quando</word>
   <word id="word_259">José</word>
   <word id="word_260">António</word>
   <word id="word_261">se</word>
   <word id="word_262">lesionou</word>
   <word id="word_263">ainda</word>
   <word id="word_264">em_</word>
   <word id="word_265">a</word>
   <word id="word_266">primeira</word>
   <word id="word_267">metade</word>
   <word id="word_268">,</word>
   <word id="word_269">mas</word>
   <word id="word_270">Mourão</word>
   <word id="word_271">esteve</word>
   <word id="word_272">muito</word>
   <word id="word_273">bem</word>
   <word id="word_274">em_</word>
   <word id="word_275">a</word>
   <word id="word_276">baliza</word>
   <word id="word_277">e</word>
   <word id="word_278">não</word>
   <word id="word_279">foi</word>
   <word id="word_280">por</word>
   <word id="word_281">aí</word>
   <word id="word_282">que</word>
   <word id="word_283">se</word>
   <word id="word_284">verificou</word>
   <word id="word_285">o</word>
   <word id="word_286">colapso</word>
   <word id="word_287">.</word>
   <word id="word_288">Quem</word>
   <word id="word_289">também</word>
   <word id="word_290">parece</word>
   <word id="word_291">apostado</word>
   <word id="word_292">em</word>
   <word id="word_293">dar</word>
   <word id="word_294">um</word>
   <word id="word_295">passo</word>
   <word id="word_296">em</word>
   <word id="word_297">frente</word>
   <word id="word_298">em_</word>
   <word id="word_299">o</word>
   <word id="word_300">desenvolvimento</word>
   <word id="word_301">de_</word>
   <word id="word_302">a</word>
   <word id="word_303">modalidade</word>
   <word id="word_304">é</word>
   <word id="word_305">Luís</word>
   <word id="word_306">Santos</word>
   <word id="word_307">,</word>
   <word id="word_308">presidente</word>
   <word id="word_309">de_</word>
   <word id="word_310">a</word>
   <word id="word_311">Federação</word>
   <word id="word_312">,</word>
   <word id="word_313">que</word>
   <word id="word_314">pretende</word>
   <word id="word_315">restruturar</word>
   <word id="word_316">regulamentos</word>
   <word id="word_317">e</word>
   <word id="word_318">criar</word>
   <word id="word_319">condições</word>
   <word id="word_320">para</word>
   <word id="word_321">o</word>
   <word id="word_322">desenvolvimento</word>
   <word id="word_323">de_</word>
   <word id="word_324">o</word>
   <word id="word_325">andebol</word>
   <word id="word_326">fora</word>
   <word id="word_327">de_</word>
   <word id="word_328">os</word>
   <word id="word_329">centros</word>
   <word id="word_330">tradicionais</word>
   <word id="word_331">.</word>
   <word id="word_332">Em</word>
   <word id="word_333">relação</word>
   <word id="word_334">a_</word>
   <word id="word_335">o</word>
   <word id="word_336">primeiro</word>
   <word id="word_337">ponto</word>
   <word id="word_338">tem</word>
   <word id="word_339">como</word>
   <word id="word_340">objectivo</word>
   <word id="word_341">reformular</word>
   <word id="word_342">as</word>
   <word id="word_343">condições</word>
   <word id="word_344">de</word>
   <word id="word_345">inscrição</word>
   <word id="word_346">de_</word>
   <word id="word_347">os</word>
   <word id="word_348">atletas</word>
   <word id="word_349">,</word>
   <word id="word_350">permitindo</word>
   <word id="word_351">a_</word>
   <word id="word_352">os</word>
   <word id="word_353">clubes</word>
   <word id="word_354">trabalhar</word>
   <word id="word_355">em</word>
   <word id="word_356">profundidade</word>
   <word id="word_357">,</word>
   <word id="word_358">uma</word>
   <word id="word_359">vez</word>
   <word id="word_360">que</word>
   <word id="word_361">está</word>
   <word id="word_362">em_</word>
   <word id="word_363">os</word>
   <word id="word_364">seus</word>
   <word id="word_365">planos</word>
   <word id="word_366">o</word>
   <word id="word_367">alargamento</word>
   <word id="word_368">de_</word>
   <word id="word_369">as</word>
   <word id="word_370">inscrições</word>
   <word id="word_371">a</word>
   <word id="word_372">mais</word>
   <word id="word_373">de</word>
   <word id="word_374">uma</word>
   <word id="word_375">época</word>
   <word id="word_376">.</word>
   <word id="word_377">Em</word>
   <word id="word_378">relação</word>
   <word id="word_379">a_</word>
   <word id="word_380">o</word>
   <word id="word_381">segundo</word>
   <word id="word_382">,</word>
   <word id="word_383">a</word>
   <word id="word_384">descentralização</word>
   <word id="word_385">é</word>
   <word id="word_386">uma</word>
   <word id="word_387">de_</word>
   <word id="word_388">as</word>
   <word id="word_389">metas</word>
   <word id="word_390">,</word>
   <word id="word_391">como</word>
   <word id="word_392">exemplo</word>
   <word id="word_393">para</word>
   <word id="word_394">a</word>
   <word id="word_395">juventude</word>
   <word id="word_396">e</word>
   <word id="word_397">progresso</word>
   <word id="word_398">a</word>
   <word id="word_399">nível</word>
   <word id="word_400">nacional</word>
   <word id="word_401">,</word>
   <word id="word_402">desde</word>
   <word id="word_403">os</word>
   <word id="word_404">distritos</word>
   <word id="word_405">de_</word>
   <word id="word_406">o</word>
   <word id="word_407">interior</word>
   <word id="word_408">até</word>
   <word id="word_409">a_</word>
   <word id="word_410">os</word>
   <word id="word_411">territórios</word>
   <word id="word_412">insulares</word>
   <word id="word_413">.</word>
   <word id="word_414">Assim</word>
   <word id="word_415">se</word>
   <word id="word_416">compreeende</word>
   <word id="word_417">a</word>
   <word id="word_418">realização</word>
   <word id="word_419">de_</word>
   <word id="word_420">a</word>
   <word id="word_421">final</word>
   <word id="word_422">de_</word>
   <word id="word_423">a</word>
   <word id="word_424">Taça</word>
   <word id="word_425">em_</word>
   <word id="word_426">o</word>
   <word id="word_427">Funchal</word>
   <word id="word_428">.</word>
   <word id="word_429">E</word>
   <word id="word_430">diga</word>
   <word id="word_431">-se</word>
   <word id="word_432">em</word>
   <word id="word_433">abono</word>
   <word id="word_434">de_</word>
   <word id="word_435">a</word>
   <word id="word_436">verdade</word>
   <word id="word_437">,</word>
   <word id="word_438">que</word>
   <word id="word_439">os</word>
   <word id="word_440">madeirenses</word>
   <word id="word_441">mereceram</word>
   <word id="word_442">o</word>
   <word id="word_443">prémio</word>
   <word id="word_444">.</word>
   <word id="word_445">Organização</word>
   <word id="word_446">praticamente</word>
   <word id="word_447">impecável</word>
   <word id="word_448">,</word>
   <word id="word_449">em</word>
   <word id="word_450">que</word>
   <word id="word_451">nem</word>
   <word id="word_452">sequer</word>
   <word id="word_453">faltaram</word>
   <word id="word_454">guias</word>
   <word id="word_455">para</word>
   <word id="word_456">as</word>
   <word id="word_457">equipas</word>
   <word id="word_458">e</word>
   <word id="word_459">os</word>
   <word id="word_460">jornalistas</word>
   <word id="word_461">,</word>
   <word id="word_462">e</word>
   <word id="word_463">que</word>
   <word id="word_464">foi</word>
   <word id="word_465">desde</word>
   <word id="word_466">um</word>
   <word id="word_467">jantar</word>
   <word id="word_468">de</word>
   <word id="word_469">encerramento</word>
   <word id="word_470">em_</word>
   <word id="word_471">a</word>
   <word id="word_472">Camacha</word>
   <word id="word_473">,</word>
   <word id="word_474">com</word>
   <word id="word_475">todos</word>
   <word id="word_476">os</word>
   <word id="word_477">presentes</word>
   <word id="word_478">(</word>
   <word id="word_479">jogadores</word>
   <word id="word_480">,</word>
   <word id="word_481">dirigentes</word>
   <word id="word_482">e</word>
   <word id="word_483">jornalistas</word>
   <word id="word_484">)</word>
   <word id="word_485">,</word>
   <word id="word_486">até</word>
   <word id="word_487">as</word>
   <word id="word_488">cerimónias</word>
   <word id="word_489">em_</word>
   <word id="word_490">o</word>
   <word id="word_491">pavilhão</word>
   <word id="word_492">,</word>
   <word id="word_493">perante</word>
   <word id="word_494">um</word>
   <word id="word_495">público</word>
   <word id="word_496">vibrante</word>
   <word id="word_497">e</word>
   <word id="word_498">caloroso</word>
   <word id="word_499">.</word>
   <word id="word_500">A</word>
   <word id="word_501">Associação</word>
   <word id="word_502">de_</word>
   <word id="word_503">os</word>
   <word id="word_504">Desportos</word>
   <word id="word_505">de_</word>
   <word id="word_506">a</word>
   <word id="word_507">Madeira</word>
   <word id="word_508">,</word>
   <word id="word_509">merece</word>
   <word id="word_510">os</word>
   <word id="word_511">parabéns</word>
   <word id="word_512">por_</word>
   <word id="word_513">o</word>
   <word id="word_514">carinho</word>
   <word id="word_515">que</word>
   <word id="word_516">dedica</word>
   <word id="word_517">a_</word>
   <word id="word_518">o</word>
   <word id="word_519">andebol</word>
   <word id="word_520">,</word>
   <word id="word_521">vivendo</word>
   <word id="word_522">já</word>
   <word id="word_523">com</word>
   <word id="word_524">intensidade</word>
   <word id="word_525">o</word>
   <word id="word_526">Torneio</word>
   <word id="word_527">de_</word>
   <word id="word_528">a</word>
   <word id="word_529">Madeira</word>
   <word id="word_530">(</word>
   <word id="word_531">para</word>
   <word id="word_532">equipas</word>
   <word id="word_533">jovens</word>
   <word id="word_534">)</word>
   <word id="word_535">,</word>
   <word id="word_536">que</word>
   <word id="word_537">se</word>
   <word id="word_538">disputa</word>
   <word id="word_539">em_</word>
   <word id="word_540">o</word>
   <word id="word_541">próximo</word>
   <word id="word_542">mês</word>
   <word id="word_543">,</word>
   <word id="word_544">durante</word>
   <word id="word_545">uma</word>
   <word id="word_546">semana</word>
   <word id="word_547">,</word>
   <word id="word_548">em_</word>
   <word id="word_549">o</word>
   <word id="word_550">Funchal</word>
   <word id="word_551">.</word>
   <word id="word_552">Em</word>
   <word id="word_553">Paço</word>
   <word id="word_554">d'Arcos</word>
   <word id="word_555">inicia</word>
   <word id="word_556">-se</word>
   <word id="word_557">,</word>
   <word id="word_558">hoje</word>
   <word id="word_559">,</word>
   <word id="word_560">o</word>
   <word id="word_561">IV</word>
   <word id="word_562">Torneio</word>
   <word id="word_563">Internacional</word>
   <word id="word_564">Feminino</word>
   <word id="word_565">de</word>
   <word id="word_566">Oeiras</word>
   <word id="word_567">,</word>
   <word id="word_568">com</word>
   <word id="word_569">a</word>
   <word id="word_570">participação</word>
   <word id="word_571">de_</word>
   <word id="word_572">as</word>
   <word id="word_573">selecções</word>
   <word id="word_574">de</word>
   <word id="word_575">Portugal</word>
   <word id="word_576">e</word>
   <word id="word_577">de_</word>
   <word id="word_578">o</word>
   <word id="word_579">Canadá</word>
   <word id="word_580">,</word>
   <word id="word_581">e</word>
   <word id="word_582">de_</word>
   <word id="word_583">as</word>
   <word id="word_584">equipas</word>
   <word id="word_585">de</word>
   <word id="word_586">clube</word>
   <word id="word_587">de_</word>
   <word id="word_588">o</word>
   <word id="word_589">BHG</word>
   <word id="word_590">(</word>
   <word id="word_591">Hungria</word>
   <word id="word_592">)</word>
   <word id="word_593">e</word>
   <word id="word_594">Debrecen</word>
   <word id="word_595">(</word>
   <word id="word_596">Holanda</word>
   <word id="word_597">)</word>
   <word id="word_598">,</word>
   <word id="word_599">estando</word>
   <word id="word_600">a</word>
   <word id="word_601">prova</word>
   <word id="word_602">integrada</word>
   <word id="word_603">em_</word>
   <word id="word_604">o</word>
   <word id="word_605">plano</word>
   <word id="word_606">de</word>
   <word id="word_607">actividades</word>
   <word id="word_608">de_</word>
   <word id="word_609">a</word>
   <word id="word_610">representação</word>
   <word id="word_611">nacional</word>
   <word id="word_612">com</word>
   <word id="word_613">vista</word>
   <word id="word_614">a_</word>
   <word id="word_615">o</word>
   <word id="word_616">Campeonato</word>
   <word id="word_617">de_</word>
   <word id="word_618">a</word>
   <word id="word_619">Europa</word>
   <word id="word_620">.</word>
   <word id="word_621">O</word>
   <word id="word_622">calendário</word>
   <word id="word_623">de_</word>
   <word id="word_624">a</word>
   <word id="word_625">competição</word>
   <word id="word_626">é</word>
   <word id="word_627">o</word>
   <word id="word_628">seguinte</word>
   <word id="word_629">:</word>
   <word id="word_630">hoje</word>
   <word id="word_631">,</word>
   <word id="word_632">a_</word>
   <word id="word_633">as</word>
   <word id="word_634">18</word>
   <word id="word_635">horas</word>
   <word id="word_636">,</word>
   <word id="word_637">BHG-Debrecen</word>
   <word id="word_638">,</word>
   <word id="word_639">e</word>
   <word id="word_640">as</word>
   <word id="word_641">19</word>
   <word id="word_642">e</word>
   <word id="word_643">30</word>
   <word id="word_644">,</word>
   <word id="word_645">Portugal-Canadá</word>
   <word id="word_646">;</word>
   <word id="word_647">amanhã</word>
   <word id="word_648">,</word>
   <word id="word_649">as</word>
   <word id="word_650">10</word>
   <word id="word_651">horas</word>
   <word id="word_652">,</word>
   <word id="word_653">Canadá-BJG</word>
   <word id="word_654">,</word>
   <word id="word_655">e</word>
   <word id="word_656">a_</word>
   <word id="word_657">as</word>
   <word id="word_658">11</word>
   <word id="word_659">e</word>
   <word id="word_660">30</word>
   <word id="word_661">,</word>
   <word id="word_662">Portugal-Debrecen</word>
   <word id="word_663">;</word>
   <word id="word_664">sexta-feira</word>
   <word id="word_665">,</word>
   <word id="word_666">Canadá-Debrecen</word>
   <word id="word_667">(</word>
   <word id="word_668">18</word>
   <word id="word_669">horas</word>
   <word id="word_670">)</word>
   <word id="word_671">e</word>
   <word id="word_672">Portugal-BHG</word>
   <word id="word_673">(</word>
   <word id="word_674">19</word>
   <word id="word_675">e</word>
   <word id="word_676">30</word>
   <word id="word_677">)</word>
   <word id="word_678">.</word>
</words>
