<?xml version="1.0" encoding="UTF-8"?>
<!DOCTYPE words SYSTEM "words.dtd">
<words>
   <word id="word_1">CERCA</word>
   <word id="word_2">DE</word>
   <word id="word_3">30</word>
   <word id="word_4">MIL</word>
   <word id="word_5">crianças</word>
   <word id="word_6">sofrem</word>
   <word id="word_7">de</word>
   <word id="word_8">maus</word>
   <word id="word_9">tratos</word>
   <word id="word_10">em</word>
   <word id="word_11">Portugal</word>
   <word id="word_12">,</word>
   <word id="word_13">demonstrou</word>
   <word id="word_14">um</word>
   <word id="word_15">estudo</word>
   <word id="word_16">de</word>
   <word id="word_17">Fausto</word>
   <word id="word_18">Amaro</word>
   <word id="word_19">,</word>
   <word id="word_20">publicado</word>
   <word id="word_21">em_</word>
   <word id="word_22">os</word>
   <word id="word_23">Cadernos</word>
   <word id="word_24">CEJ</word>
   <word id="word_25">,</word>
   <word id="word_26">de_</word>
   <word id="word_27">o</word>
   <word id="word_28">Ministério</word>
   <word id="word_29">de_</word>
   <word id="word_30">a</word>
   <word id="word_31">Justiça</word>
   <word id="word_32">.</word>
   <word id="word_33">O</word>
   <word id="word_34">número</word>
   <word id="word_35">não</word>
   <word id="word_36">diz</word>
   <word id="word_37">respeito</word>
   <word id="word_38">apenas</word>
   <word id="word_39">a</word>
   <word id="word_40">violência</word>
   <word id="word_41">física</word>
   <word id="word_42">,</word>
   <word id="word_43">nem</word>
   <word id="word_44">o</word>
   <word id="word_45">Serviço</word>
   <word id="word_46">SOS-Criança</word>
   <word id="word_47">apenas</word>
   <word id="word_48">de_</word>
   <word id="word_49">esta</word>
   <word id="word_50">situação</word>
   <word id="word_51">vai</word>
   <word id="word_52">tratar</word>
   <word id="word_53">.</word>
   <word id="word_54">Pretende</word>
   <word id="word_55">detectar</word>
   <word id="word_56">casos</word>
   <word id="word_57">de</word>
   <word id="word_58">crianças</word>
   <word id="word_59">negligenciadas</word>
   <word id="word_60">,</word>
   <word id="word_61">exploradas</word>
   <word id="word_62">por</word>
   <word id="word_63">redes</word>
   <word id="word_64">organizadas</word>
   <word id="word_65">;</word>
   <word id="word_66">crianças</word>
   <word id="word_67">abandonadas</word>
   <word id="word_68">e</word>
   <word id="word_69">ainda</word>
   <word id="word_70">as</word>
   <word id="word_71">que</word>
   <word id="word_72">sofrem</word>
   <word id="word_73">privação</word>
   <word id="word_74">afectiva</word>
   <word id="word_75">,</word>
   <word id="word_76">estão</word>
   <word id="word_77">sujeitas</word>
   <word id="word_78">a</word>
   <word id="word_79">abuso</word>
   <word id="word_80">sexual</word>
   <word id="word_81">ou</word>
   <word id="word_82">a</word>
   <word id="word_83">trabalho</word>
   <word id="word_84">prematuro</word>
   <word id="word_85">.</word>
   <word id="word_86">À</word>
   <word id="word_87">semelhança</word>
   <word id="word_88">de</word>
   <word id="word_89">serviços</word>
   <word id="word_90">idênticos</word>
   <word id="word_91">existentes</word>
   <word id="word_92">em</word>
   <word id="word_93">outros</word>
   <word id="word_94">países</word>
   <word id="word_95">,</word>
   <word id="word_96">a</word>
   <word id="word_97">linha</word>
   <word id="word_98">telefónica</word>
   <word id="word_99">estará</word>
   <word id="word_100">também</word>
   <word id="word_101">aberta</word>
   <word id="word_102">a</word>
   <word id="word_103">"</word>
   <word id="word_104">pais</word>
   <word id="word_105">a_</word>
   <word id="word_106">a</word>
   <word id="word_107">beira</word>
   <word id="word_108">de_</word>
   <word id="word_109">a</word>
   <word id="word_110">rejeição</word>
   <word id="word_111">"</word>
   <word id="word_112">,</word>
   <word id="word_113">potenciais</word>
   <word id="word_114">maltratantes</word>
   <word id="word_115">,</word>
   <word id="word_116">que</word>
   <word id="word_117">precisam</word>
   <word id="word_118">de</word>
   <word id="word_119">apoio</word>
   <word id="word_120">e</word>
   <word id="word_121">ainda</word>
   <word id="word_122">a</word>
   <word id="word_123">crianças</word>
   <word id="word_124">desejosas</word>
   <word id="word_125">de</word>
   <word id="word_126">conhecer</word>
   <word id="word_127">os</word>
   <word id="word_128">seu</word>
   <word id="word_129">direitos</word>
   <word id="word_130">,</word>
   <word id="word_131">em</word>
   <word id="word_132">caso</word>
   <word id="word_133">de</word>
   <word id="word_134">separação</word>
   <word id="word_135">de_</word>
   <word id="word_136">os</word>
   <word id="word_137">pais</word>
   <word id="word_138">,</word>
   <word id="word_139">por</word>
   <word id="word_140">exemplo</word>
   <word id="word_141">.</word>
   <word id="word_142">"</word>
   <word id="word_143">Muito</word>
   <word id="word_144">vai</word>
   <word id="word_145">depender</word>
   <word id="word_146">deste</word>
   <word id="word_147">serviço</word>
   <word id="word_148">de</word>
   <word id="word_149">escuta</word>
   <word id="word_150">e</word>
   <word id="word_151">de_</word>
   <word id="word_152">a</word>
   <word id="word_153">maneira</word>
   <word id="word_154">como</word>
   <word id="word_155">for</word>
   <word id="word_156">feito</word>
   <word id="word_157">"</word>
   <word id="word_158">disse</word>
   <word id="word_159">a_</word>
   <word id="word_160">o</word>
   <word id="word_161">DN</word>
   <word id="word_162">Aurora</word>
   <word id="word_163">Fonseca</word>
   <word id="word_164">,</word>
   <word id="word_165">uma</word>
   <word id="word_166">de_</word>
   <word id="word_167">as</word>
   <word id="word_168">autoras</word>
   <word id="word_169">de_</word>
   <word id="word_170">o</word>
   <word id="word_171">projecto</word>
   <word id="word_172">.</word>
   <word id="word_173">O</word>
   <word id="word_174">treino</word>
   <word id="word_175">de_</word>
   <word id="word_176">os</word>
   <word id="word_177">"</word>
   <word id="word_178">técnicos</word>
   <word id="word_179">com</word>
   <word id="word_180">diversas</word>
   <word id="word_181">formações</word>
   <word id="word_182">"</word>
   <word id="word_183">,</word>
   <word id="word_184">que</word>
   <word id="word_185">vão</word>
   <word id="word_186">estar</word>
   <word id="word_187">de_</word>
   <word id="word_188">o</word>
   <word id="word_189">outro</word>
   <word id="word_190">lado</word>
   <word id="word_191">de_</word>
   <word id="word_192">a</word>
   <word id="word_193">linha</word>
   <word id="word_194">,</word>
   <word id="word_195">parece</word>
   <word id="word_196">de</word>
   <word id="word_197">facto</word>
   <word id="word_198">fundamental</word>
   <word id="word_199">.</word>
   <word id="word_200">Está</word>
   <word id="word_201">já</word>
   <word id="word_202">formada</word>
   <word id="word_203">uma</word>
   <word id="word_204">equipa</word>
   <word id="word_205">de</word>
   <word id="word_206">alunos</word>
   <word id="word_207">finalistas</word>
   <word id="word_208">em</word>
   <word id="word_209">medicina</word>
   <word id="word_210">,</word>
   <word id="word_211">direito</word>
   <word id="word_212">,</word>
   <word id="word_213">psicologia</word>
   <word id="word_214">,</word>
   <word id="word_215">serviço</word>
   <word id="word_216">social</word>
   <word id="word_217">e</word>
   <word id="word_218">educadores</word>
   <word id="word_219">de</word>
   <word id="word_220">infância</word>
   <word id="word_221">,</word>
   <word id="word_222">para</word>
   <word id="word_223">atender</word>
   <word id="word_224">tais</word>
   <word id="word_225">chamadas</word>
   <word id="word_226">,</word>
   <word id="word_227">o</word>
   <word id="word_228">serviço</word>
   <word id="word_229">conta</word>
   <word id="word_230">ainda</word>
   <word id="word_231">com</word>
   <word id="word_232">a</word>
   <word id="word_233">ajuda</word>
   <word id="word_234">de</word>
   <word id="word_235">outros</word>
   <word id="word_236">voluntários</word>
   <word id="word_237">,</word>
   <word id="word_238">além</word>
   <word id="word_239">de_</word>
   <word id="word_240">a</word>
   <word id="word_241">"</word>
   <word id="word_242">rede</word>
   <word id="word_243">comunitária</word>
   <word id="word_244">"</word>
   <word id="word_245">capaz</word>
   <word id="word_246">de</word>
   <word id="word_247">dar</word>
   <word id="word_248">apoio</word>
   <word id="word_249">e</word>
   <word id="word_250">encaminhar</word>
   <word id="word_251">as</word>
   <word id="word_252">crianças</word>
   <word id="word_253">em</word>
   <word id="word_254">risco</word>
   <word id="word_255">.</word>
   <word id="word_256">Serviço</word>
   <word id="word_257">SOS-Crianças</word>
   <word id="word_258">não</word>
   <word id="word_259">lhe</word>
   <word id="word_260">vai</word>
   <word id="word_261">dar</word>
   <word id="word_262">acolhimento</word>
   <word id="word_263">nem</word>
   <word id="word_264">subsídios</word>
   <word id="word_265">ou</word>
   <word id="word_266">roupas</word>
   <word id="word_267">.</word>
   <word id="word_268">Pretende</word>
   <word id="word_269">tornar</word>
   <word id="word_270">-se</word>
   <word id="word_271">"</word>
   <word id="word_272">um</word>
   <word id="word_273">espaço</word>
   <word id="word_274">de</word>
   <word id="word_275">escuta</word>
   <word id="word_276">"</word>
   <word id="word_277">,</word>
   <word id="word_278">de</word>
   <word id="word_279">forma</word>
   <word id="word_280">a</word>
   <word id="word_281">detectar</word>
   <word id="word_282">situações</word>
   <word id="word_283">sociais</word>
   <word id="word_284">preocupantes</word>
   <word id="word_285">,</word>
   <word id="word_286">lacunas</word>
   <word id="word_287">legislativas</word>
   <word id="word_288">,</word>
   <word id="word_289">e</word>
   <word id="word_290">propôs</word>
   <word id="word_291">"</word>
   <word id="word_292">medidas</word>
   <word id="word_293">políticas</word>
   <word id="word_294">que</word>
   <word id="word_295">tenham</word>
   <word id="word_296">de</word>
   <word id="word_297">ser</word>
   <word id="word_298">denunciadas</word>
   <word id="word_299">a</word>
   <word id="word_300">quem</word>
   <word id="word_301">de</word>
   <word id="word_302">direito</word>
   <word id="word_303">"</word>
   <word id="word_304">.</word>
   <word id="word_305">Em_</word>
   <word id="word_306">os</word>
   <word id="word_307">seus</word>
   <word id="word_308">propósitos</word>
   <word id="word_309">está</word>
   <word id="word_310">,</word>
   <word id="word_311">ainda</word>
   <word id="word_312">,</word>
   <word id="word_313">a</word>
   <word id="word_314">edição</word>
   <word id="word_315">de_</word>
   <word id="word_316">o</word>
   <word id="word_317">"</word>
   <word id="word_318">Guia</word>
   <word id="word_319">de</word>
   <word id="word_320">Direitos</word>
   <word id="word_321">de_</word>
   <word id="word_322">as</word>
   <word id="word_323">Crianças</word>
   <word id="word_324">"</word>
   <word id="word_325">e</word>
   <word id="word_326">criação</word>
   <word id="word_327">de</word>
   <word id="word_328">um</word>
   <word id="word_329">"</word>
   <word id="word_330">Provedor</word>
   <word id="word_331">de</word>
   <word id="word_332">Justiça</word>
   <word id="word_333">"</word>
   <word id="word_334">(</word>
   <word id="word_335">só</word>
   <word id="word_336">para</word>
   <word id="word_337">crianças</word>
   <word id="word_338">)</word>
   <word id="word_339">"</word>
   <word id="word_340">que</word>
   <word id="word_341">anualmente</word>
   <word id="word_342">vá</word>
   <word id="word_343">a_</word>
   <word id="word_344">a</word>
   <word id="word_345">Assembleia</word>
   <word id="word_346">apresentar</word>
   <word id="word_347">conta</word>
   <word id="word_348">de_</word>
   <word id="word_349">a</word>
   <word id="word_350">situação</word>
   <word id="word_351">".</word>
   <word id="word_352">Entre</word>
   <word id="word_353">a</word>
   <word id="word_354">rede</word>
   <word id="word_355">comunitária</word>
   <word id="word_356">com</word>
   <word id="word_357">a</word>
   <word id="word_358">qual</word>
   <word id="word_359">conta</word>
   <word id="word_360">trabalhar</word>
   <word id="word_361">encontram</word>
   <word id="word_362">-se</word>
   <word id="word_363">os</word>
   <word id="word_364">hospitais</word>
   <word id="word_365">pediátricos</word>
   <word id="word_366">,</word>
   <word id="word_367">tribunais</word>
   <word id="word_368">de</word>
   <word id="word_369">menores</word>
   <word id="word_370">,</word>
   <word id="word_371">Misericórdia</word>
   <word id="word_372">de</word>
   <word id="word_373">Lisboa</word>
   <word id="word_374">,</word>
   <word id="word_375">Centros</word>
   <word id="word_376">Regionais</word>
   <word id="word_377">de</word>
   <word id="word_378">Segurança</word>
   <word id="word_379">Social</word>
   <word id="word_380">,</word>
   <word id="word_381">associações</word>
   <word id="word_382">congéneres</word>
   <word id="word_383">internacionais</word>
   <word id="word_384">,</word>
   <word id="word_385">entre</word>
   <word id="word_386">outros</word>
   <word id="word_387">.</word>
   <word id="word_388">Será</word>
   <word id="word_389">também</word>
   <word id="word_390">pedida</word>
   <word id="word_391">contribuição</word>
   <word id="word_392">a_</word>
   <word id="word_393">os</word>
   <word id="word_394">meios</word>
   <word id="word_395">de</word>
   <word id="word_396">Comunicação</word>
   <word id="word_397">Social</word>
   <word id="word_398">"</word>
   <word id="word_399">em</word>
   <word id="word_400">especial</word>
   <word id="word_401">a</word>
   <word id="word_402">um</word>
   <word id="word_403">grupo</word>
   <word id="word_404">de</word>
   <word id="word_405">jornalistas</word>
   <word id="word_406">e</word>
   <word id="word_407">escritores</word>
   <word id="word_408">que</word>
   <word id="word_409">espontaneamente</word>
   <word id="word_410">façam</word>
   <word id="word_411">mensagens</word>
   <word id="word_412">com</word>
   <word id="word_413">rapidez</word>
   <word id="word_414">e</word>
   <word id="word_415">insistência</word>
   <word id="word_416">".</word>
   <word id="word_417">Vai</word>
   <word id="word_418">ser</word>
   <word id="word_419">pedida</word>
   <word id="word_420">colaboração</word>
   <word id="word_421">a_</word>
   <word id="word_422">as</word>
   <word id="word_423">Faculdades</word>
   <word id="word_424">de</word>
   <word id="word_425">Medicina</word>
   <word id="word_426">,</word>
   <word id="word_427">Psicologia</word>
   <word id="word_428">e</word>
   <word id="word_429">Sociologia</word>
   <word id="word_430">para</word>
   <word id="word_431">também</word>
   <word id="word_432">em_</word>
   <word id="word_433">elas</word>
   <word id="word_434">se</word>
   <word id="word_435">fazer</word>
   <word id="word_436">investigação</word>
   <word id="word_437">,</word>
   <word id="word_438">a_</word>
   <word id="word_439">os</word>
   <word id="word_440">alunos</word>
   <word id="word_441">finalistas</word>
   <word id="word_442">de_</word>
   <word id="word_443">estes</word>
   <word id="word_444">cursos</word>
   <word id="word_445">e</word>
   <word id="word_446">a</word>
   <word id="word_447">voluntários</word>
   <word id="word_448">em</word>
   <word id="word_449">geral</word>
   <word id="word_450">,</word>
   <word id="word_451">com</word>
   <word id="word_452">supervisão</word>
   <word id="word_453">periódica</word>
   <word id="word_454">.</word>
   <word id="word_455">Dividido</word>
   <word id="word_456">em</word>
   <word id="word_457">várias</word>
   <word id="word_458">fases</word>
   <word id="word_459">,</word>
   <word id="word_460">o</word>
   <word id="word_461">"</word>
   <word id="word_462">Serviço</word>
   <word id="word_463">SOS-Crianças</word>
   <word id="word_464">"</word>
   <word id="word_465">arranca</word>
   <word id="word_466">este</word>
   <word id="word_467">Verão</word>
   <word id="word_468">com</word>
   <word id="word_469">a</word>
   <word id="word_470">primeira</word>
   <word id="word_471">etapa</word>
   <word id="word_472">:</word>
   <word id="word_473">montagem</word>
   <word id="word_474">de_</word>
   <word id="word_475">a</word>
   <word id="word_476">linha</word>
   <word id="word_477">telefónica</word>
   <word id="word_478">e</word>
   <word id="word_479">treino</word>
   <word id="word_480">de_</word>
   <word id="word_481">os</word>
   <word id="word_482">atendedores</word>
   <word id="word_483">.</word>
   <word id="word_484">Funcionará</word>
   <word id="word_485">de_</word>
   <word id="word_486">as</word>
   <word id="word_487">10</word>
   <word id="word_488">a_</word>
   <word id="word_489">as</word>
   <word id="word_490">20</word>
   <word id="word_491">horas</word>
   <word id="word_492">,</word>
   <word id="word_493">também</word>
   <word id="word_494">a_</word>
   <word id="word_495">os</word>
   <word id="word_496">sábados</word>
   <word id="word_497">,</word>
   <word id="word_498">prevendo</word>
   <word id="word_499">a</word>
   <word id="word_500">possibilidade</word>
   <word id="word_501">de</word>
   <word id="word_502">alargar</word>
   <word id="word_503">o</word>
   <word id="word_504">horário</word>
   <word id="word_505">como</word>
   <word id="word_506">fez</word>
   <word id="word_507">o</word>
   <word id="word_508">serviço</word>
   <word id="word_509">"</word>
   <word id="word_510">SOS-Voz</word>
   <word id="word_511">Amiga</word>
   <word id="word_512">".</word>
</words>
