<?xml version="1.0" encoding="UTF-8"?>
<!DOCTYPE words SYSTEM "words.dtd">
<words>
   <word id="word_1">O</word>
   <word id="word_2">ministro</word>
   <word id="word_3">de_</word>
   <word id="word_4">a</word>
   <word id="word_5">Finanças</word>
   <word id="word_6">está</word>
   <word id="word_7">autorizado</word>
   <word id="word_8">a</word>
   <word id="word_9">conceder</word>
   <word id="word_10">incentivos</word>
   <word id="word_11">fiscais</word>
   <word id="word_12">a_</word>
   <word id="word_13">as</word>
   <word id="word_14">seguradoras</word>
   <word id="word_15">,</word>
   <word id="word_16">que</word>
   <word id="word_17">pretendam</word>
   <word id="word_18">especializar</word>
   <word id="word_19">-se</word>
   <word id="word_20">,</word>
   <word id="word_21">circunscrevendo</word>
   <word id="word_22">as</word>
   <word id="word_23">suas</word>
   <word id="word_24">actividades</word>
   <word id="word_25">ou</word>
   <word id="word_26">a_</word>
   <word id="word_27">o</word>
   <word id="word_28">ramo</word>
   <word id="word_29">"</word>
   <word id="word_30">Vida</word>
   <word id="word_31">"</word>
   <word id="word_32">ou</word>
   <word id="word_33">a_</word>
   <word id="word_34">os</word>
   <word id="word_35">ramos</word>
   <word id="word_36">"</word>
   <word id="word_37">Não</word>
   <word id="word_38">vida</word>
   <word id="word_39">"</word>
   <word id="word_40">-</word>
   <word id="word_41">estabelece</word>
   <word id="word_42">um</word>
   <word id="word_43">decreto-lei</word>
   <word id="word_44">ontem</word>
   <word id="word_45">publicado</word>
   <word id="word_46">.</word>
   <word id="word_47">Em_</word>
   <word id="word_48">o</word>
   <word id="word_49">preâmbulo</word>
   <word id="word_50">de_</word>
   <word id="word_51">o</word>
   <word id="word_52">diploma</word>
   <word id="word_53">,</word>
   <word id="word_54">o</word>
   <word id="word_55">Governo</word>
   <word id="word_56">refere</word>
   <word id="word_57">que</word>
   <word id="word_58">"</word>
   <word id="word_59">as</word>
   <word id="word_60">directivas</word>
   <word id="word_61">comunitárias</word>
   <word id="word_62">obrigam</word>
   <word id="word_63">a</word>
   <word id="word_64">que</word>
   <word id="word_65">o</word>
   <word id="word_66">ramo</word>
   <word id="word_67">de</word>
   <word id="word_68">seguros</word>
   <word id="word_69">de</word>
   <word id="word_70">vida</word>
   <word id="word_71">seja</word>
   <word id="word_72">explorado</word>
   <word id="word_73">por</word>
   <word id="word_74">seguradoras</word>
   <word id="word_75">especializadas</word>
   <word id="word_76">apenas</word>
   <word id="word_77">em_</word>
   <word id="word_78">esse</word>
   <word id="word_79">ramo</word>
   <word id="word_80">"</word>
   <word id="word_81">e</word>
   <word id="word_82">,</word>
   <word id="word_83">ainda</word>
   <word id="word_84">que</word>
   <word id="word_85">"</word>
   <word id="word_86">o</word>
   <word id="word_87">aproveitamento</word>
   <word id="word_88">de_</word>
   <word id="word_89">os</word>
   <word id="word_90">mercados</word>
   <word id="word_91">europeus</word>
   <word id="word_92">por</word>
   <word id="word_93">seguradoras</word>
   <word id="word_94">nacionais</word>
   <word id="word_95">impõe</word>
   <word id="word_96">também</word>
   <word id="word_97">a</word>
   <word id="word_98">cisão</word>
   <word id="word_99">de_</word>
   <word id="word_100">as</word>
   <word id="word_101">mesmas</word>
   <word id="word_102">e</word>
   <word id="word_103">em</word>
   <word id="word_104">empresas</word>
   <word id="word_105">especilizadas</word>
   <word id="word_106">em_</word>
   <word id="word_107">o</word>
   <word id="word_108">ramo</word>
   <word id="word_109">"</word>
   <word id="word_110">Não</word>
   <word id="word_111">vida</word>
   <word id="word_112">"</word>
   <word id="word_113">.</word>
   <word id="word_114">Em</word>
   <word id="word_115">empresas</word>
   <word id="word_116">especializadas</word>
   <word id="word_117">em_</word>
   <word id="word_118">o</word>
   <word id="word_119">ramo</word>
   <word id="word_120">"</word>
   <word id="word_121">Vida</word>
   <word id="word_122">"</word>
   <word id="word_123">.</word>
   <word id="word_124">Em_</word>
   <word id="word_125">o</word>
   <word id="word_126">sentido</word>
   <word id="word_127">de</word>
   <word id="word_128">facilitar</word>
   <word id="word_129">esta</word>
   <word id="word_130">cisão</word>
   <word id="word_131">o</word>
   <word id="word_132">Governo</word>
   <word id="word_133">decretou</word>
   <word id="word_134">:</word>
   <word id="word_135">"</word>
   <word id="word_136">O</word>
   <word id="word_137">ministro</word>
   <word id="word_138">de_</word>
   <word id="word_139">as</word>
   <word id="word_140">Finanças</word>
   <word id="word_141">pode</word>
   <word id="word_142">,</word>
   <word id="word_143">com</word>
   <word id="word_144">base</word>
   <word id="word_145">em</word>
   <word id="word_146">parecer</word>
   <word id="word_147">fundamentado</word>
   <word id="word_148">de_</word>
   <word id="word_149">a</word>
   <word id="word_150">Direcção-Geral</word>
   <word id="word_151">de_</word>
   <word id="word_152">a</word>
   <word id="word_153">Contribuições</word>
   <word id="word_154">e</word>
   <word id="word_155">Impostos</word>
   <word id="word_156">,</word>
   <word id="word_157">depois</word>
   <word id="word_158">de</word>
   <word id="word_159">ouvido</word>
   <word id="word_160">o</word>
   <word id="word_161">Instituto</word>
   <word id="word_162">de</word>
   <word id="word_163">Seguros</word>
   <word id="word_164">de</word>
   <word id="word_165">Portugal</word>
   <word id="word_166">,</word>
   <word id="word_167">conceder</word>
   <word id="word_168">isenção</word>
   <word id="word_169">de</word>
   <word id="word_170">contibuições</word>
   <word id="word_171">,</word>
   <word id="word_172">impostos</word>
   <word id="word_173">,</word>
   <word id="word_174">taxas</word>
   <word id="word_175">,</word>
   <word id="word_176">emolumentos</word>
   <word id="word_177">e</word>
   <word id="word_178">outros</word>
   <word id="word_179">encargos</word>
   <word id="word_180">relativamente</word>
   <word id="word_181">a_</word>
   <word id="word_182">a</word>
   <word id="word_183">cisão</word>
   <word id="word_184">e</word>
   <word id="word_185">transformação</word>
   <word id="word_186">de</word>
   <word id="word_187">seguradoras</word>
   <word id="word_188">,</word>
   <word id="word_189">nomeadamente</word>
   <word id="word_190">por</word>
   <word id="word_191">extinção</word>
   <word id="word_192">e</word>
   <word id="word_193">concomitante</word>
   <word id="word_194">criação</word>
   <word id="word_195">de</word>
   <word id="word_196">seguradoras</word>
   <word id="word_197">com</word>
   <word id="word_198">manutenção</word>
   <word id="word_199">de_</word>
   <word id="word_200">a</word>
   <word id="word_201">mesma</word>
   <word id="word_202">carteira</word>
   <word id="word_203">de</word>
   <word id="word_204">seguros</word>
   <word id="word_205">.</word>
   <word id="word_206">"</word>
   <word id="word_207">"</word>
   <word id="word_208">Paralelamente</word>
   <word id="word_209">,</word>
   <word id="word_210">são</word>
   <word id="word_211">criadas</word>
   <word id="word_212">condições</word>
   <word id="word_213">a_</word>
   <word id="word_214">a</word>
   <word id="word_215">transformação</word>
   <word id="word_216">de_</word>
   <word id="word_217">as</word>
   <word id="word_218">actuais</word>
   <word id="word_219">mútuas</word>
   <word id="word_220">de</word>
   <word id="word_221">seguros</word>
   <word id="word_222">em</word>
   <word id="word_223">sociedades</word>
   <word id="word_224">anónimas</word>
   <word id="word_225">que</word>
   <word id="word_226">,</word>
   <word id="word_227">por_</word>
   <word id="word_228">a</word>
   <word id="word_229">sua</word>
   <word id="word_230">natureza</word>
   <word id="word_231">jurídica</word>
   <word id="word_232">,</word>
   <word id="word_233">encontam</word>
   <word id="word_234">-se</word>
   <word id="word_235">limitadas</word>
   <word id="word_236">a_</word>
   <word id="word_237">o</word>
   <word id="word_238">exercício</word>
   <word id="word_239">de</word>
   <word id="word_240">actividade</word>
   <word id="word_241">em</word>
   <word id="word_242">ramos</word>
   <word id="word_243">específicos</word>
   <word id="word_244">e</word>
   <word id="word_245">a_</word>
   <word id="word_246">o</word>
   <word id="word_247">universo</word>
   <word id="word_248">de_</word>
   <word id="word_249">os</word>
   <word id="word_250">seus</word>
   <word id="word_251">associados</word>
   <word id="word_252">"</word>
   <word id="word_253">,</word>
   <word id="word_254">lê</word>
   <word id="word_255">-se</word>
   <word id="word_256">ainda</word>
   <word id="word_257">o</word>
   <word id="word_258">preâmbulo</word>
   <word id="word_259">de_</word>
   <word id="word_260">o</word>
   <word id="word_261">decreto</word>
   <word id="word_262">.</word>
</words>
