<?xml version="1.0" encoding="UTF-8"?>
<!DOCTYPE words SYSTEM "words.dtd">
<words>
   <word id="word_1">"</word>
   <word id="word_2">GENTE</word>
   <word id="word_3">eu</word>
   <word id="word_4">passo</word>
   <word id="word_5">o</word>
   <word id="word_6">dia</word>
   <word id="word_7">defendendo</word>
   <word id="word_8">bicho</word>
   <word id="word_9">,</word>
   <word id="word_10">como</word>
   <word id="word_11">é</word>
   <word id="word_12">que</word>
   <word id="word_13">a_</word>
   <word id="word_14">a</word>
   <word id="word_15">noite</word>
   <word id="word_16">eu</word>
   <word id="word_17">vou</word>
   <word id="word_18">comer</word>
   <word id="word_19">tartaruga</word>
   <word id="word_20">?</word>
   <word id="word_21">"</word>
   <word id="word_22">,</word>
   <word id="word_23">exclamou</word>
   <word id="word_24">a</word>
   <word id="word_25">deputada</word>
   <word id="word_26">Maria</word>
   <word id="word_27">Abadia</word>
   <word id="word_28">,</word>
   <word id="word_29">segunda</word>
   <word id="word_30">vice-presidente</word>
   <word id="word_31">de_</word>
   <word id="word_32">a</word>
   <word id="word_33">Subcomissão</word>
   <word id="word_34">de_</word>
   <word id="word_35">o</word>
   <word id="word_36">Meio</word>
   <word id="word_37">Ambiente</word>
   <word id="word_38">em_</word>
   <word id="word_39">a</word>
   <word id="word_40">Constituinte</word>
   <word id="word_41">,</word>
   <word id="word_42">recusando</word>
   <word id="word_43">a</word>
   <word id="word_44">tartaruga</word>
   <word id="word_45">servida</word>
   <word id="word_46">de</word>
   <word id="word_47">jantar</word>
   <word id="word_48">a</word>
   <word id="word_49">vários</word>
   <word id="word_50">deputados</word>
   <word id="word_51">em</word>
   <word id="word_52">casa</word>
   <word id="word_53">de</word>
   <word id="word_54">um</word>
   <word id="word_55">político</word>
   <word id="word_56">em_</word>
   <word id="word_57">o</word>
   <word id="word_58">Amazonas</word>
   <word id="word_59">.</word>
   <word id="word_60">Os</word>
   <word id="word_61">ecologistas</word>
   <word id="word_62">começam</word>
   <word id="word_63">a</word>
   <word id="word_64">ganhar</word>
   <word id="word_65">um</word>
   <word id="word_66">espaço</word>
   <word id="word_67">político</word>
   <word id="word_68">e</word>
   <word id="word_69">social</word>
   <word id="word_70">em_</word>
   <word id="word_71">o</word>
   <word id="word_72">Brasil</word>
   <word id="word_73">para</word>
   <word id="word_74">além</word>
   <word id="word_75">de_</word>
   <word id="word_76">a</word>
   <word id="word_77">até</word>
   <word id="word_78">agora</word>
   <word id="word_79">minguada</word>
   <word id="word_80">expressão</word>
   <word id="word_81">de_</word>
   <word id="word_82">o</word>
   <word id="word_83">Partido</word>
   <word id="word_84">Verde</word>
   <word id="word_85">,</word>
   <word id="word_86">conseguindo</word>
   <word id="word_87">apelar</word>
   <word id="word_88">para</word>
   <word id="word_89">a</word>
   <word id="word_90">preservação</word>
   <word id="word_91">de_</word>
   <word id="word_92">a</word>
   <word id="word_93">vida</word>
   <word id="word_94">e</word>
   <word id="word_95">de_</word>
   <word id="word_96">o</word>
   <word id="word_97">meio</word>
   <word id="word_98">ambiente</word>
   <word id="word_99">,</word>
   <word id="word_100">até</word>
   <word id="word_101">em_</word>
   <word id="word_102">o</word>
   <word id="word_103">seio</word>
   <word id="word_104">de_</word>
   <word id="word_105">o</word>
   <word id="word_106">maioritário</word>
   <word id="word_107">PMDB</word>
   <word id="word_108">.</word>
   <word id="word_109">Eles</word>
   <word id="word_110">ameaçaram</word>
   <word id="word_111">os</word>
   <word id="word_112">deputados</word>
   <word id="word_113">constituintes</word>
   <word id="word_114">de</word>
   <word id="word_115">contribuir</word>
   <word id="word_116">para</word>
   <word id="word_117">a</word>
   <word id="word_118">auto-exterminação</word>
   <word id="word_119">de_</word>
   <word id="word_120">o</word>
   <word id="word_121">Brasil</word>
   <word id="word_122">se</word>
   <word id="word_123">não</word>
   <word id="word_124">cuidarem</word>
   <word id="word_125">de_</word>
   <word id="word_126">a</word>
   <word id="word_127">ecologia</word>
   <word id="word_128">em_</word>
   <word id="word_129">o</word>
   <word id="word_130">texto</word>
   <word id="word_131">definitivo</word>
   <word id="word_132">de_</word>
   <word id="word_133">a</word>
   <word id="word_134">futura</word>
   <word id="word_135">constituição</word>
   <word id="word_136">.</word>
   <word id="word_137">Assim</word>
   <word id="word_138">,</word>
   <word id="word_139">e</word>
   <word id="word_140">defendendo</word>
   <word id="word_141">esta</word>
   <word id="word_142">bandeira</word>
   <word id="word_143">,</word>
   <word id="word_144">o</word>
   <word id="word_145">deputado</word>
   <word id="word_146">verde</word>
   <word id="word_147">Fábio</word>
   <word id="word_148">Feldman</word>
   <word id="word_149">,</word>
   <word id="word_150">de_</word>
   <word id="word_151">o</word>
   <word id="word_152">PMDB</word>
   <word id="word_153">de</word>
   <word id="word_154">São</word>
   <word id="word_155">Paulo</word>
   <word id="word_156">,</word>
   <word id="word_157">conseguiu</word>
   <word id="word_158">por_</word>
   <word id="word_159">a</word>
   <word id="word_160">primeira</word>
   <word id="word_161">vez</word>
   <word id="word_162">em_</word>
   <word id="word_163">o</word>
   <word id="word_164">Brasil</word>
   <word id="word_165">defender</word>
   <word id="word_166">o</word>
   <word id="word_167">meio</word>
   <word id="word_168">ambiente</word>
   <word id="word_169">em_</word>
   <word id="word_170">o</word>
   <word id="word_171">texto</word>
   <word id="word_172">constitucional</word>
   <word id="word_173">.</word>
   <word id="word_174">Políticos</word>
   <word id="word_175">,</word>
   <word id="word_176">militares</word>
   <word id="word_177">e</word>
   <word id="word_178">indústrias</word>
   <word id="word_179">de</word>
   <word id="word_180">armamento</word>
   <word id="word_181">agitaram</word>
   <word id="word_182">-se</word>
   <word id="word_183">contra</word>
   <word id="word_184">a</word>
   <word id="word_185">proposta</word>
   <word id="word_186">enviada</word>
   <word id="word_187">por_</word>
   <word id="word_188">a</word>
   <word id="word_189">Subcomissão</word>
   <word id="word_190">de_</word>
   <word id="word_191">o</word>
   <word id="word_192">Meio</word>
   <word id="word_193">Ambiente</word>
   <word id="word_194">a_</word>
   <word id="word_195">a</word>
   <word id="word_196">Constituinte</word>
   <word id="word_197">para</word>
   <word id="word_198">que</word>
   <word id="word_199">fossem</word>
   <word id="word_200">proibidas</word>
   <word id="word_201">a</word>
   <word id="word_202">importação</word>
   <word id="word_203">,</word>
   <word id="word_204">fabricação</word>
   <word id="word_205">e</word>
   <word id="word_206">transporte</word>
   <word id="word_207">de</word>
   <word id="word_208">artefactos</word>
   <word id="word_209">bélicos</word>
   <word id="word_210">nucleares</word>
   <word id="word_211">e</word>
   <word id="word_212">a</word>
   <word id="word_213">instalação</word>
   <word id="word_214">de</word>
   <word id="word_215">centrais</word>
   <word id="word_216">nucleares</word>
   <word id="word_217">em_</word>
   <word id="word_218">o</word>
   <word id="word_219">Brasil</word>
   <word id="word_220">.</word>
   <word id="word_221">O</word>
   <word id="word_222">artigo</word>
   <word id="word_223">não</word>
   <word id="word_224">passou</word>
   <word id="word_225">em_</word>
   <word id="word_226">a</word>
   <word id="word_227">Comissão</word>
   <word id="word_228">de</word>
   <word id="word_229">Sistematização</word>
   <word id="word_230">mas</word>
   <word id="word_231">ficou</word>
   <word id="word_232">consignada</word>
   <word id="word_233">e</word>
   <word id="word_234">remetida</word>
   <word id="word_235">como</word>
   <word id="word_236">competência</word>
   <word id="word_237">de_</word>
   <word id="word_238">a</word>
   <word id="word_239">União</word>
   <word id="word_240">Federativa</word>
   <word id="word_241">a</word>
   <word id="word_242">necessidade</word>
   <word id="word_243">de</word>
   <word id="word_244">legislar</word>
   <word id="word_245">sobre</word>
   <word id="word_246">o</word>
   <word id="word_247">assunto</word>
   <word id="word_248">sempre</word>
   <word id="word_249">que</word>
   <word id="word_250">necessário</word>
   <word id="word_251">.</word>
   <word id="word_252">Por</word>
   <word id="word_253">enquanto</word>
   <word id="word_254">,</word>
   <word id="word_255">também</word>
   <word id="word_256">entre</word>
   <word id="word_257">os</word>
   <word id="word_258">movimentos</word>
   <word id="word_259">ecologistas</word>
   <word id="word_260">existe</word>
   <word id="word_261">a</word>
   <word id="word_262">mesma</word>
   <word id="word_263">desarmonia</word>
   <word id="word_264">que</word>
   <word id="word_265">se</word>
   <word id="word_266">tem</word>
   <word id="word_267">manifestado</word>
   <word id="word_268">em_</word>
   <word id="word_269">os</word>
   <word id="word_270">outros</word>
   <word id="word_271">segmentos</word>
   <word id="word_272">políticos</word>
   <word id="word_273">de_</word>
   <word id="word_274">o</word>
   <word id="word_275">país</word>
   <word id="word_276">.</word>
   <word id="word_277">Prometem</word>
   <word id="word_278">-se</word>
   <word id="word_279">manifestações</word>
   <word id="word_280">contra</word>
   <word id="word_281">as</word>
   <word id="word_282">centrais</word>
   <word id="word_283">nucleares</word>
   <word id="word_284">,</word>
   <word id="word_285">sustentadas</word>
   <word id="word_286">por</word>
   <word id="word_287">uma</word>
   <word id="word_288">emenda</word>
   <word id="word_289">popular</word>
   <word id="word_290">de</word>
   <word id="word_291">68</word>
   <word id="word_292">mil</word>
   <word id="word_293">assinaturas</word>
   <word id="word_294">para</word>
   <word id="word_295">as</word>
   <word id="word_296">votações</word>
   <word id="word_297">finais</word>
   <word id="word_298">de_</word>
   <word id="word_299">a</word>
   <word id="word_300">Constituinte</word>
   <word id="word_301">em</word>
   <word id="word_302">Brasília</word>
   <word id="word_303">.</word>
   <word id="word_304">Mas</word>
   <word id="word_305">não</word>
   <word id="word_306">chegaram</word>
   <word id="word_307">ainda</word>
   <word id="word_308">a</word>
   <word id="word_309">acordo</word>
   <word id="word_310">sobre</word>
   <word id="word_311">o</word>
   <word id="word_312">assunto</word>
   <word id="word_313">os</word>
   <word id="word_314">60</word>
   <word id="word_315">deputados</word>
   <word id="word_316">reunidos</word>
   <word id="word_317">por</word>
   <word id="word_318">Fábio</word>
   <word id="word_319">Feldeman</word>
   <word id="word_320">em_</word>
   <word id="word_321">a</word>
   <word id="word_322">Frente</word>
   <word id="word_323">Verde</word>
   <word id="word_324">Suprapardidária</word>
   <word id="word_325">.</word>
   <word id="word_326">Depois</word>
   <word id="word_327">de</word>
   <word id="word_328">barradas</word>
   <word id="word_329">as</word>
   <word id="word_330">diversas</word>
   <word id="word_331">propostas</word>
   <word id="word_332">por_</word>
   <word id="word_333">a</word>
   <word id="word_334">Comissão</word>
   <word id="word_335">de</word>
   <word id="word_336">Sistematização</word>
   <word id="word_337">,</word>
   <word id="word_338">sobraram</word>
   <word id="word_339">para</word>
   <word id="word_340">se</word>
   <word id="word_341">apreciar</word>
   <word id="word_342">alguns</word>
   <word id="word_343">artigos</word>
   <word id="word_344">comemorados</word>
   <word id="word_345">com</word>
   <word id="word_346">euforia</word>
   <word id="word_347">por_</word>
   <word id="word_348">os</word>
   <word id="word_349">ecologistas</word>
   <word id="word_350">.</word>
   <word id="word_351">Assim</word>
   <word id="word_352">,</word>
   <word id="word_353">a</word>
   <word id="word_354">Constituição</word>
   <word id="word_355">irá</word>
   <word id="word_356">caracterizar</word>
   <word id="word_357">a</word>
   <word id="word_358">degradação</word>
   <word id="word_359">de_</word>
   <word id="word_360">o</word>
   <word id="word_361">ambiente</word>
   <word id="word_362">como</word>
   <word id="word_363">crime</word>
   <word id="word_364">ecológico</word>
   <word id="word_365">e</word>
   <word id="word_366">obrigará</word>
   <word id="word_367">a_</word>
   <word id="word_368">o</word>
   <word id="word_369">estudo</word>
   <word id="word_370">prévio</word>
   <word id="word_371">de_</word>
   <word id="word_372">o</word>
   <word id="word_373">impacte</word>
   <word id="word_374">ambiental</word>
   <word id="word_375">sobre</word>
   <word id="word_376">obras</word>
   <word id="word_377">que</word>
   <word id="word_378">alterem</word>
   <word id="word_379">o</word>
   <word id="word_380">meio</word>
   <word id="word_381">ambiente</word>
   <word id="word_382">,</word>
   <word id="word_383">segundo</word>
   <word id="word_384">estes</word>
   <word id="word_385">artigos</word>
   <word id="word_386">.</word>
   <word id="word_387">O</word>
   <word id="word_388">Estado</word>
   <word id="word_389">será</word>
   <word id="word_390">também</word>
   <word id="word_391">obrigado</word>
   <word id="word_392">a</word>
   <word id="word_393">controlar</word>
   <word id="word_394">a</word>
   <word id="word_395">produção</word>
   <word id="word_396">,</word>
   <word id="word_397">comercialização</word>
   <word id="word_398">e</word>
   <word id="word_399">emprego</word>
   <word id="word_400">de</word>
   <word id="word_401">agro-tóxicos</word>
   <word id="word_402">.</word>
   <word id="word_403">A</word>
   <word id="word_404">floresta</word>
   <word id="word_405">amazónica</word>
   <word id="word_406">,</word>
   <word id="word_407">a</word>
   <word id="word_408">mata</word>
   <word id="word_409">atlântica</word>
   <word id="word_410">,</word>
   <word id="word_411">o</word>
   <word id="word_412">pantanal</word>
   <word id="word_413">de</word>
   <word id="word_414">Mato</word>
   <word id="word_415">Grosso</word>
   <word id="word_416">e</word>
   <word id="word_417">a</word>
   <word id="word_418">zona</word>
   <word id="word_419">costeira</word>
   <word id="word_420">serão</word>
   <word id="word_421">considerados</word>
   <word id="word_422">património</word>
   <word id="word_423">nacional</word>
   <word id="word_424">,</word>
   <word id="word_425">garantido</word>
   <word id="word_426">em_</word>
   <word id="word_427">as</word>
   <word id="word_428">suas</word>
   <word id="word_429">riquezas</word>
   <word id="word_430">animal</word>
   <word id="word_431">e</word>
   <word id="word_432">vegetal</word>
   <word id="word_433">.</word>
   <word id="word_434">"</word>
   <word id="word_435">A</word>
   <word id="word_436">poluição</word>
   <word id="word_437">de_</word>
   <word id="word_438">o</word>
   <word id="word_439">meio</word>
   <word id="word_440">ambiente</word>
   <word id="word_441">e</word>
   <word id="word_442">a</word>
   <word id="word_443">devastação</word>
   <word id="word_444">de_</word>
   <word id="word_445">os</word>
   <word id="word_446">recursos</word>
   <word id="word_447">naturais</word>
   <word id="word_448">é</word>
   <word id="word_449">que</word>
   <word id="word_450">geram</word>
   <word id="word_451">o</word>
   <word id="word_452">auto-extermínio</word>
   <word id="word_453">colectivo</word>
   <word id="word_454">e</word>
   <word id="word_455">a</word>
   <word id="word_456">multiplicação</word>
   <word id="word_457">de</word>
   <word id="word_458">miséria</word>
   <word id="word_459">"</word>
   <word id="word_460">,</word>
   <word id="word_461">proclamou</word>
   <word id="word_462">o</word>
   <word id="word_463">ecologista</word>
   <word id="word_464">Feldeman</word>
   <word id="word_465">,</word>
   <word id="word_466">promovedor</word>
   <word id="word_467">de</word>
   <word id="word_468">um</word>
   <word id="word_469">passeio</word>
   <word id="word_470">de</word>
   <word id="word_471">deputados</word>
   <word id="word_472">constituintes</word>
   <word id="word_473">a_</word>
   <word id="word_474">o</word>
   <word id="word_475">pantanal</word>
   <word id="word_476">(</word>
   <word id="word_477">Mato</word>
   <word id="word_478">Grosso</word>
   <word id="word_479">)</word>
   <word id="word_480">,</word>
   <word id="word_481">a_</word>
   <word id="word_482">a</word>
   <word id="word_483">cidade</word>
   <word id="word_484">industrial</word>
   <word id="word_485">de</word>
   <word id="word_486">Cubatão</word>
   <word id="word_487">(</word>
   <word id="word_488">São</word>
   <word id="word_489">Paulo</word>
   <word id="word_490">)</word>
   <word id="word_491">e</word>
   <word id="word_492">a_</word>
   <word id="word_493">as</word>
   <word id="word_494">centrais</word>
   <word id="word_495">nucleares</word>
   <word id="word_496">de</word>
   <word id="word_497">Angra</word>
   <word id="word_498">de_</word>
   <word id="word_499">os</word>
   <word id="word_500">Reis</word>
   <word id="word_501">(</word>
   <word id="word_502">Rio</word>
   <word id="word_503">de</word>
   <word id="word_504">Janeiro</word>
   <word id="word_505">)</word>
   <word id="word_506">.</word>
   <word id="word_507">Se</word>
   <word id="word_508">todos</word>
   <word id="word_509">os</word>
   <word id="word_510">artigos</word>
   <word id="word_511">forem</word>
   <word id="word_512">aprovados</word>
   <word id="word_513">em_</word>
   <word id="word_514">a</word>
   <word id="word_515">Comissão</word>
   <word id="word_516">de</word>
   <word id="word_517">Sistematização</word>
   <word id="word_518">,</word>
   <word id="word_519">"</word>
   <word id="word_520">será</word>
   <word id="word_521">a</word>
   <word id="word_522">primeira</word>
   <word id="word_523">vez</word>
   <word id="word_524">que</word>
   <word id="word_525">um</word>
   <word id="word_526">país</word>
   <word id="word_527">de_</word>
   <word id="word_528">a</word>
   <word id="word_529">dimensão</word>
   <word id="word_530">de_</word>
   <word id="word_531">o</word>
   <word id="word_532">Brasil</word>
   <word id="word_533">terá</word>
   <word id="word_534">normas</word>
   <word id="word_535">em</word>
   <word id="word_536">relação</word>
   <word id="word_537">a_</word>
   <word id="word_538">o</word>
   <word id="word_539">meio</word>
   <word id="word_540">ambiente</word>
   <word id="word_541">em_</word>
   <word id="word_542">a</word>
   <word id="word_543">Constituição</word>
   <word id="word_544">"</word>
   <word id="word_545">,</word>
   <word id="word_546">disse</word>
   <word id="word_547">Feldeman</word>
   <word id="word_548">,</word>
   <word id="word_549">empenhado</word>
   <word id="word_550">agora</word>
   <word id="word_551">a</word>
   <word id="word_552">fundo</word>
   <word id="word_553">em_</word>
   <word id="word_554">a</word>
   <word id="word_555">luta</word>
   <word id="word_556">contra</word>
   <word id="word_557">os</word>
   <word id="word_558">poderosos</word>
   <word id="word_559">lobbies</word>
   <word id="word_560">de_</word>
   <word id="word_561">as</word>
   <word id="word_562">indústrias</word>
   <word id="word_563">químicas</word>
   <word id="word_564">e</word>
   <word id="word_565">de</word>
   <word id="word_566">armamentos</word>
   <word id="word_567">,</word>
   <word id="word_568">de_</word>
   <word id="word_569">as</word>
   <word id="word_570">empreiteiras</word>
   <word id="word_571">e</word>
   <word id="word_572">de_</word>
   <word id="word_573">os</word>
   <word id="word_574">militares</word>
   <word id="word_575">junto</word>
   <word id="word_576">de_</word>
   <word id="word_577">a</word>
   <word id="word_578">Constituinte</word>
   <word id="word_579">.</word>
</words>
