<?xml version="1.0" encoding="UTF-8"?>
<!DOCTYPE words SYSTEM "words.dtd">
<words>
   <word id="word_1">O</word>
   <word id="word_2">PRESIDENTE</word>
   <word id="word_3">de_</word>
   <word id="word_4">a</word>
   <word id="word_5">Secção</word>
   <word id="word_6">Regional</word>
   <word id="word_7">de_</word>
   <word id="word_8">o</word>
   <word id="word_9">Norte</word>
   <word id="word_10">de_</word>
   <word id="word_11">a</word>
   <word id="word_12">Ordem</word>
   <word id="word_13">de_</word>
   <word id="word_14">os</word>
   <word id="word_15">Médicos</word>
   <word id="word_16">disse</word>
   <word id="word_17">que</word>
   <word id="word_18">aquele</word>
   <word id="word_19">organismo</word>
   <word id="word_20">alertou</word>
   <word id="word_21">os</word>
   <word id="word_22">clínicos</word>
   <word id="word_23">sob</word>
   <word id="word_24">a</word>
   <word id="word_25">sua</word>
   <word id="word_26">jurisdição</word>
   <word id="word_27">"</word>
   <word id="word_28">para</word>
   <word id="word_29">as</word>
   <word id="word_30">consequências</word>
   <word id="word_31">que</word>
   <word id="word_32">,</word>
   <word id="word_33">inadvertidamente</word>
   <word id="word_34">,</word>
   <word id="word_35">poderão</word>
   <word id="word_36">advir</word>
   <word id="word_37">de</word>
   <word id="word_38">alguma</word>
   <word id="word_39">colaboração</word>
   <word id="word_40">oferecida</word>
   <word id="word_41">por</word>
   <word id="word_42">alguns</word>
   <word id="word_43">laboratórios</word>
   <word id="word_44">"</word>
   <word id="word_45">.</word>
   <word id="word_46">Pinto</word>
   <word id="word_47">de</word>
   <word id="word_48">Andrade</word>
   <word id="word_49">acentuou</word>
   <word id="word_50">que</word>
   <word id="word_51">"</word>
   <word id="word_52">são</word>
   <word id="word_53">cada</word>
   <word id="word_54">vez</word>
   <word id="word_55">mais</word>
   <word id="word_56">frequentes</word>
   <word id="word_57">os</word>
   <word id="word_58">processos</word>
   <word id="word_59">disciplinares</word>
   <word id="word_60">e</word>
   <word id="word_61">outros</word>
   <word id="word_62">,</word>
   <word id="word_63">movidos</word>
   <word id="word_64">por_</word>
   <word id="word_65">os</word>
   <word id="word_66">órgãos</word>
   <word id="word_67">de</word>
   <word id="word_68">administração</word>
   <word id="word_69">e</word>
   <word id="word_70">por_</word>
   <word id="word_71">os</word>
   <word id="word_72">próprios</word>
   <word id="word_73">utentes</word>
   <word id="word_74">,</word>
   <word id="word_75">a_</word>
   <word id="word_76">os</word>
   <word id="word_77">quais</word>
   <word id="word_78">a</word>
   <word id="word_79">Comunicação</word>
   <word id="word_80">Social</word>
   <word id="word_81">dá</word>
   <word id="word_82">o</word>
   <word id="word_83">maior</word>
   <word id="word_84">relevo</word>
   <word id="word_85">"</word>
   <word id="word_86">.</word>
   <word id="word_87">"</word>
   <word id="word_88">Torna</word>
   <word id="word_89">-se</word>
   <word id="word_90">necessário</word>
   <word id="word_91">"</word>
   <word id="word_92">,</word>
   <word id="word_93">acentuou</word>
   <word id="word_94">o</word>
   <word id="word_95">presidente</word>
   <word id="word_96">de_</word>
   <word id="word_97">a</word>
   <word id="word_98">Secção</word>
   <word id="word_99">Regional</word>
   <word id="word_100">de_</word>
   <word id="word_101">o</word>
   <word id="word_102">Norte</word>
   <word id="word_103">de_</word>
   <word id="word_104">a</word>
   <word id="word_105">Ordem</word>
   <word id="word_106">de_</word>
   <word id="word_107">os</word>
   <word id="word_108">Médicos</word>
   <word id="word_109">,</word>
   <word id="word_110">"</word>
   <word id="word_111">o</word>
   <word id="word_112">cumprimento</word>
   <word id="word_113">escrupuloso</word>
   <word id="word_114">de_</word>
   <word id="word_115">as</word>
   <word id="word_116">normas</word>
   <word id="word_117">de</word>
   <word id="word_118">deontologia</word>
   <word id="word_119">e</word>
   <word id="word_120">ética</word>
   <word id="word_121">médicas</word>
   <word id="word_122">,</word>
   <word id="word_123">assim</word>
   <word id="word_124">como</word>
   <word id="word_125">um</word>
   <word id="word_126">comportamento</word>
   <word id="word_127">disciplinar</word>
   <word id="word_128">e</word>
   <word id="word_129">profissional</word>
   <word id="word_130">irrepreensível</word>
   <word id="word_131">em</word>
   <word id="word_132">todos</word>
   <word id="word_133">os</word>
   <word id="word_134">locais</word>
   <word id="word_135">de</word>
   <word id="word_136">trabalho</word>
   <word id="word_137">"</word>
   <word id="word_138">.</word>
</words>
