<?xml version="1.0" encoding="UTF-8"?>
<!DOCTYPE words SYSTEM "words.dtd">
<words>
   <word id="word_1">Os</word>
   <word id="word_2">preços</word>
   <word id="word_3">subiram</word>
   <word id="word_4">em</word>
   <word id="word_5">Maio</word>
   <word id="word_6">0,1</word>
   <word id="word_7">por</word>
   <word id="word_8">cento</word>
   <word id="word_9">,</word>
   <word id="word_10">contra</word>
   <word id="word_11">0,5</word>
   <word id="word_12">em</word>
   <word id="word_13">Abril</word>
   <word id="word_14">,</word>
   <word id="word_15">sendo</word>
   <word id="word_16">a</word>
   <word id="word_17">taxa</word>
   <word id="word_18">de</word>
   <word id="word_19">inflação</word>
   <word id="word_20">de</word>
   <word id="word_21">10,5</word>
   <word id="word_22">por</word>
   <word id="word_23">cento</word>
   <word id="word_24">,</word>
   <word id="word_25">revelaram</word>
   <word id="word_26">dados</word>
   <word id="word_27">de_</word>
   <word id="word_28">o</word>
   <word id="word_29">Instituto</word>
   <word id="word_30">Nacional</word>
   <word id="word_31">de</word>
   <word id="word_32">Estatística</word>
   <word id="word_33">ontem</word>
   <word id="word_34">divulgados</word>
   <word id="word_35">.</word>
   <word id="word_36">A</word>
   <word id="word_37">taxa</word>
   <word id="word_38">de</word>
   <word id="word_39">inflação</word>
   <word id="word_40">(</word>
   <word id="word_41">variação</word>
   <word id="word_42">média</word>
   <word id="word_43">de_</word>
   <word id="word_44">os</word>
   <word id="word_45">últimos</word>
   <word id="word_46">12</word>
   <word id="word_47">meses</word>
   <word id="word_48">)</word>
   <word id="word_49">é</word>
   <word id="word_50">0,1</word>
   <word id="word_51">por</word>
   <word id="word_52">cento</word>
   <word id="word_53">inferior</word>
   <word id="word_54">a_</word>
   <word id="word_55">a</word>
   <word id="word_56">de</word>
   <word id="word_57">Abril</word>
   <word id="word_58">,</word>
   <word id="word_59">mês</word>
   <word id="word_60">em</word>
   <word id="word_61">que</word>
   <word id="word_62">situou</word>
   <word id="word_63">em</word>
   <word id="word_64">10,6</word>
   <word id="word_65">por</word>
   <word id="word_66">cento</word>
   <word id="word_67">.</word>
   <word id="word_68">Em</word>
   <word id="word_69">termos</word>
   <word id="word_70">de</word>
   <word id="word_71">variação</word>
   <word id="word_72">média</word>
   <word id="word_73">anual</word>
   <word id="word_74">,</word>
   <word id="word_75">faz</word>
   <word id="word_76">notar</word>
   <word id="word_77">o</word>
   <word id="word_78">INE</word>
   <word id="word_79">,</word>
   <word id="word_80">o</word>
   <word id="word_81">movimento</word>
   <word id="word_82">de</word>
   <word id="word_83">desceleração</word>
   <word id="word_84">de_</word>
   <word id="word_85">a</word>
   <word id="word_86">taxa</word>
   <word id="word_87">de</word>
   <word id="word_88">inflação</word>
   <word id="word_89">,</word>
   <word id="word_90">embora</word>
   <word id="word_91">menos</word>
   <word id="word_92">intenso</word>
   <word id="word_93">,</word>
   <word id="word_94">parece</word>
   <word id="word_95">vir</word>
   <word id="word_96">a</word>
   <word id="word_97">confirmar</word>
   <word id="word_98">-se</word>
   <word id="word_99">,</word>
   <word id="word_100">abrangendo</word>
   <word id="word_101">todas</word>
   <word id="word_102">as</word>
   <word id="word_103">componentes</word>
   <word id="word_104">de_</word>
   <word id="word_105">o</word>
   <word id="word_106">índice</word>
   <word id="word_107">de</word>
   <word id="word_108">preços</word>
   <word id="word_109">a_</word>
   <word id="word_110">o</word>
   <word id="word_111">consumidor</word>
   <word id="word_112">.</word>
   <word id="word_113">A</word>
   <word id="word_114">subida</word>
   <word id="word_115">mensal</word>
   <word id="word_116">de</word>
   <word id="word_117">0,1</word>
   <word id="word_118">por</word>
   <word id="word_119">cento</word>
   <word id="word_120">foi</word>
   <word id="word_121">a</word>
   <word id="word_122">menor</word>
   <word id="word_123">desde</word>
   <word id="word_124">Maio</word>
   <word id="word_125">de</word>
   <word id="word_126">1986</word>
   <word id="word_127">,</word>
   <word id="word_128">quando</word>
   <word id="word_129">se</word>
   <word id="word_130">tinha</word>
   <word id="word_131">registado</word>
   <word id="word_132">uma</word>
   <word id="word_133">descida</word>
   <word id="word_134">de</word>
   <word id="word_135">0,5</word>
   <word id="word_136">por</word>
   <word id="word_137">cento</word>
   <word id="word_138">.</word>
   <word id="word_139">Os</word>
   <word id="word_140">dados</word>
   <word id="word_141">de_</word>
   <word id="word_142">o</word>
   <word id="word_143">INE</word>
   <word id="word_144">mostram</word>
   <word id="word_145">novamente</word>
   <word id="word_146">uma</word>
   <word id="word_147">subida</word>
   <word id="word_148">maior</word>
   <word id="word_149">de_</word>
   <word id="word_150">os</word>
   <word id="word_151">preços</word>
   <word id="word_152">de_</word>
   <word id="word_153">a</word>
   <word id="word_154">rubrica</word>
   <word id="word_155">"</word>
   <word id="word_156">Vestuário</word>
   <word id="word_157">e</word>
   <word id="word_158">Calçado</word>
   <word id="word_159">"</word>
   <word id="word_160">em</word>
   <word id="word_161">relação</word>
   <word id="word_162">a_</word>
   <word id="word_163">as</word>
   <word id="word_164">demais</word>
   <word id="word_165">.</word>
   <word id="word_166">Assim</word>
   <word id="word_167">,</word>
   <word id="word_168">os</word>
   <word id="word_169">preços</word>
   <word id="word_170">de_</word>
   <word id="word_171">o</word>
   <word id="word_172">"</word>
   <word id="word_173">Vestuário</word>
   <word id="word_174">e</word>
   <word id="word_175">Calçado</word>
   <word id="word_176">"</word>
   <word id="word_177">subiram</word>
   <word id="word_178">em</word>
   <word id="word_179">Maio</word>
   <word id="word_180">0,9</word>
   <word id="word_181">por</word>
   <word id="word_182">cento</word>
   <word id="word_183">,</word>
   <word id="word_184">enquanto</word>
   <word id="word_185">os</word>
   <word id="word_186">de_</word>
   <word id="word_187">a</word>
   <word id="word_188">classe</word>
   <word id="word_189">"</word>
   <word id="word_190">Diversos</word>
   <word id="word_191">"</word>
   <word id="word_192">cresceram</word>
   <word id="word_193">0,4</word>
   <word id="word_194">por</word>
   <word id="word_195">cento</word>
   <word id="word_196">e</word>
   <word id="word_197">os</word>
   <word id="word_198">de_</word>
   <word id="word_199">a</word>
   <word id="word_200">"</word>
   <word id="word_201">Despesas</word>
   <word id="word_202">de_</word>
   <word id="word_203">a</word>
   <word id="word_204">Habitação</word>
   <word id="word_205">"</word>
   <word id="word_206">0,3</word>
   <word id="word_207">por</word>
   <word id="word_208">cento</word>
   <word id="word_209">.</word>
   <word id="word_210">Os</word>
   <word id="word_211">de_</word>
   <word id="word_212">a</word>
   <word id="word_213">"</word>
   <word id="word_214">Alimentação</word>
   <word id="word_215">e</word>
   <word id="word_216">Bebidas</word>
   <word id="word_217">"</word>
   <word id="word_218">desceram</word>
   <word id="word_219">mesmo</word>
   <word id="word_220">0,3</word>
   <word id="word_221">por</word>
   <word id="word_222">cento</word>
   <word id="word_223">.</word>
   <word id="word_224">Ainda</word>
   <word id="word_225">assim</word>
   <word id="word_226">,</word>
   <word id="word_227">o</word>
   <word id="word_228">acréscimo</word>
   <word id="word_229">em_</word>
   <word id="word_230">o</word>
   <word id="word_231">"</word>
   <word id="word_232">Vestuário</word>
   <word id="word_233">e</word>
   <word id="word_234">Calçado</word>
   <word id="word_235">"</word>
   <word id="word_236">foi</word>
   <word id="word_237">bem</word>
   <word id="word_238">inferior</word>
   <word id="word_239">a_</word>
   <word id="word_240">o</word>
   <word id="word_241">de_</word>
   <word id="word_242">os</word>
   <word id="word_243">dois</word>
   <word id="word_244">meses</word>
   <word id="word_245">precedentes</word>
   <word id="word_246">(</word>
   <word id="word_247">menos</word>
   <word id="word_248">1,4</word>
   <word id="word_249">por</word>
   <word id="word_250">cento</word>
   <word id="word_251">em</word>
   <word id="word_252">Abril</word>
   <word id="word_253">e</word>
   <word id="word_254">1,1</word>
   <word id="word_255">por</word>
   <word id="word_256">cento</word>
   <word id="word_257">em</word>
   <word id="word_258">Março</word>
   <word id="word_259">)</word>
   <word id="word_260">.</word>
   <word id="word_261">O</word>
   <word id="word_262">decréscimo</word>
   <word id="word_263">de</word>
   <word id="word_264">três</word>
   <word id="word_265">por</word>
   <word id="word_266">cento</word>
   <word id="word_267">em_</word>
   <word id="word_268">os</word>
   <word id="word_269">preços</word>
   <word id="word_270">de_</word>
   <word id="word_271">a</word>
   <word id="word_272">classe</word>
   <word id="word_273">"</word>
   <word id="word_274">Alimentação</word>
   <word id="word_275">e</word>
   <word id="word_276">Bebidas</word>
   <word id="word_277">"</word>
   <word id="word_278">,</word>
   <word id="word_279">que</word>
   <word id="word_280">é</word>
   <word id="word_281">a</word>
   <word id="word_282">que</word>
   <word id="word_283">tem</word>
   <word id="word_284">maior</word>
   <word id="word_285">peso</word>
   <word id="word_286">em_</word>
   <word id="word_287">a</word>
   <word id="word_288">estrutura</word>
   <word id="word_289">de_</word>
   <word id="word_290">o</word>
   <word id="word_291">índice</word>
   <word id="word_292">de</word>
   <word id="word_293">preços</word>
   <word id="word_294">em_</word>
   <word id="word_295">o</word>
   <word id="word_296">consumidor</word>
   <word id="word_297">,</word>
   <word id="word_298">por</word>
   <word id="word_299">sua</word>
   <word id="word_300">vez</word>
   <word id="word_301">o</word>
   <word id="word_302">principal</word>
   <word id="word_303">indicador</word>
   <word id="word_304">de_</word>
   <word id="word_305">a</word>
   <word id="word_306">inflação</word>
   <word id="word_307">,</word>
   <word id="word_308">fez</word>
   <word id="word_309">também</word>
   <word id="word_310">"</word>
   <word id="word_311">travar</word>
   <word id="word_312">"</word>
   <word id="word_313">a</word>
   <word id="word_314">variação</word>
   <word id="word_315">média</word>
   <word id="word_316">de_</word>
   <word id="word_317">os</word>
   <word id="word_318">preços</word>
   <word id="word_319">em_</word>
   <word id="word_320">a</word>
   <word id="word_321">classe</word>
   <word id="word_322">em_</word>
   <word id="word_323">os</word>
   <word id="word_324">últimos</word>
   <word id="word_325">12</word>
   <word id="word_326">meses</word>
   <word id="word_327">-</word>
   <word id="word_328">passou</word>
   <word id="word_329">para</word>
   <word id="word_330">9</word>
   <word id="word_331">por</word>
   <word id="word_332">cento</word>
   <word id="word_333">,</word>
   <word id="word_334">contra</word>
   <word id="word_335">9,2</word>
   <word id="word_336">em_</word>
   <word id="word_337">o</word>
   <word id="word_338">mês</word>
   <word id="word_339">anterior</word>
   <word id="word_340">.</word>
   <word id="word_341">A</word>
   <word id="word_342">subida</word>
   <word id="word_343">anual</word>
   <word id="word_344">de_</word>
   <word id="word_345">os</word>
   <word id="word_346">preços</word>
   <word id="word_347">em</word>
   <word id="word_348">cada</word>
   <word id="word_349">uma</word>
   <word id="word_350">de_</word>
   <word id="word_351">as</word>
   <word id="word_352">classes</word>
   <word id="word_353">de_</word>
   <word id="word_354">o</word>
   <word id="word_355">índice</word>
   <word id="word_356">foi</word>
   <word id="word_357">:</word>
   <word id="word_358">Alimentação</word>
   <word id="word_359">e</word>
   <word id="word_360">Bebidas</word>
   <word id="word_361">-</word>
   <word id="word_362">9,0</word>
   <word id="word_363">por</word>
   <word id="word_364">cento</word>
   <word id="word_365">(</word>
   <word id="word_366">9,2</word>
   <word id="word_367">em</word>
   <word id="word_368">Abril</word>
   <word id="word_369">)</word>
   <word id="word_370">;</word>
   <word id="word_371">Vestuário</word>
   <word id="word_372">e</word>
   <word id="word_373">Calçado</word>
   <word id="word_374">-</word>
   <word id="word_375">21,2</word>
   <word id="word_376">por</word>
   <word id="word_377">cento</word>
   <word id="word_378">(</word>
   <word id="word_379">21,7</word>
   <word id="word_380">em</word>
   <word id="word_381">Abril</word>
   <word id="word_382">)</word>
   <word id="word_383">;</word>
   <word id="word_384">Despesas</word>
   <word id="word_385">de_</word>
   <word id="word_386">a</word>
   <word id="word_387">Habitação</word>
   <word id="word_388">-</word>
   <word id="word_389">7,7</word>
   <word id="word_390">por</word>
   <word id="word_391">cento</word>
   <word id="word_392">(</word>
   <word id="word_393">8,0</word>
   <word id="word_394">em</word>
   <word id="word_395">Abril</word>
   <word id="word_396">)</word>
   <word id="word_397">;</word>
   <word id="word_398">Diversos</word>
   <word id="word_399">-</word>
   <word id="word_400">10,9</word>
   <word id="word_401">por</word>
   <word id="word_402">cento</word>
   <word id="word_403">(</word>
   <word id="word_404">11,4</word>
   <word id="word_405">em</word>
   <word id="word_406">Abril</word>
   <word id="word_407">)</word>
   <word id="word_408">.</word>
   <word id="word_409">Entre</word>
   <word id="word_410">Maio</word>
   <word id="word_411">e</word>
   <word id="word_412">o</word>
   <word id="word_413">mesmo</word>
   <word id="word_414">mês</word>
   <word id="word_415">de</word>
   <word id="word_416">1986</word>
   <word id="word_417">,</word>
   <word id="word_418">os</word>
   <word id="word_419">preços</word>
   <word id="word_420">subiram</word>
   <word id="word_421">9,5</word>
   <word id="word_422">por</word>
   <word id="word_423">cento</word>
   <word id="word_424">,</word>
   <word id="word_425">contra</word>
   <word id="word_426">8,9</word>
   <word id="word_427">por</word>
   <word id="word_428">cento</word>
   <word id="word_429">entre</word>
   <word id="word_430">Abril</word>
   <word id="word_431">de</word>
   <word id="word_432">87</word>
   <word id="word_433">e</word>
   <word id="word_434">Abril</word>
   <word id="word_435">de</word>
   <word id="word_436">86</word>
   <word id="word_437">.</word>
   <word id="word_438">em_</word>
   <word id="word_439">este</word>
   <word id="word_440">período</word>
   <word id="word_441">,</word>
   <word id="word_442">a</word>
   <word id="word_443">classe</word>
   <word id="word_444">com</word>
   <word id="word_445">maior</word>
   <word id="word_446">subida</word>
   <word id="word_447">foi</word>
   <word id="word_448">a</word>
   <word id="word_449">de</word>
   <word id="word_450">"</word>
   <word id="word_451">Vestuário</word>
   <word id="word_452">e</word>
   <word id="word_453">Calçado</word>
   <word id="word_454">"</word>
   <word id="word_455">,</word>
   <word id="word_456">com</word>
   <word id="word_457">18</word>
   <word id="word_458">por</word>
   <word id="word_459">cento</word>
   <word id="word_460">,</word>
   <word id="word_461">seguindo</word>
   <word id="word_462">-se</word>
   <word id="word_463">"</word>
   <word id="word_464">Alimentação</word>
   <word id="word_465">e</word>
   <word id="word_466">Bebidas</word>
   <word id="word_467">"</word>
   <word id="word_468">,</word>
   <word id="word_469">com</word>
   <word id="word_470">8,9</word>
   <word id="word_471">,</word>
   <word id="word_472">"</word>
   <word id="word_473">Diversos</word>
   <word id="word_474">"</word>
   <word id="word_475">,</word>
   <word id="word_476">8,2</word>
   <word id="word_477">,</word>
   <word id="word_478">e</word>
   <word id="word_479">"</word>
   <word id="word_480">Despesas</word>
   <word id="word_481">de_</word>
   <word id="word_482">a</word>
   <word id="word_483">Habitação</word>
   <word id="word_484">"</word>
   <word id="word_485">,</word>
   <word id="word_486">7,0</word>
   <word id="word_487">.</word>
   <word id="word_488">Os</word>
   <word id="word_489">objectivos</word>
   <word id="word_490">macroeconómicos</word>
   <word id="word_491">de_</word>
   <word id="word_492">o</word>
   <word id="word_493">Governo</word>
   <word id="word_494">apontam</word>
   <word id="word_495">para</word>
   <word id="word_496">uma</word>
   <word id="word_497">inflação</word>
   <word id="word_498">anualizada</word>
   <word id="word_499">em</word>
   <word id="word_500">Dezembro</word>
   <word id="word_501">de_</word>
   <word id="word_502">a</word>
   <word id="word_503">ordem</word>
   <word id="word_504">de_</word>
   <word id="word_505">os</word>
   <word id="word_506">8</word>
   <word id="word_507">ou</word>
   <word id="word_508">9</word>
   <word id="word_509">por</word>
   <word id="word_510">cento</word>
   <word id="word_511">.</word>
</words>
