<?xml version="1.0" encoding="UTF-8"?>
<!DOCTYPE words SYSTEM "words.dtd">
<words>
   <word id="word_1">DOIS</word>
   <word id="word_2">INCÊNDIOS</word>
   <word id="word_3">de</word>
   <word id="word_4">grandes</word>
   <word id="word_5">proporções</word>
   <word id="word_6">deflagraram</word>
   <word id="word_7">ontem</word>
   <word id="word_8">em_</word>
   <word id="word_9">os</word>
   <word id="word_10">concelhos</word>
   <word id="word_11">de</word>
   <word id="word_12">Vila</word>
   <word id="word_13">de</word>
   <word id="word_14">Rei</word>
   <word id="word_15">e</word>
   <word id="word_16">Monforte</word>
   <word id="word_17">,</word>
   <word id="word_18">estando</word>
   <word id="word_19">a</word>
   <word id="word_20">ser</word>
   <word id="word_21">combatidos</word>
   <word id="word_22">por</word>
   <word id="word_23">várias</word>
   <word id="word_24">corporações</word>
   <word id="word_25">de_</word>
   <word id="word_26">a</word>
   <word id="word_27">região</word>
   <word id="word_28">,</word>
   <word id="word_29">com</word>
   <word id="word_30">o</word>
   <word id="word_31">auxílio</word>
   <word id="word_32">de</word>
   <word id="word_33">meios</word>
   <word id="word_34">aéreos</word>
   <word id="word_35">,</word>
   <word id="word_36">informou</word>
   <word id="word_37">o</word>
   <word id="word_38">Centro</word>
   <word id="word_39">Coordenador</word>
   <word id="word_40">de_</word>
   <word id="word_41">a</word>
   <word id="word_42">Sertã</word>
   <word id="word_43">.</word>
   <word id="word_44">Em</word>
   <word id="word_45">Vila</word>
   <word id="word_46">de</word>
   <word id="word_47">Rei</word>
   <word id="word_48">,</word>
   <word id="word_49">o</word>
   <word id="word_50">incêncio</word>
   <word id="word_51">deflagrou</word>
   <word id="word_52">em_</word>
   <word id="word_53">a</word>
   <word id="word_54">Quinta</word>
   <word id="word_55">de_</word>
   <word id="word_56">as</word>
   <word id="word_57">Laranjeiras</word>
   <word id="word_58">e</word>
   <word id="word_59">está</word>
   <word id="word_60">a</word>
   <word id="word_61">ser</word>
   <word id="word_62">combatido</word>
   <word id="word_63">por_</word>
   <word id="word_64">os</word>
   <word id="word_65">bombeiros</word>
   <word id="word_66">de</word>
   <word id="word_67">Cernache</word>
   <word id="word_68">de_</word>
   <word id="word_69">o</word>
   <word id="word_70">Bonjardim</word>
   <word id="word_71">,</word>
   <word id="word_72">Proença-a-Nova</word>
   <word id="word_73">,</word>
   <word id="word_74">Sardoal</word>
   <word id="word_75">,</word>
   <word id="word_76">Abrantes</word>
   <word id="word_77">e</word>
   <word id="word_78">Mação</word>
   <word id="word_79">e</word>
   <word id="word_80">por_</word>
   <word id="word_81">os</word>
   <word id="word_82">meios</word>
   <word id="word_83">aéreos</word>
   <word id="word_84">de_</word>
   <word id="word_85">as</word>
   <word id="word_86">pistas</word>
   <word id="word_87">de_</word>
   <word id="word_88">as</word>
   <word id="word_89">Moitas</word>
   <word id="word_90">e</word>
   <word id="word_91">de</word>
   <word id="word_92">Ferreira</word>
   <word id="word_93">de_</word>
   <word id="word_94">o</word>
   <word id="word_95">Zêzere</word>
   <word id="word_96">.</word>
   <word id="word_97">Em</word>
   <word id="word_98">1986</word>
   <word id="word_99">,</word>
   <word id="word_100">cerca</word>
   <word id="word_101">de</word>
   <word id="word_102">90</word>
   <word id="word_103">por</word>
   <word id="word_104">cento</word>
   <word id="word_105">de_</word>
   <word id="word_106">a</word>
   <word id="word_107">área</word>
   <word id="word_108">de_</word>
   <word id="word_109">o</word>
   <word id="word_110">concelho</word>
   <word id="word_111">de</word>
   <word id="word_112">Vila</word>
   <word id="word_113">de</word>
   <word id="word_114">Rei</word>
   <word id="word_115">encontrava</word>
   <word id="word_116">-se</word>
   <word id="word_117">ardida</word>
   <word id="word_118">.</word>
   <word id="word_119">Em_</word>
   <word id="word_120">a</word>
   <word id="word_121">serra</word>
   <word id="word_122">de_</word>
   <word id="word_123">o</word>
   <word id="word_124">Carregal</word>
   <word id="word_125">,</word>
   <word id="word_126">entre</word>
   <word id="word_127">Monforte</word>
   <word id="word_128">de_</word>
   <word id="word_129">a</word>
   <word id="word_130">Beira</word>
   <word id="word_131">e</word>
   <word id="word_132">Malpica</word>
   <word id="word_133">de_</word>
   <word id="word_134">o</word>
   <word id="word_135">Teja</word>
   <word id="word_136">,</word>
   <word id="word_137">as</word>
   <word id="word_138">chamas</word>
   <word id="word_139">estão</word>
   <word id="word_140">a</word>
   <word id="word_141">lavrar</word>
   <word id="word_142">em_</word>
   <word id="word_143">uma</word>
   <word id="word_144">zona</word>
   <word id="word_145">densa</word>
   <word id="word_146">de</word>
   <word id="word_147">oliveiras</word>
   <word id="word_148">,</word>
   <word id="word_149">pinheiros</word>
   <word id="word_150">e</word>
   <word id="word_151">mato</word>
   <word id="word_152">,</word>
   <word id="word_153">onde</word>
   <word id="word_154">o</word>
   <word id="word_155">acesso</word>
   <word id="word_156">é</word>
   <word id="word_157">difícil</word>
   <word id="word_158">.</word>
   <word id="word_159">Combatem</word>
   <word id="word_160">o</word>
   <word id="word_161">incêncio</word>
   <word id="word_162">os</word>
   <word id="word_163">bombeiros</word>
   <word id="word_164">de</word>
   <word id="word_165">Castelo</word>
   <word id="word_166">Branco</word>
   <word id="word_167">,</word>
   <word id="word_168">Vila</word>
   <word id="word_169">Velha</word>
   <word id="word_170">de</word>
   <word id="word_171">Ródão</word>
   <word id="word_172">,</word>
   <word id="word_173">Idanha-a-Nova</word>
   <word id="word_174">e</word>
   <word id="word_175">os</word>
   <word id="word_176">meios</word>
   <word id="word_177">aéreos</word>
   <word id="word_178">de_</word>
   <word id="word_179">a</word>
   <word id="word_180">pista</word>
   <word id="word_181">de_</word>
   <word id="word_182">as</word>
   <word id="word_183">Moitas</word>
   <word id="word_184">.</word>
   <word id="word_185">Em_</word>
   <word id="word_186">a</word>
   <word id="word_187">mesma</word>
   <word id="word_188">região</word>
   <word id="word_189">,</word>
   <word id="word_190">outro</word>
   <word id="word_191">incêndio</word>
   <word id="word_192">deflagrou</word>
   <word id="word_193">ontem</word>
   <word id="word_194">a_</word>
   <word id="word_195">a</word>
   <word id="word_196">tarde</word>
   <word id="word_197">em</word>
   <word id="word_198">Casal</word>
   <word id="word_199">Novo</word>
   <word id="word_200">,</word>
   <word id="word_201">concelho</word>
   <word id="word_202">de_</word>
   <word id="word_203">a</word>
   <word id="word_204">Sertã</word>
   <word id="word_205">.</word>
   <word id="word_206">Responsáveis</word>
   <word id="word_207">de_</word>
   <word id="word_208">o</word>
   <word id="word_209">Centro</word>
   <word id="word_210">Coordenador</word>
   <word id="word_211">de_</word>
   <word id="word_212">a</word>
   <word id="word_213">Sertã</word>
   <word id="word_214">disseram</word>
   <word id="word_215">que</word>
   <word id="word_216">os</word>
   <word id="word_217">meios</word>
   <word id="word_218">aéreos</word>
   <word id="word_219">disponíveis</word>
   <word id="word_220">são</word>
   <word id="word_221">"</word>
   <word id="word_222">insuficientes</word>
   <word id="word_223">"</word>
   <word id="word_224">,</word>
   <word id="word_225">por</word>
   <word id="word_226">ser</word>
   <word id="word_227">necessário</word>
   <word id="word_228">acorrer</word>
   <word id="word_229">a</word>
   <word id="word_230">vários</word>
   <word id="word_231">incêncios</word>
   <word id="word_232">simultaneamente</word>
   <word id="word_233">.</word>
   <word id="word_234">O</word>
   <word id="word_235">Tribunal</word>
   <word id="word_236">de</word>
   <word id="word_237">Instrução</word>
   <word id="word_238">Criminal</word>
   <word id="word_239">de</word>
   <word id="word_240">Setúbal</word>
   <word id="word_241">confirmou</word>
   <word id="word_242">ontem</word>
   <word id="word_243">a</word>
   <word id="word_244">prisão</word>
   <word id="word_245">de</word>
   <word id="word_246">um</word>
   <word id="word_247">jovem</word>
   <word id="word_248">de</word>
   <word id="word_249">20</word>
   <word id="word_250">anos</word>
   <word id="word_251">acusado</word>
   <word id="word_252">de</word>
   <word id="word_253">fogo</word>
   <word id="word_254">posto</word>
   <word id="word_255">,</word>
   <word id="word_256">disse</word>
   <word id="word_257">um</word>
   <word id="word_258">informador</word>
   <word id="word_259">de_</word>
   <word id="word_260">a</word>
   <word id="word_261">GNR</word>
   <word id="word_262">de</word>
   <word id="word_263">Setúbal</word>
   <word id="word_264">.</word>
   <word id="word_265">Paulo</word>
   <word id="word_266">Alexandre</word>
   <word id="word_267">Oliveira</word>
   <word id="word_268">Baptista</word>
   <word id="word_269">é</word>
   <word id="word_270">responsabilizado</word>
   <word id="word_271">por_</word>
   <word id="word_272">o</word>
   <word id="word_273">incêndio</word>
   <word id="word_274">ocorrido</word>
   <word id="word_275">em_</word>
   <word id="word_276">a</word>
   <word id="word_277">passada</word>
   <word id="word_278">semana</word>
   <word id="word_279">em_</word>
   <word id="word_280">uma</word>
   <word id="word_281">mata</word>
   <word id="word_282">de_</word>
   <word id="word_283">o</word>
   <word id="word_284">lugar</word>
   <word id="word_285">de_</word>
   <word id="word_286">os</word>
   <word id="word_287">Barris</word>
   <word id="word_288">,</word>
   <word id="word_289">Palmela</word>
   <word id="word_290">.</word>
   <word id="word_291">O</word>
   <word id="word_292">jovem</word>
   <word id="word_293">confessou</word>
   <word id="word_294">o</word>
   <word id="word_295">crime</word>
   <word id="word_296">e</word>
   <word id="word_297">disse</word>
   <word id="word_298">que</word>
   <word id="word_299">o</word>
   <word id="word_300">praticou</word>
   <word id="word_301">a</word>
   <word id="word_302">troco</word>
   <word id="word_303">de</word>
   <word id="word_304">mil</word>
   <word id="word_305">escudos</word>
   <word id="word_306">,</word>
   <word id="word_307">não</word>
   <word id="word_308">revelando</word>
   <word id="word_309">,</word>
   <word id="word_310">em_</word>
   <word id="word_311">o</word>
   <word id="word_312">entanto</word>
   <word id="word_313">,</word>
   <word id="word_314">de</word>
   <word id="word_315">quem</word>
   <word id="word_316">recebeu</word>
   <word id="word_317">o</word>
   <word id="word_318">dinheiro</word>
   <word id="word_319">,</word>
   <word id="word_320">disse</word>
   <word id="word_321">uma</word>
   <word id="word_322">fonte</word>
   <word id="word_323">de_</word>
   <word id="word_324">o</word>
   <word id="word_325">tribunal</word>
   <word id="word_326">de</word>
   <word id="word_327">instrução</word>
   <word id="word_328">criminal</word>
   <word id="word_329">.</word>
</words>
