<?xml version="1.0" encoding="UTF-8"?>
<!DOCTYPE words SYSTEM "words.dtd">
<words>
   <word id="word_1">CAVACO</word>
   <word id="word_2">SILVA</word>
   <word id="word_3">,</word>
   <word id="word_4">quando</word>
   <word id="word_5">lhe</word>
   <word id="word_6">foi</word>
   <word id="word_7">perguntado</word>
   <word id="word_8">se</word>
   <word id="word_9">haveria</word>
   <word id="word_10">uma</word>
   <word id="word_11">decisão</word>
   <word id="word_12">definitiva</word>
   <word id="word_13">sobre</word>
   <word id="word_14">o</word>
   <word id="word_15">Alqueva</word>
   <word id="word_16">até</word>
   <word id="word_17">o</word>
   <word id="word_18">fim</word>
   <word id="word_19">de_</word>
   <word id="word_20">o</word>
   <word id="word_21">ano</word>
   <word id="word_22">,</word>
   <word id="word_23">afirmou</word>
   <word id="word_24">que</word>
   <word id="word_25">o</word>
   <word id="word_26">Governo</word>
   <word id="word_27">não</word>
   <word id="word_28">vai</word>
   <word id="word_29">tomar</word>
   <word id="word_30">nenhama</word>
   <word id="word_31">decisão</word>
   <word id="word_32">enquanto</word>
   <word id="word_33">não</word>
   <word id="word_34">estiver</word>
   <word id="word_35">completamente</word>
   <word id="word_36">determinada</word>
   <word id="word_37">a</word>
   <word id="word_38">relação</word>
   <word id="word_39">entre</word>
   <word id="word_40">os</word>
   <word id="word_41">custos</word>
   <word id="word_42">de_</word>
   <word id="word_43">o</word>
   <word id="word_44">empreendimento</word>
   <word id="word_45">e</word>
   <word id="word_46">a</word>
   <word id="word_47">sua</word>
   <word id="word_48">vantagem</word>
   <word id="word_49">prática</word>
   <word id="word_50">,</word>
   <word id="word_51">ponderados</word>
   <word id="word_52">todos</word>
   <word id="word_53">os</word>
   <word id="word_54">ângulos</word>
   <word id="word_55">respeitantes</word>
   <word id="word_56">a_</word>
   <word id="word_57">a</word>
   <word id="word_58">necessidade</word>
   <word id="word_59">de_</word>
   <word id="word_60">o</word>
   <word id="word_61">desenvolvimento</word>
   <word id="word_62">de_</word>
   <word id="word_63">a</word>
   <word id="word_64">região</word>
   <word id="word_65">alentejana</word>
   <word id="word_66">.</word>
   <word id="word_67">Esse</word>
   <word id="word_68">investimento</word>
   <word id="word_69">disse</word>
   <word id="word_70">Cavaco</word>
   <word id="word_71">Silva</word>
   <word id="word_72">,</word>
   <word id="word_73">significa</word>
   <word id="word_74">muitos</word>
   <word id="word_75">milhões</word>
   <word id="word_76">de</word>
   <word id="word_77">contos</word>
   <word id="word_78">e</word>
   <word id="word_79">só</word>
   <word id="word_80">é</word>
   <word id="word_81">possível</word>
   <word id="word_82">avançar</word>
   <word id="word_83">para</word>
   <word id="word_84">uma</word>
   <word id="word_85">decisão</word>
   <word id="word_86">quando</word>
   <word id="word_87">houver</word>
   <word id="word_88">a</word>
   <word id="word_89">firme</word>
   <word id="word_90">certeza</word>
   <word id="word_91">de_</word>
   <word id="word_92">as</word>
   <word id="word_93">vantagens</word>
   <word id="word_94">e</word>
   <word id="word_95">o</word>
   <word id="word_96">conhecimento</word>
   <word id="word_97">de</word>
   <word id="word_98">o</word>
   <word id="word_99">projecto</word>
   <word id="word_100">não</word>
   <word id="word_101">ir</word>
   <word id="word_102">contra</word>
   <word id="word_103">o</word>
   <word id="word_104">interesse</word>
   <word id="word_105">público</word>
   <word id="word_106">.</word>
   <word id="word_107">Insistindo</word>
   <word id="word_108">em_</word>
   <word id="word_109">este</word>
   <word id="word_110">último</word>
   <word id="word_111">aspecto</word>
   <word id="word_112">.</word>
   <word id="word_113">Cavaco</word>
   <word id="word_114">Silva</word>
   <word id="word_115">disse</word>
   <word id="word_116">que</word>
   <word id="word_117">"</word>
   <word id="word_118">este</word>
   <word id="word_119">Governo</word>
   <word id="word_120">não</word>
   <word id="word_121">vai</word>
   <word id="word_122">alimentar</word>
   <word id="word_123">condições</word>
   <word id="word_124">para</word>
   <word id="word_125">a</word>
   <word id="word_126">criação</word>
   <word id="word_127">de</word>
   <word id="word_128">novos</word>
   <word id="word_129">elefantes</word>
   <word id="word_130">brancos</word>
   <word id="word_131">"</word>
   <word id="word_132">.</word>
   <word id="word_133">de_</word>
   <word id="word_134">as</word>
   <word id="word_135">palavras</word>
   <word id="word_136">de_</word>
   <word id="word_137">o</word>
   <word id="word_138">primeiro-ministro</word>
   <word id="word_139">podia</word>
   <word id="word_140">concluir</word>
   <word id="word_141">-se</word>
   <word id="word_142">que</word>
   <word id="word_143">a</word>
   <word id="word_144">sua</word>
   <word id="word_145">posição</word>
   <word id="word_146">(</word>
   <word id="word_147">afirmou</word>
   <word id="word_148">que</word>
   <word id="word_149">não</word>
   <word id="word_150">toma</word>
   <word id="word_151">posições</word>
   <word id="word_152">pessoais</word>
   <word id="word_153">)</word>
   <word id="word_154">não</word>
   <word id="word_155">defende</word>
   <word id="word_156">o</word>
   <word id="word_157">projecto</word>
   <word id="word_158">Alqueva</word>
   <word id="word_159">,</word>
   <word id="word_160">apontando</word>
   <word id="word_161">outras</word>
   <word id="word_162">soluções</word>
   <word id="word_163">para</word>
   <word id="word_164">a</word>
   <word id="word_165">concretização</word>
   <word id="word_166">de_</word>
   <word id="word_167">o</word>
   <word id="word_168">plano</word>
   <word id="word_169">de</word>
   <word id="word_170">rega</word>
   <word id="word_171">de_</word>
   <word id="word_172">o</word>
   <word id="word_173">Alentejo</word>
   <word id="word_174">,</word>
   <word id="word_175">em_</word>
   <word id="word_176">o</word>
   <word id="word_177">qual</word>
   <word id="word_178">Alqueva</word>
   <word id="word_179">se</word>
   <word id="word_180">integra</word>
   <word id="word_181">.</word>
   <word id="word_182">Cavaco</word>
   <word id="word_183">Silva</word>
   <word id="word_184">entende</word>
   <word id="word_185">que</word>
   <word id="word_186">a</word>
   <word id="word_187">prioridade</word>
   <word id="word_188">em_</word>
   <word id="word_189">o</word>
   <word id="word_190">Alentejo</word>
   <word id="word_191">é</word>
   <word id="word_192">estabilizar</word>
   <word id="word_193">todos</word>
   <word id="word_194">os</word>
   <word id="word_195">mecanismos</word>
   <word id="word_196">definidores</word>
   <word id="word_197">de_</word>
   <word id="word_198">a</word>
   <word id="word_199">posse</word>
   <word id="word_200">de_</word>
   <word id="word_201">a</word>
   <word id="word_202">terra</word>
   <word id="word_203">e</word>
   <word id="word_204">de_</word>
   <word id="word_205">as</word>
   <word id="word_206">condições</word>
   <word id="word_207">de_</word>
   <word id="word_208">a</word>
   <word id="word_209">sua</word>
   <word id="word_210">exploração</word>
   <word id="word_211">,</word>
   <word id="word_212">sem</word>
   <word id="word_213">o</word>
   <word id="word_214">que</word>
   <word id="word_215">não</word>
   <word id="word_216">é</word>
   <word id="word_217">possível</word>
   <word id="word_218">planear</word>
   <word id="word_219">programas</word>
   <word id="word_220">de</word>
   <word id="word_221">desenvolvimento</word>
   <word id="word_222">.</word>
   <word id="word_223">em_</word>
   <word id="word_224">esses</word>
   <word id="word_225">programas</word>
   <word id="word_226">,</word>
   <word id="word_227">disse</word>
   <word id="word_228">Cavaco</word>
   <word id="word_229">Silva</word>
   <word id="word_230">,</word>
   <word id="word_231">deve</word>
   <word id="word_232">subsistir</word>
   <word id="word_233">uma</word>
   <word id="word_234">componente</word>
   <word id="word_235">importante</word>
   <word id="word_236">que</word>
   <word id="word_237">é</word>
   <word id="word_238">a</word>
   <word id="word_239">de_</word>
   <word id="word_240">a</word>
   <word id="word_241">"</word>
   <word id="word_242">fixação</word>
   <word id="word_243">de_</word>
   <word id="word_244">a</word>
   <word id="word_245">juventude</word>
   <word id="word_246">em_</word>
   <word id="word_247">o</word>
   <word id="word_248">Alentejo</word>
   <word id="word_249">,</word>
   <word id="word_250">aplicada</word>
   <word id="word_251">em_</word>
   <word id="word_252">a</word>
   <word id="word_253">produção</word>
   <word id="word_254">agrícola</word>
   <word id="word_255">.</word>
   <word id="word_256">O</word>
   <word id="word_257">número</word>
   <word id="word_258">de_</word>
   <word id="word_259">os</word>
   <word id="word_260">que</word>
   <word id="word_261">trabalham</word>
   <word id="word_262">a</word>
   <word id="word_263">terra</word>
   <word id="word_264">tende</word>
   <word id="word_265">a</word>
   <word id="word_266">diminuir</word>
   <word id="word_267">,</word>
   <word id="word_268">em_</word>
   <word id="word_269">o</word>
   <word id="word_270">próximo</word>
   <word id="word_271">futuro</word>
   <word id="word_272">e</word>
   <word id="word_273">há</word>
   <word id="word_274">que</word>
   <word id="word_275">criar</word>
   <word id="word_276">condições</word>
   <word id="word_277">de</word>
   <word id="word_278">fixação</word>
   <word id="word_279">e</word>
   <word id="word_280">aproveitar</word>
   <word id="word_281">os</word>
   <word id="word_282">recursos</word>
   <word id="word_283">mínimos</word>
   <word id="word_284">"</word>
   <word id="word_285">.</word>
   <word id="word_286">Em_</word>
   <word id="word_287">o</word>
   <word id="word_288">entender</word>
   <word id="word_289">de_</word>
   <word id="word_290">o</word>
   <word id="word_291">primeiro-ministro</word>
   <word id="word_292">,</word>
   <word id="word_293">a</word>
   <word id="word_294">filosofia</word>
   <word id="word_295">que</word>
   <word id="word_296">hoje</word>
   <word id="word_297">ainda</word>
   <word id="word_298">preside</word>
   <word id="word_299">em_</word>
   <word id="word_300">o</word>
   <word id="word_301">Alentejo</word>
   <word id="word_302">a</word>
   <word id="word_303">posse</word>
   <word id="word_304">e</word>
   <word id="word_305">exploração</word>
   <word id="word_306">de_</word>
   <word id="word_307">a</word>
   <word id="word_308">terra</word>
   <word id="word_309">não</word>
   <word id="word_310">tem</word>
   <word id="word_311">nada</word>
   <word id="word_312">a</word>
   <word id="word_313">ver</word>
   <word id="word_314">com</word>
   <word id="word_315">a</word>
   <word id="word_316">característica</word>
   <word id="word_317">própria</word>
   <word id="word_318">de_</word>
   <word id="word_319">o</word>
   <word id="word_320">povo</word>
   <word id="word_321">português</word>
   <word id="word_322">"</word>
   <word id="word_323">,</word>
   <word id="word_324">sendo</word>
   <word id="word_325">por</word>
   <word id="word_326">isso</word>
   <word id="word_327">necessário</word>
   <word id="word_328">repensar</word>
   <word id="word_329">todos</word>
   <word id="word_330">os</word>
   <word id="word_331">mecanismos</word>
   <word id="word_332">de_</word>
   <word id="word_333">a</word>
   <word id="word_334">economia</word>
   <word id="word_335">agrícola</word>
   <word id="word_336">em_</word>
   <word id="word_337">a</word>
   <word id="word_338">região</word>
   <word id="word_339">.</word>
   <word id="word_340">Cavaco</word>
   <word id="word_341">Silva</word>
   <word id="word_342">adiantou</word>
   <word id="word_343">que</word>
   <word id="word_344">"</word>
   <word id="word_345">a</word>
   <word id="word_346">discussão</word>
   <word id="word_347">mais</word>
   <word id="word_348">importante</word>
   <word id="word_349">que</word>
   <word id="word_350">ocorre</word>
   <word id="word_351">em_</word>
   <word id="word_352">a</word>
   <word id="word_353">Comunidade</word>
   <word id="word_354">Europeia</word>
   <word id="word_355">em_</word>
   <word id="word_356">os</word>
   <word id="word_357">próximos</word>
   <word id="word_358">15</word>
   <word id="word_359">dias</word>
   <word id="word_360">diz</word>
   <word id="word_361">exactamente</word>
   <word id="word_362">respeito</word>
   <word id="word_363">a_</word>
   <word id="word_364">a</word>
   <word id="word_365">reforma</word>
   <word id="word_366">de_</word>
   <word id="word_367">a</word>
   <word id="word_368">Política</word>
   <word id="word_369">Agrícola</word>
   <word id="word_370">Comum</word>
   <word id="word_371">"</word>
   <word id="word_372">,</word>
   <word id="word_373">acrescentando</word>
   <word id="word_374">que</word>
   <word id="word_375">a</word>
   <word id="word_376">"</word>
   <word id="word_377">situação</word>
   <word id="word_378">com</word>
   <word id="word_379">que</word>
   <word id="word_380">a</word>
   <word id="word_381">Europa</word>
   <word id="word_382">hoje</word>
   <word id="word_383">se</word>
   <word id="word_384">defronta</word>
   <word id="word_385">não</word>
   <word id="word_386">foi</word>
   <word id="word_387">avaliada</word>
   <word id="word_388">(</word>
   <word id="word_389">nem</word>
   <word id="word_390">isso</word>
   <word id="word_391">seria</word>
   <word id="word_392">possível</word>
   <word id="word_393">)</word>
   <word id="word_394">em_</word>
   <word id="word_395">a</word>
   <word id="word_396">altura</word>
   <word id="word_397">de_</word>
   <word id="word_398">a</word>
   <word id="word_399">adesão</word>
   <word id="word_400">e</word>
   <word id="word_401">é</word>
   <word id="word_402">necessário</word>
   <word id="word_403">encontrar</word>
   <word id="word_404">modelos</word>
   <word id="word_405">de</word>
   <word id="word_406">desenvolvimento</word>
   <word id="word_407">em_</word>
   <word id="word_408">o</word>
   <word id="word_409">sector</word>
   <word id="word_410">que</word>
   <word id="word_411">possibilitem</word>
   <word id="word_412">a</word>
   <word id="word_413">ultrapassagem</word>
   <word id="word_414">de_</word>
   <word id="word_415">os</word>
   <word id="word_416">problemas</word>
   <word id="word_417">de_</word>
   <word id="word_418">aí</word>
   <word id="word_419">resultantes</word>
   <word id="word_420">.</word>
   <word id="word_421">As</word>
   <word id="word_422">relações</word>
   <word id="word_423">entre</word>
   <word id="word_424">Portugal</word>
   <word id="word_425">e</word>
   <word id="word_426">a</word>
   <word id="word_427">Guiné-Bissau</word>
   <word id="word_428">foram</word>
   <word id="word_429">,</word>
   <word id="word_430">também</word>
   <word id="word_431">,</word>
   <word id="word_432">tema</word>
   <word id="word_433">de_</word>
   <word id="word_434">a</word>
   <word id="word_435">conferência</word>
   <word id="word_436">de</word>
   <word id="word_437">Imprensa</word>
   <word id="word_438">.</word>
   <word id="word_439">O</word>
   <word id="word_440">primeiro-ministro</word>
   <word id="word_441">disse</word>
   <word id="word_442">que</word>
   <word id="word_443">"</word>
   <word id="word_444">o</word>
   <word id="word_445">Governo</word>
   <word id="word_446">português</word>
   <word id="word_447">registou</word>
   <word id="word_448">a</word>
   <word id="word_449">atitude</word>
   <word id="word_450">de_</word>
   <word id="word_451">o</word>
   <word id="word_452">Governo</word>
   <word id="word_453">de</word>
   <word id="word_454">Bissau</word>
   <word id="word_455">a_</word>
   <word id="word_456">o</word>
   <word id="word_457">libertar</word>
   <word id="word_458">os</word>
   <word id="word_459">navios</word>
   <word id="word_460">portugueses</word>
   <word id="word_461">e</word>
   <word id="word_462">suas</word>
   <word id="word_463">tripulações</word>
   <word id="word_464">e</word>
   <word id="word_465">registou</word>
   <word id="word_466">igualmente</word>
   <word id="word_467">o</word>
   <word id="word_468">indulto</word>
   <word id="word_469">proclamado</word>
   <word id="word_470">por_</word>
   <word id="word_471">o</word>
   <word id="word_472">Presidente</word>
   <word id="word_473">de_</word>
   <word id="word_474">a</word>
   <word id="word_475">Guiné</word>
   <word id="word_476">.</word>
   <word id="word_477">Cavaco</word>
   <word id="word_478">Silva</word>
   <word id="word_479">acrescentou</word>
   <word id="word_480">:</word>
   <word id="word_481">"</word>
   <word id="word_482">Não</word>
   <word id="word_483">havia</word>
   <word id="word_484">nenhuma</word>
   <word id="word_485">razão</word>
   <word id="word_486">para</word>
   <word id="word_487">a</word>
   <word id="word_488">detenção</word>
   <word id="word_489">de_</word>
   <word id="word_490">as</word>
   <word id="word_491">tripulações</word>
   <word id="word_492">nem</word>
   <word id="word_493">para</word>
   <word id="word_494">o</word>
   <word id="word_495">apresamento</word>
   <word id="word_496">de_</word>
   <word id="word_497">os</word>
   <word id="word_498">navios</word>
   <word id="word_499">.</word>
   <word id="word_500">"</word>
   <word id="word_501">Referindo</word>
   <word id="word_502">-se</word>
   <word id="word_503">a_</word>
   <word id="word_504">a</word>
   <word id="word_505">protecção</word>
   <word id="word_506">que</word>
   <word id="word_507">as</word>
   <word id="word_508">autoridades</word>
   <word id="word_509">portuguesas</word>
   <word id="word_510">facultam</word>
   <word id="word_511">a</word>
   <word id="word_512">um</word>
   <word id="word_513">funcionário</word>
   <word id="word_514">de_</word>
   <word id="word_515">a</word>
   <word id="word_516">embaixada</word>
   <word id="word_517">de_</word>
   <word id="word_518">a</word>
   <word id="word_519">Guiné</word>
   <word id="word_520">em</word>
   <word id="word_521">Lisboa</word>
   <word id="word_522">,</word>
   <word id="word_523">Cavaco</word>
   <word id="word_524">Silva</word>
   <word id="word_525">disse</word>
   <word id="word_526">que</word>
   <word id="word_527">o</word>
   <word id="word_528">"</word>
   <word id="word_529">Governo</word>
   <word id="word_530">português</word>
   <word id="word_531">investiga</word>
   <word id="word_532">determinadas</word>
   <word id="word_533">actividades</word>
   <word id="word_534">anómalas</word>
   <word id="word_535">de</word>
   <word id="word_536">funcionários</word>
   <word id="word_537">de_</word>
   <word id="word_538">a</word>
   <word id="word_539">embaixada</word>
   <word id="word_540">de_</word>
   <word id="word_541">a</word>
   <word id="word_542">Guiné</word>
   <word id="word_543">"</word>
   <word id="word_544">,</word>
   <word id="word_545">confirmando</word>
   <word id="word_546">que</word>
   <word id="word_547">o</word>
   <word id="word_548">funcionário</word>
   <word id="word_549">em</word>
   <word id="word_550">questão</word>
   <word id="word_551">tinha</word>
   <word id="word_552">entregue</word>
   <word id="word_553">material</word>
   <word id="word_554">explosivo</word>
   <word id="word_555">de</word>
   <word id="word_556">plástico</word>
   <word id="word_557">e</word>
   <word id="word_558">detonadores</word>
   <word id="word_559">accionáveis</word>
   <word id="word_560">por</word>
   <word id="word_561">mecanismo</word>
   <word id="word_562">de</word>
   <word id="word_563">relógio</word>
   <word id="word_564">.</word>
   <word id="word_565">Instado</word>
   <word id="word_566">por_</word>
   <word id="word_567">o</word>
   <word id="word_568">Diário</word>
   <word id="word_569">de</word>
   <word id="word_570">Notícias</word>
   <word id="word_571">a</word>
   <word id="word_572">esclarecer</word>
   <word id="word_573">se</word>
   <word id="word_574">a</word>
   <word id="word_575">posição</word>
   <word id="word_576">drástica</word>
   <word id="word_577">de_</word>
   <word id="word_578">o</word>
   <word id="word_579">Governo</word>
   <word id="word_580">em</word>
   <word id="word_581">interromper</word>
   <word id="word_582">todo</word>
   <word id="word_583">o</word>
   <word id="word_584">regime</word>
   <word id="word_585">de</word>
   <word id="word_586">cooperação</word>
   <word id="word_587">com</word>
   <word id="word_588">a</word>
   <word id="word_589">Guiné</word>
   <word id="word_590">tinha</word>
   <word id="word_591">a</word>
   <word id="word_592">ver</word>
   <word id="word_593">com</word>
   <word id="word_594">este</word>
   <word id="word_595">episódio</word>
   <word id="word_596">,</word>
   <word id="word_597">Cavaco</word>
   <word id="word_598">Silva</word>
   <word id="word_599">limitou</word>
   <word id="word_600">-se</word>
   <word id="word_601">a</word>
   <word id="word_602">dizer</word>
   <word id="word_603">haver</word>
   <word id="word_604">"</word>
   <word id="word_605">perguntas</word>
   <word id="word_606">em</word>
   <word id="word_607">relação</word>
   <word id="word_608">a_</word>
   <word id="word_609">as</word>
   <word id="word_610">quais</word>
   <word id="word_611">não</word>
   <word id="word_612">pode</word>
   <word id="word_613">ser</word>
   <word id="word_614">dada</word>
   <word id="word_615">resposta</word>
   <word id="word_616">imediata</word>
   <word id="word_617">devido</word>
   <word id="word_618">a</word>
   <word id="word_619">necessidade</word>
   <word id="word_620">de</word>
   <word id="word_621">sigilo</word>
   <word id="word_622">"</word>
   <word id="word_623">.</word>
</words>
