<?xml version="1.0" encoding="UTF-8"?>
<!DOCTYPE words SYSTEM "words.dtd">
<words>
   <word id="word_1">O</word>
   <word id="word_2">prazo</word>
   <word id="word_3">para</word>
   <word id="word_4">a</word>
   <word id="word_5">inscrição</word>
   <word id="word_6">em_</word>
   <word id="word_7">o</word>
   <word id="word_8">cadastro</word>
   <word id="word_9">de</word>
   <word id="word_10">estabelecimentos</word>
   <word id="word_11">comerciais</word>
   <word id="word_12">foi</word>
   <word id="word_13">recentemente</word>
   <word id="word_14">prorrogado</word>
   <word id="word_15">e</word>
   <word id="word_16">tem</word>
   <word id="word_17">agora</word>
   <word id="word_18">como</word>
   <word id="word_19">data</word>
   <word id="word_20">limite</word>
   <word id="word_21">o</word>
   <word id="word_22">dia</word>
   <word id="word_23">30</word>
   <word id="word_24">deste</word>
   <word id="word_25">mês</word>
   <word id="word_26">.</word>
   <word id="word_27">Esta</word>
   <word id="word_28">inscrição</word>
   <word id="word_29">,</word>
   <word id="word_30">sendo</word>
   <word id="word_31">gratuita</word>
   <word id="word_32">é</word>
   <word id="word_33">obrigatória</word>
   <word id="word_34">e</word>
   <word id="word_35">de_</word>
   <word id="word_36">o</word>
   <word id="word_37">interesse</word>
   <word id="word_38">de_</word>
   <word id="word_39">os</word>
   <word id="word_40">comerciantes</word>
   <word id="word_41">,</word>
   <word id="word_42">pois</word>
   <word id="word_43">só</word>
   <word id="word_44">a</word>
   <word id="word_45">existência</word>
   <word id="word_46">de</word>
   <word id="word_47">um</word>
   <word id="word_48">cadastro</word>
   <word id="word_49">actualizado</word>
   <word id="word_50">permitirá</word>
   <word id="word_51">a_</word>
   <word id="word_52">os</word>
   <word id="word_53">órgãos</word>
   <word id="word_54">de_</word>
   <word id="word_55">a</word>
   <word id="word_56">tutela</word>
   <word id="word_57">disporem</word>
   <word id="word_58">de</word>
   <word id="word_59">informações</word>
   <word id="word_60">sobre</word>
   <word id="word_61">o</word>
   <word id="word_62">aparelho</word>
   <word id="word_63">comercial</word>
   <word id="word_64">de_</word>
   <word id="word_65">o</word>
   <word id="word_66">País</word>
   <word id="word_67">e</word>
   <word id="word_68">entidades</word>
   <word id="word_69">que</word>
   <word id="word_70">em_</word>
   <word id="word_71">ele</word>
   <word id="word_72">actuam</word>
   <word id="word_73">.</word>
   <word id="word_74">Um</word>
   <word id="word_75">protocolo</word>
   <word id="word_76">para</word>
   <word id="word_77">execução</word>
   <word id="word_78">de_</word>
   <word id="word_79">o</word>
   <word id="word_80">projecto</word>
   <word id="word_81">de</word>
   <word id="word_82">ampliação</word>
   <word id="word_83">de_</word>
   <word id="word_84">o</word>
   <word id="word_85">Aeródromo</word>
   <word id="word_86">Municipal</word>
   <word id="word_87">de</word>
   <word id="word_88">Cascais</word>
   <word id="word_89">,</word>
   <word id="word_90">em</word>
   <word id="word_91">Tires</word>
   <word id="word_92">,</word>
   <word id="word_93">vai</word>
   <word id="word_94">ser</word>
   <word id="word_95">assinado</word>
   <word id="word_96">em_</word>
   <word id="word_97">o</word>
   <word id="word_98">dia</word>
   <word id="word_99">19</word>
   <word id="word_100">,</word>
   <word id="word_101">a_</word>
   <word id="word_102">as</word>
   <word id="word_103">10</word>
   <word id="word_104">e</word>
   <word id="word_105">30</word>
   <word id="word_106">,</word>
   <word id="word_107">entre</word>
   <word id="word_108">a</word>
   <word id="word_109">Câmara</word>
   <word id="word_110">Municipal</word>
   <word id="word_111">de</word>
   <word id="word_112">Cascais</word>
   <word id="word_113">e</word>
   <word id="word_114">a</word>
   <word id="word_115">Direcção-Geral</word>
   <word id="word_116">de</word>
   <word id="word_117">Aeronáutica</word>
   <word id="word_118">Civil</word>
   <word id="word_119">.</word>
   <word id="word_120">À</word>
   <word id="word_121">cerimónia</word>
   <word id="word_122">vão</word>
   <word id="word_123">estar</word>
   <word id="word_124">presentes</word>
   <word id="word_125">vários</word>
   <word id="word_126">membros</word>
   <word id="word_127">de_</word>
   <word id="word_128">o</word>
   <word id="word_129">Governo</word>
   <word id="word_130">.</word>
   <word id="word_131">Uma</word>
   <word id="word_132">verba</word>
   <word id="word_133">superior</word>
   <word id="word_134">a</word>
   <word id="word_135">8500</word>
   <word id="word_136">contos</word>
   <word id="word_137">foi</word>
   <word id="word_138">conseguida</word>
   <word id="word_139">em_</word>
   <word id="word_140">a</word>
   <word id="word_141">recolha</word>
   <word id="word_142">de</word>
   <word id="word_143">fundos</word>
   <word id="word_144">levada</word>
   <word id="word_145">a</word>
   <word id="word_146">efeito</word>
   <word id="word_147">,</word>
   <word id="word_148">em</word>
   <word id="word_149">Abril</word>
   <word id="word_150">,</word>
   <word id="word_151">a</word>
   <word id="word_152">favor</word>
   <word id="word_153">de_</word>
   <word id="word_154">a</word>
   <word id="word_155">Obra</word>
   <word id="word_156">Médico-Social</word>
   <word id="word_157">de_</word>
   <word id="word_158">o</word>
   <word id="word_159">Instituto</word>
   <word id="word_160">Português</word>
   <word id="word_161">de</word>
   <word id="word_162">Reumatologia</word>
   <word id="word_163">.</word>
   <word id="word_164">em_</word>
   <word id="word_165">esta</word>
   <word id="word_166">verba</word>
   <word id="word_167">estão</word>
   <word id="word_168">incluidos</word>
   <word id="word_169">400</word>
   <word id="word_170">contos</word>
   <word id="word_171">oferecidos</word>
   <word id="word_172">por_</word>
   <word id="word_173">a</word>
   <word id="word_174">Fundação</word>
   <word id="word_175">Gulbenkian</word>
   <word id="word_176">,</word>
   <word id="word_177">e</word>
   <word id="word_178">falta</word>
   <word id="word_179">ainda</word>
   <word id="word_180">recolher</word>
   <word id="word_181">as</word>
   <word id="word_182">receitas</word>
   <word id="word_183">apuradas</word>
   <word id="word_184">em</word>
   <word id="word_185">algumas</word>
   <word id="word_186">localidades</word>
   <word id="word_187">de_</word>
   <word id="word_188">o</word>
   <word id="word_189">País</word>
   <word id="word_190">.</word>
   <word id="word_191">A</word>
   <word id="word_192">Câmara</word>
   <word id="word_193">de</word>
   <word id="word_194">Setúbal</word>
   <word id="word_195">vai</word>
   <word id="word_196">punir</word>
   <word id="word_197">todos</word>
   <word id="word_198">os</word>
   <word id="word_199">automobilistas</word>
   <word id="word_200">cujas</word>
   <word id="word_201">viaturas</word>
   <word id="word_202">sejam</word>
   <word id="word_203">encontradas</word>
   <word id="word_204">em</word>
   <word id="word_205">transgressão</word>
   <word id="word_206">a_</word>
   <word id="word_207">a</word>
   <word id="word_208">sinalização</word>
   <word id="word_209">colocada</word>
   <word id="word_210">em_</word>
   <word id="word_211">os</word>
   <word id="word_212">acessos</word>
   <word id="word_213">a_</word>
   <word id="word_214">as</word>
   <word id="word_215">praias</word>
   <word id="word_216">de_</word>
   <word id="word_217">a</word>
   <word id="word_218">zona</word>
   <word id="word_219">de_</word>
   <word id="word_220">a</word>
   <word id="word_221">Arrábida</word>
   <word id="word_222">.</word>
   <word id="word_223">Os</word>
   <word id="word_224">veículos</word>
   <word id="word_225">serão</word>
   <word id="word_226">removidos</word>
   <word id="word_227">e</word>
   <word id="word_228">depositados</word>
   <word id="word_229">em_</word>
   <word id="word_230">o</word>
   <word id="word_231">parque</word>
   <word id="word_232">de</word>
   <word id="word_233">máquinas</word>
   <word id="word_234">e</word>
   <word id="word_235">viaturas</word>
   <word id="word_236">de_</word>
   <word id="word_237">o</word>
   <word id="word_238">município</word>
   <word id="word_239">.</word>
   <word id="word_240">O</word>
   <word id="word_241">Grupo</word>
   <word id="word_242">90</word>
   <word id="word_243">de_</word>
   <word id="word_244">a</word>
   <word id="word_245">Associação</word>
   <word id="word_246">de_</word>
   <word id="word_247">os</word>
   <word id="word_248">Escuteiros</word>
   <word id="word_249">de</word>
   <word id="word_250">Portugal</word>
   <word id="word_251">vai</word>
   <word id="word_252">comemorar</word>
   <word id="word_253">a</word>
   <word id="word_254">passagem</word>
   <word id="word_255">de_</word>
   <word id="word_256">o</word>
   <word id="word_257">seu</word>
   <word id="word_258">terceiro</word>
   <word id="word_259">aniversário</word>
   <word id="word_260">.</word>
   <word id="word_261">Em_</word>
   <word id="word_262">o</word>
   <word id="word_263">dia</word>
   <word id="word_264">21</word>
   <word id="word_265">,</word>
   <word id="word_266">a_</word>
   <word id="word_267">as</word>
   <word id="word_268">15</word>
   <word id="word_269">horas</word>
   <word id="word_270">,</word>
   <word id="word_271">em_</word>
   <word id="word_272">a</word>
   <word id="word_273">igreja</word>
   <word id="word_274">paroquial</word>
   <word id="word_275">de_</word>
   <word id="word_276">a</word>
   <word id="word_277">Damaia</word>
   <word id="word_278">,</word>
   <word id="word_279">vai</word>
   <word id="word_280">proceder</word>
   <word id="word_281">-se</word>
   <word id="word_282">a_</word>
   <word id="word_283">a</word>
   <word id="word_284">cerimónia</word>
   <word id="word_285">solene</word>
   <word id="word_286">de</word>
   <word id="word_287">promessas</word>
   <word id="word_288">de</word>
   <word id="word_289">novos</word>
   <word id="word_290">escuteiros</word>
   <word id="word_291">.</word>
   <word id="word_292">Um</word>
   <word id="word_293">português</word>
   <word id="word_294">morreu</word>
   <word id="word_295">em_</word>
   <word id="word_296">um</word>
   <word id="word_297">acidente</word>
   <word id="word_298">de</word>
   <word id="word_299">viação</word>
   <word id="word_300">,</word>
   <word id="word_301">próximo</word>
   <word id="word_302">de</word>
   <word id="word_303">Lérida</word>
   <word id="word_304">,</word>
   <word id="word_305">Espanha</word>
   <word id="word_306">,</word>
   <word id="word_307">onde</word>
   <word id="word_308">pereceram</word>
   <word id="word_309">mais</word>
   <word id="word_310">três</word>
   <word id="word_311">pessoas</word>
   <word id="word_312">.</word>
   <word id="word_313">A</word>
   <word id="word_314">vítima</word>
   <word id="word_315">chamava</word>
   <word id="word_316">-se</word>
   <word id="word_317">José</word>
   <word id="word_318">Manuel</word>
   <word id="word_319">Dores</word>
   <word id="word_320">de_</word>
   <word id="word_321">a</word>
   <word id="word_322">Silva</word>
   <word id="word_323">,</word>
   <word id="word_324">tinha</word>
   <word id="word_325">24</word>
   <word id="word_326">anos</word>
   <word id="word_327">,</word>
   <word id="word_328">e</word>
   <word id="word_329">era</word>
   <word id="word_330">um</word>
   <word id="word_331">de_</word>
   <word id="word_332">os</word>
   <word id="word_333">seis</word>
   <word id="word_334">ocupantes</word>
   <word id="word_335">de</word>
   <word id="word_336">um</word>
   <word id="word_337">automóvel</word>
   <word id="word_338">que</word>
   <word id="word_339">se</word>
   <word id="word_340">despistou</word>
   <word id="word_341">,</word>
   <word id="word_342">em_</word>
   <word id="word_343">a</word>
   <word id="word_344">estrada</word>
   <word id="word_345">de</word>
   <word id="word_346">Torregrossa</word>
   <word id="word_347">.</word>
   <word id="word_348">Acções</word>
   <word id="word_349">promocionais</word>
   <word id="word_350">vão</word>
   <word id="word_351">ser</word>
   <word id="word_352">levadas</word>
   <word id="word_353">a</word>
   <word id="word_354">efeito</word>
   <word id="word_355">,</word>
   <word id="word_356">a</word>
   <word id="word_357">partir</word>
   <word id="word_358">de</word>
   <word id="word_359">Outubro</word>
   <word id="word_360">,</word>
   <word id="word_361">em_</word>
   <word id="word_362">o</word>
   <word id="word_363">âmbito</word>
   <word id="word_364">de</word>
   <word id="word_365">um</word>
   <word id="word_366">acordo</word>
   <word id="word_367">realizado</word>
   <word id="word_368">entre</word>
   <word id="word_369">a</word>
   <word id="word_370">direcção</word>
   <word id="word_371">de_</word>
   <word id="word_372">a</word>
   <word id="word_373">Casa</word>
   <word id="word_374">de_</word>
   <word id="word_375">a</word>
   <word id="word_376">Madeira</word>
   <word id="word_377">em</word>
   <word id="word_378">Lisboa</word>
   <word id="word_379">e</word>
   <word id="word_380">as</word>
   <word id="word_381">câmaras</word>
   <word id="word_382">municipais</word>
   <word id="word_383">de_</word>
   <word id="word_384">aquela</word>
   <word id="word_385">região</word>
   <word id="word_386">autónoma</word>
   <word id="word_387">.</word>
</words>
