<?xml version="1.0" encoding="UTF-8"?>
<!DOCTYPE words SYSTEM "words.dtd">
<words>
   <word id="word_1">ADOLF</word>
   <word id="word_2">HITLER</word>
   <word id="word_3">tinha</word>
   <word id="word_4">deixado</word>
   <word id="word_5">bem</word>
   <word id="word_6">claro</word>
   <word id="word_7">em_</word>
   <word id="word_8">as</word>
   <word id="word_9">suas</word>
   <word id="word_10">declarações</word>
   <word id="word_11">,</word>
   <word id="word_12">e</word>
   <word id="word_13">em_</word>
   <word id="word_14">o</word>
   <word id="word_15">próprio</word>
   <word id="word_16">Mein</word>
   <word id="word_17">Kampf</word>
   <word id="word_18">,</word>
   <word id="word_19">o</word>
   <word id="word_20">livro</word>
   <word id="word_21">fundamental</word>
   <word id="word_22">de_</word>
   <word id="word_23">o</word>
   <word id="word_24">regime</word>
   <word id="word_25">,</word>
   <word id="word_26">que</word>
   <word id="word_27">a</word>
   <word id="word_28">Alemanha</word>
   <word id="word_29">Nazi</word>
   <word id="word_30">só</word>
   <word id="word_31">poderia</word>
   <word id="word_32">pensar</word>
   <word id="word_33">em</word>
   <word id="word_34">avançar</word>
   <word id="word_35">sobre</word>
   <word id="word_36">a</word>
   <word id="word_37">União</word>
   <word id="word_38">Soviética</word>
   <word id="word_39">se</word>
   <word id="word_40">tivesse</word>
   <word id="word_41">a</word>
   <word id="word_42">retaguarda</word>
   <word id="word_43">protegida</word>
   <word id="word_44">.</word>
   <word id="word_45">A</word>
   <word id="word_46">Grã-Bretanha</word>
   <word id="word_47">parecia</word>
   <word id="word_48">ser</word>
   <word id="word_49">,</word>
   <word id="word_50">a_</word>
   <word id="word_51">o</word>
   <word id="word_52">seus</word>
   <word id="word_53">olhos</word>
   <word id="word_54">,</word>
   <word id="word_55">o</word>
   <word id="word_56">aliado</word>
   <word id="word_57">ideal</word>
   <word id="word_58">.</word>
   <word id="word_59">Esta</word>
   <word id="word_60">convicção</word>
   <word id="word_61">tem</word>
   <word id="word_62">sido</word>
   <word id="word_63">considerada</word>
   <word id="word_64">como</word>
   <word id="word_65">a</word>
   <word id="word_66">explicação</word>
   <word id="word_67">mais</word>
   <word id="word_68">plausível</word>
   <word id="word_69">para</word>
   <word id="word_70">uma</word>
   <word id="word_71">espantosa</word>
   <word id="word_72">aventura</word>
   <word id="word_73">de</word>
   <word id="word_74">Rudolf</word>
   <word id="word_75">Hess</word>
   <word id="word_76">,</word>
   <word id="word_77">adjunto</word>
   <word id="word_78">de_</word>
   <word id="word_79">o</word>
   <word id="word_80">diregente</word>
   <word id="word_81">nazi</word>
   <word id="word_82">e</word>
   <word id="word_83">seu</word>
   <word id="word_84">fiel</word>
   <word id="word_85">seguidor</word>
   <word id="word_86">,</word>
   <word id="word_87">em</word>
   <word id="word_88">que</word>
   <word id="word_89">este</word>
   <word id="word_90">voou</word>
   <word id="word_91">sozinho</word>
   <word id="word_92">em_</word>
   <word id="word_93">um</word>
   <word id="word_94">avião</word>
   <word id="word_95">Messerschmidt</word>
   <word id="word_96">110</word>
   <word id="word_97">desde</word>
   <word id="word_98">a</word>
   <word id="word_99">Alemanha</word>
   <word id="word_100">até</word>
   <word id="word_101">a_</word>
   <word id="word_102">a</word>
   <word id="word_103">Escócia</word>
   <word id="word_104">,</word>
   <word id="word_105">aparentemente</word>
   <word id="word_106">com</word>
   <word id="word_107">a</word>
   <word id="word_108">intenção</word>
   <word id="word_109">de</word>
   <word id="word_110">conseguir</word>
   <word id="word_111">um</word>
   <word id="word_112">acordo</word>
   <word id="word_113">de</word>
   <word id="word_114">paz</word>
   <word id="word_115">com</word>
   <word id="word_116">a</word>
   <word id="word_117">Grã-Bretanha</word>
   <word id="word_118">.</word>
   <word id="word_119">Rudolf</word>
   <word id="word_120">Hess</word>
   <word id="word_121">saltou</word>
   <word id="word_122">em</word>
   <word id="word_123">pára-quedas</word>
   <word id="word_124">sobre</word>
   <word id="word_125">um</word>
   <word id="word_126">terreno</word>
   <word id="word_127">,</word>
   <word id="word_128">perto</word>
   <word id="word_129">de</word>
   <word id="word_130">Glasgow</word>
   <word id="word_131">,</word>
   <word id="word_132">enquanto</word>
   <word id="word_133">o</word>
   <word id="word_134">seu</word>
   <word id="word_135">avião</word>
   <word id="word_136">se</word>
   <word id="word_137">despedaçava</word>
   <word id="word_138">a_</word>
   <word id="word_139">a</word>
   <word id="word_140">distância</word>
   <word id="word_141">.</word>
   <word id="word_142">Para</word>
   <word id="word_143">trás</word>
   <word id="word_144">ficavam</word>
   <word id="word_145">mais</word>
   <word id="word_146">de</word>
   <word id="word_147">mil</word>
   <word id="word_148">quilómetros</word>
   <word id="word_149">de</word>
   <word id="word_150">viagem</word>
   <word id="word_151">desde</word>
   <word id="word_152">Augsburg</word>
   <word id="word_153">.</word>
   <word id="word_154">Ligeiramente</word>
   <word id="word_155">ferido</word>
   <word id="word_156">com</word>
   <word id="word_157">a</word>
   <word id="word_158">queda</word>
   <word id="word_159">,</word>
   <word id="word_160">foi</word>
   <word id="word_161">socorrido</word>
   <word id="word_162">por</word>
   <word id="word_163">um</word>
   <word id="word_164">agricultor</word>
   <word id="word_165">e</word>
   <word id="word_166">,</word>
   <word id="word_167">mais</word>
   <word id="word_168">tarde</word>
   <word id="word_169">,</word>
   <word id="word_170">ficou</word>
   <word id="word_171">em</word>
   <word id="word_172">poder</word>
   <word id="word_173">de</word>
   <word id="word_174">dois</word>
   <word id="word_175">guardas</word>
   <word id="word_176">locais</word>
   <word id="word_177">.</word>
   <word id="word_178">Pretendia</word>
   <word id="word_179">falar</word>
   <word id="word_180">com</word>
   <word id="word_181">o</word>
   <word id="word_182">duque</word>
   <word id="word_183">de</word>
   <word id="word_184">Hamilton</word>
   <word id="word_185">,</word>
   <word id="word_186">uma</word>
   <word id="word_187">figura</word>
   <word id="word_188">destacada</word>
   <word id="word_189">de_</word>
   <word id="word_190">a</word>
   <word id="word_191">aviação</word>
   <word id="word_192">britânica</word>
   <word id="word_193">por</word>
   <word id="word_194">ter</word>
   <word id="word_195">sobrevoado</word>
   <word id="word_196">,</word>
   <word id="word_197">por_</word>
   <word id="word_198">a</word>
   <word id="word_199">primeira</word>
   <word id="word_200">vez</word>
   <word id="word_201">,</word>
   <word id="word_202">o</word>
   <word id="word_203">monte</word>
   <word id="word_204">Everest</word>
   <word id="word_205">.</word>
   <word id="word_206">Disse</word>
   <word id="word_207">-se</word>
   <word id="word_208">em_</word>
   <word id="word_209">a</word>
   <word id="word_210">altura</word>
   <word id="word_211">,</word>
   <word id="word_212">que</word>
   <word id="word_213">Hess</word>
   <word id="word_214">se</word>
   <word id="word_215">tinha</word>
   <word id="word_216">avistado</word>
   <word id="word_217">anteriormente</word>
   <word id="word_218">com</word>
   <word id="word_219">o</word>
   <word id="word_220">próprio</word>
   <word id="word_221">duque</word>
   <word id="word_222">em_</word>
   <word id="word_223">os</word>
   <word id="word_224">Jogos</word>
   <word id="word_225">Olímpicos</word>
   <word id="word_226">de</word>
   <word id="word_227">Berlim</word>
   <word id="word_228">,</word>
   <word id="word_229">em</word>
   <word id="word_230">1936</word>
   <word id="word_231">,</word>
   <word id="word_232">em</word>
   <word id="word_233">que</word>
   <word id="word_234">este</word>
   <word id="word_235">participara</word>
   <word id="word_236">.</word>
   <word id="word_237">Precisando</word>
   <word id="word_238">os</word>
   <word id="word_239">acontecimentos</word>
   <word id="word_240">,</word>
   <word id="word_241">o</word>
   <word id="word_242">filho</word>
   <word id="word_243">de_</word>
   <word id="word_244">o</word>
   <word id="word_245">duque</word>
   <word id="word_246">de</word>
   <word id="word_247">Hamilton</word>
   <word id="word_248">,</word>
   <word id="word_249">James</word>
   <word id="word_250">Douglas-Hamilton</word>
   <word id="word_251">,</word>
   <word id="word_252">escrevia</word>
   <word id="word_253">recentemente</word>
   <word id="word_254">em_</word>
   <word id="word_255">o</word>
   <word id="word_256">jornal</word>
   <word id="word_257">"</word>
   <word id="word_258">The</word>
   <word id="word_259">Independent</word>
   <word id="word_260">"</word>
   <word id="word_261">que</word>
   <word id="word_262">o</word>
   <word id="word_263">seu</word>
   <word id="word_264">pai</word>
   <word id="word_265">nunca</word>
   <word id="word_266">se</word>
   <word id="word_267">avistou</word>
   <word id="word_268">com</word>
   <word id="word_269">Hess</word>
   <word id="word_270">antes</word>
   <word id="word_271">de</word>
   <word id="word_272">1941</word>
   <word id="word_273">.</word>
   <word id="word_274">Em</word>
   <word id="word_275">Berlim</word>
   <word id="word_276">,</word>
   <word id="word_277">estivera</word>
   <word id="word_278">sim</word>
   <word id="word_279">com</word>
   <word id="word_280">o</word>
   <word id="word_281">seu</word>
   <word id="word_282">conselheiro</word>
   <word id="word_283">,</word>
   <word id="word_284">Alberecht</word>
   <word id="word_285">Haushofer</word>
   <word id="word_286">,</word>
   <word id="word_287">que</word>
   <word id="word_288">mais</word>
   <word id="word_289">tarde</word>
   <word id="word_290">seria</word>
   <word id="word_291">morto</word>
   <word id="word_292">por_</word>
   <word id="word_293">as</word>
   <word id="word_294">SS</word>
   <word id="word_295">.</word>
   <word id="word_296">Quando</word>
   <word id="word_297">caiu</word>
   <word id="word_298">em_</word>
   <word id="word_299">a</word>
   <word id="word_300">Escócia</word>
   <word id="word_301">,</word>
   <word id="word_302">as</word>
   <word id="word_303">intenções</word>
   <word id="word_304">de</word>
   <word id="word_305">Hess</word>
   <word id="word_306">era</word>
   <word id="word_307">,</word>
   <word id="word_308">aparentemente</word>
   <word id="word_309">,</word>
   <word id="word_310">entrar</word>
   <word id="word_311">em</word>
   <word id="word_312">contacto</word>
   <word id="word_313">com</word>
   <word id="word_314">Winston</word>
   <word id="word_315">Churchill</word>
   <word id="word_316">,</word>
   <word id="word_317">propondo</word>
   <word id="word_318">-lhe</word>
   <word id="word_319">um</word>
   <word id="word_320">acordo</word>
   <word id="word_321">de</word>
   <word id="word_322">paz</word>
   <word id="word_323">.</word>
   <word id="word_324">Também</word>
   <word id="word_325">parecer</word>
   <word id="word_326">ser</word>
   <word id="word_327">certo</word>
   <word id="word_328">que</word>
   <word id="word_329">trazia</word>
   <word id="word_330">com_</word>
   <word id="word_331">si</word>
   <word id="word_332">uma</word>
   <word id="word_333">lista</word>
   <word id="word_334">de</word>
   <word id="word_335">nomes</word>
   <word id="word_336">de</word>
   <word id="word_337">indivíduos</word>
   <word id="word_338">que</word>
   <word id="word_339">considerava</word>
   <word id="word_340">interessados</word>
   <word id="word_341">em_</word>
   <word id="word_342">um</word>
   <word id="word_343">pacto</word>
   <word id="word_344">.</word>
   <word id="word_345">Churchill</word>
   <word id="word_346">demonstrou</word>
   <word id="word_347">imediatamente</word>
   <word id="word_348">que</word>
   <word id="word_349">não</word>
   <word id="word_350">acreditava</word>
   <word id="word_351">em</word>
   <word id="word_352">qualquer</word>
   <word id="word_353">proposta</word>
   <word id="word_354">deste</word>
   <word id="word_355">tipo</word>
   <word id="word_356">e</word>
   <word id="word_357">nem</word>
   <word id="word_358">sequer</word>
   <word id="word_359">se</word>
   <word id="word_360">avistou</word>
   <word id="word_361">com</word>
   <word id="word_362">Hess</word>
   <word id="word_363">,</word>
   <word id="word_364">que</word>
   <word id="word_365">seria</word>
   <word id="word_366">interrogado</word>
   <word id="word_367">e</word>
   <word id="word_368">posteriormente</word>
   <word id="word_369">detido</word>
   <word id="word_370">.</word>
   <word id="word_371">a_</word>
   <word id="word_372">o</word>
   <word id="word_373">mesmo</word>
   <word id="word_374">tempo</word>
   <word id="word_375">,</word>
   <word id="word_376">Hitler</word>
   <word id="word_377">deixava</word>
   <word id="word_378">saber</word>
   <word id="word_379">que</word>
   <word id="word_380">considerava</word>
   <word id="word_381">o</word>
   <word id="word_382">seu</word>
   <word id="word_383">adjunto</word>
   <word id="word_384">louco</word>
   <word id="word_385">e</word>
   <word id="word_386">há</word>
   <word id="word_387">indicações</word>
   <word id="word_388">de</word>
   <word id="word_389">que</word>
   <word id="word_390">ficou</word>
   <word id="word_391">furioso</word>
   <word id="word_392">com</word>
   <word id="word_393">esta</word>
   <word id="word_394">missão</word>
   <word id="word_395">.</word>
   <word id="word_396">de_</word>
   <word id="word_397">essa</word>
   <word id="word_398">forma</word>
   <word id="word_399">,</word>
   <word id="word_400">parece</word>
   <word id="word_401">afastar</word>
   <word id="word_402">-se</word>
   <word id="word_403">a</word>
   <word id="word_404">possibilidade</word>
   <word id="word_405">de</word>
   <word id="word_406">ter</word>
   <word id="word_407">sido</word>
   <word id="word_408">o</word>
   <word id="word_409">próprio</word>
   <word id="word_410">chefe</word>
   <word id="word_411">nazi</word>
   <word id="word_412">que</word>
   <word id="word_413">enviou</word>
   <word id="word_414">Hess</word>
   <word id="word_415">para</word>
   <word id="word_416">a</word>
   <word id="word_417">Escócia</word>
   <word id="word_418">.</word>
   <word id="word_419">Em_</word>
   <word id="word_420">o</word>
   <word id="word_421">entanto</word>
   <word id="word_422">,</word>
   <word id="word_423">há</word>
   <word id="word_424">quem</word>
   <word id="word_425">refira</word>
   <word id="word_426">que</word>
   <word id="word_427">em_</word>
   <word id="word_428">a</word>
   <word id="word_429">Alemanha</word>
   <word id="word_430">só</word>
   <word id="word_431">se</word>
   <word id="word_432">começou</word>
   <word id="word_433">a</word>
   <word id="word_434">denegrir</word>
   <word id="word_435">a</word>
   <word id="word_436">sanidade</word>
   <word id="word_437">mental</word>
   <word id="word_438">de</word>
   <word id="word_439">Rudolf</word>
   <word id="word_440">Hess</word>
   <word id="word_441">depois</word>
   <word id="word_442">de</word>
   <word id="word_443">se</word>
   <word id="word_444">saber</word>
   <word id="word_445">que</word>
   <word id="word_446">,</word>
   <word id="word_447">fosse</word>
   <word id="word_448">qual</word>
   <word id="word_449">fosse</word>
   <word id="word_450">a</word>
   <word id="word_451">sua</word>
   <word id="word_452">missão</word>
   <word id="word_453">,</word>
   <word id="word_454">esta</word>
   <word id="word_455">fracassara</word>
   <word id="word_456">.</word>
   <word id="word_457">Também</word>
   <word id="word_458">se</word>
   <word id="word_459">tem</word>
   <word id="word_460">feito</word>
   <word id="word_461">notar</word>
   <word id="word_462">que</word>
   <word id="word_463">,</word>
   <word id="word_464">apesar</word>
   <word id="word_465">de_</word>
   <word id="word_466">a</word>
   <word id="word_467">experiência</word>
   <word id="word_468">de</word>
   <word id="word_469">pilotagem</word>
   <word id="word_470">de_</word>
   <word id="word_471">a</word>
   <word id="word_472">Primeira</word>
   <word id="word_473">Guerra</word>
   <word id="word_474">Mundial</word>
   <word id="word_475">,</word>
   <word id="word_476">dirigir</word>
   <word id="word_477">um</word>
   <word id="word_478">avião</word>
   <word id="word_479">mais</word>
   <word id="word_480">de</word>
   <word id="word_481">1200</word>
   <word id="word_482">quilómetros</word>
   <word id="word_483">não</word>
   <word id="word_484">será</word>
   <word id="word_485">o</word>
   <word id="word_486">trabalho</word>
   <word id="word_487">de</word>
   <word id="word_488">um</word>
   <word id="word_489">louco</word>
   <word id="word_490">.</word>
   <word id="word_491">A</word>
   <word id="word_492">alegada</word>
   <word id="word_493">oferta</word>
   <word id="word_494">de</word>
   <word id="word_495">paz</word>
   <word id="word_496">de</word>
   <word id="word_497">Rudolf</word>
   <word id="word_498">Hess</word>
   <word id="word_499">ocorria</word>
   <word id="word_500">,</word>
   <word id="word_501">precisamente</word>
   <word id="word_502">,</word>
   <word id="word_503">em_</word>
   <word id="word_504">o</word>
   <word id="word_505">mesmo</word>
   <word id="word_506">dia</word>
   <word id="word_507">em</word>
   <word id="word_508">que</word>
   <word id="word_509">a</word>
   <word id="word_510">Aviação</word>
   <word id="word_511">alemã</word>
   <word id="word_512">lançara</word>
   <word id="word_513">um</word>
   <word id="word_514">de_</word>
   <word id="word_515">os</word>
   <word id="word_516">seus</word>
   <word id="word_517">maiores</word>
   <word id="word_518">bombardeamentos</word>
   <word id="word_519">sobre</word>
   <word id="word_520">Londres</word>
   <word id="word_521">,</word>
   <word id="word_522">atingindo</word>
   <word id="word_523">a</word>
   <word id="word_524">própria</word>
   <word id="word_525">Câmara</word>
   <word id="word_526">de_</word>
   <word id="word_527">os</word>
   <word id="word_528">Comuns</word>
   <word id="word_529">.</word>
   <word id="word_530">Uma</word>
   <word id="word_531">tal</word>
   <word id="word_532">situação</word>
   <word id="word_533">dificilmente</word>
   <word id="word_534">se</word>
   <word id="word_535">coadunaria</word>
   <word id="word_536">com</word>
   <word id="word_537">qualquer</word>
   <word id="word_538">intenção</word>
   <word id="word_539">de</word>
   <word id="word_540">entendimento</word>
   <word id="word_541">.</word>
   <word id="word_542">A</word>
   <word id="word_543">situação</word>
   <word id="word_544">de_</word>
   <word id="word_545">a</word>
   <word id="word_546">Inglaterra</word>
   <word id="word_547">em_</word>
   <word id="word_548">a</word>
   <word id="word_549">altura</word>
   <word id="word_550">poderia</word>
   <word id="word_551">fazer</word>
   <word id="word_552">sugerir</word>
   <word id="word_553">uma</word>
   <word id="word_554">permeabilidade</word>
   <word id="word_555">de_</word>
   <word id="word_556">as</word>
   <word id="word_557">autoridades</word>
   <word id="word_558">de</word>
   <word id="word_559">Londres</word>
   <word id="word_560">a</word>
   <word id="word_561">um</word>
   <word id="word_562">pacto</word>
   <word id="word_563">.</word>
   <word id="word_564">Para</word>
   <word id="word_565">além</word>
   <word id="word_566">de_</word>
   <word id="word_567">o</word>
   <word id="word_568">efeito</word>
   <word id="word_569">demolidor</word>
   <word id="word_570">de_</word>
   <word id="word_571">os</word>
   <word id="word_572">constantes</word>
   <word id="word_573">bombardeamentos</word>
   <word id="word_574">de_</word>
   <word id="word_575">a</word>
   <word id="word_576">Aviação</word>
   <word id="word_577">alemã</word>
   <word id="word_578">sobre</word>
   <word id="word_579">Londres</word>
   <word id="word_580">,</word>
   <word id="word_581">e</word>
   <word id="word_582">outras</word>
   <word id="word_583">partes</word>
   <word id="word_584">de_</word>
   <word id="word_585">o</word>
   <word id="word_586">país</word>
   <word id="word_587">,</word>
   <word id="word_588">o</word>
   <word id="word_589">Atlântico</word>
   <word id="word_590">encontrava</word>
   <word id="word_591">-se</word>
   <word id="word_592">em</word>
   <word id="word_593">condições</word>
   <word id="word_594">críticas</word>
   <word id="word_595">,</word>
   <word id="word_596">com</word>
   <word id="word_597">um</word>
   <word id="word_598">grande</word>
   <word id="word_599">número</word>
   <word id="word_600">de</word>
   <word id="word_601">submarinos</word>
   <word id="word_602">alemães</word>
   <word id="word_603">a</word>
   <word id="word_604">dificultar</word>
   <word id="word_605">as</word>
   <word id="word_606">ligações</word>
   <word id="word_607">com</word>
   <word id="word_608">o</word>
   <word id="word_609">exterior</word>
   <word id="word_610">.</word>
   <word id="word_611">em_</word>
   <word id="word_612">essa</word>
   <word id="word_613">altura</word>
   <word id="word_614">,</word>
   <word id="word_615">a</word>
   <word id="word_616">Grã-Bretanha</word>
   <word id="word_617">não</word>
   <word id="word_618">contava</word>
   <word id="word_619">ainda</word>
   <word id="word_620">com</word>
   <word id="word_621">os</word>
   <word id="word_622">aliados</word>
   <word id="word_623">formais</word>
   <word id="word_624">para</word>
   <word id="word_625">se</word>
   <word id="word_626">opor</word>
   <word id="word_627">a_</word>
   <word id="word_628">o</word>
   <word id="word_629">alastramento</word>
   <word id="word_630">de_</word>
   <word id="word_631">o</word>
   <word id="word_632">domínio</word>
   <word id="word_633">nazi</word>
   <word id="word_634">.</word>
   <word id="word_635">Por</word>
   <word id="word_636">seu</word>
   <word id="word_637">lado</word>
   <word id="word_638">,</word>
   <word id="word_639">Hitler</word>
   <word id="word_640">teria</word>
   <word id="word_641">chegado</word>
   <word id="word_642">a_</word>
   <word id="word_643">o</word>
   <word id="word_644">momento</word>
   <word id="word_645">de</word>
   <word id="word_646">procurar</word>
   <word id="word_647">neutralizar</word>
   <word id="word_648">a</word>
   <word id="word_649">oposição</word>
   <word id="word_650">britânica</word>
   <word id="word_651">para</word>
   <word id="word_652">lançar</word>
   <word id="word_653">o</word>
   <word id="word_654">seu</word>
   <word id="word_655">grande</word>
   <word id="word_656">avanço</word>
   <word id="word_657">sobre</word>
   <word id="word_658">a</word>
   <word id="word_659">União</word>
   <word id="word_660">Soviética</word>
   <word id="word_661">,</word>
   <word id="word_662">o</word>
   <word id="word_663">qual</word>
   <word id="word_664">se</word>
   <word id="word_665">verificou</word>
   <word id="word_666">seis</word>
   <word id="word_667">semanas</word>
   <word id="word_668">depois</word>
   <word id="word_669">de_</word>
   <word id="word_670">a</word>
   <word id="word_671">chegada</word>
   <word id="word_672">de</word>
   <word id="word_673">Hess</word>
   <word id="word_674">.</word>
   <word id="word_675">Este</word>
   <word id="word_676">conjunto</word>
   <word id="word_677">de</word>
   <word id="word_678">circunstâncias</word>
   <word id="word_679">marcadas</word>
   <word id="word_680">por_</word>
   <word id="word_681">o</word>
   <word id="word_682">desgaste</word>
   <word id="word_683">britânico</word>
   <word id="word_684">levou</word>
   <word id="word_685">vários</word>
   <word id="word_686">observadores</word>
   <word id="word_687">a</word>
   <word id="word_688">não</word>
   <word id="word_689">excluir</word>
   <word id="word_690">a</word>
   <word id="word_691">possibilidade</word>
   <word id="word_692">de</word>
   <word id="word_693">que</word>
   <word id="word_694">teria</word>
   <word id="word_695">sido</word>
   <word id="word_696">a</word>
   <word id="word_697">própria</word>
   <word id="word_698">Grã-Bretanha</word>
   <word id="word_699">que</word>
   <word id="word_700">deu</word>
   <word id="word_701">sinais</word>
   <word id="word_702">a</word>
   <word id="word_703">Berlim</word>
   <word id="word_704">de</word>
   <word id="word_705">que</word>
   <word id="word_706">estaria</word>
   <word id="word_707">disponível</word>
   <word id="word_708">para</word>
   <word id="word_709">um</word>
   <word id="word_710">eventual</word>
   <word id="word_711">entendimento</word>
   <word id="word_712">.</word>
   <word id="word_713">Tratou</word>
   <word id="word_714">-se</word>
   <word id="word_715">de</word>
   <word id="word_716">uma</word>
   <word id="word_717">interpretação</word>
   <word id="word_718">que</word>
   <word id="word_719">colheu</word>
   <word id="word_720">bastantes</word>
   <word id="word_721">seguidores</word>
   <word id="word_722">em</word>
   <word id="word_723">Moscovo</word>
   <word id="word_724">.</word>
   <word id="word_725">De</word>
   <word id="word_726">qualquer</word>
   <word id="word_727">modo</word>
   <word id="word_728">,</word>
   <word id="word_729">a</word>
   <word id="word_730">rejeição</word>
   <word id="word_731">de</word>
   <word id="word_732">Churchill</word>
   <word id="word_733">a</word>
   <word id="word_734">qualquer</word>
   <word id="word_735">proposta</word>
   <word id="word_736">parece</word>
   <word id="word_737">afastar</word>
   <word id="word_738">esta</word>
   <word id="word_739">versão</word>
   <word id="word_740">,</word>
   <word id="word_741">embora</word>
   <word id="word_742">o</word>
   <word id="word_743">incidente</word>
   <word id="word_744">não</word>
   <word id="word_745">tenha</word>
   <word id="word_746">deixado</word>
   <word id="word_747">de</word>
   <word id="word_748">provocar</word>
   <word id="word_749">uma</word>
   <word id="word_750">situação</word>
   <word id="word_751">,</word>
   <word id="word_752">potencialmente</word>
   <word id="word_753">embaraçosa</word>
   <word id="word_754">em</word>
   <word id="word_755">Londres</word>
   <word id="word_756">.</word>
   <word id="word_757">A</word>
   <word id="word_758">interpretação</word>
   <word id="word_759">mais</word>
   <word id="word_760">apoiada</word>
   <word id="word_761">tem</word>
   <word id="word_762">sido</word>
   <word id="word_763">a</word>
   <word id="word_764">de</word>
   <word id="word_765">que</word>
   <word id="word_766">,</word>
   <word id="word_767">louco</word>
   <word id="word_768">ou</word>
   <word id="word_769">não</word>
   <word id="word_770">,</word>
   <word id="word_771">Rudolf</word>
   <word id="word_772">Hess</word>
   <word id="word_773">poderá</word>
   <word id="word_774">ter</word>
   <word id="word_775">actuado</word>
   <word id="word_776">sozinho</word>
   <word id="word_777">,</word>
   <word id="word_778">em_</word>
   <word id="word_779">a</word>
   <word id="word_780">esperança</word>
   <word id="word_781">de</word>
   <word id="word_782">recuperar</word>
   <word id="word_783">influência</word>
   <word id="word_784">que</word>
   <word id="word_785">vinha</word>
   <word id="word_786">a</word>
   <word id="word_787">perder</word>
   <word id="word_788">junto</word>
   <word id="word_789">de_</word>
   <word id="word_790">o</word>
   <word id="word_791">fuhrer</word>
   <word id="word_792">,</word>
   <word id="word_793">em</word>
   <word id="word_794">favor</word>
   <word id="word_795">de</word>
   <word id="word_796">Himmler</word>
   <word id="word_797">e</word>
   <word id="word_798">Goering</word>
   <word id="word_799">.</word>
   <word id="word_800">Se</word>
   <word id="word_801">,</word>
   <word id="word_802">por_</word>
   <word id="word_803">o</word>
   <word id="word_804">contrário</word>
   <word id="word_805">,</word>
   <word id="word_806">foi</word>
   <word id="word_807">encorajado</word>
   <word id="word_808">para</word>
   <word id="word_809">a</word>
   <word id="word_810">realização</word>
   <word id="word_811">de</word>
   <word id="word_812">tal</word>
   <word id="word_813">missão</word>
   <word id="word_814">,</word>
   <word id="word_815">acabou</word>
   <word id="word_816">por</word>
   <word id="word_817">ser</word>
   <word id="word_818">vítima</word>
   <word id="word_819">de</word>
   <word id="word_820">um</word>
   <word id="word_821">projecto</word>
   <word id="word_822">falhado</word>
   <word id="word_823">.</word>
   <word id="word_824">Muita</word>
   <word id="word_825">documentação</word>
   <word id="word_826">relevante</word>
   <word id="word_827">ainda</word>
   <word id="word_828">não</word>
   <word id="word_829">foi</word>
   <word id="word_830">tornada</word>
   <word id="word_831">pública</word>
   <word id="word_832">.</word>
   <word id="word_833">Hess</word>
   <word id="word_834">esteve</word>
   <word id="word_835">detido</word>
   <word id="word_836">em_</word>
   <word id="word_837">a</word>
   <word id="word_838">Grã-Bretanha</word>
   <word id="word_839">até</word>
   <word id="word_840">o</word>
   <word id="word_841">fim</word>
   <word id="word_842">de_</word>
   <word id="word_843">a</word>
   <word id="word_844">guerra</word>
   <word id="word_845">,</word>
   <word id="word_846">seguindo</word>
   <word id="word_847">depois</word>
   <word id="word_848">para</word>
   <word id="word_849">julgamento</word>
   <word id="word_850">em</word>
   <word id="word_851">Nuremberga</word>
   <word id="word_852">.</word>
   <word id="word_853">Seria</word>
   <word id="word_854">ilibado</word>
   <word id="word_855">de_</word>
   <word id="word_856">a</word>
   <word id="word_857">acusação</word>
   <word id="word_858">de</word>
   <word id="word_859">crimes</word>
   <word id="word_860">contra</word>
   <word id="word_861">a</word>
   <word id="word_862">humanidade</word>
   <word id="word_863">mas</word>
   <word id="word_864">foi</word>
   <word id="word_865">condenado</word>
   <word id="word_866">por</word>
   <word id="word_867">ter</word>
   <word id="word_868">feito</word>
   <word id="word_869">preparações</word>
   <word id="word_870">para</word>
   <word id="word_871">a</word>
   <word id="word_872">guerra</word>
   <word id="word_873">e</word>
   <word id="word_874">por</word>
   <word id="word_875">ter</word>
   <word id="word_876">conspirado</word>
   <word id="word_877">contra</word>
   <word id="word_878">a</word>
   <word id="word_879">paz</word>
   <word id="word_880">.</word>
   <word id="word_881">Iniciou</word>
   <word id="word_882">depois</word>
   <word id="word_883">o</word>
   <word id="word_884">seu</word>
   <word id="word_885">período</word>
   <word id="word_886">de</word>
   <word id="word_887">detenção</word>
   <word id="word_888">en</word>
   <word id="word_889">Spandau</word>
   <word id="word_890">,</word>
   <word id="word_891">onde</word>
   <word id="word_892">terá</word>
   <word id="word_893">tido</word>
   <word id="word_894">tempo</word>
   <word id="word_895">para</word>
   <word id="word_896">meditar</word>
   <word id="word_897">em_</word>
   <word id="word_898">um</word>
   <word id="word_899">passado</word>
   <word id="word_900">de_</word>
   <word id="word_901">o</word>
   <word id="word_902">qual</word>
   <word id="word_903">nunca</word>
   <word id="word_904">se</word>
   <word id="word_905">arrependeu</word>
   <word id="word_906">.</word>
</words>
