<?xml version="1.0" encoding="UTF-8"?>
<!DOCTYPE words SYSTEM "words.dtd">
<words>
   <word id="word_1">"</word>
   <word id="word_2">É</word>
   <word id="word_3">potencialmente</word>
   <word id="word_4">muito</word>
   <word id="word_5">importante</word>
   <word id="word_6">para</word>
   <word id="word_7">o</word>
   <word id="word_8">diagnóstico</word>
   <word id="word_9">clínico</word>
   <word id="word_10">"</word>
   <word id="word_11">,</word>
   <word id="word_12">disse</word>
   <word id="word_13">Ted</word>
   <word id="word_14">Crown</word>
   <word id="word_15">,</word>
   <word id="word_16">uma</word>
   <word id="word_17">autoridade</word>
   <word id="word_18">em_</word>
   <word id="word_19">este</word>
   <word id="word_20">síndroma</word>
   <word id="word_21">,</word>
   <word id="word_22">de_</word>
   <word id="word_23">o</word>
   <word id="word_24">Instituto</word>
   <word id="word_25">de_</word>
   <word id="word_26">o</word>
   <word id="word_27">Estado</word>
   <word id="word_28">de</word>
   <word id="word_29">Nova</word>
   <word id="word_30">Iorque</word>
   <word id="word_31">para</word>
   <word id="word_32">a</word>
   <word id="word_33">Investigação</word>
   <word id="word_34">Básica</word>
   <word id="word_35">sobre</word>
   <word id="word_36">Incapacidades</word>
   <word id="word_37">de_</word>
   <word id="word_38">o</word>
   <word id="word_39">Desenvolvimento</word>
   <word id="word_40">.</word>
   <word id="word_41">Virtualmente</word>
   <word id="word_42">desconhecida</word>
   <word id="word_43">há</word>
   <word id="word_44">uma</word>
   <word id="word_45">década</word>
   <word id="word_46">atrás</word>
   <word id="word_47">,</word>
   <word id="word_48">a</word>
   <word id="word_49">síndroma</word>
   <word id="word_50">de_</word>
   <word id="word_51">o</word>
   <word id="word_52">X</word>
   <word id="word_53">frágil</word>
   <word id="word_54">,</word>
   <word id="word_55">que</word>
   <word id="word_56">resulta</word>
   <word id="word_57">de</word>
   <word id="word_58">quebras</word>
   <word id="word_59">misteriosas</word>
   <word id="word_60">em_</word>
   <word id="word_61">o</word>
   <word id="word_62">cordão</word>
   <word id="word_63">de</word>
   <word id="word_64">material</word>
   <word id="word_65">genético</word>
   <word id="word_66">que</word>
   <word id="word_67">determina</word>
   <word id="word_68">o</word>
   <word id="word_69">sexo</word>
   <word id="word_70">de</word>
   <word id="word_71">uma</word>
   <word id="word_72">criança</word>
   <word id="word_73">,</word>
   <word id="word_74">é</word>
   <word id="word_75">hoje</word>
   <word id="word_76">tida</word>
   <word id="word_77">como</word>
   <word id="word_78">quase</word>
   <word id="word_79">tão</word>
   <word id="word_80">vulgar</word>
   <word id="word_81">como</word>
   <word id="word_82">a</word>
   <word id="word_83">síndroma</word>
   <word id="word_84">de</word>
   <word id="word_85">Down</word>
   <word id="word_86">(</word>
   <word id="word_87">também</word>
   <word id="word_88">chamada</word>
   <word id="word_89">mongoloidismo</word>
   <word id="word_90">ou</word>
   <word id="word_91">Trissonia</word>
   <word id="word_92">21</word>
   <word id="word_93">)</word>
   <word id="word_94">.</word>
   <word id="word_95">"</word>
   <word id="word_96">Aparentemente</word>
   <word id="word_97">,</word>
   <word id="word_98">a</word>
   <word id="word_99">síndroma</word>
   <word id="word_100">é</word>
   <word id="word_101">muito</word>
   <word id="word_102">,</word>
   <word id="word_103">muito</word>
   <word id="word_104">vulgar</word>
   <word id="word_105">,</word>
   <word id="word_106">mas</word>
   <word id="word_107">o</word>
   <word id="word_108">problema</word>
   <word id="word_109">está</word>
   <word id="word_110">em</word>
   <word id="word_111">diagnosticá#</word>
   <word id="word_112">-la</word>
   <word id="word_113">"</word>
   <word id="word_114">,</word>
   <word id="word_115">disse</word>
   <word id="word_116">Stephen</word>
   <word id="word_117">Warren</word>
   <word id="word_118">,</word>
   <word id="word_119">professor</word>
   <word id="word_120">de</word>
   <word id="word_121">bioquímica</word>
   <word id="word_122">e</word>
   <word id="word_123">pediatra</word>
   <word id="word_124">que</word>
   <word id="word_125">dirigiu</word>
   <word id="word_126">a</word>
   <word id="word_127">equipa</word>
   <word id="word_128">de</word>
   <word id="word_129">investigação</word>
   <word id="word_130">em</word>
   <word id="word_131">Emory</word>
   <word id="word_132">.</word>
   <word id="word_133">Devíamos</word>
   <word id="word_134">ser</word>
   <word id="word_135">capazes</word>
   <word id="word_136">de</word>
   <word id="word_137">fazer</word>
   <word id="word_138">diagnósticos</word>
   <word id="word_139">pré-natais</word>
   <word id="word_140">muito</word>
   <word id="word_141">directamente</word>
   <word id="word_142">"</word>
   <word id="word_143">,</word>
   <word id="word_144">disse</word>
   <word id="word_145">ele</word>
   <word id="word_146">.</word>
   <word id="word_147">"</word>
   <word id="word_148">Mesmo</word>
   <word id="word_149">agora</word>
   <word id="word_150">estamos</word>
   <word id="word_151">em_</word>
   <word id="word_152">um</word>
   <word id="word_153">ponto</word>
   <word id="word_154">em</word>
   <word id="word_155">que</word>
   <word id="word_156">podemos</word>
   <word id="word_157">,</word>
   <word id="word_158">muito</word>
   <word id="word_159">esperançosamente</word>
   <word id="word_160">,</word>
   <word id="word_161">vir</word>
   <word id="word_162">a</word>
   <word id="word_163">ter</word>
   <word id="word_164">um</word>
   <word id="word_165">teste</word>
   <word id="word_166">seguro</word>
   <word id="word_167">dentro</word>
   <word id="word_168">de</word>
   <word id="word_169">,</word>
   <word id="word_170">literalmente</word>
   <word id="word_171">,</word>
   <word id="word_172">um</word>
   <word id="word_173">mês</word>
   <word id="word_174">ou</word>
   <word id="word_175">dois</word>
   <word id="word_176">.</word>
   <word id="word_177">Acelerámos</word>
   <word id="word_178">bastante</word>
   <word id="word_179">o</word>
   <word id="word_180">passo</word>
   <word id="word_181">.</word>
   <word id="word_182">"</word>
   <word id="word_183">O</word>
   <word id="word_184">anúncio</word>
   <word id="word_185">feito</word>
   <word id="word_186">em</word>
   <word id="word_187">Emory</word>
   <word id="word_188">é</word>
   <word id="word_189">o</word>
   <word id="word_190">mais</word>
   <word id="word_191">recente</word>
   <word id="word_192">em_</word>
   <word id="word_193">uma</word>
   <word id="word_194">avalanche</word>
   <word id="word_195">de</word>
   <word id="word_196">progressos</word>
   <word id="word_197">em</word>
   <word id="word_198">genética</word>
   <word id="word_199">que</word>
   <word id="word_200">estão</word>
   <word id="word_201">a</word>
   <word id="word_202">revolucionar</word>
   <word id="word_203">o</word>
   <word id="word_204">diagnóstico</word>
   <word id="word_205">e</word>
   <word id="word_206">o</word>
   <word id="word_207">tratamento</word>
   <word id="word_208">de</word>
   <word id="word_209">doenças</word>
   <word id="word_210">humanas</word>
   <word id="word_211">.</word>
   <word id="word_212">Cada</word>
   <word id="word_213">novo</word>
   <word id="word_214">teste</word>
   <word id="word_215">genético</word>
   <word id="word_216">surge</word>
   <word id="word_217">de</word>
   <word id="word_218">um</word>
   <word id="word_219">conhecimento</word>
   <word id="word_220">fundamental</word>
   <word id="word_221">de</word>
   <word id="word_222">como</word>
   <word id="word_223">as</word>
   <word id="word_224">moléculas</word>
   <word id="word_225">se</word>
   <word id="word_226">combinam</word>
   <word id="word_227">para</word>
   <word id="word_228">formar</word>
   <word id="word_229">um</word>
   <word id="word_230">ser</word>
   <word id="word_231">humano</word>
   <word id="word_232">.</word>
   <word id="word_233">Só</word>
   <word id="word_234">em_</word>
   <word id="word_235">o</word>
   <word id="word_236">ano</word>
   <word id="word_237">passado</word>
   <word id="word_238">,</word>
   <word id="word_239">os</word>
   <word id="word_240">investigadores</word>
   <word id="word_241">detectaram</word>
   <word id="word_242">defeitos</word>
   <word id="word_243">genéticos</word>
   <word id="word_244">que</word>
   <word id="word_245">causam</word>
   <word id="word_246">fibrose</word>
   <word id="word_247">cística</word>
   <word id="word_248">que</word>
   <word id="word_249">aflige</word>
   <word id="word_250">umas</word>
   <word id="word_251">33.000</word>
   <word id="word_252">pessoas</word>
   <word id="word_253">,</word>
   <word id="word_254">distrofia</word>
   <word id="word_255">muscular</word>
   <word id="word_256">de</word>
   <word id="word_257">Duchenne</word>
   <word id="word_258">que</word>
   <word id="word_259">atinge</word>
   <word id="word_260">umas</word>
   <word id="word_261">50.000</word>
   <word id="word_262">,</word>
   <word id="word_263">e</word>
   <word id="word_264">Coréia</word>
   <word id="word_265">de</word>
   <word id="word_266">Huntington</word>
   <word id="word_267">que</word>
   <word id="word_268">afecta</word>
   <word id="word_269">20.000</word>
   <word id="word_270">pessoas</word>
   <word id="word_271">.</word>
   <word id="word_272">Desde</word>
   <word id="word_273">Janeiro</word>
   <word id="word_274">os</word>
   <word id="word_275">cientistas</word>
   <word id="word_276">descobriram</word>
   <word id="word_277">elos</word>
   <word id="word_278">genéticos</word>
   <word id="word_279">de_</word>
   <word id="word_280">a</word>
   <word id="word_281">psicose</word>
   <word id="word_282">maníaco-depressiva</word>
   <word id="word_283">que</word>
   <word id="word_284">afecta</word>
   <word id="word_285">dois</word>
   <word id="word_286">milhões</word>
   <word id="word_287">de</word>
   <word id="word_288">americanos</word>
   <word id="word_289">e</word>
   <word id="word_290">de_</word>
   <word id="word_291">a</word>
   <word id="word_292">doença</word>
   <word id="word_293">de</word>
   <word id="word_294">Alzheimer</word>
   <word id="word_295">que</word>
   <word id="word_296">afecta</word>
   <word id="word_297">quatro</word>
   <word id="word_298">milhões</word>
   <word id="word_299">.</word>
   <word id="word_300">A</word>
   <word id="word_301">síndroma</word>
   <word id="word_302">de_</word>
   <word id="word_303">o</word>
   <word id="word_304">X</word>
   <word id="word_305">frágil</word>
   <word id="word_306">é</word>
   <word id="word_307">a</word>
   <word id="word_308">mais</word>
   <word id="word_309">recente</word>
   <word id="word_310">adição</word>
   <word id="word_311">a_</word>
   <word id="word_312">o</word>
   <word id="word_313">catálogo</word>
   <word id="word_314">genéticos</word>
   <word id="word_315">.</word>
   <word id="word_316">Os</word>
   <word id="word_317">sintomas</word>
   <word id="word_318">deste</word>
   <word id="word_319">desaranjo</word>
   <word id="word_320">vão</word>
   <word id="word_321">desde</word>
   <word id="word_322">dificuldades</word>
   <word id="word_323">leves</word>
   <word id="word_324">em_</word>
   <word id="word_325">a</word>
   <word id="word_326">aprendizagem</word>
   <word id="word_327">até</word>
   <word id="word_328">a_</word>
   <word id="word_329">o</word>
   <word id="word_330">atraso</word>
   <word id="word_331">mental</word>
   <word id="word_332">profundo</word>
   <word id="word_333">e</word>
   <word id="word_334">a_</word>
   <word id="word_335">o</word>
   <word id="word_336">autismo</word>
   <word id="word_337">-</word>
   <word id="word_338">uma</word>
   <word id="word_339">condição</word>
   <word id="word_340">desesperante</word>
   <word id="word_341">,</word>
   <word id="word_342">caracterizada</word>
   <word id="word_343">por_</word>
   <word id="word_344">a</word>
   <word id="word_345">incapacidade</word>
   <word id="word_346">de</word>
   <word id="word_347">a</word>
   <word id="word_348">criança</word>
   <word id="word_349">comunicar</word>
   <word id="word_350">,</word>
   <word id="word_351">ou</word>
   <word id="word_352">mesmo</word>
   <word id="word_353">reconhecer</word>
   <word id="word_354">o</word>
   <word id="word_355">mundo</word>
   <word id="word_356">a_</word>
   <word id="word_357">a</word>
   <word id="word_358">sua</word>
   <word id="word_359">volta</word>
   <word id="word_360">.</word>
   <word id="word_361">As</word>
   <word id="word_362">características</word>
   <word id="word_363">físicas</word>
   <word id="word_364">associadas</word>
   <word id="word_365">a_</word>
   <word id="word_366">a</word>
   <word id="word_367">síndroma</word>
   <word id="word_368">incluem</word>
   <word id="word_369">orelhas</word>
   <word id="word_370">grandes</word>
   <word id="word_371">,</word>
   <word id="word_372">testa</word>
   <word id="word_373">alongada</word>
   <word id="word_374">e</word>
   <word id="word_375">dupla</word>
   <word id="word_376">articulação</word>
   <word id="word_377">.</word>
   <word id="word_378">Alguns</word>
   <word id="word_379">estudos</word>
   <word id="word_380">revelaram</word>
   <word id="word_381">que</word>
   <word id="word_382">as</word>
   <word id="word_383">crianças</word>
   <word id="word_384">autistas</word>
   <word id="word_385">com</word>
   <word id="word_386">esta</word>
   <word id="word_387">síndroma</word>
   <word id="word_388">têm</word>
   <word id="word_389">um</word>
   <word id="word_390">número</word>
   <word id="word_391">invulgarmente</word>
   <word id="word_392">baixo</word>
   <word id="word_393">de</word>
   <word id="word_394">ligações</word>
   <word id="word_395">entre</word>
   <word id="word_396">as</word>
   <word id="word_397">células</word>
   <word id="word_398">celebrais</word>
   <word id="word_399">.</word>
   <word id="word_400">As</word>
   <word id="word_401">crianças</word>
   <word id="word_402">com</word>
   <word id="word_403">a</word>
   <word id="word_404">síndroma</word>
   <word id="word_405">podem</word>
   <word id="word_406">ser</word>
   <word id="word_407">diagnosticadas</word>
   <word id="word_408">normalmente</word>
   <word id="word_409">através</word>
   <word id="word_410">de</word>
   <word id="word_411">um</word>
   <word id="word_412">exame</word>
   <word id="word_413">a_</word>
   <word id="word_414">os</word>
   <word id="word_415">cromossomas</word>
   <word id="word_416">extraídos</word>
   <word id="word_417">de_</word>
   <word id="word_418">os</word>
   <word id="word_419">seus</word>
   <word id="word_420">glóbulos</word>
   <word id="word_421">brancos</word>
   <word id="word_422">.</word>
   <word id="word_423">A</word>
   <word id="word_424">sequência</word>
   <word id="word_425">defeituosa</word>
   <word id="word_426">sobressai</word>
   <word id="word_427">claramente</word>
   <word id="word_428">a_</word>
   <word id="word_429">o</word>
   <word id="word_430">microscópio</word>
   <word id="word_431">.</word>
   <word id="word_432">Um</word>
   <word id="word_433">teste</word>
   <word id="word_434">genético</word>
   <word id="word_435">exacto</word>
   <word id="word_436">poderia</word>
   <word id="word_437">,</word>
   <word id="word_438">contudo</word>
   <word id="word_439">,</word>
   <word id="word_440">permitir</word>
   <word id="word_441">a_</word>
   <word id="word_442">os</word>
   <word id="word_443">médicos</word>
   <word id="word_444">fazer</word>
   <word id="word_445">o</word>
   <word id="word_446">diagnóstico</word>
   <word id="word_447">ainda</word>
   <word id="word_448">em_</word>
   <word id="word_449">o</word>
   <word id="word_450">feto</word>
   <word id="word_451">.</word>
   <word id="word_452">Significaria</word>
   <word id="word_453">também</word>
   <word id="word_454">que</word>
   <word id="word_455">os</word>
   <word id="word_456">médicos</word>
   <word id="word_457">poderiam</word>
   <word id="word_458">determinar</word>
   <word id="word_459">se</word>
   <word id="word_460">a</word>
   <word id="word_461">criança</word>
   <word id="word_462">viria</word>
   <word id="word_463">a</word>
   <word id="word_464">ser</word>
   <word id="word_465">afectada</word>
   <word id="word_466">por_</word>
   <word id="word_467">a</word>
   <word id="word_468">síndroma</word>
   <word id="word_469">ou</word>
   <word id="word_470">se</word>
   <word id="word_471">seria</word>
   <word id="word_472">simplismente</word>
   <word id="word_473">portadora</word>
   <word id="word_474">de_</word>
   <word id="word_475">o</word>
   <word id="word_476">gene</word>
   <word id="word_477">,</word>
   <word id="word_478">mas</word>
   <word id="word_479">sem</word>
   <word id="word_480">sintomas</word>
   <word id="word_481">.</word>
   <word id="word_482">Os</word>
   <word id="word_483">médicos</word>
   <word id="word_484">crêem</word>
   <word id="word_485">que</word>
   <word id="word_486">um</word>
   <word id="word_487">diagnóstico</word>
   <word id="word_488">precoce</word>
   <word id="word_489">é</word>
   <word id="word_490">particularmente</word>
   <word id="word_491">importante</word>
   <word id="word_492">porque</word>
   <word id="word_493">as</word>
   <word id="word_494">crianças</word>
   <word id="word_495">que</word>
   <word id="word_496">herdam</word>
   <word id="word_497">a</word>
   <word id="word_498">síndroma</word>
   <word id="word_499">reagem</word>
   <word id="word_500">prontamente</word>
   <word id="word_501">a</word>
   <word id="word_502">exercícios</word>
   <word id="word_503">especiais</word>
   <word id="word_504">que</word>
   <word id="word_505">melhoram</word>
   <word id="word_506">a</word>
   <word id="word_507">fala</word>
   <word id="word_508">,</word>
   <word id="word_509">a</word>
   <word id="word_510">linguagem</word>
   <word id="word_511">e</word>
   <word id="word_512">as</word>
   <word id="word_513">capacidades</word>
   <word id="word_514">de</word>
   <word id="word_515">coordenação</word>
   <word id="word_516">e</word>
   <word id="word_517">de</word>
   <word id="word_518">equilíbrio</word>
   <word id="word_519">.</word>
   <word id="word_520">A</word>
   <word id="word_521">síndroma</word>
   <word id="word_522">recebeu</word>
   <word id="word_523">o</word>
   <word id="word_524">seu</word>
   <word id="word_525">nome</word>
   <word id="word_526">devido</word>
   <word id="word_527">a</word>
   <word id="word_528">um</word>
   <word id="word_529">elo</word>
   <word id="word_530">fraco</word>
   <word id="word_531">em_</word>
   <word id="word_532">a</word>
   <word id="word_533">estrutura</word>
   <word id="word_534">de_</word>
   <word id="word_535">o</word>
   <word id="word_536">cromossoma</word>
   <word id="word_537">X</word>
   <word id="word_538">que</word>
   <word id="word_539">determina</word>
   <word id="word_540">o</word>
   <word id="word_541">sexo</word>
   <word id="word_542">-</word>
   <word id="word_543">um</word>
   <word id="word_544">de_</word>
   <word id="word_545">os</word>
   <word id="word_546">46</word>
   <word id="word_547">cromossomas</word>
   <word id="word_548">que</word>
   <word id="word_549">formam</word>
   <word id="word_550">todas</word>
   <word id="word_551">as</word>
   <word id="word_552">células</word>
   <word id="word_553">humanas</word>
   <word id="word_554">.</word>
   <word id="word_555">Há</word>
   <word id="word_556">um</word>
   <word id="word_557">século</word>
   <word id="word_558">que</word>
   <word id="word_559">os</word>
   <word id="word_560">cientistas</word>
   <word id="word_561">sabem</word>
   <word id="word_562">que</word>
   <word id="word_563">o</word>
   <word id="word_564">atraso</word>
   <word id="word_565">mental</word>
   <word id="word_566">é</word>
   <word id="word_567">mais</word>
   <word id="word_568">frequente</word>
   <word id="word_569">em_</word>
   <word id="word_570">os</word>
   <word id="word_571">homens</word>
   <word id="word_572">de_</word>
   <word id="word_573">o</word>
   <word id="word_574">que</word>
   <word id="word_575">em_</word>
   <word id="word_576">as</word>
   <word id="word_577">mulheres</word>
   <word id="word_578">,</word>
   <word id="word_579">mas</word>
   <word id="word_580">só</word>
   <word id="word_581">recentemente</word>
   <word id="word_582">é</word>
   <word id="word_583">que</word>
   <word id="word_584">descobriram</word>
   <word id="word_585">porquê</word>
   <word id="word_586">.</word>
   <word id="word_587">"</word>
   <word id="word_588">Acontece</word>
   <word id="word_589">que</word>
   <word id="word_590">este</word>
   <word id="word_591">gene</word>
   <word id="word_592">específico</word>
   <word id="word_593">é</word>
   <word id="word_594">responsável</word>
   <word id="word_595">por</word>
   <word id="word_596">25</word>
   <word id="word_597">por</word>
   <word id="word_598">cento</word>
   <word id="word_599">de_</word>
   <word id="word_600">os</word>
   <word id="word_601">deficientes</word>
   <word id="word_602">mentais</word>
   <word id="word_603">masculinos</word>
   <word id="word_604">"</word>
   <word id="word_605">,</word>
   <word id="word_606">disse</word>
   <word id="word_607">Warren</word>
   <word id="word_608">.</word>
   <word id="word_609">As</word>
   <word id="word_610">mulheres</word>
   <word id="word_611">,</word>
   <word id="word_612">que</word>
   <word id="word_613">também</word>
   <word id="word_614">podem</word>
   <word id="word_615">transportar</word>
   <word id="word_616">o</word>
   <word id="word_617">gene</word>
   <word id="word_618">de_</word>
   <word id="word_619">esta</word>
   <word id="word_620">síndroma</word>
   <word id="word_621">,</word>
   <word id="word_622">muitas</word>
   <word id="word_623">vezes</word>
   <word id="word_624">escapam</word>
   <word id="word_625">a_</word>
   <word id="word_626">os</word>
   <word id="word_627">seus</word>
   <word id="word_628">efeitos</word>
   <word id="word_629">porque</word>
   <word id="word_630">herdam</word>
   <word id="word_631">duas</word>
   <word id="word_632">cópias</word>
   <word id="word_633">de_</word>
   <word id="word_634">o</word>
   <word id="word_635">cromossoma</word>
   <word id="word_636">X</word>
   <word id="word_637">-</word>
   <word id="word_638">e</word>
   <word id="word_639">só</word>
   <word id="word_640">uma</word>
   <word id="word_641">de_</word>
   <word id="word_642">elas</word>
   <word id="word_643">é</word>
   <word id="word_644">defeituosa</word>
   <word id="word_645">.</word>
   <word id="word_646">Os</word>
   <word id="word_647">homens</word>
   <word id="word_648">herdam</word>
   <word id="word_649">só</word>
   <word id="word_650">um</word>
   <word id="word_651">cromossoma</word>
   <word id="word_652">X</word>
   <word id="word_653">por_</word>
   <word id="word_654">o</word>
   <word id="word_655">que</word>
   <word id="word_656">não</word>
   <word id="word_657">têm</word>
   <word id="word_658">uma</word>
   <word id="word_659">reserva</word>
   <word id="word_660">saudável</word>
   <word id="word_661">.</word>
   <word id="word_662">A</word>
   <word id="word_663">investigação</word>
   <word id="word_664">em</word>
   <word id="word_665">Emory</word>
   <word id="word_666">está</word>
   <word id="word_667">também</word>
   <word id="word_668">a</word>
   <word id="word_669">começar</word>
   <word id="word_670">a</word>
   <word id="word_671">dar</word>
   <word id="word_672">respostas</word>
   <word id="word_673">a_</word>
   <word id="word_674">as</word>
   <word id="word_675">questões</word>
   <word id="word_676">postas</word>
   <word id="word_677">por_</word>
   <word id="word_678">o</word>
   <word id="word_679">intrigante</word>
   <word id="word_680">esquema</word>
   <word id="word_681">de</word>
   <word id="word_682">hereditariedade</word>
   <word id="word_683">de_</word>
   <word id="word_684">a</word>
   <word id="word_685">síndroma</word>
   <word id="word_686">.</word>
   <word id="word_687">Por</word>
   <word id="word_688">razões</word>
   <word id="word_689">ainda</word>
   <word id="word_690">não</word>
   <word id="word_691">compreendidas</word>
   <word id="word_692">,</word>
   <word id="word_693">algumas</word>
   <word id="word_694">mulheres</word>
   <word id="word_695">,</word>
   <word id="word_696">que</word>
   <word id="word_697">em</word>
   <word id="word_698">teoria</word>
   <word id="word_699">deviam</word>
   <word id="word_700">estar</word>
   <word id="word_701">protegidas</word>
   <word id="word_702">,</word>
   <word id="word_703">sofrem</word>
   <word id="word_704">de_</word>
   <word id="word_705">a</word>
   <word id="word_706">síndroma</word>
   <word id="word_707">.</word>
   <word id="word_708">E</word>
   <word id="word_709">por_</word>
   <word id="word_710">o</word>
   <word id="word_711">menos</word>
   <word id="word_712">um</word>
   <word id="word_713">de</word>
   <word id="word_714">cada</word>
   <word id="word_715">cinco</word>
   <word id="word_716">portadores</word>
   <word id="word_717">masculinos</word>
   <word id="word_718">não</word>
   <word id="word_719">revela</word>
   <word id="word_720">efeitos</word>
   <word id="word_721">perniciosos</word>
   <word id="word_722">.</word>
   <word id="word_723">A</word>
   <word id="word_724">investigação</word>
   <word id="word_725">em</word>
   <word id="word_726">Emory</word>
   <word id="word_727">sugere</word>
   <word id="word_728">que</word>
   <word id="word_729">a</word>
   <word id="word_730">mutação</word>
   <word id="word_731">causadora</word>
   <word id="word_732">de_</word>
   <word id="word_733">a</word>
   <word id="word_734">síndroma</word>
   <word id="word_735">é</word>
   <word id="word_736">uma</word>
   <word id="word_737">sequência</word>
   <word id="word_738">simples</word>
   <word id="word_739">de</word>
   <word id="word_740">material</word>
   <word id="word_741">genético</word>
   <word id="word_742">que</word>
   <word id="word_743">se</word>
   <word id="word_744">repete</word>
   <word id="word_745">numerosas</word>
   <word id="word_746">vezes</word>
   <word id="word_747">.</word>
   <word id="word_748">Quantas</word>
   <word id="word_749">mais</word>
   <word id="word_750">vezes</word>
   <word id="word_751">se</word>
   <word id="word_752">repetir</word>
   <word id="word_753">a</word>
   <word id="word_754">sequência</word>
   <word id="word_755">,</word>
   <word id="word_756">mais</word>
   <word id="word_757">sérios</word>
   <word id="word_758">são</word>
   <word id="word_759">os</word>
   <word id="word_760">efeitos</word>
   <word id="word_761">.</word>
   <word id="word_762">"</word>
   <word id="word_763">Há</word>
   <word id="word_764">um</word>
   <word id="word_765">esquema</word>
   <word id="word_766">de</word>
   <word id="word_767">hereditariedade</word>
   <word id="word_768">esquisito</word>
   <word id="word_769">"</word>
   <word id="word_770">,</word>
   <word id="word_771">diz</word>
   <word id="word_772">Warren</word>
   <word id="word_773">.</word>
   <word id="word_774">"</word>
   <word id="word_775">Pensamos</word>
   <word id="word_776">que</word>
   <word id="word_777">todos</word>
   <word id="word_778">têm</word>
   <word id="word_779">esta</word>
   <word id="word_780">sequência</word>
   <word id="word_781">.</word>
   <word id="word_782">A</word>
   <word id="word_783">mutação</word>
   <word id="word_784">que</word>
   <word id="word_785">de</word>
   <word id="word_786">facto</word>
   <word id="word_787">ocorre</word>
   <word id="word_788">é</word>
   <word id="word_789">que</word>
   <word id="word_790">a</word>
   <word id="word_791">sequência</word>
   <word id="word_792">aumenta</word>
   <word id="word_793">o</word>
   <word id="word_794">número</word>
   <word id="word_795">de</word>
   <word id="word_796">cópias</word>
   <word id="word_797">que</word>
   <word id="word_798">produz</word>
   <word id="word_799">.</word>
   <word id="word_800">Quantas</word>
   <word id="word_801">mais</word>
   <word id="word_802">cópias</word>
   <word id="word_803">se</word>
   <word id="word_804">tem</word>
   <word id="word_805">,</word>
   <word id="word_806">mais</word>
   <word id="word_807">afectado</word>
   <word id="word_808">se</word>
   <word id="word_809">está</word>
   <word id="word_810">.</word>
   <word id="word_811">"</word>
   <word id="word_812">Há</word>
   <word id="word_813">ainda</word>
   <word id="word_814">contudo</word>
   <word id="word_815">,</word>
   <word id="word_816">poucas</word>
   <word id="word_817">indicações</word>
   <word id="word_818">que</word>
   <word id="word_819">explicam</word>
   <word id="word_820">exactamente</word>
   <word id="word_821">como</word>
   <word id="word_822">é</word>
   <word id="word_823">que</word>
   <word id="word_824">a</word>
   <word id="word_825">mutação</word>
   <word id="word_826">afecta</word>
   <word id="word_827">fisicamente</word>
   <word id="word_828">o</word>
   <word id="word_829">cérebro</word>
   <word id="word_830">.</word>
   <word id="word_831">A</word>
   <word id="word_832">investigação</word>
   <word id="word_833">,</word>
   <word id="word_834">publicada</word>
   <word id="word_835">em_</word>
   <word id="word_836">o</word>
   <word id="word_837">último</word>
   <word id="word_838">número</word>
   <word id="word_839">de</word>
   <word id="word_840">Science</word>
   <word id="word_841">,</word>
   <word id="word_842">foi</word>
   <word id="word_843">subsidiada</word>
   <word id="word_844">por_</word>
   <word id="word_845">os</word>
   <word id="word_846">Institutos</word>
   <word id="word_847">Nacionais</word>
   <word id="word_848">de</word>
   <word id="word_849">Saúde</word>
   <word id="word_850">,</word>
   <word id="word_851">por_</word>
   <word id="word_852">a</word>
   <word id="word_853">Fundação</word>
   <word id="word_854">March</word>
   <word id="word_855">of</word>
   <word id="word_856">Dimes</word>
   <word id="word_857">para</word>
   <word id="word_858">o</word>
   <word id="word_859">Estudo</word>
   <word id="word_860">de_</word>
   <word id="word_861">os</word>
   <word id="word_862">Defeitos</word>
   <word id="word_863">Congénitos</word>
   <word id="word_864">,</word>
   <word id="word_865">e</word>
   <word id="word_866">por_</word>
   <word id="word_867">o</word>
   <word id="word_868">Centro</word>
   <word id="word_869">de_</word>
   <word id="word_870">a</word>
   <word id="word_871">Universidade</word>
   <word id="word_872">Winship</word>
   <word id="word_873">para</word>
   <word id="word_874">o</word>
   <word id="word_875">Estudo</word>
   <word id="word_876">de_</word>
   <word id="word_877">o</word>
   <word id="word_878">Cancro</word>
   <word id="word_879">.</word>
</words>
