<?xml version="1.0" encoding="UTF-8"?>
<!DOCTYPE words SYSTEM "words.dtd">
<words>
   <word id="word_1">A</word>
   <word id="word_2">RÉPLICA</word>
   <word id="word_3">de_</word>
   <word id="word_4">a</word>
   <word id="word_5">caravela</word>
   <word id="word_6">foi</word>
   <word id="word_7">encomendada</word>
   <word id="word_8">por_</word>
   <word id="word_9">a</word>
   <word id="word_10">comunidade</word>
   <word id="word_11">portuguesa</word>
   <word id="word_12">de_</word>
   <word id="word_13">a</word>
   <word id="word_14">África</word>
   <word id="word_15">de_</word>
   <word id="word_16">o</word>
   <word id="word_17">Sul</word>
   <word id="word_18">,</word>
   <word id="word_19">conforme</word>
   <word id="word_20">o</word>
   <word id="word_21">DN</word>
   <word id="word_22">já</word>
   <word id="word_23">noticiou</word>
   <word id="word_24">,</word>
   <word id="word_25">com</word>
   <word id="word_26">o</word>
   <word id="word_27">objectivo</word>
   <word id="word_28">de</word>
   <word id="word_29">participar</word>
   <word id="word_30">em_</word>
   <word id="word_31">as</word>
   <word id="word_32">comemorações</word>
   <word id="word_33">de_</word>
   <word id="word_34">o</word>
   <word id="word_35">V</word>
   <word id="word_36">Centenário</word>
   <word id="word_37">de_</word>
   <word id="word_38">a</word>
   <word id="word_39">passagem</word>
   <word id="word_40">de_</word>
   <word id="word_41">o</word>
   <word id="word_42">cabo</word>
   <word id="word_43">de_</word>
   <word id="word_44">a</word>
   <word id="word_45">Boa</word>
   <word id="word_46">Esperança</word>
   <word id="word_47">.</word>
   <word id="word_48">Até</word>
   <word id="word_49">meados</word>
   <word id="word_50">de_</word>
   <word id="word_51">o</word>
   <word id="word_52">próximo</word>
   <word id="word_53">mês</word>
   <word id="word_54">a</word>
   <word id="word_55">caravela</word>
   <word id="word_56">ficará</word>
   <word id="word_57">fundeada</word>
   <word id="word_58">em</word>
   <word id="word_59">Vila</word>
   <word id="word_60">de_</word>
   <word id="word_61">o</word>
   <word id="word_62">Conde</word>
   <word id="word_63">,</word>
   <word id="word_64">para</word>
   <word id="word_65">acabamentos</word>
   <word id="word_66">,</word>
   <word id="word_67">seguindo</word>
   <word id="word_68">então</word>
   <word id="word_69">para</word>
   <word id="word_70">Lisboa</word>
   <word id="word_71">.</word>
   <word id="word_72">Em</word>
   <word id="word_73">Novembro</word>
   <word id="word_74">partirá</word>
   <word id="word_75">de_</word>
   <word id="word_76">a</word>
   <word id="word_77">capital</word>
   <word id="word_78">,</word>
   <word id="word_79">em</word>
   <word id="word_80">frente</word>
   <word id="word_81">a_</word>
   <word id="word_82">a</word>
   <word id="word_83">Torre</word>
   <word id="word_84">de</word>
   <word id="word_85">Belém</word>
   <word id="word_86">,</word>
   <word id="word_87">a</word>
   <word id="word_88">caminho</word>
   <word id="word_89">de</word>
   <word id="word_90">Mossel</word>
   <word id="word_91">Bay</word>
   <word id="word_92">,</word>
   <word id="word_93">em_</word>
   <word id="word_94">a</word>
   <word id="word_95">África</word>
   <word id="word_96">de_</word>
   <word id="word_97">o</word>
   <word id="word_98">Sul</word>
   <word id="word_99">.</word>
   <word id="word_100">A</word>
   <word id="word_101">viagem</word>
   <word id="word_102">será</word>
   <word id="word_103">idêntica</word>
   <word id="word_104">a_</word>
   <word id="word_105">a</word>
   <word id="word_106">de</word>
   <word id="word_107">Bartolomeu</word>
   <word id="word_108">Dias</word>
   <word id="word_109">,</word>
   <word id="word_110">levando</word>
   <word id="word_111">a</word>
   <word id="word_112">caravela</word>
   <word id="word_113">até</word>
   <word id="word_114">Sagres</word>
   <word id="word_115">,</word>
   <word id="word_116">depois</word>
   <word id="word_117">Madeira</word>
   <word id="word_118">e</word>
   <word id="word_119">Cabo</word>
   <word id="word_120">Verde</word>
   <word id="word_121">,</word>
   <word id="word_122">Golfo</word>
   <word id="word_123">de_</word>
   <word id="word_124">a</word>
   <word id="word_125">Guiné</word>
   <word id="word_126">e</word>
   <word id="word_127">costa</word>
   <word id="word_128">de_</word>
   <word id="word_129">a</word>
   <word id="word_130">Namíbia</word>
   <word id="word_131">,</word>
   <word id="word_132">passando</word>
   <word id="word_133">então</word>
   <word id="word_134">por_</word>
   <word id="word_135">o</word>
   <word id="word_136">cabo</word>
   <word id="word_137">de_</word>
   <word id="word_138">as</word>
   <word id="word_139">Tormentas</word>
   <word id="word_140">(</word>
   <word id="word_141">de_</word>
   <word id="word_142">a</word>
   <word id="word_143">Boa</word>
   <word id="word_144">Esperança</word>
   <word id="word_145">para</word>
   <word id="word_146">o</word>
   <word id="word_147">rei</word>
   <word id="word_148">D.</word>
   <word id="word_149">João</word>
   <word id="word_150">II</word>
   <word id="word_151">)</word>
   <word id="word_152">e</word>
   <word id="word_153">chegando</word>
   <word id="word_154">a_</word>
   <word id="word_155">o</word>
   <word id="word_156">fim</word>
   <word id="word_157">em</word>
   <word id="word_158">Mossel</word>
   <word id="word_159">Bay</word>
   <word id="word_160">,</word>
   <word id="word_161">cerca</word>
   <word id="word_162">de</word>
   <word id="word_163">200</word>
   <word id="word_164">milhas</word>
   <word id="word_165">a</word>
   <word id="word_166">Leste</word>
   <word id="word_167">de_</word>
   <word id="word_168">a</word>
   <word id="word_169">actual</word>
   <word id="word_170">Cidade</word>
   <word id="word_171">de_</word>
   <word id="word_172">o</word>
   <word id="word_173">Cabo</word>
   <word id="word_174">.</word>
   <word id="word_175">A</word>
   <word id="word_176">descoberta</word>
   <word id="word_177">marítima</word>
   <word id="word_178">de_</word>
   <word id="word_179">o</word>
   <word id="word_180">cabo</word>
   <word id="word_181">de_</word>
   <word id="word_182">a</word>
   <word id="word_183">Boa</word>
   <word id="word_184">Esperança</word>
   <word id="word_185">por</word>
   <word id="word_186">Bartolomeu</word>
   <word id="word_187">Dias</word>
   <word id="word_188">,</word>
   <word id="word_189">em</word>
   <word id="word_190">1488</word>
   <word id="word_191">,</word>
   <word id="word_192">foi</word>
   <word id="word_193">de</word>
   <word id="word_194">capital</word>
   <word id="word_195">importância</word>
   <word id="word_196">para</word>
   <word id="word_197">a</word>
   <word id="word_198">história</word>
   <word id="word_199">de_</word>
   <word id="word_200">a</word>
   <word id="word_201">humanidade</word>
   <word id="word_202">e</word>
   <word id="word_203">muito</word>
   <word id="word_204">contribuiu</word>
   <word id="word_205">para</word>
   <word id="word_206">a</word>
   <word id="word_207">sua</word>
   <word id="word_208">unificação</word>
   <word id="word_209">.</word>
   <word id="word_210">Em</word>
   <word id="word_211">1988</word>
   <word id="word_212">celebra</word>
   <word id="word_213">-se</word>
   <word id="word_214">o</word>
   <word id="word_215">V</word>
   <word id="word_216">Centenário</word>
   <word id="word_217">de_</word>
   <word id="word_218">a</word>
   <word id="word_219">Descoberta</word>
   <word id="word_220">de_</word>
   <word id="word_221">o</word>
   <word id="word_222">Cabo</word>
   <word id="word_223">de_</word>
   <word id="word_224">a</word>
   <word id="word_225">Boa</word>
   <word id="word_226">Esperança</word>
   <word id="word_227">por_</word>
   <word id="word_228">o</word>
   <word id="word_229">navegador</word>
   <word id="word_230">português</word>
   <word id="word_231">Bartolomeu</word>
   <word id="word_232">Dias</word>
   <word id="word_233">.</word>
   <word id="word_234">A</word>
   <word id="word_235">viagem</word>
   <word id="word_236">de</word>
   <word id="word_237">Bartolomeu</word>
   <word id="word_238">Dias</word>
   <word id="word_239">culminou</word>
   <word id="word_240">quase</word>
   <word id="word_241">um</word>
   <word id="word_242">século</word>
   <word id="word_243">de</word>
   <word id="word_244">navegação</word>
   <word id="word_245">científicamente</word>
   <word id="word_246">estudada</word>
   <word id="word_247">e</word>
   <word id="word_248">programada</word>
   <word id="word_249">por_</word>
   <word id="word_250">os</word>
   <word id="word_251">portugueses</word>
   <word id="word_252">a</word>
   <word id="word_253">partir</word>
   <word id="word_254">de_</word>
   <word id="word_255">o</word>
   <word id="word_256">grande</word>
   <word id="word_257">impulso</word>
   <word id="word_258">que</word>
   <word id="word_259">foi</word>
   <word id="word_260">dado</word>
   <word id="word_261">por_</word>
   <word id="word_262">o</word>
   <word id="word_263">infante</word>
   <word id="word_264">D.</word>
   <word id="word_265">Henrique</word>
   <word id="word_266">e</word>
   <word id="word_267">a</word>
   <word id="word_268">sua</word>
   <word id="word_269">escola</word>
   <word id="word_270">de</word>
   <word id="word_271">Sagres</word>
   <word id="word_272">.</word>
   <word id="word_273">Além</word>
   <word id="word_274">de_</word>
   <word id="word_275">as</word>
   <word id="word_276">novas</word>
   <word id="word_277">terras</word>
   <word id="word_278">sucessivamente</word>
   <word id="word_279">descobertas</word>
   <word id="word_280">,</word>
   <word id="word_281">os</word>
   <word id="word_282">conhecimentos</word>
   <word id="word_283">cientificamente</word>
   <word id="word_284">adquiridos</word>
   <word id="word_285">de_</word>
   <word id="word_286">a</word>
   <word id="word_287">astronomia</word>
   <word id="word_288">,</word>
   <word id="word_289">de_</word>
   <word id="word_290">os</word>
   <word id="word_291">mares</word>
   <word id="word_292">,</word>
   <word id="word_293">de_</word>
   <word id="word_294">as</word>
   <word id="word_295">correntes</word>
   <word id="word_296">e</word>
   <word id="word_297">de_</word>
   <word id="word_298">os</word>
   <word id="word_299">ventos</word>
   <word id="word_300">dominantes</word>
   <word id="word_301">,</word>
   <word id="word_302">a</word>
   <word id="word_303">par</word>
   <word id="word_304">de_</word>
   <word id="word_305">as</word>
   <word id="word_306">novas</word>
   <word id="word_307">técnicas</word>
   <word id="word_308">de</word>
   <word id="word_309">construção</word>
   <word id="word_310">naval</word>
   <word id="word_311">e</word>
   <word id="word_312">de_</word>
   <word id="word_313">a</word>
   <word id="word_314">arte</word>
   <word id="word_315">de</word>
   <word id="word_316">velejar</word>
   <word id="word_317">,</word>
   <word id="word_318">permitiu</word>
   <word id="word_319">que</word>
   <word id="word_320">os</word>
   <word id="word_321">navegadores</word>
   <word id="word_322">portugueses</word>
   <word id="word_323">de</word>
   <word id="word_324">quatrocentos</word>
   <word id="word_325">soubessem</word>
   <word id="word_326">avançar</word>
   <word id="word_327">progressivamente</word>
   <word id="word_328">em_</word>
   <word id="word_329">o</word>
   <word id="word_330">Atlântico</word>
   <word id="word_331">Sul</word>
   <word id="word_332">e</word>
   <word id="word_333">regressar</word>
   <word id="word_334">a_</word>
   <word id="word_335">o</word>
   <word id="word_336">seu</word>
   <word id="word_337">ponto</word>
   <word id="word_338">de</word>
   <word id="word_339">partida</word>
   <word id="word_340">em</word>
   <word id="word_341">Portugal</word>
   <word id="word_342">.</word>
   <word id="word_343">A</word>
   <word id="word_344">viagem</word>
   <word id="word_345">de</word>
   <word id="word_346">Bartolomeu</word>
   <word id="word_347">Dias</word>
   <word id="word_348">encerra</word>
   <word id="word_349">o</word>
   <word id="word_350">primeiro</word>
   <word id="word_351">grande</word>
   <word id="word_352">ciclo</word>
   <word id="word_353">científico</word>
   <word id="word_354">de_</word>
   <word id="word_355">o</word>
   <word id="word_356">lançamento</word>
   <word id="word_357">de_</word>
   <word id="word_358">as</word>
   <word id="word_359">descobertas</word>
   <word id="word_360">marítimas</word>
   <word id="word_361">de_</word>
   <word id="word_362">os</word>
   <word id="word_363">portugueses</word>
   <word id="word_364">quando</word>
   <word id="word_365">foi</word>
   <word id="word_366">dobrado</word>
   <word id="word_367">o</word>
   <word id="word_368">cabo</word>
   <word id="word_369">de_</word>
   <word id="word_370">a</word>
   <word id="word_371">Boa</word>
   <word id="word_372">Esperança</word>
   <word id="word_373">,</word>
   <word id="word_374">em_</word>
   <word id="word_375">o</word>
   <word id="word_376">extremo</word>
   <word id="word_377">sul</word>
   <word id="word_378">de_</word>
   <word id="word_379">o</word>
   <word id="word_380">continente</word>
   <word id="word_381">africano</word>
   <word id="word_382">e</word>
   <word id="word_383">,</word>
   <word id="word_384">confirmado</word>
   <word id="word_385">que</word>
   <word id="word_386">fora</word>
   <word id="word_387">desvendado</word>
   <word id="word_388">o</word>
   <word id="word_389">caminho</word>
   <word id="word_390">marítimo</word>
   <word id="word_391">para</word>
   <word id="word_392">a</word>
   <word id="word_393">Índia</word>
   <word id="word_394">.</word>
   <word id="word_395">A</word>
   <word id="word_396">Associação</word>
   <word id="word_397">Portuguesa</word>
   <word id="word_398">de</word>
   <word id="word_399">Treino</word>
   <word id="word_400">de</word>
   <word id="word_401">Vela</word>
   <word id="word_402">(</word>
   <word id="word_403">Aporvela</word>
   <word id="word_404">)</word>
   <word id="word_405">,</word>
   <word id="word_406">de</word>
   <word id="word_407">acordo</word>
   <word id="word_408">com</word>
   <word id="word_409">os</word>
   <word id="word_410">seus</word>
   <word id="word_411">objectivos</word>
   <word id="word_412">,</word>
   <word id="word_413">está</word>
   <word id="word_414">empenhada</word>
   <word id="word_415">,</word>
   <word id="word_416">desde</word>
   <word id="word_417">1982</word>
   <word id="word_418">,</word>
   <word id="word_419">em_</word>
   <word id="word_420">a</word>
   <word id="word_421">sua</word>
   <word id="word_422">contribuição</word>
   <word id="word_423">para</word>
   <word id="word_424">valorizar</word>
   <word id="word_425">condignamente</word>
   <word id="word_426">o</word>
   <word id="word_427">mar</word>
   <word id="word_428">e</word>
   <word id="word_429">a</word>
   <word id="word_430">comemoração</word>
   <word id="word_431">de_</word>
   <word id="word_432">o</word>
   <word id="word_433">quinto</word>
   <word id="word_434">centenário</word>
   <word id="word_435">de_</word>
   <word id="word_436">o</word>
   <word id="word_437">grande</word>
   <word id="word_438">feito</word>
   <word id="word_439">náutico</word>
   <word id="word_440">e</word>
   <word id="word_441">científico</word>
   <word id="word_442">de</word>
   <word id="word_443">Bartolomeu</word>
   <word id="word_444">Dias</word>
   <word id="word_445">,</word>
   <word id="word_446">sugeriu</word>
   <word id="word_447">a</word>
   <word id="word_448">construção</word>
   <word id="word_449">de</word>
   <word id="word_450">um</word>
   <word id="word_451">navio</word>
   <word id="word_452">que</word>
   <word id="word_453">recordasse</word>
   <word id="word_454">os</word>
   <word id="word_455">navios</word>
   <word id="word_456">utilizados</word>
   <word id="word_457">para</word>
   <word id="word_458">tão</word>
   <word id="word_459">grande</word>
   <word id="word_460">descoberta</word>
   <word id="word_461">.</word>
   <word id="word_462">Em_</word>
   <word id="word_463">o</word>
   <word id="word_464">entanto</word>
   <word id="word_465">,</word>
   <word id="word_466">deve</word>
   <word id="word_467">-se</word>
   <word id="word_468">a_</word>
   <word id="word_469">as</word>
   <word id="word_470">comunidades</word>
   <word id="word_471">portuguesas</word>
   <word id="word_472">,</word>
   <word id="word_473">residentes</word>
   <word id="word_474">em_</word>
   <word id="word_475">a</word>
   <word id="word_476">República</word>
   <word id="word_477">de_</word>
   <word id="word_478">a</word>
   <word id="word_479">África</word>
   <word id="word_480">de_</word>
   <word id="word_481">o</word>
   <word id="word_482">Sul</word>
   <word id="word_483">o</word>
   <word id="word_484">efectivo</word>
   <word id="word_485">encorajamento</word>
   <word id="word_486">que</word>
   <word id="word_487">a</word>
   <word id="word_488">Aporvela</word>
   <word id="word_489">recebeu</word>
   <word id="word_490">para</word>
   <word id="word_491">prosseguir</word>
   <word id="word_492">em_</word>
   <word id="word_493">os</word>
   <word id="word_494">seus</word>
   <word id="word_495">esforços</word>
   <word id="word_496">a</word>
   <word id="word_497">construção</word>
   <word id="word_498">de</word>
   <word id="word_499">um</word>
   <word id="word_500">navio</word>
   <word id="word_501">destinado</word>
   <word id="word_502">a</word>
   <word id="word_503">comemorar</word>
   <word id="word_504">a</word>
   <word id="word_505">viagem</word>
   <word id="word_506">de_</word>
   <word id="word_507">o</word>
   <word id="word_508">navegador</word>
   <word id="word_509">.</word>
</words>
