<?xml version="1.0" encoding="UTF-8"?>
<!DOCTYPE words SYSTEM "words.dtd">
<words>
   <word id="word_1">"</word>
   <word id="word_2">ÁFRICA</word>
   <word id="word_3">E</word>
   <word id="word_4">JAZZ</word>
   <word id="word_5">são</word>
   <word id="word_6">sinónimos</word>
   <word id="word_7">"</word>
   <word id="word_8">-</word>
   <word id="word_9">assim</word>
   <word id="word_10">o</word>
   <word id="word_11">quiseram</word>
   <word id="word_12">provar</word>
   <word id="word_13">os</word>
   <word id="word_14">cinco</word>
   <word id="word_15">músicos</word>
   <word id="word_16">de_</word>
   <word id="word_17">o</word>
   <word id="word_18">Art</word>
   <word id="word_19">Ensemble</word>
   <word id="word_20">of</word>
   <word id="word_21">Chicago</word>
   <word id="word_22">,</word>
   <word id="word_23">em_</word>
   <word id="word_24">o</word>
   <word id="word_25">último</word>
   <word id="word_26">concerto</word>
   <word id="word_27">duplo</word>
   <word id="word_28">de_</word>
   <word id="word_29">o</word>
   <word id="word_30">ciclo</word>
   <word id="word_31">Jazz</word>
   <word id="word_32">em</word>
   <word id="word_33">Agosto</word>
   <word id="word_34">87</word>
   <word id="word_35">,</word>
   <word id="word_36">que</word>
   <word id="word_37">decorreu</word>
   <word id="word_38">em_</word>
   <word id="word_39">o</word>
   <word id="word_40">Anfiteatro</word>
   <word id="word_41">de</word>
   <word id="word_42">Ar</word>
   <word id="word_43">Livre</word>
   <word id="word_44">de_</word>
   <word id="word_45">o</word>
   <word id="word_46">Centro</word>
   <word id="word_47">de</word>
   <word id="word_48">Arte</word>
   <word id="word_49">Moderna</word>
   <word id="word_50">(</word>
   <word id="word_51">CAM</word>
   <word id="word_52">)</word>
   <word id="word_53">de_</word>
   <word id="word_54">a</word>
   <word id="word_55">Fundação</word>
   <word id="word_56">Gulbenkian</word>
   <word id="word_57">.</word>
   <word id="word_58">Os</word>
   <word id="word_59">músicos</word>
   <word id="word_60">entram</word>
   <word id="word_61">em</word>
   <word id="word_62">palco</word>
   <word id="word_63">e</word>
   <word id="word_64">serenamente</word>
   <word id="word_65">chegam</word>
   <word id="word_66">a_</word>
   <word id="word_67">os</word>
   <word id="word_68">seus</word>
   <word id="word_69">lugares</word>
   <word id="word_70">.</word>
   <word id="word_71">Então</word>
   <word id="word_72">param</word>
   <word id="word_73">,</word>
   <word id="word_74">fazem</word>
   <word id="word_75">um</word>
   <word id="word_76">movimento</word>
   <word id="word_77">de</word>
   <word id="word_78">rotação</word>
   <word id="word_79">de</word>
   <word id="word_80">noventa</word>
   <word id="word_81">graus</word>
   <word id="word_82">para</word>
   <word id="word_83">a</word>
   <word id="word_84">esquerda</word>
   <word id="word_85">,</word>
   <word id="word_86">e</word>
   <word id="word_87">aí</word>
   <word id="word_88">começa</word>
   <word id="word_89">o</word>
   <word id="word_90">ritual</word>
   <word id="word_91">:</word>
   <word id="word_92">um</word>
   <word id="word_93">incisivo</word>
   <word id="word_94">momento</word>
   <word id="word_95">de</word>
   <word id="word_96">silêncio</word>
   <word id="word_97">e</word>
   <word id="word_98">,</word>
   <word id="word_99">em_</word>
   <word id="word_100">um</word>
   <word id="word_101">repente</word>
   <word id="word_102">,</word>
   <word id="word_103">um</word>
   <word id="word_104">forte</word>
   <word id="word_105">toque</word>
   <word id="word_106">em_</word>
   <word id="word_107">um</word>
   <word id="word_108">timbalão</word>
   <word id="word_109">faz</word>
   <word id="word_110">os</word>
   <word id="word_111">músicos</word>
   <word id="word_112">agarrarem</word>
   <word id="word_113">os</word>
   <word id="word_114">saxofones</word>
   <word id="word_115">.</word>
   <word id="word_116">Tocam</word>
   <word id="word_117">em</word>
   <word id="word_118">uníssono</word>
   <word id="word_119">.</word>
   <word id="word_120">A</word>
   <word id="word_121">"</word>
   <word id="word_122">cerimónia</word>
   <word id="word_123">"</word>
   <word id="word_124">começou</word>
   <word id="word_125">.</word>
   <word id="word_126">Roupas</word>
   <word id="word_127">a</word>
   <word id="word_128">imitar</word>
   <word id="word_129">pele</word>
   <word id="word_130">de</word>
   <word id="word_131">tigre</word>
   <word id="word_132">,</word>
   <word id="word_133">toucados</word>
   <word id="word_134">,</word>
   <word id="word_135">rostos</word>
   <word id="word_136">com</word>
   <word id="word_137">pinturas</word>
   <word id="word_138">africanas</word>
   <word id="word_139">,</word>
   <word id="word_140">uma</word>
   <word id="word_141">infindável</word>
   <word id="word_142">quantidade</word>
   <word id="word_143">de</word>
   <word id="word_144">instrumentos</word>
   <word id="word_145">de</word>
   <word id="word_146">percussão</word>
   <word id="word_147">(</word>
   <word id="word_148">bongós</word>
   <word id="word_149">,</word>
   <word id="word_150">conchas</word>
   <word id="word_151">,</word>
   <word id="word_152">maracas</word>
   <word id="word_153">,</word>
   <word id="word_154">campainhas</word>
   <word id="word_155">,</word>
   <word id="word_156">sinos</word>
   <word id="word_157">)</word>
   <word id="word_158">,</word>
   <word id="word_159">mais</word>
   <word id="word_160">outra</word>
   <word id="word_161">quantidade</word>
   <word id="word_162">de</word>
   <word id="word_163">instrumentos</word>
   <word id="word_164">(</word>
   <word id="word_165">búzios</word>
   <word id="word_166">,</word>
   <word id="word_167">apitos</word>
   <word id="word_168">)</word>
   <word id="word_169">,</word>
   <word id="word_170">vozes</word>
   <word id="word_171">,</word>
   <word id="word_172">um</word>
   <word id="word_173">sintetizador</word>
   <word id="word_174">.</word>
   <word id="word_175">Mas</word>
   <word id="word_176">há</word>
   <word id="word_177">algo</word>
   <word id="word_178">que</word>
   <word id="word_179">não</word>
   <word id="word_180">resulta</word>
   <word id="word_181">em_</word>
   <word id="word_182">aquele</word>
   <word id="word_183">todo</word>
   <word id="word_184">.</word>
   <word id="word_185">A</word>
   <word id="word_186">música</word>
   <word id="word_187">começa</word>
   <word id="word_188">a</word>
   <word id="word_189">dispersar</word>
   <word id="word_190">-se</word>
   <word id="word_191">,</word>
   <word id="word_192">há</word>
   <word id="word_193">quem</word>
   <word id="word_194">diga</word>
   <word id="word_195">que</word>
   <word id="word_196">se</word>
   <word id="word_197">trata</word>
   <word id="word_198">de</word>
   <word id="word_199">um</word>
   <word id="word_200">"</word>
   <word id="word_201">dia</word>
   <word id="word_202">não</word>
   <word id="word_203">"</word>
   <word id="word_204">para</word>
   <word id="word_205">os</word>
   <word id="word_206">músicos</word>
   <word id="word_207">.</word>
   <word id="word_208">Chega</word>
   <word id="word_209">o</word>
   <word id="word_210">intervalo</word>
   <word id="word_211">ouvem</word>
   <word id="word_212">-se</word>
   <word id="word_213">queixas</word>
   <word id="word_214">:</word>
   <word id="word_215">"</word>
   <word id="word_216">Estou</word>
   <word id="word_217">a</word>
   <word id="word_218">ficar</word>
   <word id="word_219">com</word>
   <word id="word_220">frio</word>
   <word id="word_221">...</word>
   <word id="word_222">"</word>
   <word id="word_223">,</word>
   <word id="word_224">"</word>
   <word id="word_225">Estou</word>
   <word id="word_226">com</word>
   <word id="word_227">uma</word>
   <word id="word_228">de_</word>
   <word id="word_229">estas</word>
   <word id="word_230">dores</word>
   <word id="word_231">de</word>
   <word id="word_232">cabeça</word>
   <word id="word_233">...</word>
   <word id="word_234">"</word>
   <word id="word_235">,</word>
   <word id="word_236">"</word>
   <word id="word_237">Isto</word>
   <word id="word_238">é</word>
   <word id="word_239">uma</word>
   <word id="word_240">desorganização</word>
   <word id="word_241">muito</word>
   <word id="word_242">bem</word>
   <word id="word_243">organizada</word>
   <word id="word_244">...</word>
   <word id="word_245">"</word>
   <word id="word_246">,</word>
   <word id="word_247">"</word>
   <word id="word_248">O</word>
   <word id="word_249">baterista</word>
   <word id="word_250">parece</word>
   <word id="word_251">impor</word>
   <word id="word_252">a</word>
   <word id="word_253">ordem</word>
   <word id="word_254">...</word>
   <word id="word_255">"</word>
   <word id="word_256">,</word>
   <word id="word_257">etc</word>
   <word id="word_258">.</word>
   <word id="word_259">Entretanto</word>
   <word id="word_260">,</word>
   <word id="word_261">apagam</word>
   <word id="word_262">-se</word>
   <word id="word_263">as</word>
   <word id="word_264">luzes</word>
   <word id="word_265">:</word>
   <word id="word_266">é</word>
   <word id="word_267">a</word>
   <word id="word_268">segunda</word>
   <word id="word_269">parte</word>
   <word id="word_270">.</word>
   <word id="word_271">E</word>
   <word id="word_272">,</word>
   <word id="word_273">de</word>
   <word id="word_274">repente</word>
   <word id="word_275">,</word>
   <word id="word_276">nada</word>
   <word id="word_277">parecia</word>
   <word id="word_278">igual</word>
   <word id="word_279">.</word>
   <word id="word_280">Agora</word>
   <word id="word_281">sim</word>
   <word id="word_282">,</word>
   <word id="word_283">já</word>
   <word id="word_284">percebíamos</word>
   <word id="word_285">onde</word>
   <word id="word_286">nos</word>
   <word id="word_287">estavam</word>
   <word id="word_288">a</word>
   <word id="word_289">levar</word>
   <word id="word_290">.</word>
   <word id="word_291">Em</word>
   <word id="word_292">"</word>
   <word id="word_293">crescendo</word>
   <word id="word_294">"</word>
   <word id="word_295">,</word>
   <word id="word_296">os</word>
   <word id="word_297">saxofones</word>
   <word id="word_298">e</word>
   <word id="word_299">o</word>
   <word id="word_300">trompete</word>
   <word id="word_301">gritam</word>
   <word id="word_302">por</word>
   <word id="word_303">cima</word>
   <word id="word_304">de</word>
   <word id="word_305">uma</word>
   <word id="word_306">secção</word>
   <word id="word_307">rítmica</word>
   <word id="word_308">acelerada</word>
   <word id="word_309">,</word>
   <word id="word_310">multiplicam</word>
   <word id="word_311">-se</word>
   <word id="word_312">em</word>
   <word id="word_313">infinitos</word>
   <word id="word_314">sons</word>
   <word id="word_315">distintos</word>
   <word id="word_316">e</word>
   <word id="word_317">vozes</word>
   <word id="word_318">guturais</word>
   <word id="word_319">,</word>
   <word id="word_320">recorre</word>
   <word id="word_321">-se</word>
   <word id="word_322">a</word>
   <word id="word_323">sons</word>
   <word id="word_324">parasitas</word>
   <word id="word_325">com</word>
   <word id="word_326">o</word>
   <word id="word_327">sintetizador</word>
   <word id="word_328">;</word>
   <word id="word_329">uma</word>
   <word id="word_330">encenação</word>
   <word id="word_331">teatral</word>
   <word id="word_332">,</word>
   <word id="word_333">e</word>
   <word id="word_334">,</word>
   <word id="word_335">então</word>
   <word id="word_336">,</word>
   <word id="word_337">sim</word>
   <word id="word_338">,</word>
   <word id="word_339">já</word>
   <word id="word_340">tudo</word>
   <word id="word_341">faz</word>
   <word id="word_342">sentido</word>
   <word id="word_343">:</word>
   <word id="word_344">as</word>
   <word id="word_345">cores</word>
   <word id="word_346">,</word>
   <word id="word_347">as</word>
   <word id="word_348">pinturas</word>
   <word id="word_349">,</word>
   <word id="word_350">os</word>
   <word id="word_351">toucados</word>
   <word id="word_352">,</word>
   <word id="word_353">a</word>
   <word id="word_354">expressão</word>
   <word id="word_355">corporal</word>
   <word id="word_356">.</word>
   <word id="word_357">Estamos</word>
   <word id="word_358">em_</word>
   <word id="word_359">a</word>
   <word id="word_360">selva</word>
   <word id="word_361">,</word>
   <word id="word_362">com</word>
   <word id="word_363">ruídos</word>
   <word id="word_364">de_</word>
   <word id="word_365">o</word>
   <word id="word_366">vento</word>
   <word id="word_367">a</word>
   <word id="word_368">bater</word>
   <word id="word_369">em_</word>
   <word id="word_370">as</word>
   <word id="word_371">árvores</word>
   <word id="word_372">,</word>
   <word id="word_373">os</word>
   <word id="word_374">rugidos</word>
   <word id="word_375">de_</word>
   <word id="word_376">as</word>
   <word id="word_377">feras</word>
   <word id="word_378">.</word>
   <word id="word_379">Estamos</word>
   <word id="word_380">em</word>
   <word id="word_381">África</word>
   <word id="word_382">.</word>
   <word id="word_383">África</word>
   <word id="word_384">é</word>
   <word id="word_385">sinónimo</word>
   <word id="word_386">de</word>
   <word id="word_387">jazz</word>
   <word id="word_388">.</word>
   <word id="word_389">Os</word>
   <word id="word_390">músicos</word>
   <word id="word_391">são</word>
   <word id="word_392">actores</word>
   <word id="word_393">e</word>
   <word id="word_394">aquilo</word>
   <word id="word_395">é</word>
   <word id="word_396">a</word>
   <word id="word_397">revolução</word>
   <word id="word_398">,</word>
   <word id="word_399">uma</word>
   <word id="word_400">conspiração</word>
   <word id="word_401">musical</word>
   <word id="word_402">colectiva</word>
   <word id="word_403">,</word>
   <word id="word_404">que</word>
   <word id="word_405">nos</word>
   <word id="word_406">recorda</word>
   <word id="word_407">as</word>
   <word id="word_408">palavras</word>
   <word id="word_409">de</word>
   <word id="word_410">Jorge</word>
   <word id="word_411">Lima</word>
   <word id="word_412">Barreto</word>
   <word id="word_413">:</word>
   <word id="word_414">"</word>
   <word id="word_415">O</word>
   <word id="word_416">renascimento</word>
   <word id="word_417">negro</word>
   <word id="word_418">,</word>
   <word id="word_419">o</word>
   <word id="word_420">seu</word>
   <word id="word_421">humanismo</word>
   <word id="word_422">,</word>
   <word id="word_423">pretende</word>
   <word id="word_424">restaurar</word>
   <word id="word_425">a</word>
   <word id="word_426">civilização</word>
   <word id="word_427">africana</word>
   <word id="word_428">,</word>
   <word id="word_429">os</word>
   <word id="word_430">seus</word>
   <word id="word_431">ritos</word>
   <word id="word_432">,</word>
   <word id="word_433">os</word>
   <word id="word_434">seus</word>
   <word id="word_435">mitos</word>
   <word id="word_436">,</word>
   <word id="word_437">a</word>
   <word id="word_438">sua</word>
   <word id="word_439">filosofia</word>
   <word id="word_440">.</word>
   <word id="word_441">"</word>
   <word id="word_442">Eis</word>
   <word id="word_443">o</word>
   <word id="word_444">que</word>
   <word id="word_445">é</word>
   <word id="word_446">um</word>
   <word id="word_447">concerto</word>
   <word id="word_448">de_</word>
   <word id="word_449">o</word>
   <word id="word_450">Art</word>
   <word id="word_451">Ensemble</word>
   <word id="word_452">of</word>
   <word id="word_453">Chicago</word>
   <word id="word_454">.</word>
   <word id="word_455">Radicados</word>
   <word id="word_456">em_</word>
   <word id="word_457">a</word>
   <word id="word_458">Europa</word>
   <word id="word_459">desde</word>
   <word id="word_460">1969</word>
   <word id="word_461">,</word>
   <word id="word_462">o</word>
   <word id="word_463">Art</word>
   <word id="word_464">Ensemble</word>
   <word id="word_465">of</word>
   <word id="word_466">Chicago</word>
   <word id="word_467">é</word>
   <word id="word_468">uma</word>
   <word id="word_469">ramificação</word>
   <word id="word_470">de_</word>
   <word id="word_471">a</word>
   <word id="word_472">Association</word>
   <word id="word_473">for</word>
   <word id="word_474">the</word>
   <word id="word_475">Advancement</word>
   <word id="word_476">of</word>
   <word id="word_477">Creative</word>
   <word id="word_478">Musicians</word>
   <word id="word_479">(</word>
   <word id="word_480">Associação</word>
   <word id="word_481">para</word>
   <word id="word_482">o</word>
   <word id="word_483">Desenvolvimento</word>
   <word id="word_484">de_</word>
   <word id="word_485">os</word>
   <word id="word_486">Músicos</word>
   <word id="word_487">Criativos</word>
   <word id="word_488">)</word>
   <word id="word_489">,</word>
   <word id="word_490">fundada</word>
   <word id="word_491">em</word>
   <word id="word_492">1965</word>
   <word id="word_493">,</word>
   <word id="word_494">em</word>
   <word id="word_495">Chicago</word>
   <word id="word_496">,</word>
   <word id="word_497">por_</word>
   <word id="word_498">o</word>
   <word id="word_499">pianista</word>
   <word id="word_500">Muhal</word>
   <word id="word_501">Richad</word>
   <word id="word_502">Abrams</word>
   <word id="word_503">,</word>
   <word id="word_504">pianista</word>
   <word id="word_505">,</word>
   <word id="word_506">e</word>
   <word id="word_507">mais</word>
   <word id="word_508">três</word>
   <word id="word_509">colegas</word>
   <word id="word_510">.</word>
   <word id="word_511">Os</word>
   <word id="word_512">membros</word>
   <word id="word_513">de_</word>
   <word id="word_514">o</word>
   <word id="word_515">AACM</word>
   <word id="word_516">consubstanciavam</word>
   <word id="word_517">em</word>
   <word id="word_518">si</word>
   <word id="word_519">as</word>
   <word id="word_520">grandes</word>
   <word id="word_521">linhas</word>
   <word id="word_522">de_</word>
   <word id="word_523">o</word>
   <word id="word_524">movimento</word>
   <word id="word_525">negro</word>
   <word id="word_526">,</word>
   <word id="word_527">que</word>
   <word id="word_528">procurava</word>
   <word id="word_529">apreender</word>
   <word id="word_530">e</word>
   <word id="word_531">explorar</word>
   <word id="word_532">a</word>
   <word id="word_533">sua</word>
   <word id="word_534">história</word>
   <word id="word_535">em_</word>
   <word id="word_536">uma</word>
   <word id="word_537">dimensão</word>
   <word id="word_538">não</word>
   <word id="word_539">apenas</word>
   <word id="word_540">cultural</word>
   <word id="word_541">.</word>
   <word id="word_542">Tal</word>
   <word id="word_543">opção</word>
   <word id="word_544">tomou</word>
   <word id="word_545">,</word>
   <word id="word_546">especificamente</word>
   <word id="word_547">,</word>
   <word id="word_548">a</word>
   <word id="word_549">forma</word>
   <word id="word_550">de</word>
   <word id="word_551">um</word>
   <word id="word_552">retorno</word>
   <word id="word_553">a_</word>
   <word id="word_554">a</word>
   <word id="word_555">África</word>
   <word id="word_556">buscando</word>
   <word id="word_557">inspiração</word>
   <word id="word_558">em_</word>
   <word id="word_559">a</word>
   <word id="word_560">sua</word>
   <word id="word_561">música</word>
   <word id="word_562">,</word>
   <word id="word_563">em_</word>
   <word id="word_564">o</word>
   <word id="word_565">seu</word>
   <word id="word_566">vestuário</word>
   <word id="word_567">,</word>
   <word id="word_568">em_</word>
   <word id="word_569">a</word>
   <word id="word_570">sua</word>
   <word id="word_571">religião</word>
   <word id="word_572">e</word>
   <word id="word_573">maneiras</word>
   <word id="word_574">de</word>
   <word id="word_575">viver</word>
   <word id="word_576">.</word>
   <word id="word_577">Por</word>
   <word id="word_578">isso</word>
   <word id="word_579">,</word>
   <word id="word_580">como</word>
   <word id="word_581">adenda</word>
   <word id="word_582">a_</word>
   <word id="word_583">o</word>
   <word id="word_584">seu</word>
   <word id="word_585">nome</word>
   <word id="word_586">,</word>
   <word id="word_587">o</word>
   <word id="word_588">grupo</word>
   <word id="word_589">juntou</word>
   <word id="word_590">:</word>
   <word id="word_591">"</word>
   <word id="word_592">A</word>
   <word id="word_593">Grande</word>
   <word id="word_594">Música</word>
   <word id="word_595">Negra</word>
   <word id="word_596">,</word>
   <word id="word_597">de_</word>
   <word id="word_598">a</word>
   <word id="word_599">Antiga</word>
   <word id="word_600">a_</word>
   <word id="word_601">a</word>
   <word id="word_602">Futura</word>
   <word id="word_603">.</word>
   <word id="word_604">"</word>
</words>
