<?xml version="1.0" encoding="UTF-8"?>
<!DOCTYPE words SYSTEM "words.dtd">
<words>
   <word id="word_1">O</word>
   <word id="word_2">MINISTRO</word>
   <word id="word_3">de_</word>
   <word id="word_4">os</word>
   <word id="word_5">Negócios</word>
   <word id="word_6">Estrangeiros</word>
   <word id="word_7">brasileiro</word>
   <word id="word_8">,</word>
   <word id="word_9">Roberto</word>
   <word id="word_10">Abreu</word>
   <word id="word_11">,</word>
   <word id="word_12">disse</word>
   <word id="word_13">que</word>
   <word id="word_14">a</word>
   <word id="word_15">paz</word>
   <word id="word_16">mundial</word>
   <word id="word_17">será</word>
   <word id="word_18">o</word>
   <word id="word_19">tema</word>
   <word id="word_20">central</word>
   <word id="word_21">de_</word>
   <word id="word_22">as</word>
   <word id="word_23">conversações</word>
   <word id="word_24">a</word>
   <word id="word_25">realizar</word>
   <word id="word_26">em</word>
   <word id="word_27">Brasília</word>
   <word id="word_28">com</word>
   <word id="word_29">o</word>
   <word id="word_30">seu</word>
   <word id="word_31">homólogo</word>
   <word id="word_32">soviético</word>
   <word id="word_33">,</word>
   <word id="word_34">Eduard</word>
   <word id="word_35">Shevardnadze</word>
   <word id="word_36">.</word>
   <word id="word_37">Sodré</word>
   <word id="word_38">informou</word>
   <word id="word_39">em_</word>
   <word id="word_40">a</word>
   <word id="word_41">terça-feira</word>
   <word id="word_42">que</word>
   <word id="word_43">o</word>
   <word id="word_44">ministro</word>
   <word id="word_45">soviético</word>
   <word id="word_46">permanecerá</word>
   <word id="word_47">em_</word>
   <word id="word_48">os</word>
   <word id="word_49">dias</word>
   <word id="word_50">28</word>
   <word id="word_51">e</word>
   <word id="word_52">29</word>
   <word id="word_53">de</word>
   <word id="word_54">Setembro</word>
   <word id="word_55">em</word>
   <word id="word_56">Brasília</word>
   <word id="word_57">depois</word>
   <word id="word_58">de</word>
   <word id="word_59">ter</word>
   <word id="word_60">participado</word>
   <word id="word_61">em_</word>
   <word id="word_62">a</word>
   <word id="word_63">abertura</word>
   <word id="word_64">de_</word>
   <word id="word_65">as</word>
   <word id="word_66">sessões</word>
   <word id="word_67">de_</word>
   <word id="word_68">a</word>
   <word id="word_69">Assembleia-Geral</word>
   <word id="word_70">de_</word>
   <word id="word_71">as</word>
   <word id="word_72">Nações</word>
   <word id="word_73">Unidas</word>
   <word id="word_74">.</word>
   <word id="word_75">"</word>
   <word id="word_76">Shevardnadze</word>
   <word id="word_77">fez</word>
   <word id="word_78">um</word>
   <word id="word_79">apelo</word>
   <word id="word_80">a_</word>
   <word id="word_81">o</word>
   <word id="word_82">mundo</word>
   <word id="word_83">para</word>
   <word id="word_84">a</word>
   <word id="word_85">paz</word>
   <word id="word_86">e</word>
   <word id="word_87">desarmamento</word>
   <word id="word_88">nuclear</word>
   <word id="word_89">,</word>
   <word id="word_90">por</word>
   <word id="word_91">isso</word>
   <word id="word_92">é</word>
   <word id="word_93">fundamental</word>
   <word id="word_94">para</word>
   <word id="word_95">nós</word>
   <word id="word_96">reforçar</word>
   <word id="word_97">essa</word>
   <word id="word_98">tese</word>
   <word id="word_99">que</word>
   <word id="word_100">coincide</word>
   <word id="word_101">com</word>
   <word id="word_102">a</word>
   <word id="word_103">posição</word>
   <word id="word_104">tradicional</word>
   <word id="word_105">de_</word>
   <word id="word_106">o</word>
   <word id="word_107">Brasil</word>
   <word id="word_108">"</word>
   <word id="word_109">,</word>
   <word id="word_110">disse</word>
   <word id="word_111">Sodré</word>
   <word id="word_112">.</word>
   <word id="word_113">"</word>
   <word id="word_114">Considero</word>
   <word id="word_115">a</word>
   <word id="word_116">visita</word>
   <word id="word_117">de</word>
   <word id="word_118">Shevardnadze</word>
   <word id="word_119">de</word>
   <word id="word_120">grande</word>
   <word id="word_121">importância</word>
   <word id="word_122">"</word>
   <word id="word_123">,</word>
   <word id="word_124">sublinhou</word>
   <word id="word_125">o</word>
   <word id="word_126">ministro</word>
   <word id="word_127">brasileiro</word>
   <word id="word_128">.</word>
   <word id="word_129">O</word>
   <word id="word_130">titular</word>
   <word id="word_131">de_</word>
   <word id="word_132">a</word>
   <word id="word_133">diplomacia</word>
   <word id="word_134">soviética</word>
   <word id="word_135">terá</word>
   <word id="word_136">dois</word>
   <word id="word_137">encontros</word>
   <word id="word_138">de</word>
   <word id="word_139">trabalho</word>
   <word id="word_140">com</word>
   <word id="word_141">o</word>
   <word id="word_142">seu</word>
   <word id="word_143">homólogo</word>
   <word id="word_144">brasileiro</word>
   <word id="word_145">e</word>
   <word id="word_146">será</word>
   <word id="word_147">recebido</word>
   <word id="word_148">em</word>
   <word id="word_149">audiência</word>
   <word id="word_150">especial</word>
   <word id="word_151">por_</word>
   <word id="word_152">o</word>
   <word id="word_153">Presidente</word>
   <word id="word_154">José</word>
   <word id="word_155">Sarney</word>
   <word id="word_156">,</word>
   <word id="word_157">informou</word>
   <word id="word_158">o</word>
   <word id="word_159">Itamataty</word>
   <word id="word_160">.</word>
   <word id="word_161">Esta</word>
   <word id="word_162">é</word>
   <word id="word_163">a</word>
   <word id="word_164">primeira</word>
   <word id="word_165">visita</word>
   <word id="word_166">de</word>
   <word id="word_167">um</word>
   <word id="word_168">ministro</word>
   <word id="word_169">de_</word>
   <word id="word_170">os</word>
   <word id="word_171">Negócios</word>
   <word id="word_172">Estrangeiros</word>
   <word id="word_173">soviético</word>
   <word id="word_174">a_</word>
   <word id="word_175">o</word>
   <word id="word_176">Brasil</word>
   <word id="word_177">.</word>
</words>
