﻿<?xml version='1.0' encoding='UTF-8'?>
<!DOCTYPE words SYSTEM "words.dtd"><words>
<word id="word_1">김</word>
<word id="word_2">특무장</word>
<word id="word_3">,</word>
<word id="word_4">아까</word>
<word id="word_5">김</word>
<word id="word_6">특무장</word>
<word id="word_7" affix="true" >이</word>
<word id="word_8">지난</word>
<word id="word_9">2</word>
<word id="word_10">주</word>
<word id="word_11">동안</word>
<word id="word_12">공병</word>
<word id="word_13" affix="true" >들</word>
<word id="word_14" affix="true" >이</word>
<word id="word_15">대대</word>
<word id="word_16">지역</word>
<word id="word_17" affix="true" >에서</word>
<word id="word_18">열심히</word>
<word id="word_19">작업</word>
<word id="word_20" affix="true" >을</word>
<word id="word_21">하</word>
<word id="word_22" affix="true" >어</word>
<word id="word_23">오</word>
<word id="word_24" affix="true" >았</word>
<word id="word_25" affix="true" >다고</word>
<word id="word_26">그러</word>
<word id="word_27" affix="true" >었</word>
<word id="word_28" affix="true" >다</word>
<word id="word_29">.</word>
<word id="word_30">그</word>
<word id="word_31">공병</word>
<word id="word_32" affix="true" >들</word>
<word id="word_33" affix="true" >이</word>
<word id="word_34">지뢰</word>
<word id="word_35">매설</word>
<word id="word_36">작업</word>
<word id="word_37">외</word>
<word id="word_38" affix="true" >에</word>
<word id="word_39">또</word>
<word id="word_40">무슨</word>
<word id="word_41">작업</word>
<word id="word_42" affix="true" >을</word>
<word id="word_43">하</word>
<word id="word_44" affix="true" >었</word>
<word id="word_45" affix="true" >는가</word>
<word id="word_46">?</word>
<word id="word_47">*pro*</word>
<word id="word_48">철조망</word>
<word id="word_49" affix="true" >을</word>
<word id="word_50">거의</word>
<word id="word_51">배</word>
<word id="word_52" affix="true" >로</word>
<word id="word_53">강화</word>
<word id="word_54" affix="true" >하</word>
<word id="word_55" affix="true" >었</word>
<word id="word_56" affix="true" >습니다</word>
<word id="word_57">.</word>
<word id="word_58">저희</word>
<word id="word_59" affix="true" >가</word>
<word id="word_60">정찰</word>
<word id="word_61">나오</word>
<word id="word_62" affix="true" >기</word>
<word id="word_63">바로</word>
<word id="word_64">전날</word>
<word id="word_65">공병</word>
<word id="word_66" affix="true" >들</word>
<word id="word_67" affix="true" >이</word>
<word id="word_68">이동</word>
<word id="word_69">철조망</word>
<word id="word_70" affix="true" >을</word>
<word id="word_71">저희</word>
<word id="word_72">중대</word>
<word id="word_73">앞</word>
<word id="word_74">도로</word>
<word id="word_75" affix="true" >의</word>
<word id="word_76">갈림길</word>
<word id="word_77">근방</word>
<word id="word_78" affix="true" >에</word>
<word id="word_79">잔뜩</word>
<word id="word_80">싣</word>
<word id="word_81" affix="true" >어다</word>
<word id="word_82">놓</word>
<word id="word_83" affix="true" >았</word>
<word id="word_84" affix="true" >지요</word>
<word id="word_85">.</word>
<word id="word_86">그</word>
<word id="word_87">이동</word>
<word id="word_88">철조망</word>
<word id="word_89" affix="true" >은</word>
<word id="word_90">어떤</word>
<word id="word_91">것</word>
<word id="word_92" affix="true" >이</word>
<word id="word_93" affix="true" >ㄴ가</word>
<word id="word_94">?</word>
<word id="word_95">*pro*</word>
<word id="word_96">거마</word>
<word id="word_97">철조망</word>
<word id="word_98" affix="true" >이</word>
<word id="word_99" affix="true" >ㅂ니다</word>
<word id="word_100">.</word>
<word id="word_101">이</word>
<word id="word_102">철조망</word>
<word id="word_103" affix="true" >은</word>
<word id="word_104">*op*</word>
<word id="word_105">*T*-2</word>
<word id="word_106">*pro*</word>
<word id="word_107">*op*</word>
<word id="word_108">*T*-1</word>
<word id="word_109">중대</word>
<word id="word_110">지역</word>
<word id="word_111" affix="true" >으로</word>
<word id="word_112">통하</word>
<word id="word_113" affix="true" >는</word>
<word id="word_114">도로</word>
<word id="word_115" affix="true" >를</word>
<word id="word_116">차단</word>
<word id="word_117" affix="true" >하</word>
<word id="word_118" affix="true" >기</word>
<word id="word_119">위하</word>
<word id="word_120" affix="true" >ㄴ</word>
<word id="word_121">것</word>
<word id="word_122" affix="true" >이</word>
<word id="word_123" affix="true" >죠</word>
<word id="word_124">.</word>
<word id="word_125">그</word>
<word id="word_126">공병</word>
<word id="word_127" affix="true" >들</word>
<word id="word_128" affix="true" >이</word>
<word id="word_129">그</word>
<word id="word_130">외</word>
<word id="word_131" affix="true" >에</word>
<word id="word_132">또</word>
<word id="word_133">무슨</word>
<word id="word_134">철조망</word>
<word id="word_135" affix="true" >을</word>
<word id="word_136">2</word>
<word id="word_137">대대</word>
<word id="word_138">지역</word>
<word id="word_139">내</word>
<word id="word_140" affix="true" >에</word>
<word id="word_141">설치</word>
<word id="word_142" affix="true" >하</word>
<word id="word_143" affix="true" >었</word>
<word id="word_144" affix="true" >는가</word>
<word id="word_145">?</word>
<word id="word_146">*pro*</word>
<word id="word_147">사복</word>
<word id="word_148">철조망</word>
<word id="word_149" affix="true" >과</word>
<word id="word_150">저항</word>
<word id="word_151">철조망</word>
<word id="word_152" affix="true" >을</word>
<word id="word_153">설치</word>
<word id="word_154" affix="true" >하</word>
<word id="word_155" affix="true" >었</word>
<word id="word_156" affix="true" >지요</word>
<word id="word_157">.</word>
<word id="word_158">이</word>
<word id="word_159">철조망</word>
<word id="word_160" affix="true" >들</word>
<word id="word_161" affix="true" >은</word>
<word id="word_162">*pro*</word>
<word id="word_163">대부분</word>
<word id="word_164">대대</word>
<word id="word_165">주방어</word>
<word id="word_166">지대</word>
<word id="word_167">전방</word>
<word id="word_168" affix="true" >과</word>
<word id="word_169">중대</word>
<word id="word_170">지탱점</word>
<word id="word_171" affix="true" >들</word>
<word id="word_172">사이</word>
<word id="word_173" affix="true" >에</word>
<word id="word_174">*T*-1</word>
<word id="word_175">설치</word>
<word id="word_176" affix="true" >하</word>
<word id="word_177" affix="true" >었</word>
<word id="word_178" affix="true" >습니다</word>
<word id="word_179">.</word>
<word id="word_180">*pro*</word>
<word id="word_181">사복</word>
<word id="word_182">철조망</word>
<word id="word_183">하나</word>
<word id="word_184" affix="true" >를</word>
<word id="word_185">설치</word>
<word id="word_186" affix="true" >하</word>
<word id="word_187" affix="true" >는</word>
<word id="word_188">데</word>
<word id="word_189" affix="true" >는</word>
<word id="word_190">전사</word>
<word id="word_191">몇</word>
<word id="word_192">명</word>
<word id="word_193" affix="true" >이</word>
<word id="word_194">*T*-1</word>
<word id="word_195">필요</word>
<word id="word_196" affix="true" >하</word>
<word id="word_197" affix="true" >ㄴ가</word>
<word id="word_198">?</word>
<word id="word_199">전사</word>
<word id="word_200">2</word>
<word id="word_201">명</word>
<word id="word_202" affix="true" >이</word>
<word id="word_203">*pro*</word>
<word id="word_204">3</word>
<word id="word_205">분</word>
<word id="word_206">내지</word>
<word id="word_207">5</word>
<word id="word_208">분</word>
<word id="word_209" affix="true" >이</word>
<word id="word_210" affix="true" >면</word>
<word id="word_211">*pro*</word>
<word id="word_212">하</word>
<word id="word_213" affix="true" >ㄹ</word>
<word id="word_214">수</word>
<word id="word_215">있</word>
<word id="word_216" affix="true" >습니다</word>
<word id="word_217">.</word>
<word id="word_218">인민군</word>
<word id="word_219" affix="true" >에서</word>
<word id="word_220" affix="true" >는</word>
<word id="word_221">*pro*</word>
<word id="word_222">그</word>
<word id="word_223">외</word>
<word id="word_224" affix="true" >에</word>
<word id="word_225">또</word>
<word id="word_226">무슨</word>
<word id="word_227">철조망</word>
<word id="word_228" affix="true" >을</word>
<word id="word_229">사용</word>
<word id="word_230" affix="true" >하</word>
<word id="word_231" affix="true" >는가</word>
<word id="word_232">?</word>
<word id="word_233">에</word>
<word id="word_234">,</word>
<word id="word_235">증강</word>
<word id="word_236">철조망</word>
<word id="word_237">,</word>
<word id="word_238">일렬</word>
<word id="word_239">철조망</word>
<word id="word_240">,</word>
<word id="word_241">삼선</word>
<word id="word_242">철조망</word>
<word id="word_243">,</word>
<word id="word_244">오선</word>
<word id="word_245">철조망</word>
<word id="word_246">,</word>
<word id="word_247">난견</word>
<word id="word_248">철조망</word>
<word id="word_249">--</word>
<word id="word_250">*pro*</word>
<word id="word_251">그런</word>
<word id="word_252">것</word>
<word id="word_253" affix="true" >들</word>
<word id="word_254" affix="true" >이</word>
<word id="word_255" affix="true" >ㅂ니다</word>
<word id="word_256">.</word>
<word id="word_257">그</word>
<word id="word_258">외</word>
<word id="word_259" affix="true" >에</word>
<word id="word_260">그</word>
<word id="word_261">공병</word>
<word id="word_262" affix="true" >들</word>
<word id="word_263" affix="true" >이</word>
<word id="word_264">2</word>
<word id="word_265">대대</word>
<word id="word_266">지역</word>
<word id="word_267" affix="true" >에서</word>
<word id="word_268">또</word>
<word id="word_269">무슨</word>
<word id="word_270">작업</word>
<word id="word_271" affix="true" >을</word>
<word id="word_272">하</word>
<word id="word_273" affix="true" >었</word>
<word id="word_274" affix="true" >는가</word>
<word id="word_275">?</word>
<word id="word_276">*pro*</word>
<word id="word_277">*op*</word>
<word id="word_278">*T*-1</word>
<word id="word_279">전방</word>
<word id="word_280">방어</word>
<word id="word_281">지역</word>
<word id="word_282" affix="true" >에</word>
<word id="word_283">있</word>
<word id="word_284" affix="true" >는</word>
<word id="word_285">철조망</word>
<word id="word_286" affix="true" >에</word>
<word id="word_287">제발</word>
<word id="word_288">장치</word>
<word id="word_289" affix="true" >와</word>
<word id="word_290">지뢰</word>
<word id="word_291" affix="true" >를</word>
<word id="word_292">설치</word>
<word id="word_293" affix="true" >하</word>
<word id="word_294" affix="true" >었</word>
<word id="word_295" affix="true" >지요</word>
<word id="word_296">.</word>
<word id="word_297">음</word>
<word id="word_298">,</word>
<word id="word_299">과연</word>
<word id="word_300">그</word>
<word id="word_301">공병</word>
<word id="word_302" affix="true" >들</word>
<word id="word_303" affix="true" >이</word>
<word id="word_304">일</word>
<word id="word_305" affix="true" >을</word>
<word id="word_306">많이</word>
<word id="word_307">하</word>
<word id="word_308" affix="true" >었</word>
<word id="word_309" affix="true" >군</word>
<word id="word_310">.</word>
<word id="word_311">그런데</word>
<word id="word_312">*pro*</word>
<word id="word_313">무슨</word>
<word id="word_314">지뢰</word>
<word id="word_315" affix="true" >를</word>
<word id="word_316">그</word>
<word id="word_317">철조망</word>
<word id="word_318" affix="true" >에</word>
<word id="word_319">설치</word>
<word id="word_320" affix="true" >하</word>
<word id="word_321" affix="true" >었</word>
<word id="word_322" affix="true" >는가</word>
<word id="word_323">?</word>
<word id="word_324">아마</word>
<word id="word_325">*pro*</word>
<word id="word_326">POMZ</word>
<word id="word_327">-LRB-</word>
<word id="word_328">페오엠제</word>
<word id="word_329">-RRB-</word>
<word id="word_330">하고</word>
<word id="word_331">OZM-3</word>
<word id="word_332">-LRB-</word>
<word id="word_333">오제엠-3</word>
<word id="word_334">-RRB-</word>
<word id="word_335">파편</word>
<word id="word_336">지뢰</word>
<word id="word_337" affix="true" >이</word>
<word id="word_338" affix="true" >ㄹ</word>
<word id="word_339">것</word>
<word id="word_340" affix="true" >이</word>
<word id="word_341" affix="true" >ㅂ니다</word>
<word id="word_342">.</word>
<word id="word_343">"</word>
<word id="word_344">아마</word>
<word id="word_345">"</word>
<word id="word_346">라니</word>
<word id="word_347">?</word>
<word id="word_348">*pro*</word>
<word id="word_349">*pro*</word>
<word id="word_350">확실</word>
<word id="word_351" affix="true" >하</word>
<word id="word_352" affix="true" >지</word>
<word id="word_353">않</word>
<word id="word_354" affix="true" >단</word>
<word id="word_355">말</word>
<word id="word_356" affix="true" >이</word>
<word id="word_357" affix="true" >ㄴ가</word>
<word id="word_358">?</word>
<word id="word_359">네</word>
<word id="word_360">,</word>
<word id="word_361">*pro*</word>
<word id="word_362">확실</word>
<word id="word_363" affix="true" >하</word>
<word id="word_364" affix="true" >지</word>
<word id="word_365">않</word>
<word id="word_366" affix="true" >습니다</word>
<word id="word_367">.</word>
<word id="word_368">그렇지만</word>
<word id="word_369">이</word>
<word id="word_370">두</word>
<word id="word_371">가지</word>
<word id="word_372">지뢰</word>
<word id="word_373" affix="true" >는</word>
<word id="word_374">다</word>
<word id="word_375">*op*</word>
<word id="word_376">*T*-1</word>
<word id="word_377">*pro*</word>
<word id="word_378">인발선</word>
<word id="word_379" affix="true" >에</word>
<word id="word_380">의하</word>
<word id="word_381" affix="true" >어서</word>
<word id="word_382">폭발</word>
<word id="word_383" affix="true" >하</word>
<word id="word_384" affix="true" >는</word>
<word id="word_385">지뢰</word>
<word id="word_386" affix="true" >이</word>
<word id="word_387" affix="true" >니까</word>
<word id="word_388">그것</word>
<word id="word_389" affix="true" >이</word>
<word id="word_390">아마</word>
<word id="word_391">맞</word>
<word id="word_392" affix="true" >을</word>
<word id="word_393">것</word>
<word id="word_394" affix="true" >이</word>
<word id="word_395" affix="true" >ㅂ니다</word>
<word id="word_396">.</word>
<word id="word_397">*pro*</word>
<word id="word_398">인발선</word>
<word id="word_399" affix="true" >은</word>
<word id="word_400">철조망</word>
<word id="word_401" affix="true" >에</word>
<word id="word_402">위장</word>
<word id="word_403" affix="true" >하</word>
<word id="word_404" affix="true" >어</word>
<word id="word_405">놓</word>
<word id="word_406" affix="true" >기</word>
<word id="word_407" affix="true" >가</word>
<word id="word_408">아주</word>
<word id="word_409">쉽</word>
<word id="word_410" affix="true" >죠</word>
<word id="word_411">.</word>
<word id="word_412">*pro*</word>
<word id="word_413">알</word>
<word id="word_414" affix="true" >겠</word>
<word id="word_415" affix="true" >다</word>
<word id="word_416">.</word>
<word id="word_417">그런데</word>
<word id="word_418">그</word>
<word id="word_419">공병</word>
<word id="word_420" affix="true" >들</word>
<word id="word_421" affix="true" >이</word>
<word id="word_422">무슨</word>
<word id="word_423">제발</word>
<word id="word_424">장치</word>
<word id="word_425" affix="true" >를</word>
<word id="word_426">그</word>
<word id="word_427">철조망</word>
<word id="word_428" affix="true" >에</word>
<word id="word_429">설치</word>
<word id="word_430" affix="true" >하</word>
<word id="word_431" affix="true" >었</word>
<word id="word_432" affix="true" >는가</word>
<word id="word_433">?</word>
<word id="word_434">*pro*</word>
<word id="word_435">그것</word>
<word id="word_436" affix="true" >도</word>
<word id="word_437">확실히</word>
<word id="word_438" affix="true" >는</word>
<word id="word_439">모르</word>
<word id="word_440" affix="true" >겠</word>
<word id="word_441" affix="true" >습니다만</word>
<word id="word_442">*pro*</word>
<word id="word_443">보통</word>
<word id="word_444">방울</word>
<word id="word_445" affix="true" >이나</word>
<word id="word_446">조명</word>
<word id="word_447">신호</word>
<word id="word_448">장치</word>
<word id="word_449" affix="true" >를</word>
<word id="word_450">제일</word>
<word id="word_451">많이</word>
<word id="word_452">사용</word>
<word id="word_453" affix="true" >하</word>
<word id="word_454" affix="true" >ㅂ니다</word>
<word id="word_455">.</word>
<word id="word_456">그런데</word>
<word id="word_457">연대</word>
<word id="word_458">공병</word>
<word id="word_459">중대</word>
<word id="word_460" affix="true" >가</word>
<word id="word_461">그</word>
<word id="word_462">외</word>
<word id="word_463" affix="true" >에</word>
<word id="word_464">또</word>
<word id="word_465">무엇</word>
<word id="word_466" affix="true" >을</word>
<word id="word_467">보병</word>
<word id="word_468">대대</word>
<word id="word_469" affix="true" >에</word>
<word id="word_470">지원</word>
<word id="word_471" affix="true" >하</word>
<word id="word_472" affix="true" >ㄹ</word>
<word id="word_473">수</word>
<word id="word_474">있</word>
<word id="word_475" affix="true" >는가</word>
<word id="word_476">?</word>
<word id="word_477">*pro*</word>
<word id="word_478">*pro*</word>
<word id="word_479">도로</word>
<word id="word_480" affix="true" >와</word>
<word id="word_481">교량</word>
<word id="word_482" affix="true" >을</word>
<word id="word_483">건설</word>
<word id="word_484" affix="true" >하</word>
<word id="word_485" affix="true" >고</word>
<word id="word_486">보수</word>
<word id="word_487" affix="true" >하</word>
<word id="word_488" affix="true" >고</word>
<word id="word_489">유지</word>
<word id="word_490" affix="true" >하</word>
<word id="word_491" affix="true" >는</word>
<word id="word_492">일</word>
<word id="word_493" affix="true" >도</word>
<word id="word_494">하</word>
<word id="word_495" affix="true" >고요</word>
<word id="word_496">.</word>
<word id="word_497">*pro*</word>
<word id="word_498">토목</word>
<word id="word_499">화점</word>
<word id="word_500" affix="true" >이나</word>
<word id="word_501">기타</word>
<word id="word_502">다른</word>
<word id="word_503">요새</word>
<word id="word_504">진지</word>
<word id="word_505">구축</word>
<word id="word_506" affix="true" >을</word>
<word id="word_507">지원</word>
<word id="word_508" affix="true" >하</word>
<word id="word_509" affix="true" >기도</word>
<word id="word_510">하</word>
<word id="word_511" affix="true" >고요</word>
<word id="word_512">.</word>
<word id="word_513">그리고</word>
<word id="word_514">*pro*</word>
<word id="word_515">도하장</word>
<word id="word_516" affix="true" >을</word>
<word id="word_517">설치</word>
<word id="word_518">운영</word>
<word id="word_519" affix="true" >하</word>
<word id="word_520" affix="true" >기도</word>
<word id="word_521">하</word>
<word id="word_522" affix="true" >고</word>
<word id="word_523">,</word>
<word id="word_524">또</word>
<word id="word_525">*pro*</word>
<word id="word_526">적</word>
<word id="word_527" affix="true" >의</word>
<word id="word_528">차단물</word>
<word id="word_529" affix="true" >을</word>
<word id="word_530">파괴</word>
<word id="word_531" affix="true" >하</word>
<word id="word_532" affix="true" >기도</word>
<word id="word_533">하</word>
<word id="word_534" affix="true" >지요</word>
<word id="word_535">.</word>
<word id="word_536">물론</word>
<word id="word_537">*pro*</word>
<word id="word_538">*pro*</word>
<word id="word_539">지뢰</word>
<word id="word_540" affix="true" >를</word>
<word id="word_541">매설</word>
<word id="word_542" affix="true" >하</word>
<word id="word_543" affix="true" >거나</word>
<word id="word_544">제거</word>
<word id="word_545" affix="true" >하</word>
<word id="word_546" affix="true" >는</word>
<word id="word_547">일</word>
<word id="word_548" affix="true" >도</word>
<word id="word_549">하</word>
<word id="word_550" affix="true" >ㅂ니다</word>
<word id="word_551">.</word>
<word id="word_552">응</word>
<word id="word_553">,</word>
<word id="word_554">*pro*</word>
<word id="word_555">알</word>
<word id="word_556" affix="true" >겠</word>
<word id="word_557" affix="true" >다</word>
<word id="word_558">.</word>
<word id="word_559">그런데</word>
<word id="word_560">아까</word>
<word id="word_561">김</word>
<word id="word_562">특무장</word>
<word id="word_563" affix="true" >이</word>
<word id="word_564">5</word>
<word id="word_565">중대</word>
<word id="word_566">예하</word>
<word id="word_567">소대</word>
<word id="word_568" affix="true" >는</word>
<word id="word_569">다</word>
<word id="word_570">참호</word>
<word id="word_571" affix="true" >에</word>
<word id="word_572">배치</word>
<word id="word_573" affix="true" >되</word>
<word id="word_574" affix="true" >어</word>
<word id="word_575">있</word>
<word id="word_576" affix="true" >다고</word>
<word id="word_577">하</word>
<word id="word_578" affix="true" >었</word>
<word id="word_579" affix="true" >다</word>
<word id="word_580">.</word>
<word id="word_581">*pro*</word>
<word id="word_582">그</word>
<word id="word_583">참호</word>
<word id="word_584" affix="true" >들</word>
<word id="word_585" affix="true" >은</word>
<word id="word_586">어떻게</word>
<word id="word_587">편성</word>
<word id="word_588" affix="true" >되</word>
<word id="word_589" affix="true" >어</word>
<word id="word_590">있</word>
<word id="word_591" affix="true" >는지</word>
<word id="word_592">한번</word>
<word id="word_593">말하</word>
<word id="word_594" affix="true" >어</word>
<word id="word_595">보</word>
<word id="word_596" affix="true" >아</word>
<word id="word_597">.</word>
<word id="word_598">에</word>
<word id="word_599">,</word>
<word id="word_600">그</word>
<word id="word_601">참호</word>
<word id="word_602" affix="true" >들</word>
<word id="word_603" affix="true" >은</word>
<word id="word_604">*pro*</word>
<word id="word_605">교통호</word>
<word id="word_606" affix="true" >에</word>
<word id="word_607">의하</word>
<word id="word_608" affix="true" >어서</word>
<word id="word_609">연결</word>
<word id="word_610" affix="true" >되</word>
<word id="word_611" affix="true" >어</word>
<word id="word_612">있</word>
<word id="word_613" affix="true" >죠</word>
<word id="word_614">.</word>
<word id="word_615">그리고</word>
<word id="word_616">참호</word>
<word id="word_617">안</word>
<word id="word_618" affix="true" >에</word>
<word id="word_619" affix="true" >는</word>
<word id="word_620">전호</word>
<word id="word_621" affix="true" >들</word>
<word id="word_622" affix="true" >이</word>
<word id="word_623">*T*-1</word>
<word id="word_624">있</word>
<word id="word_625" affix="true" >는데</word>
<word id="word_626">이</word>
<word id="word_627">전호</word>
<word id="word_628" affix="true" >들</word>
<word id="word_629" affix="true" >은</word>
<word id="word_630">다</word>
<word id="word_631">*pro*</word>
<word id="word_632">연결호</word>
<word id="word_633" affix="true" >에</word>
<word id="word_634">의하</word>
<word id="word_635" affix="true" >어서</word>
<word id="word_636">연결</word>
<word id="word_637" affix="true" >되</word>
<word id="word_638" affix="true" >어</word>
<word id="word_639">있</word>
<word id="word_640" affix="true" >습니다</word>
<word id="word_641">.</word>
<word id="word_642">이</word>
<word id="word_643">연결호</word>
<word id="word_644" affix="true" >들</word>
<word id="word_645" affix="true" >은</word>
<word id="word_646">곡절</word>
<word id="word_647">형</word>
<word id="word_648" affix="true" >으로</word>
<word id="word_649">구축</word>
<word id="word_650" affix="true" >되</word>
<word id="word_651" affix="true" >었</word>
<word id="word_652" affix="true" >지요</word>
<word id="word_653">.</word>
<word id="word_654">*op*</word>
<word id="word_655">저희</word>
<word id="word_656">중대</word>
<word id="word_657" affix="true" >가</word>
<word id="word_658">*T*-1</word>
<word id="word_659">차지</word>
<word id="word_660" affix="true" >하</word>
<word id="word_661" affix="true" >고</word>
<word id="word_662">있</word>
<word id="word_663" affix="true" >는</word>
<word id="word_664">참호</word>
<word id="word_665" affix="true" >는</word>
<word id="word_666">사실</word>
<word id="word_667" affix="true" >상</word>
<word id="word_668">대대</word>
<word id="word_669">참호선</word>
<word id="word_670" affix="true" >의</word>
<word id="word_671">일부</word>
<word id="word_672" affix="true" >이</word>
<word id="word_673" affix="true" >ㅂ니다</word>
<word id="word_674">.</word>
<word id="word_675">누구</word>
<word id="word_676" affix="true" >가</word>
<word id="word_677">그</word>
<word id="word_678">갈림길</word>
<word id="word_679">옆</word>
<word id="word_680" affix="true" >에</word>
<word id="word_681">가시</word>
<word id="word_682">철조망</word>
<word id="word_683" affix="true" >을</word>
<word id="word_684">설치</word>
<word id="word_685" affix="true" >하</word>
<word id="word_686" affix="true" >었</word>
<word id="word_687" affix="true" >는가</word>
<word id="word_688">?</word>
<word id="word_689">우리</word>
<word id="word_690" affix="true" >는</word>
<word id="word_691">서로</word>
<word id="word_692">그</word>
<word id="word_693">갈림길</word>
<word id="word_694" affix="true" >에서</word>
<word id="word_695">헤어지</word>
<word id="word_696" affix="true" >었</word>
<word id="word_697" affix="true" >습니다</word>
<word id="word_698">.</word>
<word id="word_699">우리</word>
<word id="word_700" affix="true" >가</word>
<word id="word_701">거마</word>
<word id="word_702">철조망</word>
<word id="word_703" affix="true" >을</word>
<word id="word_704">다섯</word>
<word id="word_705">개</word>
<word id="word_706">만들</word>
<word id="word_707" affix="true" >었</word>
<word id="word_708" affix="true" >습니다</word>
<word id="word_709">.</word>
<word id="word_710">거마</word>
<word id="word_711">철조망</word>
<word id="word_712" affix="true" >은</word>
<word id="word_713">*pro*</word>
<word id="word_714">주로</word>
<word id="word_715">어디</word>
<word id="word_716" affix="true" >에</word>
<word id="word_717">*T*-1</word>
<word id="word_718">사용</word>
<word id="word_719" affix="true" >하</word>
<word id="word_720" affix="true" >는가</word>
<word id="word_721">?</word>
<word id="word_722">연대</word>
<word id="word_723">공병</word>
<word id="word_724">중대</word>
<word id="word_725" affix="true" >가</word>
<word id="word_726">그</word>
<word id="word_727">도로</word>
<word id="word_728" affix="true" >를</word>
<word id="word_729">건설</word>
<word id="word_730" affix="true" >하</word>
<word id="word_731" affix="true" >었</word>
<word id="word_732" affix="true" >습니다</word>
<word id="word_733">.</word>
<word id="word_734">그</word>
<word id="word_735">공병</word>
<word id="word_736" affix="true" >들</word>
<word id="word_737" affix="true" >이</word>
<word id="word_738">*op*</word>
<word id="word_739">*pro*</word>
<word id="word_740">*op*</word>
<word id="word_741">*pro*</word>
<word id="word_742">*T*-1</word>
<word id="word_743">건설</word>
<word id="word_744" affix="true" >하</word>
<word id="word_745" affix="true" >ㄴ</word>
<word id="word_746">도로</word>
<word id="word_747" affix="true" >를</word>
<word id="word_748">유지</word>
<word id="word_749" affix="true" >하</word>
<word id="word_750" affix="true" >는</word>
<word id="word_751">일</word>
<word id="word_752" affix="true" >도</word>
<word id="word_753">하</word>
<word id="word_754" affix="true" >ㅂ니다</word>
<word id="word_755">.</word>
<word id="word_756">교통호</word>
<word id="word_757" affix="true" >는</word>
<word id="word_758">보통</word>
<word id="word_759">*pro*</word>
<word id="word_760">곡절</word>
<word id="word_761">형</word>
<word id="word_762" affix="true" >으로</word>
<word id="word_763">*T*-1</word>
<word id="word_764">구축</word>
<word id="word_765" affix="true" >하</word>
<word id="word_766" affix="true" >ㅂ니다</word>
<word id="word_767">.</word>
<word id="word_768">*pro*</word>
<word id="word_769">참호</word>
<word id="word_770" affix="true" >를</word>
<word id="word_771">파</word>
<word id="word_772" affix="true" >는</word>
<word id="word_773">데</word>
<word id="word_774">곡절</word>
<word id="word_775">형</word>
<word id="word_776">외</word>
<word id="word_777" affix="true" >에</word>
<word id="word_778">또</word>
<word id="word_779">어떤</word>
<word id="word_780">형</word>
<word id="word_781" affix="true" >이</word>
<word id="word_782">*T*-1</word>
<word id="word_783">있</word>
<word id="word_784" affix="true" >는가</word>
<word id="word_785">?</word>
<word id="word_786">교량</word>
<word id="word_787" affix="true" >은</word>
<word id="word_788">사단</word>
<word id="word_789">공병</word>
<word id="word_790" affix="true" >들</word>
<word id="word_791" affix="true" >이</word>
<word id="word_792">언제나</word>
<word id="word_793">*T*-1</word>
<word id="word_794">건설</word>
<word id="word_795" affix="true" >하</word>
<word id="word_796" affix="true" >ㅂ니다</word>
<word id="word_797">.</word>
<word id="word_798">인민군</word>
<word id="word_799" affix="true" >에서</word>
<word id="word_800" affix="true" >는</word>
<word id="word_801">*pro*</word>
<word id="word_802">*op*</word>
<word id="word_803">*pro*</word>
<word id="word_804">후퇴</word>
<word id="word_805" affix="true" >하</word>
<word id="word_806" affix="true" >ㄹ</word>
<word id="word_807">때</word>
<word id="word_808">교량</word>
<word id="word_809" affix="true" >을</word>
<word id="word_810">파괴</word>
<word id="word_811" affix="true" >하</word>
<word id="word_812" affix="true" >ㅂ니다</word>
<word id="word_813">.</word>
<word id="word_814">*pro*</word>
<word id="word_815">*op*</word>
<word id="word_816">*T*-1</word>
<word id="word_817">난견</word>
<word id="word_818">철조망</word>
<word id="word_819" affix="true" >에</word>
<word id="word_820">대하</word>
<word id="word_821" affix="true" >ㄴ</word>
<word id="word_822">모양</word>
<word id="word_823" affix="true" >을</word>
<word id="word_824">그리</word>
<word id="word_825" affix="true" >어</word>
<word id="word_826">보</word>
<word id="word_827" affix="true" >게</word>
<word id="word_828">.</word>
<word id="word_829">난견</word>
<word id="word_830">철조망</word>
<word id="word_831" affix="true" >은</word>
<word id="word_832">주로</word>
<word id="word_833">어디</word>
<word id="word_834" affix="true" >에</word>
<word id="word_835">사용</word>
<word id="word_836" affix="true" >되</word>
<word id="word_837" affix="true" >는가</word>
<word id="word_838">?</word>
<word id="word_839">그</word>
<word id="word_840">도하장</word>
<word id="word_841" affix="true" >에서</word>
<word id="word_842" affix="true" >는</word>
<word id="word_843">어떤</word>
<word id="word_844">장비</word>
<word id="word_845" affix="true" >가</word>
<word id="word_846">운용</word>
<word id="word_847" affix="true" >되</word>
<word id="word_848" affix="true" >었</word>
<word id="word_849" affix="true" >는가</word>
<word id="word_850">?</word>
<word id="word_851">연대</word>
<word id="word_852" affix="true" >에서</word>
<word id="word_853" affix="true" >는</word>
<word id="word_854">어느</word>
<word id="word_855">부대</word>
<word id="word_856" affix="true" >가</word>
<word id="word_857">도하장</word>
<word id="word_858" affix="true" >을</word>
<word id="word_859">설치</word>
<word id="word_860" affix="true" >하</word>
<word id="word_861" affix="true" >는가</word>
<word id="word_862">?</word>
<word id="word_863">그</word>
<word id="word_864">감시소</word>
<word id="word_865">전화선</word>
<word id="word_866" affix="true" >을</word>
<word id="word_867">누구</word>
<word id="word_868" affix="true" >가</word>
<word id="word_869">*T*-1</word>
<word id="word_870">연결</word>
<word id="word_871" affix="true" >하</word>
<word id="word_872" affix="true" >었</word>
<word id="word_873" affix="true" >는가</word>
<word id="word_874">?</word>
<word id="word_875">그</word>
<word id="word_876">토목</word>
<word id="word_877">화점</word>
<word id="word_878" affix="true" >들</word>
<word id="word_879" affix="true" >은</word>
<word id="word_880">연결호</word>
<word id="word_881" affix="true" >로</word>
<word id="word_882">연결</word>
<word id="word_883" affix="true" >되</word>
<word id="word_884" affix="true" >어</word>
<word id="word_885">있</word>
<word id="word_886" affix="true" >습니다</word>
<word id="word_887">.</word>
<word id="word_888">*pro*</word>
<word id="word_889">도로</word>
<word id="word_890" affix="true" >를</word>
<word id="word_891">보수</word>
<word id="word_892" affix="true" >하</word>
<word id="word_893" affix="true" >는</word>
<word id="word_894">데</word>
<word id="word_895">*pro*</word>
<word id="word_896">*T*-1</word>
<word id="word_897">어떤</word>
<word id="word_898">장비</word>
<word id="word_899" affix="true" >를</word>
<word id="word_900">사용</word>
<word id="word_901" affix="true" >하</word>
<word id="word_902" affix="true" >는가</word>
<word id="word_903">?</word>
<word id="word_904">그</word>
<word id="word_905">건물</word>
<word id="word_906" affix="true" >은</word>
<word id="word_907">낡</word>
<word id="word_908" affix="true" >아서</word>
<word id="word_909">*pro*</word>
<word id="word_910">*pro*</word>
<word id="word_911">보수</word>
<word id="word_912" affix="true" >하</word>
<word id="word_913" affix="true" >어야</word>
<word id="word_914">하</word>
<word id="word_915" affix="true" >ㅂ니다</word>
<word id="word_916">.</word>
<word id="word_917">철조망</word>
<word id="word_918" affix="true" >의</word>
<word id="word_919">종류</word>
<word id="word_920" affix="true" >에</word>
<word id="word_921" affix="true" >는</word>
<word id="word_922">사복</word>
<word id="word_923">철조망</word>
<word id="word_924" affix="true" >도</word>
<word id="word_925">*T*-1</word>
<word id="word_926">있</word>
<word id="word_927" affix="true" >습니다</word>
<word id="word_928">.</word>
<word id="word_929">사복</word>
<word id="word_930">철조망</word>
<word id="word_931" affix="true" >은</word>
<word id="word_932">*pro*</word>
<word id="word_933">주로</word>
<word id="word_934">방어</word>
<word id="word_935">지역</word>
<word id="word_936">전방</word>
<word id="word_937" affix="true" >에</word>
<word id="word_938">*T*-1</word>
<word id="word_939">설치</word>
<word id="word_940" affix="true" >하</word>
<word id="word_941" affix="true" >ㅂ니다</word>
<word id="word_942">.</word>
<word id="word_943">인민군</word>
<word id="word_944" affix="true" >에서</word>
<word id="word_945" affix="true" >는</word>
<word id="word_946">*pro*</word>
<word id="word_947">어떤</word>
<word id="word_948">지뢰</word>
<word id="word_949" affix="true" >에</word>
<word id="word_950">인발선</word>
<word id="word_951" affix="true" >을</word>
<word id="word_952">사용</word>
<word id="word_953" affix="true" >하</word>
<word id="word_954" affix="true" >는가</word>
<word id="word_955">?</word>
<word id="word_956">그</word>
<word id="word_957">지뢰</word>
<word id="word_958" affix="true" >에</word>
<word id="word_959" affix="true" >는</word>
<word id="word_960">아마</word>
<word id="word_961">인발선</word>
<word id="word_962" affix="true" >이</word>
<word id="word_963">*T*-1</word>
<word id="word_964">설치</word>
<word id="word_965" affix="true" >되</word>
<word id="word_966" affix="true" >어</word>
<word id="word_967">있</word>
<word id="word_968" affix="true" >을</word>
<word id="word_969">것</word>
<word id="word_970" affix="true" >이</word>
<word id="word_971" affix="true" >ㅂ니다</word>
<word id="word_972">.</word>
<word id="word_973">저항</word>
<word id="word_974">철조망</word>
<word id="word_975" affix="true" >은</word>
<word id="word_976">*pro*</word>
<word id="word_977">지상</word>
<word id="word_978" affix="true" >에서</word>
<word id="word_979">얼마나</word>
<word id="word_980">높</word>
<word id="word_981" affix="true" >게</word>
<word id="word_982">설치</word>
<word id="word_983" affix="true" >되</word>
<word id="word_984" affix="true" >는가</word>
<word id="word_985">?</word>
<word id="word_986">저항</word>
<word id="word_987">철조망</word>
<word id="word_988" affix="true" >은</word>
<word id="word_989">보통</word>
<word id="word_990">사복</word>
<word id="word_991">철조망</word>
<word id="word_992" affix="true" >들</word>
<word id="word_993">사이</word>
<word id="word_994" affix="true" >에</word>
<word id="word_995">사용</word>
<word id="word_996" affix="true" >되</word>
<word id="word_997" affix="true" >ㅂ니다</word>
<word id="word_998">.</word>
<word id="word_999">전호</word>
<word id="word_1000" affix="true" >는</word>
<word id="word_1001">1</word>
<word id="word_1002">인</word>
<word id="word_1003" affix="true" >용</word>
<word id="word_1004" affix="true" >과</word>
<word id="word_1005">2</word>
<word id="word_1006">인</word>
<word id="word_1007" affix="true" >용</word>
<word id="word_1008" affix="true" >이</word>
<word id="word_1009">대부분</word>
<word id="word_1010" affix="true" >이</word>
<word id="word_1011" affix="true" >ㅂ니다</word>
<word id="word_1012">.</word>
<word id="word_1013">*op*</word>
<word id="word_1014">*T*-1</word>
<word id="word_1015">그</word>
<word id="word_1016">참호</word>
<word id="word_1017" affix="true" >에</word>
<word id="word_1018">있</word>
<word id="word_1019" affix="true" >는</word>
<word id="word_1020">전호</word>
<word id="word_1021" affix="true" >들</word>
<word id="word_1022" affix="true" >은</word>
<word id="word_1023">모두</word>
<word id="word_1024">연결</word>
<word id="word_1025" affix="true" >되</word>
<word id="word_1026" affix="true" >어</word>
<word id="word_1027">있</word>
<word id="word_1028" affix="true" >습니다</word>
<word id="word_1029">.</word>
<word id="word_1030">제발</word>
<word id="word_1031">장치</word>
<word id="word_1032" affix="true" >는</word>
<word id="word_1033">야간</word>
<word id="word_1034">전투</word>
<word id="word_1035" affix="true" >에</word>
<word id="word_1036">특히</word>
<word id="word_1037">효과</word>
<word id="word_1038" affix="true" >적</word>
<word id="word_1039" affix="true" >이</word>
<word id="word_1040" affix="true" >ㅂ니다</word>
<word id="word_1041">.</word>
<word id="word_1042">우리</word>
<word id="word_1043">소대</word>
<word id="word_1044" affix="true" >가</word>
<word id="word_1045">그</word>
<word id="word_1046">철조망</word>
<word id="word_1047" affix="true" >에</word>
<word id="word_1048">제발</word>
<word id="word_1049">장치</word>
<word id="word_1050" affix="true" >를</word>
<word id="word_1051">하</word>
<word id="word_1052" affix="true" >었</word>
<word id="word_1053" affix="true" >습니다</word>
<word id="word_1054">.</word>
<word id="word_1055">중대</word>
<word id="word_1056">지탱점</word>
<word id="word_1057" affix="true" >은</word>
<word id="word_1058">사복</word>
<word id="word_1059">철조망</word>
<word id="word_1060" affix="true" >으로</word>
<word id="word_1061">보강</word>
<word id="word_1062" affix="true" >되</word>
<word id="word_1063" affix="true" >ㅂ니다</word>
<word id="word_1064">.</word>
<word id="word_1065">*op*</word>
<word id="word_1066">*pro*</word>
<word id="word_1067">중대</word>
<word id="word_1068">지탱점</word>
<word id="word_1069" affix="true" >을</word>
<word id="word_1070">편성</word>
<word id="word_1071" affix="true" >하</word>
<word id="word_1072" affix="true" >ㄹ</word>
<word id="word_1073">때</word>
<word id="word_1074" affix="true" >는</word>
<word id="word_1075">*pro*</word>
<word id="word_1076">어떤</word>
<word id="word_1077">철조망</word>
<word id="word_1078" affix="true" >을</word>
<word id="word_1079">사용</word>
<word id="word_1080" affix="true" >하</word>
<word id="word_1081" affix="true" >는가</word>
<word id="word_1082">?</word>
<word id="word_1083">지뢰</word>
<word id="word_1084" affix="true" >가</word>
<word id="word_1085">폭발</word>
<word id="word_1086" affix="true" >하</word>
<word id="word_1087" affix="true" >어서</word>
<word id="word_1088">공병</word>
<word id="word_1089" affix="true" >들</word>
<word id="word_1090" affix="true" >이</word>
<word id="word_1091">여러</word>
<word id="word_1092">명</word>
<word id="word_1093">죽</word>
<word id="word_1094" affix="true" >었</word>
<word id="word_1095" affix="true" >지요</word>
<word id="word_1096">.</word>
<word id="word_1097">그</word>
<word id="word_1098">지뢰</word>
<word id="word_1099" affix="true" >는</word>
<word id="word_1100">*pro*</word>
<word id="word_1101">*pro*</word>
<word id="word_1102">*pro*</word>
<word id="word_1103">인발선</word>
<word id="word_1104" affix="true" >에</word>
<word id="word_1105">의하</word>
<word id="word_1106" affix="true" >어서</word>
<word id="word_1107">폭발</word>
<word id="word_1108" affix="true" >하</word>
<word id="word_1109" affix="true" >도록</word>
<word id="word_1110">*T*-1</word>
<word id="word_1111">매설</word>
<word id="word_1112" affix="true" >하</word>
<word id="word_1113" affix="true" >었</word>
<word id="word_1114" affix="true" >습니다</word>
<word id="word_1115">.</word>
<word id="word_1116">공병</word>
<word id="word_1117" affix="true" >들</word>
<word id="word_1118" affix="true" >이</word>
<word id="word_1119">이동</word>
<word id="word_1120">철조망</word>
<word id="word_1121" affix="true" >을</word>
<word id="word_1122">그</word>
<word id="word_1123">갈림길</word>
<word id="word_1124">근방</word>
<word id="word_1125" affix="true" >에</word>
<word id="word_1126">잔뜩</word>
<word id="word_1127">싣</word>
<word id="word_1128" affix="true" >어다</word>
<word id="word_1129">놓</word>
<word id="word_1130" affix="true" >았</word>
<word id="word_1131" affix="true" >습니다</word>
<word id="word_1132">.</word>
<word id="word_1133">그</word>
<word id="word_1134">거마</word>
<word id="word_1135">철조망</word>
<word id="word_1136" affix="true" >은</word>
<word id="word_1137">*op*</word>
<word id="word_1138">*T*-2</word>
<word id="word_1139">*pro*</word>
<word id="word_1140">*op*</word>
<word id="word_1141">*T*-1</word>
<word id="word_1142">중대</word>
<word id="word_1143">지역</word>
<word id="word_1144" affix="true" >으로</word>
<word id="word_1145">통하</word>
<word id="word_1146" affix="true" >는</word>
<word id="word_1147">도로</word>
<word id="word_1148" affix="true" >를</word>
<word id="word_1149">차단</word>
<word id="word_1150" affix="true" >하</word>
<word id="word_1151" affix="true" >기</word>
<word id="word_1152">위하</word>
<word id="word_1153" affix="true" >ㄴ</word>
<word id="word_1154">것</word>
<word id="word_1155" affix="true" >이</word>
<word id="word_1156" affix="true" >ㅂ니다</word>
<word id="word_1157">.</word>
<word id="word_1158">*pro*</word>
<word id="word_1159">저항</word>
<word id="word_1160">철조망</word>
<word id="word_1161" affix="true" >과</word>
<word id="word_1162">사복</word>
<word id="word_1163">철조망</word>
<word id="word_1164" affix="true" >을</word>
<word id="word_1165">중대</word>
<word id="word_1166">지탱점</word>
<word id="word_1167" affix="true" >들</word>
<word id="word_1168">사이</word>
<word id="word_1169" affix="true" >에</word>
<word id="word_1170">설치</word>
<word id="word_1171" affix="true" >하</word>
<word id="word_1172" affix="true" >었</word>
<word id="word_1173" affix="true" >습니다</word>
<word id="word_1174">.</word>
<word id="word_1175">*op*</word>
<word id="word_1176">*pro*</word>
<word id="word_1177">인민군</word>
<word id="word_1178" affix="true" >에서</word>
<word id="word_1179">*T*-1</word>
<word id="word_1180">사용</word>
<word id="word_1181" affix="true" >하</word>
<word id="word_1182" affix="true" >는</word>
<word id="word_1183">철조망</word>
<word id="word_1184" affix="true" >에</word>
<word id="word_1185" affix="true" >는</word>
<word id="word_1186">난견</word>
<word id="word_1187">철조망</word>
<word id="word_1188" affix="true" >과</word>
<word id="word_1189">일렬</word>
<word id="word_1190">철조망</word>
<word id="word_1191" affix="true" >도</word>
<word id="word_1192">*T*-2</word>
<word id="word_1193">있</word>
<word id="word_1194" affix="true" >습니다</word>
<word id="word_1195">.</word>
<word id="word_1196">*op*</word>
<word id="word_1197">*pro*</word>
<word id="word_1198">그</word>
<word id="word_1199">철조망</word>
<word id="word_1200" affix="true" >에</word>
<word id="word_1201">*T*-1</word>
<word id="word_1202">설치</word>
<word id="word_1203" affix="true" >하</word>
<word id="word_1204" affix="true" >ㄴ</word>
<word id="word_1205">지뢰</word>
<word id="word_1206" affix="true" >는</word>
<word id="word_1207">*op*</word>
<word id="word_1208">*T*-2</word>
<word id="word_1209">*pro*</word>
<word id="word_1210">인발선</word>
<word id="word_1211" affix="true" >에</word>
<word id="word_1212">의하</word>
<word id="word_1213" affix="true" >어서</word>
<word id="word_1214">폭발</word>
<word id="word_1215" affix="true" >하</word>
<word id="word_1216" affix="true" >는</word>
<word id="word_1217">지뢰</word>
<word id="word_1218" affix="true" >이</word>
<word id="word_1219" affix="true" >ㅂ니다</word>
<word id="word_1220">.</word>
<word id="word_1221">공병</word>
<word id="word_1222" affix="true" >들</word>
<word id="word_1223" affix="true" >은</word>
<word id="word_1224">*pro*</word>
<word id="word_1225">교량</word>
<word id="word_1226" affix="true" >과</word>
<word id="word_1227">도로</word>
<word id="word_1228" affix="true" >를</word>
<word id="word_1229">건설</word>
<word id="word_1230" affix="true" >하</word>
<word id="word_1231" affix="true" >고</word>
<word id="word_1232">보수</word>
<word id="word_1233" affix="true" >하</word>
<word id="word_1234" affix="true" >고</word>
<word id="word_1235">그리고</word>
<word id="word_1236">유지</word>
<word id="word_1237" affix="true" >하</word>
<word id="word_1238" affix="true" >는</word>
<word id="word_1239">일</word>
<word id="word_1240" affix="true" >도</word>
<word id="word_1241">하</word>
<word id="word_1242" affix="true" >ㅂ니다</word>
<word id="word_1243">.</word>
<word id="word_1244">공병</word>
<word id="word_1245">중대</word>
<word id="word_1246" affix="true" >는</word>
<word id="word_1247">도하장</word>
<word id="word_1248" affix="true" >을</word>
<word id="word_1249">설치</word>
<word id="word_1250">운영</word>
<word id="word_1251" affix="true" >하</word>
<word id="word_1252" affix="true" >기도</word>
<word id="word_1253">하</word>
<word id="word_1254" affix="true" >고</word>
<word id="word_1255">토목</word>
<word id="word_1256">화점</word>
<word id="word_1257" affix="true" >의</word>
<word id="word_1258">구축</word>
<word id="word_1259" affix="true" >을</word>
<word id="word_1260">지원</word>
<word id="word_1261" affix="true" >하</word>
<word id="word_1262" affix="true" >기도</word>
<word id="word_1263">하</word>
<word id="word_1264" affix="true" >ㅂ니다</word>
<word id="word_1265">.</word>
<word id="word_1266">*pro*</word>
<word id="word_1267">*op*</word>
<word id="word_1268">*T*-1</word>
<word id="word_1269">전방</word>
<word id="word_1270">방어</word>
<word id="word_1271">지역</word>
<word id="word_1272" affix="true" >에</word>
<word id="word_1273">있</word>
<word id="word_1274" affix="true" >는</word>
<word id="word_1275">증강</word>
<word id="word_1276">철조망</word>
<word id="word_1277" affix="true" >에</word>
<word id="word_1278" affix="true" >는</word>
<word id="word_1279">제발</word>
<word id="word_1280">장치</word>
<word id="word_1281" affix="true" >를</word>
<word id="word_1282">설치</word>
<word id="word_1283" affix="true" >하</word>
<word id="word_1284" affix="true" >었</word>
<word id="word_1285" affix="true" >습니다</word>
<word id="word_1286">.</word>
<word id="word_1287">전호</word>
<word id="word_1288" affix="true" >들</word>
<word id="word_1289" affix="true" >은</word>
<word id="word_1290">*pro*</word>
<word id="word_1291">연결호</word>
<word id="word_1292" affix="true" >에</word>
<word id="word_1293">의하</word>
<word id="word_1294" affix="true" >어서</word>
<word id="word_1295">연결</word>
<word id="word_1296" affix="true" >되</word>
<word id="word_1297" affix="true" >어</word>
<word id="word_1298">있</word>
<word id="word_1299" affix="true" >고</word>
<word id="word_1300">참호</word>
<word id="word_1301" affix="true" >들</word>
<word id="word_1302" affix="true" >은</word>
<word id="word_1303">*pro*</word>
<word id="word_1304">교통호</word>
<word id="word_1305" affix="true" >에</word>
<word id="word_1306">의하</word>
<word id="word_1307" affix="true" >어서</word>
<word id="word_1308">연결</word>
<word id="word_1309" affix="true" >되</word>
<word id="word_1310" affix="true" >어</word>
<word id="word_1311">있</word>
<word id="word_1312" affix="true" >습니다</word>
<word id="word_1313">.</word>
<word id="word_1314">*op*</word>
<word id="word_1315">*T*-2</word>
<word id="word_1316">*op*</word>
<word id="word_1317">*T*-1</word>
<word id="word_1318">참호</word>
<word id="word_1319">안</word>
<word id="word_1320" affix="true" >에</word>
<word id="word_1321">있</word>
<word id="word_1322" affix="true" >는</word>
<word id="word_1323">전호</word>
<word id="word_1324" affix="true" >를</word>
<word id="word_1325">연결</word>
<word id="word_1326" affix="true" >하</word>
<word id="word_1327" affix="true" >는</word>
<word id="word_1328">연결호</word>
<word id="word_1329" affix="true" >는</word>
<word id="word_1330">곡절</word>
<word id="word_1331">형</word>
<word id="word_1332" affix="true" >으로</word>
<word id="word_1333">되</word>
<word id="word_1334" affix="true" >어</word>
<word id="word_1335">있</word>
<word id="word_1336" affix="true" >습니다</word>
<word id="word_1337">.</word>
<word id="word_1338">그</word>
<word id="word_1339">공병</word>
<word id="word_1340" affix="true" >들</word>
<word id="word_1341" affix="true" >은</word>
<word id="word_1342">저희</word>
<word id="word_1343">대대</word>
<word id="word_1344">지역</word>
<word id="word_1345" affix="true" >에</word>
<word id="word_1346">철조망</word>
<word id="word_1347" affix="true" >을</word>
<word id="word_1348">거의</word>
<word id="word_1349">배</word>
<word id="word_1350" affix="true" >로</word>
<word id="word_1351">강화</word>
<word id="word_1352" affix="true" >하</word>
<word id="word_1353" affix="true" >었</word>
<word id="word_1354" affix="true" >습니다</word>
<word id="word_1355">.</word>
<word id="word_1356">저항</word>
<word id="word_1357">철조망</word>
<word id="word_1358" affix="true" >은</word>
<word id="word_1359">*pro*</word>
<word id="word_1360">대부분</word>
<word id="word_1361">대대</word>
<word id="word_1362">주방어</word>
<word id="word_1363">지대</word>
<word id="word_1364">전방</word>
<word id="word_1365" affix="true" >에</word>
<word id="word_1366">*T*-1</word>
<word id="word_1367">설치</word>
<word id="word_1368" affix="true" >하</word>
<word id="word_1369" affix="true" >었</word>
<word id="word_1370" affix="true" >습니다</word>
<word id="word_1371">.</word>
<word id="word_1372">전사</word>
<word id="word_1373">3</word>
<word id="word_1374">명</word>
<word id="word_1375" affix="true" >이</word>
<word id="word_1376">*pro*</word>
<word id="word_1377">5</word>
<word id="word_1378">분</word>
<word id="word_1379">내지</word>
<word id="word_1380">7</word>
<word id="word_1381">분</word>
<word id="word_1382" affix="true" >이</word>
<word id="word_1383" affix="true" >면</word>
<word id="word_1384">사복</word>
<word id="word_1385">철조망</word>
<word id="word_1386">하나</word>
<word id="word_1387" affix="true" >를</word>
<word id="word_1388">설치</word>
<word id="word_1389" affix="true" >하</word>
<word id="word_1390" affix="true" >ㄹ</word>
<word id="word_1391">수</word>
<word id="word_1392">있</word>
<word id="word_1393" affix="true" >습니다</word>
<word id="word_1394">.</word>
<word id="word_1395">*op*</word>
<word id="word_1396">*pro*</word>
<word id="word_1397">그</word>
<word id="word_1398">증강</word>
<word id="word_1399">철조망</word>
<word id="word_1400" affix="true" >에</word>
<word id="word_1401">*T*-1</word>
<word id="word_1402">설치</word>
<word id="word_1403" affix="true" >하</word>
<word id="word_1404" affix="true" >ㄴ</word>
<word id="word_1405">지뢰</word>
<word id="word_1406" affix="true" >는</word>
<word id="word_1407">아마</word>
<word id="word_1408">POMZ</word>
<word id="word_1409">-LRB-</word>
<word id="word_1410">페오엠제</word>
<word id="word_1411">-RRB-</word>
<word id="word_1412">하고</word>
<word id="word_1413">OMZ-3</word>
<word id="word_1414">파편</word>
<word id="word_1415">지뢰</word>
<word id="word_1416" affix="true" >이</word>
<word id="word_1417" affix="true" >ㄹ</word>
<word id="word_1418">것</word>
<word id="word_1419" affix="true" >이</word>
<word id="word_1420" affix="true" >ㅂ니다</word>
<word id="word_1421">.</word>
<word id="word_1422">그렇지만</word>
<word id="word_1423">*pro*</word>
<word id="word_1424">인발선</word>
<word id="word_1425" affix="true" >은</word>
<word id="word_1426">철조망</word>
<word id="word_1427" affix="true" >에</word>
<word id="word_1428">위장</word>
<word id="word_1429" affix="true" >하</word>
<word id="word_1430" affix="true" >어</word>
<word id="word_1431">놓</word>
<word id="word_1432" affix="true" >기</word>
<word id="word_1433" affix="true" >가</word>
<word id="word_1434">아주</word>
<word id="word_1435">쉽</word>
<word id="word_1436" affix="true" >으니까</word>
<word id="word_1437">그것</word>
<word id="word_1438" affix="true" >이</word>
<word id="word_1439">아마</word>
<word id="word_1440">맞</word>
<word id="word_1441" affix="true" >을</word>
<word id="word_1442">것</word>
<word id="word_1443" affix="true" >이</word>
<word id="word_1444" affix="true" >ㅂ니다</word>
<word id="word_1445">.</word>
<word id="word_1446">그것</word>
<word id="word_1447" affix="true" >도</word>
<word id="word_1448">확실</word>
<word id="word_1449" affix="true" >하</word>
<word id="word_1450" affix="true" >지</word>
<word id="word_1451" affix="true" >는</word>
<word id="word_1452">않</word>
<word id="word_1453" affix="true" >습니다만</word>
<word id="word_1454">*pro*</word>
<word id="word_1455">보통</word>
<word id="word_1456">방울</word>
<word id="word_1457" affix="true" >이나</word>
<word id="word_1458">조명</word>
<word id="word_1459">신호</word>
<word id="word_1460">장치</word>
<word id="word_1461" affix="true" >를</word>
<word id="word_1462">제일</word>
<word id="word_1463">많이</word>
<word id="word_1464">사용</word>
<word id="word_1465" affix="true" >하</word>
<word id="word_1466" affix="true" >ㅂ니다</word>
<word id="word_1467">.</word>
<word id="word_1468">저희</word>
<word id="word_1469" affix="true" >가</word>
<word id="word_1470">정찰</word>
<word id="word_1471">나오</word>
<word id="word_1472" affix="true" >기</word>
<word id="word_1473">바로</word>
<word id="word_1474">전날</word>
<word id="word_1475" affix="true" >에</word>
<word id="word_1476">공병</word>
<word id="word_1477" affix="true" >들</word>
<word id="word_1478" affix="true" >이</word>
<word id="word_1479">저희</word>
<word id="word_1480">중대부</word>
<word id="word_1481">앞</word>
<word id="word_1482">도롯가</word>
<word id="word_1483" affix="true" >에</word>
<word id="word_1484">거마</word>
<word id="word_1485">철조망</word>
<word id="word_1486" affix="true" >을</word>
<word id="word_1487">잔뜩</word>
<word id="word_1488">싣</word>
<word id="word_1489" affix="true" >어다</word>
<word id="word_1490">놓</word>
<word id="word_1491" affix="true" >았</word>
<word id="word_1492" affix="true" >죠</word>
<word id="word_1493">.</word>
<word id="word_1494">연대</word>
<word id="word_1495">공병</word>
<word id="word_1496">중대</word>
<word id="word_1497" affix="true" >는</word>
<word id="word_1498">토목</word>
<word id="word_1499">화점</word>
<word id="word_1500" affix="true" >이나</word>
<word id="word_1501">기타</word>
<word id="word_1502">다른</word>
<word id="word_1503">요새</word>
<word id="word_1504">진지</word>
<word id="word_1505">구축</word>
<word id="word_1506" affix="true" >을</word>
<word id="word_1507">지원</word>
<word id="word_1508" affix="true" >하</word>
<word id="word_1509" affix="true" >기도</word>
<word id="word_1510">하</word>
<word id="word_1511" affix="true" >ㅂ니다</word>
<word id="word_1512">.</word>
<word id="word_1513">물론</word>
<word id="word_1514">공병</word>
<word id="word_1515" affix="true" >들</word>
<word id="word_1516" affix="true" >은</word>
<word id="word_1517">적</word>
<word id="word_1518" affix="true" >의</word>
<word id="word_1519">차단물</word>
<word id="word_1520" affix="true" >을</word>
<word id="word_1521">파괴</word>
<word id="word_1522" affix="true" >하</word>
<word id="word_1523" affix="true" >기도</word>
<word id="word_1524">하</word>
<word id="word_1525" affix="true" >고</word>
<word id="word_1526">*pro*</word>
<word id="word_1527">지뢰</word>
<word id="word_1528" affix="true" >를</word>
<word id="word_1529">매설</word>
<word id="word_1530" affix="true" >하</word>
<word id="word_1531" affix="true" >거나</word>
<word id="word_1532">제거</word>
<word id="word_1533" affix="true" >하</word>
<word id="word_1534" affix="true" >는</word>
<word id="word_1535">일</word>
<word id="word_1536" affix="true" >도</word>
<word id="word_1537">하</word>
<word id="word_1538" affix="true" >ㅂ니다</word>
<word id="word_1539">.</word>
<word id="word_1540">*op*</word>
<word id="word_1541">제</word>
<word id="word_1542" affix="true" >5</word>
<word id="word_1543">중대</word>
<word id="word_1544" affix="true" >가</word>
<word id="word_1545">*T*-1</word>
<word id="word_1546">차지</word>
<word id="word_1547" affix="true" >하</word>
<word id="word_1548" affix="true" >고</word>
<word id="word_1549">있</word>
<word id="word_1550" affix="true" >는</word>
<word id="word_1551">참호</word>
<word id="word_1552">두</word>
<word id="word_1553">개</word>
<word id="word_1554" affix="true" >는</word>
<word id="word_1555">사실</word>
<word id="word_1556" affix="true" >상</word>
<word id="word_1557">대대</word>
<word id="word_1558">참호선</word>
<word id="word_1559" affix="true" >의</word>
<word id="word_1560">일부</word>
<word id="word_1561" affix="true" >이</word>
<word id="word_1562" affix="true" >ㅂ니다</word>
<word id="word_1563">.</word>
</words>
