<?xml version="1.0" encoding="UTF-8"?>
<!DOCTYPE markables SYSTEM "markables.dtd">
<markables xmlns="www.eml.org/NameSpaces/sentences">
<markable id="markable_16" span="word_276..word_296" mmax_level="sentences" />
<markable id="markable_15" span="word_257..word_275" mmax_level="sentences" />
<markable id="markable_18" span="word_311..word_323" mmax_level="sentences" />
<markable id="markable_17" span="word_297..word_310" mmax_level="sentences" />
<markable id="markable_66" span="word_1030..word_1041" mmax_level="sentences" />
<markable id="markable_12" span="word_199..word_217" mmax_level="sentences" />
<markable id="markable_67" span="word_1042..word_1054" mmax_level="sentences" />
<markable id="markable_11" span="word_180..word_198" mmax_level="sentences" />
<markable id="markable_68" span="word_1055..word_1064" mmax_level="sentences" />
<markable id="markable_14" span="word_233..word_256" mmax_level="sentences" />
<markable id="markable_69" span="word_1065..word_1082" mmax_level="sentences" />
<markable id="markable_13" span="word_218..word_232" mmax_level="sentences" />
<markable id="markable_62" span="word_973..word_985" mmax_level="sentences" />
<markable id="markable_63" span="word_986..word_998" mmax_level="sentences" />
<markable id="markable_64" span="word_999..word_1012" mmax_level="sentences" />
<markable id="markable_10" span="word_158..word_179" mmax_level="sentences" />
<markable id="markable_65" span="word_1013..word_1029" mmax_level="sentences" />
<markable id="markable_60" span="word_943..word_955" mmax_level="sentences" />
<markable id="markable_61" span="word_956..word_972" mmax_level="sentences" />
<markable id="markable_79" span="word_1266..word_1286" mmax_level="sentences" />
<markable id="markable_77" span="word_1221..word_1243" mmax_level="sentences" />
<markable id="markable_78" span="word_1244..word_1265" mmax_level="sentences" />
<markable id="markable_75" span="word_1175..word_1195" mmax_level="sentences" />
<markable id="markable_76" span="word_1196..word_1220" mmax_level="sentences" />
<markable id="markable_73" span="word_1133..word_1157" mmax_level="sentences" />
<markable id="markable_74" span="word_1158..word_1174" mmax_level="sentences" />
<markable id="markable_71" span="word_1097..word_1115" mmax_level="sentences" />
<markable id="markable_72" span="word_1116..word_1132" mmax_level="sentences" />
<markable id="markable_70" span="word_1083..word_1096" mmax_level="sentences" />
<markable id="markable_8" span="word_125..word_145" mmax_level="sentences" />
<markable id="markable_9" span="word_146..word_157" mmax_level="sentences" />
<markable id="markable_81" span="word_1314..word_1337" mmax_level="sentences" />
<markable id="markable_44" span="word_722..word_733" mmax_level="sentences" />
<markable id="markable_34" span="word_559..word_580" mmax_level="sentences" />
<markable id="markable_80" span="word_1287..word_1313" mmax_level="sentences" />
<markable id="markable_45" span="word_734..word_755" mmax_level="sentences" />
<markable id="markable_33" span="word_552..word_558" mmax_level="sentences" />
<markable id="markable_83" span="word_1356..word_1371" mmax_level="sentences" />
<markable id="markable_46" span="word_756..word_767" mmax_level="sentences" />
<markable id="markable_36" span="word_598..word_614" mmax_level="sentences" />
<markable id="markable_82" span="word_1338..word_1355" mmax_level="sentences" />
<markable id="markable_47" span="word_768..word_785" mmax_level="sentences" />
<markable id="markable_35" span="word_581..word_597" mmax_level="sentences" />
<markable id="markable_85" span="word_1395..word_1421" mmax_level="sentences" />
<markable id="markable_48" span="word_786..word_797" mmax_level="sentences" />
<markable id="markable_38" span="word_642..word_653" mmax_level="sentences" />
<markable id="markable_84" span="word_1372..word_1394" mmax_level="sentences" />
<markable id="markable_49" span="word_798..word_813" mmax_level="sentences" />
<markable id="markable_37" span="word_615..word_641" mmax_level="sentences" />
<markable id="markable_87" span="word_1446..word_1467" mmax_level="sentences" />
<markable id="markable_86" span="word_1422..word_1445" mmax_level="sentences" />
<markable id="markable_39" span="word_654..word_674" mmax_level="sentences" />
<markable id="markable_89" span="word_1494..word_1512" mmax_level="sentences" />
<markable id="markable_88" span="word_1468..word_1493" mmax_level="sentences" />
<markable id="markable_40" span="word_675..word_688" mmax_level="sentences" />
<markable id="markable_30" span="word_497..word_512" mmax_level="sentences" />
<markable id="markable_41" span="word_689..word_698" mmax_level="sentences" />
<markable id="markable_42" span="word_699..word_709" mmax_level="sentences" />
<markable id="markable_32" span="word_536..word_551" mmax_level="sentences" />
<markable id="markable_43" span="word_710..word_721" mmax_level="sentences" />
<markable id="markable_31" span="word_513..word_535" mmax_level="sentences" />
<markable id="markable_19" span="word_324..word_342" mmax_level="sentences" />
<markable id="markable_90" span="word_1513..word_1539" mmax_level="sentences" />
<markable id="markable_57" span="word_904..word_916" mmax_level="sentences" />
<markable id="markable_25" span="word_412..word_416" mmax_level="sentences" />
<markable id="markable_7" span="word_101..word_124" mmax_level="sentences" />
<markable id="markable_58" span="word_917..word_928" mmax_level="sentences" />
<markable id="markable_24" span="word_397..word_411" mmax_level="sentences" />
<markable id="markable_6" span="word_95..word_100" mmax_level="sentences" />
<markable id="markable_55" span="word_875..word_887" mmax_level="sentences" />
<markable id="markable_23" span="word_368..word_396" mmax_level="sentences" />
<markable id="markable_5" span="word_86..word_94" mmax_level="sentences" />
<markable id="markable_91" span="word_1540..word_1563" mmax_level="sentences" />
<markable id="markable_56" span="word_888..word_903" mmax_level="sentences" />
<markable id="markable_22" span="word_359..word_367" mmax_level="sentences" />
<markable id="markable_4" span="word_58..word_85" mmax_level="sentences" />
<markable id="markable_29" span="word_477..word_496" mmax_level="sentences" />
<markable id="markable_3" span="word_47..word_57" mmax_level="sentences" />
<markable id="markable_28" span="word_456..word_476" mmax_level="sentences" />
<markable id="markable_2" span="word_30..word_46" mmax_level="sentences" />
<markable id="markable_59" span="word_929..word_942" mmax_level="sentences" />
<markable id="markable_27" span="word_434..word_455" mmax_level="sentences" />
<markable id="markable_1" span="word_1..word_29" mmax_level="sentences" />
<markable id="markable_26" span="word_417..word_433" mmax_level="sentences" />
<markable id="markable_50" span="word_814..word_828" mmax_level="sentences" />
<markable id="markable_53" span="word_851..word_862" mmax_level="sentences" />
<markable id="markable_21" span="word_348..word_358" mmax_level="sentences" />
<markable id="markable_54" span="word_863..word_874" mmax_level="sentences" />
<markable id="markable_20" span="word_343..word_347" mmax_level="sentences" />
<markable id="markable_51" span="word_829..word_838" mmax_level="sentences" />
<markable id="markable_52" span="word_839..word_850" mmax_level="sentences" />
</markables>