<?xml version="1.0" encoding="UTF-8"?>
<!DOCTYPE markables SYSTEM "markables.dtd">
<markables xmlns="www.eml.org/NameSpaces/words">
<markable id="markable_66" span="word_109" mmax_level="words" />
<markable id="markable_67" span="word_110..word_111" mmax_level="words" />
<markable id="markable_68" span="word_112..word_113" mmax_level="words" />
<markable id="markable_69" span="word_114..word_115" mmax_level="words" />
<markable id="markable_62" span="word_105" mmax_level="words" />
<markable id="markable_63" span="word_106" mmax_level="words" />
<markable id="markable_64" span="word_107" mmax_level="words" />
<markable id="markable_65" span="word_108" mmax_level="words" />
<markable id="markable_60" span="word_102..word_103" mmax_level="words" />
<markable id="markable_61" span="word_104" mmax_level="words" />
<markable id="markable_79" span="word_134..word_135" mmax_level="words" />
<markable id="markable_77" span="word_132" mmax_level="words" />
<markable id="markable_78" span="word_133" mmax_level="words" />
<markable id="markable_75" span="word_129" mmax_level="words" />
<markable id="markable_76" span="word_130..word_131" mmax_level="words" />
<markable id="markable_73" span="word_125" mmax_level="words" />
<markable id="markable_74" span="word_126..word_128" mmax_level="words" />
<markable id="markable_71" span="word_119..word_120" mmax_level="words" />
<markable id="markable_72" span="word_121..word_123" mmax_level="words" />
<markable id="markable_70" span="word_116..word_118" mmax_level="words" />
<markable id="markable_44" span="word_73" mmax_level="words" />
<markable id="markable_45" span="word_74..word_75" mmax_level="words" />
<markable id="markable_46" span="word_76" mmax_level="words" />
<markable id="markable_47" span="word_77..word_78" mmax_level="words" />
<markable id="markable_48" span="word_79" mmax_level="words" />
<markable id="markable_49" span="word_80..word_81" mmax_level="words" />
<markable id="markable_40" span="word_68" mmax_level="words" />
<markable id="markable_41" span="word_69..word_70" mmax_level="words" />
<markable id="markable_42" span="word_71" mmax_level="words" />
<markable id="markable_43" span="word_72" mmax_level="words" />
<markable id="markable_57" span="word_96" mmax_level="words" />
<markable id="markable_58" span="word_97..word_99" mmax_level="words" />
<markable id="markable_55" span="word_91..word_93" mmax_level="words" />
<markable id="markable_56" span="word_95" mmax_level="words" />
<markable id="markable_59" span="word_101" mmax_level="words" />
<markable id="markable_50" span="word_82..word_84" mmax_level="words" />
<markable id="markable_53" span="word_88..word_89" mmax_level="words" />
<markable id="markable_54" span="word_90" mmax_level="words" />
<markable id="markable_51" span="word_86" mmax_level="words" />
<markable id="markable_52" span="word_87" mmax_level="words" />
<markable id="markable_160" span="word_264" mmax_level="words" />
<markable id="markable_161" span="word_265" mmax_level="words" />
<markable id="markable_162" span="word_266..word_267" mmax_level="words" />
<markable id="markable_163" span="word_268" mmax_level="words" />
<markable id="markable_164" span="word_269" mmax_level="words" />
<markable id="markable_165" span="word_270..word_271" mmax_level="words" />
<markable id="markable_166" span="word_272..word_274" mmax_level="words" />
<markable id="markable_167" span="word_276" mmax_level="words" />
<markable id="markable_168" span="word_277" mmax_level="words" />
<markable id="markable_169" span="word_278" mmax_level="words" />
<markable id="markable_170" span="word_279" mmax_level="words" />
<markable id="markable_171" span="word_280" mmax_level="words" />
<markable id="markable_174" span="word_285..word_286" mmax_level="words" />
<markable id="markable_175" span="word_287" mmax_level="words" />
<markable id="markable_172" span="word_281..word_282" mmax_level="words" />
<markable id="markable_173" span="word_283..word_284" mmax_level="words" />
<markable id="markable_178" span="word_292..word_295" mmax_level="words" />
<markable id="markable_179" span="word_297" mmax_level="words" />
<markable id="markable_176" span="word_288..word_289" mmax_level="words" />
<markable id="markable_177" span="word_290..word_291" mmax_level="words" />
<markable id="markable_81" span="word_137" mmax_level="words" />
<markable id="markable_183" span="word_301..word_303" mmax_level="words" />
<markable id="markable_80" span="word_136" mmax_level="words" />
<markable id="markable_184" span="word_304..word_305" mmax_level="words" />
<markable id="markable_83" span="word_139..word_140" mmax_level="words" />
<markable id="markable_185" span="word_306" mmax_level="words" />
<markable id="markable_82" span="word_138" mmax_level="words" />
<markable id="markable_186" span="word_307..word_309" mmax_level="words" />
<markable id="markable_85" span="word_146" mmax_level="words" />
<markable id="markable_84" span="word_141..word_144" mmax_level="words" />
<markable id="markable_180" span="word_298" mmax_level="words" />
<markable id="markable_87" span="word_148..word_149" mmax_level="words" />
<markable id="markable_181" span="word_299" mmax_level="words" />
<markable id="markable_86" span="word_147" mmax_level="words" />
<markable id="markable_182" span="word_300" mmax_level="words" />
<markable id="markable_89" span="word_151..word_152" mmax_level="words" />
<markable id="markable_88" span="word_150" mmax_level="words" />
<markable id="markable_187" span="word_311" mmax_level="words" />
<markable id="markable_188" span="word_312" mmax_level="words" />
<markable id="markable_189" span="word_313" mmax_level="words" />
<markable id="markable_90" span="word_153..word_156" mmax_level="words" />
<markable id="markable_94" span="word_163" mmax_level="words" />
<markable id="markable_196" span="word_326" mmax_level="words" />
<markable id="markable_93" span="word_162" mmax_level="words" />
<markable id="markable_197" span="word_327" mmax_level="words" />
<markable id="markable_92" span="word_159..word_161" mmax_level="words" />
<markable id="markable_194" span="word_324" mmax_level="words" />
<markable id="markable_91" span="word_158" mmax_level="words" />
<markable id="markable_195" span="word_325" mmax_level="words" />
<markable id="markable_98" span="word_167..word_168" mmax_level="words" />
<markable id="markable_192" span="word_317..word_318" mmax_level="words" />
<markable id="markable_97" span="word_166" mmax_level="words" />
<markable id="markable_193" span="word_319..word_322" mmax_level="words" />
<markable id="markable_96" span="word_165" mmax_level="words" />
<markable id="markable_190" span="word_314..word_315" mmax_level="words" />
<markable id="markable_95" span="word_164" mmax_level="words" />
<markable id="markable_191" span="word_316" mmax_level="words" />
<markable id="markable_99" span="word_169" mmax_level="words" />
<markable id="markable_198" span="word_328" mmax_level="words" />
<markable id="markable_199" span="word_329" mmax_level="words" />
<markable id="markable_714" span="word_1295..word_1297" mmax_level="words" />
<markable id="markable_715" span="word_1298..word_1299" mmax_level="words" />
<markable id="markable_712" span="word_1291..word_1292" mmax_level="words" />
<markable id="markable_713" span="word_1293..word_1294" mmax_level="words" />
<markable id="markable_718" span="word_1304..word_1305" mmax_level="words" />
<markable id="markable_719" span="word_1306..word_1307" mmax_level="words" />
<markable id="markable_716" span="word_1300..word_1302" mmax_level="words" />
<markable id="markable_717" span="word_1303" mmax_level="words" />
<markable id="markable_722" span="word_1314" mmax_level="words" />
<markable id="markable_721" span="word_1311..word_1312" mmax_level="words" />
<markable id="markable_720" span="word_1308..word_1310" mmax_level="words" />
<markable id="markable_723" span="word_1315" mmax_level="words" />
<markable id="markable_724" span="word_1316" mmax_level="words" />
<markable id="markable_725" span="word_1317" mmax_level="words" />
<markable id="markable_726" span="word_1318" mmax_level="words" />
<markable id="markable_727" span="word_1319..word_1320" mmax_level="words" />
<markable id="markable_728" span="word_1321..word_1322" mmax_level="words" />
<markable id="markable_729" span="word_1323..word_1324" mmax_level="words" />
<markable id="markable_731" span="word_1328..word_1329" mmax_level="words" />
<markable id="markable_730" span="word_1325..word_1327" mmax_level="words" />
<markable id="markable_733" span="word_1331..word_1332" mmax_level="words" />
<markable id="markable_732" span="word_1330" mmax_level="words" />
<markable id="markable_738" span="word_1342" mmax_level="words" />
<markable id="markable_739" span="word_1343" mmax_level="words" />
<markable id="markable_8" span="word_9" mmax_level="words" />
<markable id="markable_736" span="word_1338" mmax_level="words" />
<markable id="markable_9" span="word_10" mmax_level="words" />
<markable id="markable_737" span="word_1339..word_1341" mmax_level="words" />
<markable id="markable_734" span="word_1333..word_1334" mmax_level="words" />
<markable id="markable_735" span="word_1335..word_1336" mmax_level="words" />
<markable id="markable_744" span="word_1351..word_1354" mmax_level="words" />
<markable id="markable_743" span="word_1349..word_1350" mmax_level="words" />
<markable id="markable_742" span="word_1348" mmax_level="words" />
<markable id="markable_741" span="word_1346..word_1347" mmax_level="words" />
<markable id="markable_740" span="word_1344..word_1345" mmax_level="words" />
<markable id="markable_749" span="word_1361" mmax_level="words" />
<markable id="markable_745" span="word_1356" mmax_level="words" />
<markable id="markable_746" span="word_1357..word_1358" mmax_level="words" />
<markable id="markable_747" span="word_1359" mmax_level="words" />
<markable id="markable_748" span="word_1360" mmax_level="words" />
<markable id="markable_7" span="word_8" mmax_level="words" />
<markable id="markable_753" span="word_1366" mmax_level="words" />
<markable id="markable_6" span="word_6..word_7" mmax_level="words" />
<markable id="markable_752" span="word_1364..word_1365" mmax_level="words" />
<markable id="markable_5" span="word_5" mmax_level="words" />
<markable id="markable_755" span="word_1372" mmax_level="words" />
<markable id="markable_4" span="word_4" mmax_level="words" />
<markable id="markable_754" span="word_1367..word_1370" mmax_level="words" />
<markable id="markable_3" span="word_3" mmax_level="words" />
<markable id="markable_2" span="word_2" mmax_level="words" />
<markable id="markable_1" span="word_1" mmax_level="words" />
<markable id="markable_751" span="word_1363" mmax_level="words" />
<markable id="markable_750" span="word_1362" mmax_level="words" />
<markable id="markable_759" span="word_1377" mmax_level="words" />
<markable id="markable_758" span="word_1376" mmax_level="words" />
<markable id="markable_757" span="word_1374..word_1375" mmax_level="words" />
<markable id="markable_756" span="word_1373" mmax_level="words" />
<markable id="markable_761" span="word_1379" mmax_level="words" />
<markable id="markable_762" span="word_1380" mmax_level="words" />
<markable id="markable_760" span="word_1378" mmax_level="words" />
<markable id="markable_765" span="word_1385" mmax_level="words" />
<markable id="markable_766" span="word_1386..word_1387" mmax_level="words" />
<markable id="markable_763" span="word_1381..word_1383" mmax_level="words" />
<markable id="markable_764" span="word_1384" mmax_level="words" />
<markable id="markable_768" span="word_1391" mmax_level="words" />
<markable id="markable_767" span="word_1388..word_1390" mmax_level="words" />
<markable id="markable_769" span="word_1392..word_1393" mmax_level="words" />
<markable id="markable_770" span="word_1395" mmax_level="words" />
<markable id="markable_771" span="word_1396" mmax_level="words" />
<markable id="markable_772" span="word_1397" mmax_level="words" />
<markable id="markable_773" span="word_1398" mmax_level="words" />
<markable id="markable_774" span="word_1399..word_1400" mmax_level="words" />
<markable id="markable_775" span="word_1401" mmax_level="words" />
<markable id="markable_776" span="word_1402..word_1404" mmax_level="words" />
<markable id="markable_777" span="word_1405..word_1406" mmax_level="words" />
<markable id="markable_779" span="word_1408" mmax_level="words" />
<markable id="markable_778" span="word_1407" mmax_level="words" />
<markable id="markable_780" span="word_1409" mmax_level="words" />
<markable id="markable_787" span="word_1418..word_1420" mmax_level="words" />
<markable id="markable_788" span="word_1422" mmax_level="words" />
<markable id="markable_785" span="word_1414" mmax_level="words" />
<markable id="markable_786" span="word_1415..word_1417" mmax_level="words" />
<markable id="markable_783" span="word_1412" mmax_level="words" />
<markable id="markable_784" span="word_1413" mmax_level="words" />
<markable id="markable_781" span="word_1410" mmax_level="words" />
<markable id="markable_782" span="word_1411" mmax_level="words" />
<markable id="markable_789" span="word_1423" mmax_level="words" />
<markable id="markable_790" span="word_1424..word_1425" mmax_level="words" />
<markable id="markable_791" span="word_1426..word_1427" mmax_level="words" />
<markable id="markable_796" span="word_1437..word_1438" mmax_level="words" />
<markable id="markable_797" span="word_1439" mmax_level="words" />
<markable id="markable_798" span="word_1440..word_1441" mmax_level="words" />
<markable id="markable_799" span="word_1442..word_1444" mmax_level="words" />
<markable id="markable_792" span="word_1428..word_1430" mmax_level="words" />
<markable id="markable_793" span="word_1431..word_1433" mmax_level="words" />
<markable id="markable_794" span="word_1434" mmax_level="words" />
<markable id="markable_795" span="word_1435..word_1436" mmax_level="words" />
<markable id="markable_414" span="word_723" mmax_level="words" />
<markable id="markable_413" span="word_722" mmax_level="words" />
<markable id="markable_412" span="word_718..word_720" mmax_level="words" />
<markable id="markable_411" span="word_717" mmax_level="words" />
<markable id="markable_410" span="word_715..word_716" mmax_level="words" />
<markable id="markable_408" span="word_713" mmax_level="words" />
<markable id="markable_409" span="word_714" mmax_level="words" />
<markable id="markable_406" span="word_710" mmax_level="words" />
<markable id="markable_407" span="word_711..word_712" mmax_level="words" />
<markable id="markable_404" span="word_705" mmax_level="words" />
<markable id="markable_405" span="word_706..word_708" mmax_level="words" />
<markable id="markable_401" span="word_701" mmax_level="words" />
<markable id="markable_400" span="word_699..word_700" mmax_level="words" />
<markable id="markable_403" span="word_704" mmax_level="words" />
<markable id="markable_402" span="word_702..word_703" mmax_level="words" />
<markable id="markable_432" span="word_758" mmax_level="words" />
<markable id="markable_431" span="word_756..word_757" mmax_level="words" />
<markable id="markable_430" span="word_753..word_754" mmax_level="words" />
<markable id="markable_436" span="word_763" mmax_level="words" />
<markable id="markable_435" span="word_761..word_762" mmax_level="words" />
<markable id="markable_434" span="word_760" mmax_level="words" />
<markable id="markable_433" span="word_759" mmax_level="words" />
<markable id="markable_710" span="word_1287..word_1289" mmax_level="words" />
<markable id="markable_711" span="word_1290" mmax_level="words" />
<markable id="markable_704" span="word_1273..word_1274" mmax_level="words" />
<markable id="markable_703" span="word_1271..word_1272" mmax_level="words" />
<markable id="markable_702" span="word_1270" mmax_level="words" />
<markable id="markable_701" span="word_1269" mmax_level="words" />
<markable id="markable_708" span="word_1280..word_1281" mmax_level="words" />
<markable id="markable_707" span="word_1279" mmax_level="words" />
<markable id="markable_706" span="word_1276..word_1278" mmax_level="words" />
<markable id="markable_705" span="word_1275" mmax_level="words" />
<markable id="markable_428" span="word_748..word_750" mmax_level="words" />
<markable id="markable_429" span="word_751..word_752" mmax_level="words" />
<markable id="markable_426" span="word_743..word_745" mmax_level="words" />
<markable id="markable_427" span="word_746..word_747" mmax_level="words" />
<markable id="markable_709" span="word_1282..word_1285" mmax_level="words" />
<markable id="markable_421" span="word_738" mmax_level="words" />
<markable id="markable_420" span="word_735..word_737" mmax_level="words" />
<markable id="markable_423" span="word_740" mmax_level="words" />
<markable id="markable_422" span="word_739" mmax_level="words" />
<markable id="markable_425" span="word_742" mmax_level="words" />
<markable id="markable_424" span="word_741" mmax_level="words" />
<markable id="markable_700" span="word_1268" mmax_level="words" />
<markable id="markable_415" span="word_724..word_725" mmax_level="words" />
<markable id="markable_416" span="word_726" mmax_level="words" />
<markable id="markable_417" span="word_727..word_728" mmax_level="words" />
<markable id="markable_418" span="word_729..word_732" mmax_level="words" />
<markable id="markable_419" span="word_734" mmax_level="words" />
<markable id="markable_258" span="word_435..word_436" mmax_level="words" />
<markable id="markable_257" span="word_434" mmax_level="words" />
<markable id="markable_259" span="word_437..word_438" mmax_level="words" />
<markable id="markable_254" span="word_426" mmax_level="words" />
<markable id="markable_449" span="word_783..word_784" mmax_level="words" />
<markable id="markable_253" span="word_424..word_425" mmax_level="words" />
<markable id="markable_448" span="word_782" mmax_level="words" />
<markable id="markable_256" span="word_429..word_432" mmax_level="words" />
<markable id="markable_255" span="word_427..word_428" mmax_level="words" />
<markable id="markable_250" span="word_419..word_421" mmax_level="words" />
<markable id="markable_252" span="word_423" mmax_level="words" />
<markable id="markable_251" span="word_422" mmax_level="words" />
<markable id="markable_450" span="word_786..word_787" mmax_level="words" />
<markable id="markable_455" span="word_794..word_796" mmax_level="words" />
<markable id="markable_456" span="word_798..word_800" mmax_level="words" />
<markable id="markable_457" span="word_801" mmax_level="words" />
<markable id="markable_458" span="word_802" mmax_level="words" />
<markable id="markable_451" span="word_788" mmax_level="words" />
<markable id="markable_452" span="word_789..word_791" mmax_level="words" />
<markable id="markable_453" span="word_792" mmax_level="words" />
<markable id="markable_454" span="word_793" mmax_level="words" />
<markable id="markable_249" span="word_418" mmax_level="words" />
<markable id="markable_248" span="word_417" mmax_level="words" />
<markable id="markable_247" span="word_413..word_415" mmax_level="words" />
<markable id="markable_246" span="word_412" mmax_level="words" />
<markable id="markable_245" span="word_409..word_410" mmax_level="words" />
<markable id="markable_244" span="word_408" mmax_level="words" />
<markable id="markable_439" span="word_769..word_770" mmax_level="words" />
<markable id="markable_243" span="word_405..word_407" mmax_level="words" />
<markable id="markable_438" span="word_768" mmax_level="words" />
<markable id="markable_242" span="word_402..word_404" mmax_level="words" />
<markable id="markable_437" span="word_764..word_766" mmax_level="words" />
<markable id="markable_241" span="word_400..word_401" mmax_level="words" />
<markable id="markable_240" span="word_398..word_399" mmax_level="words" />
<markable id="markable_446" span="word_779" mmax_level="words" />
<markable id="markable_447" span="word_780..word_781" mmax_level="words" />
<markable id="markable_444" span="word_776..word_777" mmax_level="words" />
<markable id="markable_445" span="word_778" mmax_level="words" />
<markable id="markable_442" span="word_774" mmax_level="words" />
<markable id="markable_443" span="word_775" mmax_level="words" />
<markable id="markable_239" span="word_397" mmax_level="words" />
<markable id="markable_440" span="word_771..word_772" mmax_level="words" />
<markable id="markable_441" span="word_773" mmax_level="words" />
<markable id="markable_276" span="word_464" mmax_level="words" />
<markable id="markable_275" span="word_462..word_463" mmax_level="words" />
<markable id="markable_278" span="word_467" mmax_level="words" />
<markable id="markable_277" span="word_465..word_466" mmax_level="words" />
<markable id="markable_279" span="word_468..word_469" mmax_level="words" />
<markable id="markable_270" span="word_456" mmax_level="words" />
<markable id="markable_272" span="word_458" mmax_level="words" />
<markable id="markable_271" span="word_457" mmax_level="words" />
<markable id="markable_274" span="word_461" mmax_level="words" />
<markable id="markable_273" span="word_459..word_460" mmax_level="words" />
<markable id="markable_470" span="word_822..word_823" mmax_level="words" />
<markable id="markable_471" span="word_824..word_825" mmax_level="words" />
<markable id="markable_472" span="word_826..word_827" mmax_level="words" />
<markable id="markable_473" span="word_829" mmax_level="words" />
<markable id="markable_474" span="word_830..word_831" mmax_level="words" />
<markable id="markable_475" span="word_832" mmax_level="words" />
<markable id="markable_476" span="word_833..word_834" mmax_level="words" />
<markable id="markable_477" span="word_835..word_837" mmax_level="words" />
<markable id="markable_478" span="word_839" mmax_level="words" />
<markable id="markable_479" span="word_840..word_842" mmax_level="words" />
<markable id="markable_267" span="word_450" mmax_level="words" />
<markable id="markable_266" span="word_448..word_449" mmax_level="words" />
<markable id="markable_265" span="word_447" mmax_level="words" />
<markable id="markable_264" span="word_446" mmax_level="words" />
<markable id="markable_459" span="word_803" mmax_level="words" />
<markable id="markable_269" span="word_452..word_454" mmax_level="words" />
<markable id="markable_268" span="word_451" mmax_level="words" />
<markable id="markable_263" span="word_444..word_445" mmax_level="words" />
<markable id="markable_262" span="word_443" mmax_level="words" />
<markable id="markable_261" span="word_442" mmax_level="words" />
<markable id="markable_260" span="word_439..word_441" mmax_level="words" />
<markable id="markable_460" span="word_804..word_806" mmax_level="words" />
<markable id="markable_461" span="word_807" mmax_level="words" />
<markable id="markable_464" span="word_814" mmax_level="words" />
<markable id="markable_465" span="word_815" mmax_level="words" />
<markable id="markable_462" span="word_808..word_809" mmax_level="words" />
<markable id="markable_463" span="word_810..word_812" mmax_level="words" />
<markable id="markable_468" span="word_818..word_819" mmax_level="words" />
<markable id="markable_469" span="word_820..word_821" mmax_level="words" />
<markable id="markable_466" span="word_816" mmax_level="words" />
<markable id="markable_467" span="word_817" mmax_level="words" />
<markable id="markable_213" span="word_349" mmax_level="words" />
<markable id="markable_214" span="word_350..word_352" mmax_level="words" />
<markable id="markable_215" span="word_353..word_354" mmax_level="words" />
<markable id="markable_216" span="word_355..word_357" mmax_level="words" />
<markable id="markable_210" span="word_345" mmax_level="words" />
<markable id="markable_211" span="word_346" mmax_level="words" />
<markable id="markable_212" span="word_348" mmax_level="words" />
<markable id="markable_499" span="word_885..word_886" mmax_level="words" />
<markable id="markable_207" span="word_339..word_341" mmax_level="words" />
<markable id="markable_496" span="word_877..word_879" mmax_level="words" />
<markable id="markable_206" span="word_336..word_338" mmax_level="words" />
<markable id="markable_495" span="word_876" mmax_level="words" />
<markable id="markable_209" span="word_344" mmax_level="words" />
<markable id="markable_498" span="word_882..word_884" mmax_level="words" />
<markable id="markable_208" span="word_343" mmax_level="words" />
<markable id="markable_497" span="word_880..word_881" mmax_level="words" />
<markable id="markable_492" span="word_869" mmax_level="words" />
<markable id="markable_491" span="word_867..word_868" mmax_level="words" />
<markable id="markable_494" span="word_875" mmax_level="words" />
<markable id="markable_493" span="word_870..word_873" mmax_level="words" />
<markable id="markable_490" span="word_865..word_866" mmax_level="words" />
<markable id="markable_204" span="word_334" mmax_level="words" />
<markable id="markable_205" span="word_335" mmax_level="words" />
<markable id="markable_202" span="word_332" mmax_level="words" />
<markable id="markable_203" span="word_333" mmax_level="words" />
<markable id="markable_200" span="word_330" mmax_level="words" />
<markable id="markable_201" span="word_331" mmax_level="words" />
<markable id="markable_489" span="word_864" mmax_level="words" />
<markable id="markable_488" span="word_863" mmax_level="words" />
<markable id="markable_487" span="word_859..word_861" mmax_level="words" />
<markable id="markable_486" span="word_857..word_858" mmax_level="words" />
<markable id="markable_485" span="word_855..word_856" mmax_level="words" />
<markable id="markable_484" span="word_854" mmax_level="words" />
<markable id="markable_483" span="word_851..word_853" mmax_level="words" />
<markable id="markable_482" span="word_846..word_849" mmax_level="words" />
<markable id="markable_481" span="word_844..word_845" mmax_level="words" />
<markable id="markable_480" span="word_843" mmax_level="words" />
<markable id="markable_230" span="word_377" mmax_level="words" />
<markable id="markable_231" span="word_378..word_379" mmax_level="words" />
<markable id="markable_232" span="word_380..word_381" mmax_level="words" />
<markable id="markable_233" span="word_382..word_384" mmax_level="words" />
<markable id="markable_234" span="word_385..word_387" mmax_level="words" />
<markable id="markable_235" span="word_388..word_389" mmax_level="words" />
<markable id="markable_236" span="word_390" mmax_level="words" />
<markable id="markable_237" span="word_391..word_392" mmax_level="words" />
<markable id="markable_238" span="word_393..word_395" mmax_level="words" />
<markable id="markable_229" span="word_376" mmax_level="words" />
<markable id="markable_228" span="word_375" mmax_level="words" />
<markable id="markable_222" span="word_368" mmax_level="words" />
<markable id="markable_223" span="word_369" mmax_level="words" />
<markable id="markable_220" span="word_362..word_364" mmax_level="words" />
<markable id="markable_221" span="word_365..word_366" mmax_level="words" />
<markable id="markable_226" span="word_372..word_373" mmax_level="words" />
<markable id="markable_227" span="word_374" mmax_level="words" />
<markable id="markable_224" span="word_370" mmax_level="words" />
<markable id="markable_225" span="word_371" mmax_level="words" />
<markable id="markable_219" span="word_361" mmax_level="words" />
<markable id="markable_218" span="word_360" mmax_level="words" />
<markable id="markable_217" span="word_359" mmax_level="words" />
<markable id="markable_681" span="word_1229..word_1231" mmax_level="words" />
<markable id="markable_680" span="word_1227..word_1228" mmax_level="words" />
<markable id="markable_683" span="word_1235" mmax_level="words" />
<markable id="markable_682" span="word_1232..word_1234" mmax_level="words" />
<markable id="markable_685" span="word_1239..word_1240" mmax_level="words" />
<markable id="markable_684" span="word_1236..word_1238" mmax_level="words" />
<markable id="markable_687" span="word_1244" mmax_level="words" />
<markable id="markable_686" span="word_1241..word_1242" mmax_level="words" />
<markable id="markable_689" span="word_1247..word_1248" mmax_level="words" />
<markable id="markable_688" span="word_1245..word_1246" mmax_level="words" />
<markable id="markable_679" span="word_1225..word_1226" mmax_level="words" />
<markable id="markable_692" span="word_1253..word_1254" mmax_level="words" />
<markable id="markable_691" span="word_1250..word_1252" mmax_level="words" />
<markable id="markable_690" span="word_1249" mmax_level="words" />
<markable id="markable_696" span="word_1260..word_1262" mmax_level="words" />
<markable id="markable_695" span="word_1258..word_1259" mmax_level="words" />
<markable id="markable_694" span="word_1256..word_1257" mmax_level="words" />
<markable id="markable_693" span="word_1255" mmax_level="words" />
<markable id="markable_699" span="word_1267" mmax_level="words" />
<markable id="markable_698" span="word_1266" mmax_level="words" />
<markable id="markable_697" span="word_1263..word_1264" mmax_level="words" />
<markable id="markable_286" span="word_481..word_482" mmax_level="words" />
<markable id="markable_287" span="word_483..word_485" mmax_level="words" />
<markable id="markable_288" span="word_486..word_488" mmax_level="words" />
<markable id="markable_289" span="word_489..word_491" mmax_level="words" />
<markable id="markable_280" span="word_470..word_472" mmax_level="words" />
<markable id="markable_281" span="word_473" mmax_level="words" />
<markable id="markable_282" span="word_474..word_475" mmax_level="words" />
<markable id="markable_283" span="word_477" mmax_level="words" />
<markable id="markable_284" span="word_478" mmax_level="words" />
<markable id="markable_285" span="word_479..word_480" mmax_level="words" />
<markable id="markable_299" span="word_505..word_506" mmax_level="words" />
<markable id="markable_297" span="word_503" mmax_level="words" />
<markable id="markable_298" span="word_504" mmax_level="words" />
<markable id="markable_291" span="word_494..word_495" mmax_level="words" />
<markable id="markable_292" span="word_497" mmax_level="words" />
<markable id="markable_290" span="word_492..word_493" mmax_level="words" />
<markable id="markable_295" span="word_501" mmax_level="words" />
<markable id="markable_296" span="word_502" mmax_level="words" />
<markable id="markable_293" span="word_498" mmax_level="words" />
<markable id="markable_294" span="word_499..word_500" mmax_level="words" />
<markable id="markable_619" span="word_1119" mmax_level="words" />
<markable id="markable_617" span="word_1111..word_1114" mmax_level="words" />
<markable id="markable_618" span="word_1116..word_1118" mmax_level="words" />
<markable id="markable_615" span="word_1107..word_1109" mmax_level="words" />
<markable id="markable_616" span="word_1110" mmax_level="words" />
<markable id="markable_613" span="word_1103..word_1104" mmax_level="words" />
<markable id="markable_614" span="word_1105..word_1106" mmax_level="words" />
<markable id="markable_623" span="word_1124..word_1125" mmax_level="words" />
<markable id="markable_622" span="word_1123" mmax_level="words" />
<markable id="markable_621" span="word_1122" mmax_level="words" />
<markable id="markable_620" span="word_1120..word_1121" mmax_level="words" />
<markable id="markable_628" span="word_1134" mmax_level="words" />
<markable id="markable_629" span="word_1135..word_1136" mmax_level="words" />
<markable id="markable_624" span="word_1126" mmax_level="words" />
<markable id="markable_625" span="word_1127..word_1128" mmax_level="words" />
<markable id="markable_626" span="word_1129..word_1131" mmax_level="words" />
<markable id="markable_627" span="word_1133" mmax_level="words" />
<markable id="markable_632" span="word_1139" mmax_level="words" />
<markable id="markable_631" span="word_1138" mmax_level="words" />
<markable id="markable_634" span="word_1141" mmax_level="words" />
<markable id="markable_633" span="word_1140" mmax_level="words" />
<markable id="markable_630" span="word_1137" mmax_level="words" />
<markable id="markable_601" span="word_1079..word_1081" mmax_level="words" />
<markable id="markable_600" span="word_1077..word_1078" mmax_level="words" />
<markable id="markable_602" span="word_1083..word_1084" mmax_level="words" />
<markable id="markable_603" span="word_1085..word_1087" mmax_level="words" />
<markable id="markable_604" span="word_1088..word_1090" mmax_level="words" />
<markable id="markable_605" span="word_1091" mmax_level="words" />
<markable id="markable_606" span="word_1092" mmax_level="words" />
<markable id="markable_607" span="word_1093..word_1095" mmax_level="words" />
<markable id="markable_608" span="word_1097" mmax_level="words" />
<markable id="markable_609" span="word_1098..word_1099" mmax_level="words" />
<markable id="markable_610" span="word_1100" mmax_level="words" />
<markable id="markable_612" span="word_1102" mmax_level="words" />
<markable id="markable_611" span="word_1101" mmax_level="words" />
<markable id="markable_863" span="word_1560..word_1562" mmax_level="words" />
<markable id="markable_862" span="word_1558..word_1559" mmax_level="words" />
<markable id="markable_861" span="word_1557" mmax_level="words" />
<markable id="markable_860" span="word_1555..word_1556" mmax_level="words" />
<markable id="markable_659" span="word_1189" mmax_level="words" />
<markable id="markable_658" span="word_1187..word_1188" mmax_level="words" />
<markable id="markable_657" span="word_1186" mmax_level="words" />
<markable id="markable_666" span="word_1199..word_1200" mmax_level="words" />
<markable id="markable_667" span="word_1201" mmax_level="words" />
<markable id="markable_859" span="word_1553..word_1554" mmax_level="words" />
<markable id="markable_664" span="word_1197" mmax_level="words" />
<markable id="markable_665" span="word_1198" mmax_level="words" />
<markable id="markable_857" span="word_1551" mmax_level="words" />
<markable id="markable_662" span="word_1193..word_1194" mmax_level="words" />
<markable id="markable_858" span="word_1552" mmax_level="words" />
<markable id="markable_663" span="word_1196" mmax_level="words" />
<markable id="markable_855" span="word_1546..word_1548" mmax_level="words" />
<markable id="markable_660" span="word_1190..word_1191" mmax_level="words" />
<markable id="markable_856" span="word_1549..word_1550" mmax_level="words" />
<markable id="markable_661" span="word_1192" mmax_level="words" />
<markable id="markable_669" span="word_1205..word_1206" mmax_level="words" />
<markable id="markable_668" span="word_1202..word_1204" mmax_level="words" />
<markable id="markable_675" span="word_1214..word_1216" mmax_level="words" />
<markable id="markable_676" span="word_1217..word_1219" mmax_level="words" />
<markable id="markable_677" span="word_1221..word_1223" mmax_level="words" />
<markable id="markable_678" span="word_1224" mmax_level="words" />
<markable id="markable_671" span="word_1208" mmax_level="words" />
<markable id="markable_672" span="word_1209" mmax_level="words" />
<markable id="markable_673" span="word_1210..word_1211" mmax_level="words" />
<markable id="markable_674" span="word_1212..word_1213" mmax_level="words" />
<markable id="markable_670" span="word_1207" mmax_level="words" />
<markable id="markable_638" span="word_1147..word_1148" mmax_level="words" />
<markable id="markable_637" span="word_1145..word_1146" mmax_level="words" />
<markable id="markable_636" span="word_1143..word_1144" mmax_level="words" />
<markable id="markable_635" span="word_1142" mmax_level="words" />
<markable id="markable_843" span="word_1521..word_1523" mmax_level="words" />
<markable id="markable_842" span="word_1519..word_1520" mmax_level="words" />
<markable id="markable_841" span="word_1517..word_1518" mmax_level="words" />
<markable id="markable_840" span="word_1514..word_1516" mmax_level="words" />
<markable id="markable_639" span="word_1149..word_1151" mmax_level="words" />
<markable id="markable_835" span="word_1504" mmax_level="words" />
<markable id="markable_640" span="word_1152..word_1153" mmax_level="words" />
<markable id="markable_836" span="word_1505..word_1506" mmax_level="words" />
<markable id="markable_641" span="word_1154..word_1156" mmax_level="words" />
<markable id="markable_833" span="word_1502" mmax_level="words" />
<markable id="markable_834" span="word_1503" mmax_level="words" />
<markable id="markable_839" span="word_1513" mmax_level="words" />
<markable id="markable_644" span="word_1160..word_1161" mmax_level="words" />
<markable id="markable_645" span="word_1162" mmax_level="words" />
<markable id="markable_837" span="word_1507..word_1509" mmax_level="words" />
<markable id="markable_642" span="word_1158" mmax_level="words" />
<markable id="markable_838" span="word_1510..word_1511" mmax_level="words" />
<markable id="markable_643" span="word_1159" mmax_level="words" />
<markable id="markable_647" span="word_1165" mmax_level="words" />
<markable id="markable_646" span="word_1163..word_1164" mmax_level="words" />
<markable id="markable_850" span="word_1537..word_1538" mmax_level="words" />
<markable id="markable_649" span="word_1168..word_1169" mmax_level="words" />
<markable id="markable_648" span="word_1166..word_1167" mmax_level="words" />
<markable id="markable_852" span="word_1541..word_1542" mmax_level="words" />
<markable id="markable_851" span="word_1540" mmax_level="words" />
<markable id="markable_854" span="word_1545" mmax_level="words" />
<markable id="markable_853" span="word_1543..word_1544" mmax_level="words" />
<markable id="markable_844" span="word_1524..word_1525" mmax_level="words" />
<markable id="markable_845" span="word_1526" mmax_level="words" />
<markable id="markable_650" span="word_1170..word_1173" mmax_level="words" />
<markable id="markable_846" span="word_1527..word_1528" mmax_level="words" />
<markable id="markable_651" span="word_1175" mmax_level="words" />
<markable id="markable_847" span="word_1529..word_1531" mmax_level="words" />
<markable id="markable_652" span="word_1176" mmax_level="words" />
<markable id="markable_848" span="word_1532..word_1534" mmax_level="words" />
<markable id="markable_653" span="word_1177..word_1178" mmax_level="words" />
<markable id="markable_849" span="word_1535..word_1536" mmax_level="words" />
<markable id="markable_654" span="word_1179" mmax_level="words" />
<markable id="markable_655" span="word_1180..word_1182" mmax_level="words" />
<markable id="markable_656" span="word_1183..word_1185" mmax_level="words" />
<markable id="markable_307" span="word_521..word_522" mmax_level="words" />
<markable id="markable_308" span="word_523" mmax_level="words" />
<markable id="markable_305" span="word_517" mmax_level="words" />
<markable id="markable_306" span="word_518..word_520" mmax_level="words" />
<markable id="markable_512" span="word_909" mmax_level="words" />
<markable id="markable_513" span="word_910" mmax_level="words" />
<markable id="markable_309" span="word_524" mmax_level="words" />
<markable id="markable_510" span="word_905..word_906" mmax_level="words" />
<markable id="markable_511" span="word_907..word_908" mmax_level="words" />
<markable id="markable_825" span="word_1488..word_1489" mmax_level="words" />
<markable id="markable_824" span="word_1487" mmax_level="words" />
<markable id="markable_823" span="word_1485..word_1486" mmax_level="words" />
<markable id="markable_822" span="word_1484" mmax_level="words" />
<markable id="markable_829" span="word_1496..word_1497" mmax_level="words" />
<markable id="markable_828" span="word_1495" mmax_level="words" />
<markable id="markable_827" span="word_1494" mmax_level="words" />
<markable id="markable_826" span="word_1490..word_1492" mmax_level="words" />
<markable id="markable_102" span="word_174" mmax_level="words" />
<markable id="markable_101" span="word_172..word_173" mmax_level="words" />
<markable id="markable_100" span="word_170..word_171" mmax_level="words" />
<markable id="markable_831" span="word_1499..word_1500" mmax_level="words" />
<markable id="markable_106" span="word_182" mmax_level="words" />
<markable id="markable_832" span="word_1501" mmax_level="words" />
<markable id="markable_105" span="word_181" mmax_level="words" />
<markable id="markable_104" span="word_180" mmax_level="words" />
<markable id="markable_830" span="word_1498" mmax_level="words" />
<markable id="markable_103" span="word_175..word_178" mmax_level="words" />
<markable id="markable_311" span="word_526..word_527" mmax_level="words" />
<markable id="markable_506" span="word_897" mmax_level="words" />
<markable id="markable_310" span="word_525" mmax_level="words" />
<markable id="markable_505" span="word_896" mmax_level="words" />
<markable id="markable_504" span="word_895" mmax_level="words" />
<markable id="markable_503" span="word_894" mmax_level="words" />
<markable id="markable_315" span="word_536" mmax_level="words" />
<markable id="markable_314" span="word_533..word_534" mmax_level="words" />
<markable id="markable_509" span="word_904" mmax_level="words" />
<markable id="markable_313" span="word_530..word_532" mmax_level="words" />
<markable id="markable_508" span="word_900..word_902" mmax_level="words" />
<markable id="markable_312" span="word_528..word_529" mmax_level="words" />
<markable id="markable_507" span="word_898..word_899" mmax_level="words" />
<markable id="markable_819" span="word_1480" mmax_level="words" />
<markable id="markable_500" span="word_888" mmax_level="words" />
<markable id="markable_501" span="word_889..word_890" mmax_level="words" />
<markable id="markable_502" span="word_891..word_893" mmax_level="words" />
<markable id="markable_812" span="word_1468..word_1469" mmax_level="words" />
<markable id="markable_107" span="word_183..word_184" mmax_level="words" />
<markable id="markable_811" span="word_1464..word_1466" mmax_level="words" />
<markable id="markable_108" span="word_185..word_187" mmax_level="words" />
<markable id="markable_814" span="word_1471..word_1472" mmax_level="words" />
<markable id="markable_109" span="word_188..word_189" mmax_level="words" />
<markable id="markable_813" span="word_1470" mmax_level="words" />
<markable id="markable_816" span="word_1474..word_1475" mmax_level="words" />
<markable id="markable_815" span="word_1473" mmax_level="words" />
<markable id="markable_818" span="word_1479" mmax_level="words" />
<markable id="markable_817" span="word_1476..word_1478" mmax_level="words" />
<markable id="markable_111" span="word_191" mmax_level="words" />
<markable id="markable_110" span="word_190" mmax_level="words" />
<markable id="markable_113" span="word_194" mmax_level="words" />
<markable id="markable_112" span="word_192..word_193" mmax_level="words" />
<markable id="markable_115" span="word_199" mmax_level="words" />
<markable id="markable_114" span="word_195..word_197" mmax_level="words" />
<markable id="markable_820" span="word_1481" mmax_level="words" />
<markable id="markable_117" span="word_201..word_202" mmax_level="words" />
<markable id="markable_821" span="word_1482..word_1483" mmax_level="words" />
<markable id="markable_116" span="word_200" mmax_level="words" />
<markable id="markable_300" span="word_507..word_509" mmax_level="words" />
<markable id="markable_302" span="word_513" mmax_level="words" />
<markable id="markable_301" span="word_510..word_511" mmax_level="words" />
<markable id="markable_304" span="word_515..word_516" mmax_level="words" />
<markable id="markable_303" span="word_514" mmax_level="words" />
<markable id="markable_809" span="word_1462" mmax_level="words" />
<markable id="markable_808" span="word_1460..word_1461" mmax_level="words" />
<markable id="markable_807" span="word_1459" mmax_level="words" />
<markable id="markable_806" span="word_1458" mmax_level="words" />
<markable id="markable_805" span="word_1456..word_1457" mmax_level="words" />
<markable id="markable_804" span="word_1455" mmax_level="words" />
<markable id="markable_803" span="word_1454" mmax_level="words" />
<markable id="markable_802" span="word_1452..word_1453" mmax_level="words" />
<markable id="markable_801" span="word_1448..word_1451" mmax_level="words" />
<markable id="markable_800" span="word_1446..word_1447" mmax_level="words" />
<markable id="markable_810" span="word_1463" mmax_level="words" />
<markable id="markable_553" span="word_987..word_988" mmax_level="words" />
<markable id="markable_552" span="word_986" mmax_level="words" />
<markable id="markable_551" span="word_982..word_984" mmax_level="words" />
<markable id="markable_550" span="word_980..word_981" mmax_level="words" />
<markable id="markable_557" span="word_993..word_994" mmax_level="words" />
<markable id="markable_556" span="word_991..word_992" mmax_level="words" />
<markable id="markable_555" span="word_990" mmax_level="words" />
<markable id="markable_554" span="word_989" mmax_level="words" />
<markable id="markable_549" span="word_979" mmax_level="words" />
<markable id="markable_547" span="word_976" mmax_level="words" />
<markable id="markable_548" span="word_977..word_978" mmax_level="words" />
<markable id="markable_141" span="word_238" mmax_level="words" />
<markable id="markable_142" span="word_239" mmax_level="words" />
<markable id="markable_140" span="word_237" mmax_level="words" />
<markable id="markable_145" span="word_242" mmax_level="words" />
<markable id="markable_146" span="word_243" mmax_level="words" />
<markable id="markable_143" span="word_240" mmax_level="words" />
<markable id="markable_144" span="word_241" mmax_level="words" />
<markable id="markable_149" span="word_246" mmax_level="words" />
<markable id="markable_147" span="word_244" mmax_level="words" />
<markable id="markable_148" span="word_245" mmax_level="words" />
<markable id="markable_540" span="word_961..word_962" mmax_level="words" />
<markable id="markable_542" span="word_964..word_966" mmax_level="words" />
<markable id="markable_541" span="word_963" mmax_level="words" />
<markable id="markable_544" span="word_969..word_971" mmax_level="words" />
<markable id="markable_543" span="word_967..word_968" mmax_level="words" />
<markable id="markable_546" span="word_974..word_975" mmax_level="words" />
<markable id="markable_545" span="word_973" mmax_level="words" />
<markable id="markable_536" span="word_952..word_954" mmax_level="words" />
<markable id="markable_537" span="word_956" mmax_level="words" />
<markable id="markable_538" span="word_957..word_959" mmax_level="words" />
<markable id="markable_539" span="word_960" mmax_level="words" />
<markable id="markable_150" span="word_247" mmax_level="words" />
<markable id="markable_151" span="word_248" mmax_level="words" />
<markable id="markable_152" span="word_249" mmax_level="words" />
<markable id="markable_153" span="word_250" mmax_level="words" />
<markable id="markable_154" span="word_251" mmax_level="words" />
<markable id="markable_155" span="word_252..word_255" mmax_level="words" />
<markable id="markable_156" span="word_257" mmax_level="words" />
<markable id="markable_157" span="word_258..word_259" mmax_level="words" />
<markable id="markable_158" span="word_260" mmax_level="words" />
<markable id="markable_159" span="word_261..word_263" mmax_level="words" />
<markable id="markable_119" span="word_204" mmax_level="words" />
<markable id="markable_118" span="word_203" mmax_level="words" />
<markable id="markable_535" span="word_950..word_951" mmax_level="words" />
<markable id="markable_534" span="word_948..word_949" mmax_level="words" />
<markable id="markable_533" span="word_947" mmax_level="words" />
<markable id="markable_532" span="word_946" mmax_level="words" />
<markable id="markable_531" span="word_943..word_945" mmax_level="words" />
<markable id="markable_530" span="word_939..word_941" mmax_level="words" />
<markable id="markable_120" span="word_205" mmax_level="words" />
<markable id="markable_529" span="word_938" mmax_level="words" />
<markable id="markable_527" span="word_935" mmax_level="words" />
<markable id="markable_528" span="word_936..word_937" mmax_level="words" />
<markable id="markable_525" span="word_933" mmax_level="words" />
<markable id="markable_526" span="word_934" mmax_level="words" />
<markable id="markable_127" span="word_215..word_216" mmax_level="words" />
<markable id="markable_128" span="word_218..word_220" mmax_level="words" />
<markable id="markable_125" span="word_212..word_213" mmax_level="words" />
<markable id="markable_126" span="word_214" mmax_level="words" />
<markable id="markable_123" span="word_208..word_210" mmax_level="words" />
<markable id="markable_124" span="word_211" mmax_level="words" />
<markable id="markable_121" span="word_206" mmax_level="words" />
<markable id="markable_122" span="word_207" mmax_level="words" />
<markable id="markable_129" span="word_221" mmax_level="words" />
<markable id="markable_522" span="word_929" mmax_level="words" />
<markable id="markable_521" span="word_926..word_927" mmax_level="words" />
<markable id="markable_524" span="word_932" mmax_level="words" />
<markable id="markable_523" span="word_930..word_931" mmax_level="words" />
<markable id="markable_520" span="word_925" mmax_level="words" />
<markable id="markable_518" span="word_922" mmax_level="words" />
<markable id="markable_519" span="word_923..word_924" mmax_level="words" />
<markable id="markable_130" span="word_222" mmax_level="words" />
<markable id="markable_131" span="word_223..word_224" mmax_level="words" />
<markable id="markable_514" span="word_911..word_913" mmax_level="words" />
<markable id="markable_515" span="word_914..word_915" mmax_level="words" />
<markable id="markable_516" span="word_917..word_918" mmax_level="words" />
<markable id="markable_517" span="word_919..word_921" mmax_level="words" />
<markable id="markable_136" span="word_233" mmax_level="words" />
<markable id="markable_137" span="word_234" mmax_level="words" />
<markable id="markable_138" span="word_235" mmax_level="words" />
<markable id="markable_139" span="word_236" mmax_level="words" />
<markable id="markable_132" span="word_225" mmax_level="words" />
<markable id="markable_133" span="word_226" mmax_level="words" />
<markable id="markable_134" span="word_227..word_228" mmax_level="words" />
<markable id="markable_135" span="word_229..word_231" mmax_level="words" />
<markable id="markable_391" span="word_679..word_680" mmax_level="words" />
<markable id="markable_390" span="word_678" mmax_level="words" />
<markable id="markable_393" span="word_682..word_683" mmax_level="words" />
<markable id="markable_392" span="word_681" mmax_level="words" />
<markable id="markable_395" span="word_689..word_690" mmax_level="words" />
<markable id="markable_394" span="word_684..word_687" mmax_level="words" />
<markable id="markable_397" span="word_692" mmax_level="words" />
<markable id="markable_396" span="word_691" mmax_level="words" />
<markable id="markable_399" span="word_695..word_697" mmax_level="words" />
<markable id="markable_398" span="word_693..word_694" mmax_level="words" />
<markable id="markable_16" span="word_21..word_22" mmax_level="words" />
<markable id="markable_594" span="word_1067" mmax_level="words" />
<markable id="markable_15" span="word_19..word_20" mmax_level="words" />
<markable id="markable_595" span="word_1068..word_1069" mmax_level="words" />
<markable id="markable_18" span="word_26..word_28" mmax_level="words" />
<markable id="markable_596" span="word_1070..word_1072" mmax_level="words" />
<markable id="markable_17" span="word_23..word_25" mmax_level="words" />
<markable id="markable_597" span="word_1073..word_1074" mmax_level="words" />
<markable id="markable_12" span="word_15" mmax_level="words" />
<markable id="markable_598" span="word_1075" mmax_level="words" />
<markable id="markable_11" span="word_12..word_14" mmax_level="words" />
<markable id="markable_599" span="word_1076" mmax_level="words" />
<markable id="markable_14" span="word_18" mmax_level="words" />
<markable id="markable_13" span="word_16..word_17" mmax_level="words" />
<markable id="markable_10" span="word_11" mmax_level="words" />
<markable id="markable_590" span="word_1059..word_1060" mmax_level="words" />
<markable id="markable_591" span="word_1061..word_1063" mmax_level="words" />
<markable id="markable_592" span="word_1065" mmax_level="words" />
<markable id="markable_593" span="word_1066" mmax_level="words" />
<markable id="markable_380" span="word_658" mmax_level="words" />
<markable id="markable_384" span="word_666..word_667" mmax_level="words" />
<markable id="markable_383" span="word_664..word_665" mmax_level="words" />
<markable id="markable_382" span="word_662..word_663" mmax_level="words" />
<markable id="markable_381" span="word_659..word_661" mmax_level="words" />
<markable id="markable_388" span="word_675..word_676" mmax_level="words" />
<markable id="markable_387" span="word_671..word_673" mmax_level="words" />
<markable id="markable_386" span="word_669..word_670" mmax_level="words" />
<markable id="markable_385" span="word_668" mmax_level="words" />
<markable id="markable_389" span="word_677" mmax_level="words" />
<markable id="markable_585" span="word_1049..word_1050" mmax_level="words" />
<markable id="markable_586" span="word_1051..word_1053" mmax_level="words" />
<markable id="markable_583" span="word_1046..word_1047" mmax_level="words" />
<markable id="markable_584" span="word_1048" mmax_level="words" />
<markable id="markable_589" span="word_1058" mmax_level="words" />
<markable id="markable_587" span="word_1055" mmax_level="words" />
<markable id="markable_588" span="word_1056..word_1057" mmax_level="words" />
<markable id="markable_581" span="word_1043..word_1044" mmax_level="words" />
<markable id="markable_582" span="word_1045" mmax_level="words" />
<markable id="markable_580" span="word_1042" mmax_level="words" />
<markable id="markable_371" span="word_639..word_640" mmax_level="words" />
<markable id="markable_370" span="word_636..word_638" mmax_level="words" />
<markable id="markable_373" span="word_643..word_645" mmax_level="words" />
<markable id="markable_372" span="word_642" mmax_level="words" />
<markable id="markable_379" span="word_656..word_657" mmax_level="words" />
<markable id="markable_378" span="word_655" mmax_level="words" />
<markable id="markable_375" span="word_647..word_648" mmax_level="words" />
<markable id="markable_374" span="word_646" mmax_level="words" />
<markable id="markable_569" span="word_1018..word_1019" mmax_level="words" />
<markable id="markable_377" span="word_654" mmax_level="words" />
<markable id="markable_376" span="word_649..word_652" mmax_level="words" />
<markable id="markable_34" span="word_58..word_59" mmax_level="words" />
<markable id="markable_576" span="word_1033" mmax_level="words" />
<markable id="markable_33" span="word_53..word_56" mmax_level="words" />
<markable id="markable_577" span="word_1034..word_1035" mmax_level="words" />
<markable id="markable_36" span="word_61..word_62" mmax_level="words" />
<markable id="markable_578" span="word_1036" mmax_level="words" />
<markable id="markable_35" span="word_60" mmax_level="words" />
<markable id="markable_579" span="word_1037..word_1040" mmax_level="words" />
<markable id="markable_38" span="word_64" mmax_level="words" />
<markable id="markable_572" span="word_1024..word_1026" mmax_level="words" />
<markable id="markable_37" span="word_63" mmax_level="words" />
<markable id="markable_573" span="word_1027..word_1028" mmax_level="words" />
<markable id="markable_574" span="word_1030" mmax_level="words" />
<markable id="markable_39" span="word_65..word_67" mmax_level="words" />
<markable id="markable_575" span="word_1031..word_1032" mmax_level="words" />
<markable id="markable_570" span="word_1020..word_1022" mmax_level="words" />
<markable id="markable_571" span="word_1023" mmax_level="words" />
<markable id="markable_30" span="word_48..word_49" mmax_level="words" />
<markable id="markable_32" span="word_51..word_52" mmax_level="words" />
<markable id="markable_31" span="word_50" mmax_level="words" />
<markable id="markable_362" span="word_623" mmax_level="words" />
<markable id="markable_361" span="word_620..word_622" mmax_level="words" />
<markable id="markable_360" span="word_617..word_619" mmax_level="words" />
<markable id="markable_369" span="word_634..word_635" mmax_level="words" />
<markable id="markable_19" span="word_30" mmax_level="words" />
<markable id="markable_368" span="word_632..word_633" mmax_level="words" />
<markable id="markable_367" span="word_631" mmax_level="words" />
<markable id="markable_366" span="word_630" mmax_level="words" />
<markable id="markable_365" span="word_627..word_629" mmax_level="words" />
<markable id="markable_364" span="word_626" mmax_level="words" />
<markable id="markable_559" span="word_999..word_1000" mmax_level="words" />
<markable id="markable_363" span="word_624..word_625" mmax_level="words" />
<markable id="markable_558" span="word_995..word_997" mmax_level="words" />
<markable id="markable_25" span="word_39" mmax_level="words" />
<markable id="markable_567" span="word_1015" mmax_level="words" />
<markable id="markable_24" span="word_37..word_38" mmax_level="words" />
<markable id="markable_568" span="word_1016..word_1017" mmax_level="words" />
<markable id="markable_23" span="word_36" mmax_level="words" />
<markable id="markable_565" span="word_1013" mmax_level="words" />
<markable id="markable_22" span="word_35" mmax_level="words" />
<markable id="markable_566" span="word_1014" mmax_level="words" />
<markable id="markable_29" span="word_47" mmax_level="words" />
<markable id="markable_563" span="word_1006..word_1008" mmax_level="words" />
<markable id="markable_28" span="word_43..word_45" mmax_level="words" />
<markable id="markable_564" span="word_1009..word_1011" mmax_level="words" />
<markable id="markable_27" span="word_41..word_42" mmax_level="words" />
<markable id="markable_561" span="word_1002..word_1004" mmax_level="words" />
<markable id="markable_26" span="word_40" mmax_level="words" />
<markable id="markable_562" span="word_1005" mmax_level="words" />
<markable id="markable_560" span="word_1001" mmax_level="words" />
<markable id="markable_21" span="word_34" mmax_level="words" />
<markable id="markable_20" span="word_31..word_33" mmax_level="words" />
<markable id="markable_352" span="word_601..word_603" mmax_level="words" />
<markable id="markable_353" span="word_604" mmax_level="words" />
<markable id="markable_354" span="word_605..word_606" mmax_level="words" />
<markable id="markable_355" span="word_607..word_608" mmax_level="words" />
<markable id="markable_356" span="word_609..word_611" mmax_level="words" />
<markable id="markable_357" span="word_612..word_613" mmax_level="words" />
<markable id="markable_358" span="word_615" mmax_level="words" />
<markable id="markable_359" span="word_616" mmax_level="words" />
<markable id="markable_350" span="word_599" mmax_level="words" />
<markable id="markable_351" span="word_600" mmax_level="words" />
<markable id="markable_349" span="word_598" mmax_level="words" />
<markable id="markable_343" span="word_586" mmax_level="words" />
<markable id="markable_344" span="word_587..word_589" mmax_level="words" />
<markable id="markable_341" span="word_582" mmax_level="words" />
<markable id="markable_342" span="word_583..word_585" mmax_level="words" />
<markable id="markable_347" span="word_593..word_594" mmax_level="words" />
<markable id="markable_348" span="word_595..word_596" mmax_level="words" />
<markable id="markable_345" span="word_590..word_591" mmax_level="words" />
<markable id="markable_346" span="word_592" mmax_level="words" />
<markable id="markable_340" span="word_581" mmax_level="words" />
<markable id="markable_339" span="word_577..word_579" mmax_level="words" />
<markable id="markable_338" span="word_575..word_576" mmax_level="words" />
<markable id="markable_334" span="word_567..word_568" mmax_level="words" />
<markable id="markable_335" span="word_569" mmax_level="words" />
<markable id="markable_336" span="word_570..word_571" mmax_level="words" />
<markable id="markable_337" span="word_572..word_574" mmax_level="words" />
<markable id="markable_330" span="word_562..word_563" mmax_level="words" />
<markable id="markable_331" span="word_564" mmax_level="words" />
<markable id="markable_332" span="word_565" mmax_level="words" />
<markable id="markable_333" span="word_566" mmax_level="words" />
<markable id="markable_328" span="word_560" mmax_level="words" />
<markable id="markable_327" span="word_559" mmax_level="words" />
<markable id="markable_329" span="word_561" mmax_level="words" />
<markable id="markable_325" span="word_554" mmax_level="words" />
<markable id="markable_326" span="word_555..word_557" mmax_level="words" />
<markable id="markable_323" span="word_552" mmax_level="words" />
<markable id="markable_324" span="word_553" mmax_level="words" />
<markable id="markable_321" span="word_547..word_548" mmax_level="words" />
<markable id="markable_322" span="word_549..word_550" mmax_level="words" />
<markable id="markable_320" span="word_544..word_546" mmax_level="words" />
<markable id="markable_319" span="word_541..word_543" mmax_level="words" />
<markable id="markable_318" span="word_539..word_540" mmax_level="words" />
<markable id="markable_317" span="word_538" mmax_level="words" />
<markable id="markable_316" span="word_537" mmax_level="words" />
</markables>