﻿<?xml version='1.0' encoding='UTF-8'?>
<!DOCTYPE words SYSTEM "words.dtd">
<words>
	<word id="word_1">Das</word>
	<word id="word_2">Stadttheater</word>
	<word id="word_3">.</word>
	<word id="word_4">Im</word>
	<word id="word_5">Gegensatz</word>
	<word id="word_6">zu</word>
	<word id="word_7">anderen</word>
	<word id="word_8">Städten</word>
	<word id="word_9">steht</word>
	<word id="word_10">das</word>
	<word id="word_11">Heidelberger</word>
	<word id="word_12">Stadttheater</word>
	<word id="word_13">nicht</word>
	<word id="word_14">an</word>
	<word id="word_15">herausgehobener</word>
	<word id="word_16">Stelle</word>
	<word id="word_17">,</word>
	<word id="word_18">sondern</word>
	<word id="word_19">es</word>
	<word id="word_20">fügt</word>
	<word id="word_21">sich</word>
	<word id="word_22">in</word>
	<word id="word_23">die</word>
	<word id="word_24">Straßenflucht</word>
	<word id="word_25">ohne</word>
	<word id="word_26">Vorplatz</word>
	<word id="word_27">ein</word>
	<word id="word_28">.</word>
	<word id="word_29">Der</word>
	<word id="word_30">Haupteingang</word>
	<word id="word_31">zeigt</word>
	<word id="word_32">noch</word>
	<word id="word_33">das</word>
	<word id="word_34">alte</word>
	<word id="word_35">Arkadenmotiv</word>
	<word id="word_36">mit</word>
	<word id="word_37">den</word>
	<word id="word_38">flachen</word>
	<word id="word_39">Segmentbögen</word>
	<word id="word_40">.</word>
	<word id="word_41">Erst</word>
	<word id="word_42">1874</word>
	<word id="word_43">übernahm</word>
	<word id="word_44">die</word>
	<word id="word_45">Stadt</word>
	<word id="word_46">das</word>
	<word id="word_47">bis</word>
	<word id="word_48">dahin</word>
	<word id="word_49">von</word>
	<word id="word_50">einer</word>
	<word id="word_51">privaten</word>
	<word id="word_52">Initiative</word>
	<word id="word_53">getragene</word>
	<word id="word_54">Theater</word>
	<word id="word_55">.</word>
	<word id="word_56">Es</word>
	<word id="word_57">wurde</word>
	<word id="word_58">in</word>
	<word id="word_59">der</word>
	<word id="word_60">Folge</word>
	<word id="word_61">stark</word>
	<word id="word_62">verändert</word>
	<word id="word_63">.</word>
	<word id="word_64">Nach</word>
	<word id="word_65">dem</word>
	<word id="word_66">Innen-Umbau</word>
	<word id="word_67">von</word>
	<word id="word_68">1880</word>
	<word id="word_69">durch</word>
	<word id="word_70">Hermann</word>
	<word id="word_71">Behagel</word>
	<word id="word_72">gestaltete</word>
	<word id="word_73">Fritz</word>
	<word id="word_74">Haller</word>
	<word id="word_75">1924</word>
	<word id="word_76">das</word>
	<word id="word_77">Haus</word>
	<word id="word_78">erneut</word>
	<word id="word_79">um</word>
	<word id="word_80">.</word>
	<word id="word_81">Trotz</word>
	<word id="word_82">Aufstockung</word>
	<word id="word_83">und</word>
	<word id="word_84">Verbreiterung</word>
	<word id="word_85">im</word>
	<word id="word_86">Stil</word>
	<word id="word_87">des</word>
	<word id="word_88">Neoklassizismus</word>
	<word id="word_89">wurden</word>
	<word id="word_90">aber</word>
	<word id="word_91">Teile</word>
	<word id="word_92">der</word>
	<word id="word_93">Straßenfassade</word>
	<word id="word_94">erhalten</word>
	<word id="word_95">.</word>
	<word id="word_96">1990</word>
	<word id="word_97">wurde</word>
	<word id="word_98">seitlich</word>
	<word id="word_99">ein</word>
	<word id="word_100">gläsernes</word>
	<word id="word_101">Foyer</word>
	<word id="word_102">von</word>
	<word id="word_103">Rudolf</word>
	<word id="word_104">Biste</word>
	<word id="word_105">und</word>
	<word id="word_106">Kurt</word>
	<word id="word_107">Gerling</word>
	<word id="word_108">angebaut</word>
	<word id="word_109">.</word>
</words>
