<?xml version="1.0"?>
<!DOCTYPE common_paths>
<common_paths>
<basedata_path>Basedata\</basedata_path>
<customization_path>Customizations\</customization_path>
<scheme_path>Schemes\</scheme_path>
<style_path>Styles\</style_path>
<markable_path>Markables\</markable_path>
<views>
<stylesheet>ktb_1.xsl</stylesheet>
<stylesheet>ktb_2.xsl</stylesheet>
</views>
<annotations>
<level name="pos" schemefile="pos_scheme.xml" customization_file="pos_customization.xml">$_pos_level.xml</level>
<level name="words" schemefile="words_scheme.xml" customization_file="words_customization.xml">$_words_level.xml</level>
<level name="syntax" schemefile="syntax_scheme.xml" customization_file="syntax_customization.xml">$_syntax_level.xml</level>
<level name="sentences" schemefile="sentence_scheme.xml" customization_file="sentence_customization.xml">$_sentence_level.xml</level>
</annotations>
</common_paths>