<?xml version="1.0" encoding="UTF-8"?>
<!DOCTYPE markables SYSTEM "markables.dtd">
<markables xmlns="www.eml.org/NameSpaces/coref">
<markable id="markable_50" span="word_75" agreement="other"  coref_class="empty"  np_form="other"  mmax_level="coref"  semantic_class="abstract"  type="none"  grammatical_role="other" />
<markable id="markable_54" span="word_85..word_88" agreement="3m"  coref_class="empty"  np_form="defnp"  mmax_level="coref"  semantic_class="abstract"  type="none"  grammatical_role="other" />
<markable id="markable_53" span="word_84..word_88" agreement="3f"  coref_class="empty"  np_form="indefnp"  mmax_level="coref"  semantic_class="abstract"  type="none"  grammatical_role="other" />
<markable id="markable_52" span="word_82..word_88" agreement="3f"  coref_class="empty"  np_form="indefnp"  mmax_level="coref"  semantic_class="abstract"  type="none"  grammatical_role="other" />
<markable id="markable_51" span="word_76..word_77" agreement="3n"  ante_sub_anaphoric="is-a"  coref_class="set_12"  np_form="defnp"  mmax_level="coref"  semantic_class="phys_obj"  type="anaphoric"  grammatical_role="obj" />
<markable id="markable_36" span="word_19" agreement="3n"  ante_sub_anaphoric="pronominal"  coref_class="set_12"  np_form="pper"  mmax_level="coref"  semantic_class="phys_obj"  type="anaphoric"  grammatical_role="sbj" />
<markable id="markable_58" span="word_96" agreement="other"  coref_class="empty"  np_form="other"  mmax_level="coref"  semantic_class="abstract"  type="none"  grammatical_role="other" />
<markable id="markable_35" span="word_15..word_16" agreement="3f"  coref_class="empty"  np_form="indefnp"  mmax_level="coref"  semantic_class="phys_obj"  type="none"  grammatical_role="other" />
<markable id="markable_57" span="word_92..word_93" ante_sub_bridging="part-whole"  bridging_antecedent="markable_34"  agreement="3f"  coref_class="empty"  np_form="defnp"  mmax_level="coref"  semantic_class="phys_obj"  type="bridging"  grammatical_role="other" />
<markable id="markable_34" span="word_10..word_12" agreement="3n"  ante_sub_anaphoric="direct"  coref_class="set_12"  np_form="ne"  mmax_level="coref"  semantic_class="phys_obj"  type="anaphoric"  grammatical_role="sbj" />
<markable id="markable_56" span="word_91..word_93" agreement="3p"  coref_class="empty"  np_form="indefnp"  mmax_level="coref"  semantic_class="phys_obj"  type="none"  grammatical_role="sbj" />
<markable id="markable_33" span="word_7..word_8" agreement="3p"  coref_class="empty"  np_form="indefnp"  mmax_level="coref"  semantic_class="phys_obj"  type="none"  grammatical_role="other" />
<markable id="markable_55" span="word_87..word_88" agreement="3m"  coref_class="empty"  np_form="defnp"  mmax_level="coref"  semantic_class="abstract"  type="none"  grammatical_role="other" />
<markable id="markable_39" span="word_33..word_39" agreement="3n"  coref_class="empty"  np_form="defnp"  mmax_level="coref"  semantic_class="phys_obj"  type="none"  grammatical_role="obj" />
<markable id="markable_38" span="word_29..word_30" ante_sub_bridging="part-whole"  bridging_antecedent="markable_34"  agreement="3m"  coref_class="empty"  np_form="defnp"  mmax_level="coref"  semantic_class="phys_obj"  type="bridging"  grammatical_role="sbj" />
<markable id="markable_37" span="word_23..word_24" agreement="3f"  coref_class="empty"  np_form="defnp"  mmax_level="coref"  semantic_class="phys_obj"  type="none"  grammatical_role="other" />
<markable id="markable_59" span="word_99..word_101" agreement="3n"  coref_class="empty"  np_form="indefnp"  mmax_level="coref"  semantic_class="phys_obj"  type="none"  grammatical_role="sbj" />
<markable id="markable_61" span="word_103..word_104" agreement="3m"  coref_class="empty"  np_form="ne"  mmax_level="coref"  semantic_class="human"  type="none"  grammatical_role="other" />
<markable id="markable_60" span="word_103..word_107" agreement="3m"  coref_class="empty"  np_form="ne"  mmax_level="coref"  semantic_class="human"  type="none"  grammatical_role="other" />
<markable id="markable_43" span="word_50..word_52" agreement="3f"  coref_class="empty"  np_form="indefnp"  mmax_level="coref"  semantic_class="human"  type="none"  grammatical_role="other" />
<markable id="markable_42" span="word_44..word_45" agreement="3f"  coref_class="empty"  np_form="defnp"  mmax_level="coref"  semantic_class="abstract"  type="none"  grammatical_role="sbj" />
<markable id="markable_63" span="word_26" agreement="3m"  coref_class="empty"  np_form="indefnp"  mmax_level="coref"  semantic_class="phys_obj"  type="none"  grammatical_role="other" />
<markable id="markable_41" span="word_42" agreement="other"  coref_class="empty"  np_form="other"  mmax_level="coref"  semantic_class="abstract"  type="none"  grammatical_role="other" />
<markable id="markable_62" span="word_106..word_107" agreement="3m"  coref_class="empty"  np_form="ne"  mmax_level="coref"  semantic_class="human"  type="none"  grammatical_role="other" />
<markable id="markable_40" span="word_37..word_39" agreement="3p"  coref_class="empty"  np_form="defnp"  mmax_level="coref"  semantic_class="phys_obj"  type="none"  grammatical_role="other" />
<markable id="markable_47" span="word_70..word_71" agreement="3m"  coref_class="empty"  np_form="ne"  mmax_level="coref"  semantic_class="human"  type="none"  grammatical_role="other" />
<markable id="markable_46" span="word_68" agreement="other"  coref_class="empty"  np_form="other"  mmax_level="coref"  semantic_class="abstract"  type="none"  grammatical_role="other" />
<markable id="markable_45" span="word_56" agreement="3n"  ante_sub_anaphoric="pronominal"  coref_class="set_12"  np_form="pper"  mmax_level="coref"  semantic_class="phys_obj"  type="anaphoric"  grammatical_role="sbj" />
<markable id="markable_44" span="word_46..word_54" agreement="3n"  ante_sub_anaphoric="is-a"  coref_class="set_12"  np_form="defnp"  mmax_level="coref"  semantic_class="phys_obj"  type="anaphoric"  grammatical_role="obj" />
<markable id="markable_66" span="word_1..word_2" agreement="none"  np_form="none"  coref_class="empty"  mmax_level="coref"  semantic_class="none"  type="none"  grammatical_role="none" />
<markable id="markable_49" span="word_73..word_74" agreement="3m"  coref_class="empty"  np_form="ne"  mmax_level="coref"  semantic_class="human"  type="none"  grammatical_role="sbj" />
<markable id="markable_48" span="word_65..word_71" agreement="3m"  coref_class="empty"  np_form="defnp"  mmax_level="coref"  semantic_class="abstract"  type="none"  grammatical_role="other" />
</markables>