<?xml version="1.0" encoding="UTF-8"?>
<!DOCTYPE markables SYSTEM "markables.dtd">
<markables xmlns="www.eml.org/NameSpaces/sentences">
<markable id="markable_8" span="word_96..word_109" mmax_level="sentences" />
<markable id="markable_65" span="word_1..word_2" mmax_level="sentences" />
<markable id="markable_1" span="word_1..word_3" mmax_level="sentences" />
<markable id="markable_3" span="word_29..word_40" mmax_level="sentences" />
<markable id="markable_2" span="word_4..word_28" mmax_level="sentences" />
<markable id="markable_5" span="word_56..word_63" mmax_level="sentences" />
<markable id="markable_4" span="word_41..word_55" mmax_level="sentences" />
<markable id="markable_7" span="word_81..word_95" mmax_level="sentences" />
<markable id="markable_6" span="word_64..word_80" mmax_level="sentences" />
</markables>