<?xml version="1.0" encoding="UTF-8"?>
<!DOCTYPE markables SYSTEM "markables.dtd">
<markables xmlns="www.eml.org/NameSpaces/sentences">
<markable id="markable_1" span="word_1..word_90" mmax_level="sentences" />
<markable id="markable_2" span="word_91..word_97" mmax_level="sentences" />
<markable id="markable_3" span="word_98..word_172" mmax_level="sentences" />
<markable id="markable_4" span="word_173..word_210" mmax_level="sentences" />
<markable id="markable_5" span="word_211..word_252" mmax_level="sentences" />
<markable id="markable_6" span="word_253..word_324" mmax_level="sentences" />
<markable id="markable_7" span="word_325..word_409" mmax_level="sentences" />
<markable id="markable_8" span="word_410..word_430" mmax_level="sentences" />
</markables>
