<?xml version="1.0" encoding="UTF-8"?>
<!DOCTYPE markables SYSTEM "markables.dtd">
<markables xmlns="www.eml.org/NameSpaces/sentences">
<markable id="markable_1" span="word_1..word_42" mmax_level="sentences" />
<markable id="markable_2" span="word_43..word_65" mmax_level="sentences" />
<markable id="markable_3" span="word_66..word_110" mmax_level="sentences" />
<markable id="markable_4" span="word_111..word_160" mmax_level="sentences" />
<markable id="markable_5" span="word_161..word_205" mmax_level="sentences" />
<markable id="markable_6" span="word_206..word_257" mmax_level="sentences" />
<markable id="markable_7" span="word_258..word_296" mmax_level="sentences" />
<markable id="markable_8" span="word_297..word_374" mmax_level="sentences" />
</markables>
