<?xml version="1.0" encoding="UTF-8"?>
<!DOCTYPE markables SYSTEM "markables.dtd">
<markables xmlns="www.eml.org/NameSpaces/sentences">
<markable id="markable_1" span="word_1..word_33" mmax_level="sentences" />
<markable id="markable_2" span="word_34..word_77" mmax_level="sentences" />
<markable id="markable_3" span="word_78..word_108" mmax_level="sentences" />
<markable id="markable_4" span="word_109..word_137" mmax_level="sentences" />
<markable id="markable_5" span="word_138..word_174" mmax_level="sentences" />
<markable id="markable_6" span="word_175..word_196" mmax_level="sentences" />
<markable id="markable_7" span="word_197..word_224" mmax_level="sentences" />
<markable id="markable_8" span="word_225..word_248" mmax_level="sentences" />
<markable id="markable_9" span="word_249..word_272" mmax_level="sentences" />
</markables>
