<?xml version="1.0" encoding="UTF-8"?>
<!DOCTYPE markables SYSTEM "markables.dtd">
<markables xmlns="www.eml.org/NameSpaces/sentences">
<markable id="markable_1" span="word_1..word_62" mmax_level="sentences" />
<markable id="markable_2" span="word_63..word_91" mmax_level="sentences" />
<markable id="markable_3" span="word_92..word_139" mmax_level="sentences" />
<markable id="markable_4" span="word_140..word_219" mmax_level="sentences" />
<markable id="markable_5" span="word_220..word_250" mmax_level="sentences" />
<markable id="markable_6" span="word_251..word_288" mmax_level="sentences" />
<markable id="markable_7" span="word_289..word_321" mmax_level="sentences" />
<markable id="markable_8" span="word_322..word_370" mmax_level="sentences" />
<markable id="markable_9" span="word_371..word_462" mmax_level="sentences" />
</markables>
