<?xml version="1.0" encoding="UTF-8"?>
<!DOCTYPE markables SYSTEM "markables.dtd">
<markables xmlns="www.eml.org/NameSpaces/sentences">
<markable id="markable_1" span="word_1..word_43" mmax_level="sentences" />
<markable id="markable_2" span="word_44..word_96" mmax_level="sentences" />
<markable id="markable_3" span="word_97..word_118" mmax_level="sentences" />
<markable id="markable_4" span="word_119..word_158" mmax_level="sentences" />
<markable id="markable_5" span="word_159..word_184" mmax_level="sentences" />
<markable id="markable_6" span="word_185..word_205" mmax_level="sentences" />
<markable id="markable_7" span="word_206..word_233" mmax_level="sentences" />
<markable id="markable_8" span="word_234..word_264" mmax_level="sentences" />
<markable id="markable_9" span="word_265..word_290" mmax_level="sentences" />
<markable id="markable_10" span="word_291..word_329" mmax_level="sentences" />
</markables>
