<?xml version="1.0" encoding="UTF-8"?>
<!DOCTYPE markables SYSTEM "markables.dtd">
<markables xmlns="www.eml.org/NameSpaces/sentences">
<markable id="markable_1" span="word_1..word_43" mmax_level="sentences" />
<markable id="markable_2" span="word_44..word_74" mmax_level="sentences" />
<markable id="markable_3" span="word_75..word_113" mmax_level="sentences" />
<markable id="markable_4" span="word_114..word_194" mmax_level="sentences" />
<markable id="markable_5" span="word_195..word_230" mmax_level="sentences" />
<markable id="markable_6" span="word_231..word_320" mmax_level="sentences" />
<markable id="markable_7" span="word_321..word_360" mmax_level="sentences" />
<markable id="markable_8" span="word_361..word_455" mmax_level="sentences" />
<markable id="markable_9" span="word_456..word_479" mmax_level="sentences" />
</markables>
