<?xml version="1.0" encoding="UTF-8"?>
<!DOCTYPE markables SYSTEM "markables.dtd">
<markables xmlns="www.eml.org/NameSpaces/sentences">
<markable id="markable_1" span="word_1..word_36" mmax_level="sentences" />
<markable id="markable_2" span="word_37..word_86" mmax_level="sentences" />
<markable id="markable_3" span="word_87..word_133" mmax_level="sentences" />
<markable id="markable_4" span="word_134..word_191" mmax_level="sentences" />
<markable id="markable_5" span="word_192..word_322" mmax_level="sentences" />
<markable id="markable_6" span="word_323..word_365" mmax_level="sentences" />
<markable id="markable_7" span="word_366..word_429" mmax_level="sentences" />
<markable id="markable_8" span="word_430..word_472" mmax_level="sentences" />
</markables>
