<?xml version="1.0" encoding="UTF-8"?>
<!DOCTYPE markables SYSTEM "markables.dtd">
<markables xmlns="www.eml.org/NameSpaces/sentences">
<markable id="markable_1" span="word_1..word_35" mmax_level="sentences" />
<markable id="markable_2" span="word_36..word_67" mmax_level="sentences" />
<markable id="markable_3" span="word_68..word_138" mmax_level="sentences" />
<markable id="markable_4" span="word_139..word_165" mmax_level="sentences" />
<markable id="markable_5" span="word_166..word_223" mmax_level="sentences" />
<markable id="markable_6" span="word_224..word_260" mmax_level="sentences" />
<markable id="markable_7" span="word_261..word_340" mmax_level="sentences" />
<markable id="markable_8" span="word_341..word_408" mmax_level="sentences" />
<markable id="markable_9" span="word_409..word_437" mmax_level="sentences" />
<markable id="markable_10" span="word_438..word_487" mmax_level="sentences" />
<markable id="markable_11" span="word_488..word_511" mmax_level="sentences" />
</markables>
