<?xml version="1.0" encoding="UTF-8"?>
<!DOCTYPE markables SYSTEM "markables.dtd">
<markables xmlns="www.eml.org/NameSpaces/sentences">
<markable id="markable_1" span="word_1..word_132" mmax_level="sentences" />
<markable id="markable_2" span="word_133..word_181" mmax_level="sentences" />
<markable id="markable_3" span="word_182..word_285" mmax_level="sentences" />
<markable id="markable_4" span="word_286..word_339" mmax_level="sentences" />
<markable id="markable_5" span="word_340..word_420" mmax_level="sentences" />
<markable id="markable_6" span="word_421..word_500" mmax_level="sentences" />
<markable id="markable_7" span="word_501..word_564" mmax_level="sentences" />
<markable id="markable_8" span="word_565..word_623" mmax_level="sentences" />
</markables>
