<?xml version="1.0" encoding="UTF-8"?>
<!DOCTYPE markables SYSTEM "markables.dtd">
<markables xmlns="www.eml.org/NameSpaces/sentences">
<markable id="markable_1" span="word_1..word_47" mmax_level="sentences" />
<markable id="markable_2" span="word_48..word_99" mmax_level="sentences" />
<markable id="markable_3" span="word_100..word_174" mmax_level="sentences" />
<markable id="markable_4" span="word_175..word_209" mmax_level="sentences" />
<markable id="markable_5" span="word_210..word_233" mmax_level="sentences" />
<markable id="markable_6" span="word_234..word_272" mmax_level="sentences" />
<markable id="markable_7" span="word_273..word_342" mmax_level="sentences" />
<markable id="markable_8" span="word_343..word_394" mmax_level="sentences" />
<markable id="markable_9" span="word_395..word_461" mmax_level="sentences" />
<markable id="markable_10" span="word_462..word_509" mmax_level="sentences" />
</markables>
