<?xml version="1.0" encoding="UTF-8"?>
<!DOCTYPE markables SYSTEM "markables.dtd">
<markables xmlns="www.eml.org/NameSpaces/sentences">
<markable id="markable_1" span="word_1..word_72" mmax_level="sentences" />
<markable id="markable_2" span="word_73..word_137" mmax_level="sentences" />
<markable id="markable_3" span="word_138..word_305" mmax_level="sentences" />
<markable id="markable_4" span="word_306..word_356" mmax_level="sentences" />
<markable id="markable_5" span="word_357..word_417" mmax_level="sentences" />
<markable id="markable_6" span="word_418..word_476" mmax_level="sentences" />
<markable id="markable_7" span="word_477..word_537" mmax_level="sentences" />
<markable id="markable_8" span="word_538..word_612" mmax_level="sentences" />
<markable id="markable_9" span="word_613..word_670" mmax_level="sentences" />
<markable id="markable_10" span="word_671..word_754" mmax_level="sentences" />
<markable id="markable_11" span="word_755..word_888" mmax_level="sentences" />
<markable id="markable_12" span="word_889..word_990" mmax_level="sentences" />
<markable id="markable_13" span="word_991..word_1118" mmax_level="sentences" />
</markables>
