<?xml version="1.0" encoding="UTF-8"?>
<!DOCTYPE markables SYSTEM "markables.dtd">
<markables xmlns="www.eml.org/NameSpaces/sentences">
<markable id="markable_1" span="word_1..word_40" mmax_level="sentences" />
<markable id="markable_2" span="word_41..word_94" mmax_level="sentences" />
<markable id="markable_3" span="word_95..word_132" mmax_level="sentences" />
<markable id="markable_4" span="word_133..word_182" mmax_level="sentences" />
<markable id="markable_5" span="word_183..word_232" mmax_level="sentences" />
<markable id="markable_6" span="word_233..word_299" mmax_level="sentences" />
<markable id="markable_7" span="word_300..word_315" mmax_level="sentences" />
<markable id="markable_8" span="word_316..word_360" mmax_level="sentences" />
<markable id="markable_9" span="word_361..word_399" mmax_level="sentences" />
<markable id="markable_10" span="word_400..word_431" mmax_level="sentences" />
<markable id="markable_11" span="word_432..word_481" mmax_level="sentences" />
<markable id="markable_12" span="word_482..word_519" mmax_level="sentences" />
<markable id="markable_13" span="word_520..word_554" mmax_level="sentences" />
<markable id="markable_14" span="word_555..word_586" mmax_level="sentences" />
<markable id="markable_15" span="word_587..word_608" mmax_level="sentences" />
<markable id="markable_16" span="word_609..word_661" mmax_level="sentences" />
<markable id="markable_17" span="word_662..word_686" mmax_level="sentences" />
<markable id="markable_18" span="word_687..word_722" mmax_level="sentences" />
<markable id="markable_19" span="word_723..word_761" mmax_level="sentences" />
<markable id="markable_20" span="word_762..word_811" mmax_level="sentences" />
<markable id="markable_21" span="word_812..word_830" mmax_level="sentences" />
<markable id="markable_22" span="word_831..word_879" mmax_level="sentences" />
</markables>
