<?xml version="1.0" encoding="UTF-8"?>
<!DOCTYPE markables SYSTEM "markables.dtd">
<markables xmlns="www.eml.org/NameSpaces/sentences">
<markable id="markable_1" span="word_1..word_62" mmax_level="sentences" />
<markable id="markable_2" span="word_63..word_134" mmax_level="sentences" />
<markable id="markable_3" span="word_135..word_217" mmax_level="sentences" />
<markable id="markable_4" span="word_218..word_288" mmax_level="sentences" />
<markable id="markable_5" span="word_289..word_351" mmax_level="sentences" />
<markable id="markable_6" span="word_352..word_450" mmax_level="sentences" />
<markable id="markable_7" span="word_451..word_519" mmax_level="sentences" />
<markable id="markable_8" span="word_520..word_566" mmax_level="sentences" />
<markable id="markable_9" span="word_567..word_648" mmax_level="sentences" />
<markable id="markable_10" span="word_649..word_730" mmax_level="sentences" />
</markables>
