<?xml version="1.0" encoding="UTF-8"?>
<!DOCTYPE markables SYSTEM "markables.dtd">
<markables xmlns="www.eml.org/NameSpaces/sentences">
<markable id="markable_1" span="word_1..word_32" mmax_level="sentences" />
<markable id="markable_2" span="word_33..word_66" mmax_level="sentences" />
<markable id="markable_3" span="word_67..word_100" mmax_level="sentences" />
<markable id="markable_4" span="word_101..word_146" mmax_level="sentences" />
<markable id="markable_5" span="word_147..word_196" mmax_level="sentences" />
<markable id="markable_6" span="word_197..word_226" mmax_level="sentences" />
<markable id="markable_7" span="word_227..word_256" mmax_level="sentences" />
<markable id="markable_8" span="word_257..word_310" mmax_level="sentences" />
<markable id="markable_9" span="word_311..word_328" mmax_level="sentences" />
<markable id="markable_10" span="word_329..word_345" mmax_level="sentences" />
<markable id="markable_11" span="word_346..word_384" mmax_level="sentences" />
<markable id="markable_12" span="word_385..word_407" mmax_level="sentences" />
</markables>
