<?xml version="1.0" encoding="UTF-8"?>
<!DOCTYPE markables SYSTEM "markables.dtd">
<markables xmlns="www.eml.org/NameSpaces/sentences">
<markable id="markable_1" span="word_1..word_44" mmax_level="sentences" />
<markable id="markable_2" span="word_45..word_94" mmax_level="sentences" />
<markable id="markable_3" span="word_95..word_175" mmax_level="sentences" />
<markable id="markable_4" span="word_176..word_241" mmax_level="sentences" />
<markable id="markable_5" span="word_242..word_299" mmax_level="sentences" />
<markable id="markable_6" span="word_300..word_382" mmax_level="sentences" />
<markable id="markable_7" span="word_383..word_444" mmax_level="sentences" />
<markable id="markable_8" span="word_445..word_468" mmax_level="sentences" />
<markable id="markable_9" span="word_469..word_527" mmax_level="sentences" />
<markable id="markable_10" span="word_528..word_577" mmax_level="sentences" />
<markable id="markable_11" span="word_578..word_634" mmax_level="sentences" />
<markable id="markable_12" span="word_635..word_703" mmax_level="sentences" />
<markable id="markable_13" span="word_704..word_727" mmax_level="sentences" />
<markable id="markable_14" span="word_728..word_772" mmax_level="sentences" />
<markable id="markable_15" span="word_773..word_801" mmax_level="sentences" />
<markable id="markable_16" span="word_802..word_855" mmax_level="sentences" />
<markable id="markable_17" span="word_856..word_890" mmax_level="sentences" />
<markable id="markable_18" span="word_891..word_917" mmax_level="sentences" />
<markable id="markable_19" span="word_918..word_957" mmax_level="sentences" />
</markables>
