<?xml version="1.0" encoding="UTF-8"?>
<!DOCTYPE markables SYSTEM "markables.dtd">
<markables xmlns="www.eml.org/NameSpaces/sentences">
<markable id="markable_1" span="word_1..word_58" mmax_level="sentences" />
<markable id="markable_2" span="word_59..word_118" mmax_level="sentences" />
<markable id="markable_3" span="word_119..word_236" mmax_level="sentences" />
<markable id="markable_4" span="word_237..word_295" mmax_level="sentences" />
<markable id="markable_5" span="word_296..word_344" mmax_level="sentences" />
<markable id="markable_6" span="word_345..word_490" mmax_level="sentences" />
<markable id="markable_7" span="word_491..word_541" mmax_level="sentences" />
<markable id="markable_8" span="word_542..word_674" mmax_level="sentences" />
<markable id="markable_9" span="word_675..word_756" mmax_level="sentences" />
<markable id="markable_10" span="word_757..word_832" mmax_level="sentences" />
<markable id="markable_11" span="word_833..word_906" mmax_level="sentences" />
</markables>
