<?xml version="1.0" encoding="UTF-8"?>
<!DOCTYPE markables SYSTEM "markables.dtd">
<markables xmlns="www.eml.org/NameSpaces/sentences">
<markable id="markable_1" span="word_1..word_29" mmax_level="sentences" />
<markable id="markable_2" span="word_30..word_86" mmax_level="sentences" />
<markable id="markable_3" span="word_87..word_115" mmax_level="sentences" />
<markable id="markable_4" span="word_116..word_162" mmax_level="sentences" />
<markable id="markable_5" span="word_163..word_231" mmax_level="sentences" />
<markable id="markable_6" span="word_232..word_256" mmax_level="sentences" />
<markable id="markable_7" span="word_257..word_313" mmax_level="sentences" />
<markable id="markable_8" span="word_314..word_357" mmax_level="sentences" />
</markables>
