<?xml version="1.0" encoding="UTF-8"?>
<!DOCTYPE markables SYSTEM "markables.dtd">
<markables xmlns="www.eml.org/NameSpaces/sentences">
<markable id="markable_1" span="word_1..word_96" mmax_level="sentences" />
<markable id="markable_2" span="word_97..word_115" mmax_level="sentences" />
<markable id="markable_3" span="word_116..word_146" mmax_level="sentences" />
<markable id="markable_4" span="word_147..word_178" mmax_level="sentences" />
<markable id="markable_5" span="word_179..word_216" mmax_level="sentences" />
<markable id="markable_6" span="word_217..word_270" mmax_level="sentences" />
<markable id="markable_7" span="word_271..word_304" mmax_level="sentences" />
<markable id="markable_8" span="word_305..word_345" mmax_level="sentences" />
<markable id="markable_9" span="word_346..word_380" mmax_level="sentences" />
<markable id="markable_10" span="word_381..word_400" mmax_level="sentences" />
<markable id="markable_11" span="word_401..word_438" mmax_level="sentences" />
<markable id="markable_12" span="word_439..word_457" mmax_level="sentences" />
<markable id="markable_13" span="word_458..word_527" mmax_level="sentences" />
<markable id="markable_14" span="word_528..word_542" mmax_level="sentences" />
<markable id="markable_15" span="word_543..word_570" mmax_level="sentences" />
<markable id="markable_16" span="word_571..word_608" mmax_level="sentences" />
<markable id="markable_17" span="word_609..word_628" mmax_level="sentences" />
<markable id="markable_18" span="word_629..word_654" mmax_level="sentences" />
<markable id="markable_19" span="word_655..word_686" mmax_level="sentences" />
<markable id="markable_20" span="word_687..word_703" mmax_level="sentences" />
<markable id="markable_21" span="word_704..word_722" mmax_level="sentences" />
<markable id="markable_22" span="word_723..word_731" mmax_level="sentences" />
<markable id="markable_23" span="word_732..word_747" mmax_level="sentences" />
<markable id="markable_24" span="word_748..word_771" mmax_level="sentences" />
<markable id="markable_25" span="word_772..word_793" mmax_level="sentences" />
<markable id="markable_26" span="word_794..word_822" mmax_level="sentences" />
<markable id="markable_27" span="word_823..word_879" mmax_level="sentences" />
<markable id="markable_28" span="word_880..word_897" mmax_level="sentences" />
<markable id="markable_29" span="word_898..word_945" mmax_level="sentences" />
<markable id="markable_30" span="word_946..word_972" mmax_level="sentences" />
<markable id="markable_31" span="word_973..word_987" mmax_level="sentences" />
<markable id="markable_32" span="word_988..word_1004" mmax_level="sentences" />
<markable id="markable_33" span="word_1005..word_1020" mmax_level="sentences" />
</markables>
