<?xml version="1.0" encoding="UTF-8"?>
<!DOCTYPE markables SYSTEM "markables.dtd">
<markables xmlns="www.eml.org/NameSpaces/sentences">
<markable id="markable_1" span="word_1..word_50" mmax_level="sentences" />
<markable id="markable_2" span="word_51..word_116" mmax_level="sentences" />
<markable id="markable_3" span="word_117..word_310" mmax_level="sentences" />
<markable id="markable_4" span="word_311..word_522" mmax_level="sentences" />
<markable id="markable_5" span="word_523..word_566" mmax_level="sentences" />
<markable id="markable_6" span="word_567..word_678" mmax_level="sentences" />
<markable id="markable_7" span="word_679..word_758" mmax_level="sentences" />
<markable id="markable_8" span="word_759..word_828" mmax_level="sentences" />
<markable id="markable_9" span="word_829..word_891" mmax_level="sentences" />
<markable id="markable_10" span="word_892..word_1032" mmax_level="sentences" />
<markable id="markable_11" span="word_1033..word_1151" mmax_level="sentences" />
</markables>
