<?xml version="1.0" encoding="UTF-8"?>
<!DOCTYPE markables SYSTEM "markables.dtd">
<markables xmlns="www.eml.org/NameSpaces/sentences">
<markable id="markable_1" span="word_1..word_111" mmax_level="sentences" />
<markable id="markable_2" span="word_112..word_181" mmax_level="sentences" />
<markable id="markable_3" span="word_182..word_201" mmax_level="sentences" />
<markable id="markable_4" span="word_202..word_265" mmax_level="sentences" />
<markable id="markable_5" span="word_266..word_314" mmax_level="sentences" />
<markable id="markable_6" span="word_315..word_357" mmax_level="sentences" />
<markable id="markable_7" span="word_358..word_428" mmax_level="sentences" />
<markable id="markable_8" span="word_429..word_463" mmax_level="sentences" />
<markable id="markable_9" span="word_464..word_508" mmax_level="sentences" />
<markable id="markable_10" span="word_509..word_553" mmax_level="sentences" />
<markable id="markable_11" span="word_554..word_591" mmax_level="sentences" />
</markables>
