<?xml version="1.0" encoding="UTF-8"?>
<!DOCTYPE markables SYSTEM "markables.dtd">
<markables xmlns="www.eml.org/NameSpaces/sentences">
<markable id="markable_1" span="word_1..word_56" mmax_level="sentences" />
<markable id="markable_2" span="word_57..word_208" mmax_level="sentences" />
<markable id="markable_3" span="word_209..word_224" mmax_level="sentences" />
<markable id="markable_4" span="word_225..word_255" mmax_level="sentences" />
<markable id="markable_5" span="word_256..word_303" mmax_level="sentences" />
<markable id="markable_6" span="word_304..word_335" mmax_level="sentences" />
<markable id="markable_7" span="word_336..word_389" mmax_level="sentences" />
<markable id="markable_8" span="word_390..word_437" mmax_level="sentences" />
</markables>
