<?xml version="1.0" encoding="UTF-8"?>
<!DOCTYPE markables SYSTEM "markables.dtd">
<markables xmlns="www.eml.org/NameSpaces/sentences">
<markable id="markable_1" span="word_1..word_85" mmax_level="sentences" />
<markable id="markable_2" span="word_86..word_141" mmax_level="sentences" />
<markable id="markable_3" span="word_142..word_199" mmax_level="sentences" />
<markable id="markable_4" span="word_200..word_255" mmax_level="sentences" />
<markable id="markable_5" span="word_256..word_304" mmax_level="sentences" />
<markable id="markable_6" span="word_305..word_351" mmax_level="sentences" />
<markable id="markable_7" span="word_352..word_387" mmax_level="sentences" />
<markable id="markable_8" span="word_388..word_454" mmax_level="sentences" />
<markable id="markable_9" span="word_455..word_512" mmax_level="sentences" />
</markables>
